day,contract,arm,arm_hash,delay,cost,quantity,gross,costs,net,turnover,exposure_contract_minutes,eligible,exclusion
2021-01-15,MNQH21,A,605aa9c1bee52a102446f0283839daf998adc79f20a0c2713c49ab878646f544,2,2.24,1,-25.0,2.24,-27.240000000000002,2,329,True,
2021-01-20,MNQH21,A,605aa9c1bee52a102446f0283839daf998adc79f20a0c2713c49ab878646f544,2,2.24,1,116.0,2.24,113.76,2,329,True,
2021-01-21,MNQH21,A,605aa9c1bee52a102446f0283839daf998adc79f20a0c2713c49ab878646f544,2,2.24,1,0.0,0.0,0.0,0,0,True,
2021-01-22,MNQH21,A,605aa9c1bee52a102446f0283839daf998adc79f20a0c2713c49ab878646f544,2,2.24,1,0.0,0.0,0.0,0,0,True,
2021-01-25,MNQH21,A,605aa9c1bee52a102446f0283839daf998adc79f20a0c2713c49ab878646f544,2,2.24,1,-495.0,2.24,-497.24,2,64,True,
2021-01-26,MNQH21,A,605aa9c1bee52a102446f0283839daf998adc79f20a0c2713c49ab878646f544,2,2.24,1,0.0,0.0,0.0,0,0,True,
2021-01-27,MNQH21,A,605aa9c1bee52a102446f0283839daf998adc79f20a0c2713c49ab878646f544,2,2.24,1,338.0,2.24,335.76,2,359,True,
2021-01-28,MNQH21,A,605aa9c1bee52a102446f0283839daf998adc79f20a0c2713c49ab878646f544,2,2.24,1,-4.0,2.24,-6.24,2,359,True,
2021-01-29,MNQH21,A,605aa9c1bee52a102446f0283839daf998adc79f20a0c2713c49ab878646f544,2,2.24,1,141.0,2.24,138.76,2,269,True,
2021-02-01,MNQH21,A,605aa9c1bee52a102446f0283839daf998adc79f20a0c2713c49ab878646f544,2,2.24,1,141.5,2.24,139.26,2,269,True,
2021-02-02,MNQH21,A,605aa9c1bee52a102446f0283839daf998adc79f20a0c2713c49ab878646f544,2,2.24,1,86.0,2.24,83.76,2,299,True,
2021-02-03,MNQH21,A,605aa9c1bee52a102446f0283839daf998adc79f20a0c2713c49ab878646f544,2,2.24,1,42.5,2.24,40.26,2,329,True,
2021-02-04,MNQH21,A,605aa9c1bee52a102446f0283839daf998adc79f20a0c2713c49ab878646f544,2,2.24,1,0.0,0.0,0.0,0,0,True,
2021-02-05,MNQH21,A,605aa9c1bee52a102446f0283839daf998adc79f20a0c2713c49ab878646f544,2,2.24,1,0.0,0.0,0.0,0,0,True,
2021-02-08,MNQH21,A,605aa9c1bee52a102446f0283839daf998adc79f20a0c2713c49ab878646f544,2,2.24,1,0.0,0.0,0.0,0,0,True,
2021-02-09,MNQH21,A,605aa9c1bee52a102446f0283839daf998adc79f20a0c2713c49ab878646f544,2,2.24,1,0.0,0.0,0.0,0,0,True,
2021-02-10,MNQH21,A,605aa9c1bee52a102446f0283839daf998adc79f20a0c2713c49ab878646f544,2,2.24,1,-96.5,2.24,-98.74,2,329,True,
2021-02-11,MNQH21,A,605aa9c1bee52a102446f0283839daf998adc79f20a0c2713c49ab878646f544,2,2.24,1,0.0,0.0,0.0,0,0,True,
2021-02-12,MNQH21,A,605aa9c1bee52a102446f0283839daf998adc79f20a0c2713c49ab878646f544,2,2.24,1,0.0,0.0,0.0,0,0,True,
2021-02-17,MNQH21,A,605aa9c1bee52a102446f0283839daf998adc79f20a0c2713c49ab878646f544,2,2.24,1,0.0,0.0,0.0,0,0,True,
2021-02-18,MNQH21,A,605aa9c1bee52a102446f0283839daf998adc79f20a0c2713c49ab878646f544,2,2.24,1,0.0,0.0,0.0,0,0,True,
2021-02-19,MNQH21,A,605aa9c1bee52a102446f0283839daf998adc79f20a0c2713c49ab878646f544,2,2.24,1,0.0,0.0,0.0,0,0,True,
2021-02-22,MNQH21,A,605aa9c1bee52a102446f0283839daf998adc79f20a0c2713c49ab878646f544,2,2.24,1,168.5,2.24,166.26,2,299,True,
2021-02-23,MNQH21,A,605aa9c1bee52a102446f0283839daf998adc79f20a0c2713c49ab878646f544,2,2.24,1,-506.0,2.24,-508.24,2,305,True,
2021-02-24,MNQH21,A,605aa9c1bee52a102446f0283839daf998adc79f20a0c2713c49ab878646f544,2,2.24,1,-319.5,4.48,-323.98,4,359,True,
2021-02-25,MNQH21,A,605aa9c1bee52a102446f0283839daf998adc79f20a0c2713c49ab878646f544,2,2.24,1,591.0,2.24,588.76,2,299,True,
2021-02-26,MNQH21,A,605aa9c1bee52a102446f0283839daf998adc79f20a0c2713c49ab878646f544,2,2.24,1,-707.0,4.48,-711.48,4,305,True,
2021-03-01,MNQH21,A,605aa9c1bee52a102446f0283839daf998adc79f20a0c2713c49ab878646f544,2,2.24,1,174.5,2.24,172.26,2,299,True,
2021-03-02,MNQH21,A,605aa9c1bee52a102446f0283839daf998adc79f20a0c2713c49ab878646f544,2,2.24,1,344.5,2.24,342.26,2,359,True,
2021-03-03,MNQH21,A,605aa9c1bee52a102446f0283839daf998adc79f20a0c2713c49ab878646f544,2,2.24,1,451.0,2.24,448.76,2,359,True,
2021-03-04,MNQH21,A,605aa9c1bee52a102446f0283839daf998adc79f20a0c2713c49ab878646f544,2,2.24,1,248.5,2.24,246.26,2,359,True,
2021-03-05,MNQH21,A,605aa9c1bee52a102446f0283839daf998adc79f20a0c2713c49ab878646f544,2,2.24,1,-552.0,2.24,-554.24,2,299,True,
2021-03-08,MNQH21,A,605aa9c1bee52a102446f0283839daf998adc79f20a0c2713c49ab878646f544,2,2.24,1,578.0,2.24,575.76,2,359,True,
2021-03-09,MNQH21,A,605aa9c1bee52a102446f0283839daf998adc79f20a0c2713c49ab878646f544,2,2.24,1,165.0,2.24,162.76,2,359,True,
2021-03-10,MNQH21,A,605aa9c1bee52a102446f0283839daf998adc79f20a0c2713c49ab878646f544,2,2.24,1,0.0,0.0,0.0,0,0,True,
2021-03-11,MNQH21,A,605aa9c1bee52a102446f0283839daf998adc79f20a0c2713c49ab878646f544,2,2.24,1,-12.5,2.24,-14.74,2,269,True,
2021-03-12,MNQH21,A,605aa9c1bee52a102446f0283839daf998adc79f20a0c2713c49ab878646f544,2,2.24,1,0.0,0.0,0.0,0,0,True,
2021-03-15,MNQH21,A,605aa9c1bee52a102446f0283839daf998adc79f20a0c2713c49ab878646f544,2,2.24,1,0.0,0.0,0.0,0,0,True,
2021-03-16,MNQH21,A,605aa9c1bee52a102446f0283839daf998adc79f20a0c2713c49ab878646f544,2,2.24,1,-167.0,2.24,-169.24,2,359,True,
2021-03-17,MNQH21,A,605aa9c1bee52a102446f0283839daf998adc79f20a0c2713c49ab878646f544,2,2.24,1,0.0,0.0,0.0,0,0,True,
2021-03-18,MNQH21,A,605aa9c1bee52a102446f0283839daf998adc79f20a0c2713c49ab878646f544,2,2.24,1,0.0,0.0,0.0,0,0,True,
2021-03-22,MNQM21,A,605aa9c1bee52a102446f0283839daf998adc79f20a0c2713c49ab878646f544,2,2.24,1,94.0,2.24,91.76,2,359,True,
2021-03-23,MNQM21,A,605aa9c1bee52a102446f0283839daf998adc79f20a0c2713c49ab878646f544,2,2.24,1,0.0,0.0,0.0,0,0,True,
2021-03-24,MNQM21,A,605aa9c1bee52a102446f0283839daf998adc79f20a0c2713c49ab878646f544,2,2.24,1,0.0,0.0,0.0,0,0,True,
2021-03-25,MNQM21,A,605aa9c1bee52a102446f0283839daf998adc79f20a0c2713c49ab878646f544,2,2.24,1,0.0,0.0,0.0,0,0,True,
2021-03-26,MNQM21,A,605aa9c1bee52a102446f0283839daf998adc79f20a0c2713c49ab878646f544,2,2.24,1,193.0,2.24,190.76,2,149,True,
2021-03-29,MNQM21,A,605aa9c1bee52a102446f0283839daf998adc79f20a0c2713c49ab878646f544,2,2.24,1,-226.5,2.24,-228.74,2,359,True,
2021-03-30,MNQM21,A,605aa9c1bee52a102446f0283839daf998adc79f20a0c2713c49ab878646f544,2,2.24,1,0.0,0.0,0.0,0,0,True,
2021-03-31,MNQM21,A,605aa9c1bee52a102446f0283839daf998adc79f20a0c2713c49ab878646f544,2,2.24,1,30.5,2.24,28.259999999999998,2,359,True,
2021-04-01,MNQM21,A,605aa9c1bee52a102446f0283839daf998adc79f20a0c2713c49ab878646f544,2,2.24,1,0.0,0.0,0.0,0,0,True,
2021-04-06,MNQM21,A,605aa9c1bee52a102446f0283839daf998adc79f20a0c2713c49ab878646f544,2,2.24,1,-154.0,2.24,-156.24,2,239,True,
2021-04-07,MNQM21,A,605aa9c1bee52a102446f0283839daf998adc79f20a0c2713c49ab878646f544,2,2.24,1,0.0,0.0,0.0,0,0,True,
2021-04-08,MNQM21,A,605aa9c1bee52a102446f0283839daf998adc79f20a0c2713c49ab878646f544,2,2.24,1,0.0,0.0,0.0,0,0,True,
2021-04-09,MNQM21,A,605aa9c1bee52a102446f0283839daf998adc79f20a0c2713c49ab878646f544,2,2.24,1,0.0,0.0,0.0,0,0,True,
2021-04-12,MNQM21,A,605aa9c1bee52a102446f0283839daf998adc79f20a0c2713c49ab878646f544,2,2.24,1,0.0,0.0,0.0,0,0,True,
2021-04-13,MNQM21,A,605aa9c1bee52a102446f0283839daf998adc79f20a0c2713c49ab878646f544,2,2.24,1,74.5,2.24,72.26,2,359,True,
2021-04-14,MNQM21,A,605aa9c1bee52a102446f0283839daf998adc79f20a0c2713c49ab878646f544,2,2.24,1,233.5,2.24,231.26,2,299,True,
2021-04-15,MNQM21,A,605aa9c1bee52a102446f0283839daf998adc79f20a0c2713c49ab878646f544,2,2.24,1,50.0,2.24,47.76,2,329,True,
2021-04-16,MNQM21,A,605aa9c1bee52a102446f0283839daf998adc79f20a0c2713c49ab878646f544,2,2.24,1,-143.5,2.24,-145.74,2,359,True,
2021-04-19,MNQM21,A,605aa9c1bee52a102446f0283839daf998adc79f20a0c2713c49ab878646f544,2,2.24,1,-46.5,2.24,-48.74,2,239,True,
2021-04-20,MNQM21,A,605aa9c1bee52a102446f0283839daf998adc79f20a0c2713c49ab878646f544,2,2.24,1,17.0,2.24,14.76,2,299,True,
2021-04-21,MNQM21,A,605aa9c1bee52a102446f0283839daf998adc79f20a0c2713c49ab878646f544,2,2.24,1,95.5,2.24,93.26,2,239,True,
2021-04-22,MNQM21,A,605aa9c1bee52a102446f0283839daf998adc79f20a0c2713c49ab878646f544,2,2.24,1,-66.5,2.24,-68.74,2,119,True,
2021-04-23,MNQM21,A,605aa9c1bee52a102446f0283839daf998adc79f20a0c2713c49ab878646f544,2,2.24,1,198.5,2.24,196.26,2,359,True,
2021-04-26,MNQM21,A,605aa9c1bee52a102446f0283839daf998adc79f20a0c2713c49ab878646f544,2,2.24,1,-14.5,2.24,-16.740000000000002,2,59,True,
2021-04-27,MNQM21,A,605aa9c1bee52a102446f0283839daf998adc79f20a0c2713c49ab878646f544,2,2.24,1,-34.0,2.24,-36.24,2,359,True,
2021-04-28,MNQM21,A,605aa9c1bee52a102446f0283839daf998adc79f20a0c2713c49ab878646f544,2,2.24,1,0.0,0.0,0.0,0,0,True,
2021-04-29,MNQM21,A,605aa9c1bee52a102446f0283839daf998adc79f20a0c2713c49ab878646f544,2,2.24,1,0.0,0.0,0.0,0,0,True,
2021-04-30,MNQM21,A,605aa9c1bee52a102446f0283839daf998adc79f20a0c2713c49ab878646f544,2,2.24,1,0.0,0.0,0.0,0,0,True,
2021-05-03,MNQM21,A,605aa9c1bee52a102446f0283839daf998adc79f20a0c2713c49ab878646f544,2,2.24,1,-19.0,2.24,-21.240000000000002,2,269,True,
2021-05-04,MNQM21,A,605aa9c1bee52a102446f0283839daf998adc79f20a0c2713c49ab878646f544,2,2.24,1,-16.0,2.24,-18.240000000000002,2,359,True,
2021-05-05,MNQM21,A,605aa9c1bee52a102446f0283839daf998adc79f20a0c2713c49ab878646f544,2,2.24,1,0.0,0.0,0.0,0,0,True,
2021-05-06,MNQM21,A,605aa9c1bee52a102446f0283839daf998adc79f20a0c2713c49ab878646f544,2,2.24,1,-271.0,4.48,-275.48,4,359,True,
2021-05-07,MNQM21,A,605aa9c1bee52a102446f0283839daf998adc79f20a0c2713c49ab878646f544,2,2.24,1,-145.0,2.24,-147.24,2,329,True,
2021-05-10,MNQM21,A,605aa9c1bee52a102446f0283839daf998adc79f20a0c2713c49ab878646f544,2,2.24,1,341.0,2.24,338.76,2,359,True,
2021-05-11,MNQM21,A,605aa9c1bee52a102446f0283839daf998adc79f20a0c2713c49ab878646f544,2,2.24,1,0.0,0.0,0.0,0,0,True,
2021-05-12,MNQM21,A,605aa9c1bee52a102446f0283839daf998adc79f20a0c2713c49ab878646f544,2,2.24,1,120.0,2.24,117.76,2,299,True,
2021-05-13,MNQM21,A,605aa9c1bee52a102446f0283839daf998adc79f20a0c2713c49ab878646f544,2,2.24,1,-171.5,2.24,-173.74,2,299,True,
2021-05-14,MNQM21,A,605aa9c1bee52a102446f0283839daf998adc79f20a0c2713c49ab878646f544,2,2.24,1,124.0,2.24,121.76,2,299,True,
2021-05-17,MNQM21,A,605aa9c1bee52a102446f0283839daf998adc79f20a0c2713c49ab878646f544,2,2.24,1,-206.5,2.24,-208.74,2,119,True,
2021-05-18,MNQM21,A,605aa9c1bee52a102446f0283839daf998adc79f20a0c2713c49ab878646f544,2,2.24,1,0.0,0.0,0.0,0,0,True,
2021-05-19,MNQM21,A,605aa9c1bee52a102446f0283839daf998adc79f20a0c2713c49ab878646f544,2,2.24,1,0.0,0.0,0.0,0,0,True,
2021-05-20,MNQM21,A,605aa9c1bee52a102446f0283839daf998adc79f20a0c2713c49ab878646f544,2,2.24,1,200.5,2.24,198.26,2,359,True,
2021-05-21,MNQM21,A,605aa9c1bee52a102446f0283839daf998adc79f20a0c2713c49ab878646f544,2,2.24,1,0.0,0.0,0.0,0,0,True,
2021-05-24,MNQM21,A,605aa9c1bee52a102446f0283839daf998adc79f20a0c2713c49ab878646f544,2,2.24,1,96.0,2.24,93.76,2,359,True,
2021-05-25,MNQM21,A,605aa9c1bee52a102446f0283839daf998adc79f20a0c2713c49ab878646f544,2,2.24,1,0.0,0.0,0.0,0,0,True,
2021-05-26,MNQM21,A,605aa9c1bee52a102446f0283839daf998adc79f20a0c2713c49ab878646f544,2,2.24,1,0.0,0.0,0.0,0,0,True,
2021-05-27,MNQM21,A,605aa9c1bee52a102446f0283839daf998adc79f20a0c2713c49ab878646f544,2,2.24,1,0.0,0.0,0.0,0,0,True,
2021-05-28,MNQM21,A,605aa9c1bee52a102446f0283839daf998adc79f20a0c2713c49ab878646f544,2,2.24,1,0.0,0.0,0.0,0,0,True,
2021-06-02,MNQM21,A,605aa9c1bee52a102446f0283839daf998adc79f20a0c2713c49ab878646f544,2,2.24,1,0.0,0.0,0.0,0,0,True,
2021-06-03,MNQM21,A,605aa9c1bee52a102446f0283839daf998adc79f20a0c2713c49ab878646f544,2,2.24,1,-43.5,2.24,-45.74,2,359,True,
2021-06-04,MNQM21,A,605aa9c1bee52a102446f0283839daf998adc79f20a0c2713c49ab878646f544,2,2.24,1,122.5,2.24,120.26,2,359,True,
2021-06-07,MNQM21,A,605aa9c1bee52a102446f0283839daf998adc79f20a0c2713c49ab878646f544,2,2.24,1,0.0,0.0,0.0,0,0,True,
2021-06-08,MNQM21,A,605aa9c1bee52a102446f0283839daf998adc79f20a0c2713c49ab878646f544,2,2.24,1,0.0,0.0,0.0,0,0,True,
2021-06-09,MNQM21,A,605aa9c1bee52a102446f0283839daf998adc79f20a0c2713c49ab878646f544,2,2.24,1,0.0,0.0,0.0,0,0,True,
2021-06-10,MNQM21,A,605aa9c1bee52a102446f0283839daf998adc79f20a0c2713c49ab878646f544,2,2.24,1,16.5,2.24,14.26,2,359,True,
2021-06-11,MNQM21,A,605aa9c1bee52a102446f0283839daf998adc79f20a0c2713c49ab878646f544,2,2.24,1,0.0,0.0,0.0,0,0,True,
2021-06-14,MNQM21,A,605aa9c1bee52a102446f0283839daf998adc79f20a0c2713c49ab878646f544,2,2.24,1,0.0,0.0,0.0,0,0,True,
2021-06-15,MNQM21,A,605aa9c1bee52a102446f0283839daf998adc79f20a0c2713c49ab878646f544,2,2.24,1,78.0,2.24,75.76,2,329,True,
2021-06-16,MNQM21,A,605aa9c1bee52a102446f0283839daf998adc79f20a0c2713c49ab878646f544,2,2.24,1,-104.5,2.24,-106.74,2,89,True,
2021-06-17,MNQM21,A,605aa9c1bee52a102446f0283839daf998adc79f20a0c2713c49ab878646f544,2,2.24,1,268.5,2.24,266.26,2,359,True,
2021-06-21,MNQU21,A,605aa9c1bee52a102446f0283839daf998adc79f20a0c2713c49ab878646f544,2,2.24,1,47.5,2.24,45.26,2,299,True,
2021-06-22,MNQU21,A,605aa9c1bee52a102446f0283839daf998adc79f20a0c2713c49ab878646f544,2,2.24,1,101.5,2.24,99.26,2,269,True,
2021-06-23,MNQU21,A,605aa9c1bee52a102446f0283839daf998adc79f20a0c2713c49ab878646f544,2,2.24,1,-95.0,2.24,-97.24,2,359,True,
2021-06-24,MNQU21,A,605aa9c1bee52a102446f0283839daf998adc79f20a0c2713c49ab878646f544,2,2.24,1,-90.0,2.24,-92.24,2,329,True,
2021-06-25,MNQU21,A,605aa9c1bee52a102446f0283839daf998adc79f20a0c2713c49ab878646f544,2,2.24,1,0.0,0.0,0.0,0,0,True,
2021-06-28,MNQU21,A,605aa9c1bee52a102446f0283839daf998adc79f20a0c2713c49ab878646f544,2,2.24,1,107.5,2.24,105.26,2,359,True,
2021-06-29,MNQU21,A,605aa9c1bee52a102446f0283839daf998adc79f20a0c2713c49ab878646f544,2,2.24,1,0.0,0.0,0.0,0,0,True,
2021-06-30,MNQU21,A,605aa9c1bee52a102446f0283839daf998adc79f20a0c2713c49ab878646f544,2,2.24,1,0.0,0.0,0.0,0,0,True,
2021-07-01,MNQU21,A,605aa9c1bee52a102446f0283839daf998adc79f20a0c2713c49ab878646f544,2,2.24,1,0.0,0.0,0.0,0,0,True,
2021-07-02,MNQU21,A,605aa9c1bee52a102446f0283839daf998adc79f20a0c2713c49ab878646f544,2,2.24,1,47.0,2.24,44.76,2,179,True,
2021-07-07,MNQU21,A,605aa9c1bee52a102446f0283839daf998adc79f20a0c2713c49ab878646f544,2,2.24,1,0.0,0.0,0.0,0,0,True,
2021-07-08,MNQU21,A,605aa9c1bee52a102446f0283839daf998adc79f20a0c2713c49ab878646f544,2,2.24,1,0.0,0.0,0.0,0,0,True,
2021-07-09,MNQU21,A,605aa9c1bee52a102446f0283839daf998adc79f20a0c2713c49ab878646f544,2,2.24,1,68.0,2.24,65.76,2,299,True,
2021-07-12,MNQU21,A,605aa9c1bee52a102446f0283839daf998adc79f20a0c2713c49ab878646f544,2,2.24,1,0.0,0.0,0.0,0,0,True,
2021-07-13,MNQU21,A,605aa9c1bee52a102446f0283839daf998adc79f20a0c2713c49ab878646f544,2,2.24,1,-129.5,2.24,-131.74,2,359,True,
2021-07-14,MNQU21,A,605aa9c1bee52a102446f0283839daf998adc79f20a0c2713c49ab878646f544,2,2.24,1,0.0,0.0,0.0,0,0,True,
2021-07-15,MNQU21,A,605aa9c1bee52a102446f0283839daf998adc79f20a0c2713c49ab878646f544,2,2.24,1,43.0,2.24,40.76,2,329,True,
2021-07-16,MNQU21,A,605aa9c1bee52a102446f0283839daf998adc79f20a0c2713c49ab878646f544,2,2.24,1,182.5,2.24,180.26,2,329,True,
2021-07-19,MNQU21,A,605aa9c1bee52a102446f0283839daf998adc79f20a0c2713c49ab878646f544,2,2.24,1,-145.0,2.24,-147.24,2,359,True,
2021-07-20,MNQU21,A,605aa9c1bee52a102446f0283839daf998adc79f20a0c2713c49ab878646f544,2,2.24,1,134.5,2.24,132.26,2,299,True,
2021-07-21,MNQU21,A,605aa9c1bee52a102446f0283839daf998adc79f20a0c2713c49ab878646f544,2,2.24,1,168.5,2.24,166.26,2,359,True,
2021-07-22,MNQU21,A,605aa9c1bee52a102446f0283839daf998adc79f20a0c2713c49ab878646f544,2,2.24,1,77.0,2.24,74.76,2,359,True,
2021-07-23,MNQU21,A,605aa9c1bee52a102446f0283839daf998adc79f20a0c2713c49ab878646f544,2,2.24,1,69.0,2.24,66.76,2,269,True,
2021-07-26,MNQU21,A,605aa9c1bee52a102446f0283839daf998adc79f20a0c2713c49ab878646f544,2,2.24,1,0.0,0.0,0.0,0,0,True,
2021-07-27,MNQU21,A,605aa9c1bee52a102446f0283839daf998adc79f20a0c2713c49ab878646f544,2,2.24,1,200.5,2.24,198.26,2,359,True,
2021-07-28,MNQU21,A,605aa9c1bee52a102446f0283839daf998adc79f20a0c2713c49ab878646f544,2,2.24,1,-115.0,2.24,-117.24,2,329,True,
2021-07-29,MNQU21,A,605aa9c1bee52a102446f0283839daf998adc79f20a0c2713c49ab878646f544,2,2.24,1,-15.0,2.24,-17.240000000000002,2,359,True,
2021-07-30,MNQU21,A,605aa9c1bee52a102446f0283839daf998adc79f20a0c2713c49ab878646f544,2,2.24,1,0.0,0.0,0.0,0,0,True,
2021-08-02,MNQU21,A,605aa9c1bee52a102446f0283839daf998adc79f20a0c2713c49ab878646f544,2,2.24,1,0.0,0.0,0.0,0,0,True,
2021-08-03,MNQU21,A,605aa9c1bee52a102446f0283839daf998adc79f20a0c2713c49ab878646f544,2,2.24,1,-266.5,2.24,-268.74,2,359,True,
2021-08-04,MNQU21,A,605aa9c1bee52a102446f0283839daf998adc79f20a0c2713c49ab878646f544,2,2.24,1,0.0,0.0,0.0,0,0,True,
2021-08-05,MNQU21,A,605aa9c1bee52a102446f0283839daf998adc79f20a0c2713c49ab878646f544,2,2.24,1,0.0,0.0,0.0,0,0,True,
2021-08-06,MNQU21,A,605aa9c1bee52a102446f0283839daf998adc79f20a0c2713c49ab878646f544,2,2.24,1,0.0,0.0,0.0,0,0,True,
2021-08-09,MNQU21,A,605aa9c1bee52a102446f0283839daf998adc79f20a0c2713c49ab878646f544,2,2.24,1,0.0,0.0,0.0,0,0,True,
2021-08-10,MNQU21,A,605aa9c1bee52a102446f0283839daf998adc79f20a0c2713c49ab878646f544,2,2.24,1,-44.5,2.24,-46.74,2,299,True,
2021-08-11,MNQU21,A,605aa9c1bee52a102446f0283839daf998adc79f20a0c2713c49ab878646f544,2,2.24,1,-71.0,2.24,-73.24,2,239,True,
2021-08-12,MNQU21,A,605aa9c1bee52a102446f0283839daf998adc79f20a0c2713c49ab878646f544,2,2.24,1,0.0,0.0,0.0,0,0,True,
2021-08-13,MNQU21,A,605aa9c1bee52a102446f0283839daf998adc79f20a0c2713c49ab878646f544,2,2.24,1,0.0,0.0,0.0,0,0,True,
2021-08-16,MNQU21,A,605aa9c1bee52a102446f0283839daf998adc79f20a0c2713c49ab878646f544,2,2.24,1,-210.0,2.24,-212.24,2,359,True,
2021-08-17,MNQU21,A,605aa9c1bee52a102446f0283839daf998adc79f20a0c2713c49ab878646f544,2,2.24,1,-73.0,2.24,-75.24,2,359,True,
2021-08-18,MNQU21,A,605aa9c1bee52a102446f0283839daf998adc79f20a0c2713c49ab878646f544,2,2.24,1,0.0,0.0,0.0,0,0,True,
2021-08-19,MNQU21,A,605aa9c1bee52a102446f0283839daf998adc79f20a0c2713c49ab878646f544,2,2.24,1,15.0,2.24,12.76,2,269,True,
2021-08-20,MNQU21,A,605aa9c1bee52a102446f0283839daf998adc79f20a0c2713c49ab878646f544,2,2.24,1,82.5,2.24,80.26,2,359,True,
2021-08-23,MNQU21,A,605aa9c1bee52a102446f0283839daf998adc79f20a0c2713c49ab878646f544,2,2.24,1,223.5,2.24,221.26,2,359,True,
2021-08-24,MNQU21,A,605aa9c1bee52a102446f0283839daf998adc79f20a0c2713c49ab878646f544,2,2.24,1,0.0,0.0,0.0,0,0,True,
2021-08-25,MNQU21,A,605aa9c1bee52a102446f0283839daf998adc79f20a0c2713c49ab878646f544,2,2.24,1,0.0,0.0,0.0,0,0,True,
2021-08-26,MNQU21,A,605aa9c1bee52a102446f0283839daf998adc79f20a0c2713c49ab878646f544,2,2.24,1,0.0,0.0,0.0,0,0,True,
2021-08-27,MNQU21,A,605aa9c1bee52a102446f0283839daf998adc79f20a0c2713c49ab878646f544,2,2.24,1,71.0,2.24,68.76,2,329,True,
2021-08-30,MNQU21,A,605aa9c1bee52a102446f0283839daf998adc79f20a0c2713c49ab878646f544,2,2.24,1,151.0,2.24,148.76,2,359,True,
2021-08-31,MNQU21,A,605aa9c1bee52a102446f0283839daf998adc79f20a0c2713c49ab878646f544,2,2.24,1,-100.5,2.24,-102.74,2,359,True,
2021-09-01,MNQU21,A,605aa9c1bee52a102446f0283839daf998adc79f20a0c2713c49ab878646f544,2,2.24,1,0.0,0.0,0.0,0,0,True,
2021-09-02,MNQU21,A,605aa9c1bee52a102446f0283839daf998adc79f20a0c2713c49ab878646f544,2,2.24,1,0.0,0.0,0.0,0,0,True,
2021-09-03,MNQU21,A,605aa9c1bee52a102446f0283839daf998adc79f20a0c2713c49ab878646f544,2,2.24,1,0.0,0.0,0.0,0,0,True,
2021-09-08,MNQU21,A,605aa9c1bee52a102446f0283839daf998adc79f20a0c2713c49ab878646f544,2,2.24,1,-112.0,2.24,-114.24,2,299,True,
2021-09-09,MNQU21,A,605aa9c1bee52a102446f0283839daf998adc79f20a0c2713c49ab878646f544,2,2.24,1,0.0,0.0,0.0,0,0,True,
2021-09-10,MNQU21,A,605aa9c1bee52a102446f0283839daf998adc79f20a0c2713c49ab878646f544,2,2.24,1,0.0,0.0,0.0,0,0,True,
2021-09-13,MNQU21,A,605aa9c1bee52a102446f0283839daf998adc79f20a0c2713c49ab878646f544,2,2.24,1,-139.5,2.24,-141.74,2,239,True,
2021-09-14,MNQU21,A,605aa9c1bee52a102446f0283839daf998adc79f20a0c2713c49ab878646f544,2,2.24,1,0.0,0.0,0.0,0,0,True,
2021-09-15,MNQU21,A,605aa9c1bee52a102446f0283839daf998adc79f20a0c2713c49ab878646f544,2,2.24,1,-330.0,4.48,-334.48,4,329,True,
2021-09-16,MNQU21,A,605aa9c1bee52a102446f0283839daf998adc79f20a0c2713c49ab878646f544,2,2.24,1,0.0,0.0,0.0,0,0,True,
2021-09-20,MNQZ21,A,605aa9c1bee52a102446f0283839daf998adc79f20a0c2713c49ab878646f544,2,2.24,1,-27.0,2.24,-29.240000000000002,2,299,True,
2021-09-21,MNQZ21,A,605aa9c1bee52a102446f0283839daf998adc79f20a0c2713c49ab878646f544,2,2.24,1,0.0,0.0,0.0,0,0,True,
2021-09-22,MNQZ21,A,605aa9c1bee52a102446f0283839daf998adc79f20a0c2713c49ab878646f544,2,2.24,1,78.0,2.24,75.76,2,329,True,
2021-09-23,MNQZ21,A,605aa9c1bee52a102446f0283839daf998adc79f20a0c2713c49ab878646f544,2,2.24,1,27.5,2.24,25.259999999999998,2,359,True,
2021-09-24,MNQZ21,A,605aa9c1bee52a102446f0283839daf998adc79f20a0c2713c49ab878646f544,2,2.24,1,0.0,0.0,0.0,0,0,True,
2021-09-27,MNQZ21,A,605aa9c1bee52a102446f0283839daf998adc79f20a0c2713c49ab878646f544,2,2.24,1,-166.5,2.24,-168.74,2,359,True,
2021-09-28,MNQZ21,A,605aa9c1bee52a102446f0283839daf998adc79f20a0c2713c49ab878646f544,2,2.24,1,330.0,2.24,327.76,2,359,True,
2021-09-29,MNQZ21,A,605aa9c1bee52a102446f0283839daf998adc79f20a0c2713c49ab878646f544,2,2.24,1,-319.0,2.24,-321.24,2,359,True,
2021-09-30,MNQZ21,A,605aa9c1bee52a102446f0283839daf998adc79f20a0c2713c49ab878646f544,2,2.24,1,0.0,0.0,0.0,0,0,True,
2021-10-01,MNQZ21,A,605aa9c1bee52a102446f0283839daf998adc79f20a0c2713c49ab878646f544,2,2.24,1,-270.0,2.24,-272.24,2,359,True,
2021-10-04,MNQZ21,A,605aa9c1bee52a102446f0283839daf998adc79f20a0c2713c49ab878646f544,2,2.24,1,233.5,2.24,231.26,2,359,True,
2021-10-05,MNQZ21,A,605aa9c1bee52a102446f0283839daf998adc79f20a0c2713c49ab878646f544,2,2.24,1,136.5,2.24,134.26,2,359,True,
2021-10-06,MNQZ21,A,605aa9c1bee52a102446f0283839daf998adc79f20a0c2713c49ab878646f544,2,2.24,1,0.0,0.0,0.0,0,0,True,
2021-10-07,MNQZ21,A,605aa9c1bee52a102446f0283839daf998adc79f20a0c2713c49ab878646f544,2,2.24,1,-141.5,2.24,-143.74,2,359,True,
2021-10-08,MNQZ21,A,605aa9c1bee52a102446f0283839daf998adc79f20a0c2713c49ab878646f544,2,2.24,1,0.0,0.0,0.0,0,0,True,
2021-10-11,MNQZ21,A,605aa9c1bee52a102446f0283839daf998adc79f20a0c2713c49ab878646f544,2,2.24,1,0.0,0.0,0.0,0,0,True,
2021-10-12,MNQZ21,A,605aa9c1bee52a102446f0283839daf998adc79f20a0c2713c49ab878646f544,2,2.24,1,0.0,0.0,0.0,0,0,True,
2021-10-13,MNQZ21,A,605aa9c1bee52a102446f0283839daf998adc79f20a0c2713c49ab878646f544,2,2.24,1,0.0,0.0,0.0,0,0,True,
2021-10-14,MNQZ21,A,605aa9c1bee52a102446f0283839daf998adc79f20a0c2713c49ab878646f544,2,2.24,1,7.5,2.24,5.26,2,209,True,
2021-10-15,MNQZ21,A,605aa9c1bee52a102446f0283839daf998adc79f20a0c2713c49ab878646f544,2,2.24,1,0.0,0.0,0.0,0,0,True,
2021-10-18,MNQZ21,A,605aa9c1bee52a102446f0283839daf998adc79f20a0c2713c49ab878646f544,2,2.24,1,81.0,2.24,78.76,2,119,True,
2021-10-19,MNQZ21,A,605aa9c1bee52a102446f0283839daf998adc79f20a0c2713c49ab878646f544,2,2.24,1,0.0,0.0,0.0,0,0,True,
2021-10-20,MNQZ21,A,605aa9c1bee52a102446f0283839daf998adc79f20a0c2713c49ab878646f544,2,2.24,1,0.0,0.0,0.0,0,0,True,
2021-10-21,MNQZ21,A,605aa9c1bee52a102446f0283839daf998adc79f20a0c2713c49ab878646f544,2,2.24,1,0.0,0.0,0.0,0,0,True,
2021-10-22,MNQZ21,A,605aa9c1bee52a102446f0283839daf998adc79f20a0c2713c49ab878646f544,2,2.24,1,-82.5,2.24,-84.74,2,239,True,
2021-10-25,MNQZ21,A,605aa9c1bee52a102446f0283839daf998adc79f20a0c2713c49ab878646f544,2,2.24,1,-54.0,2.24,-56.24,2,89,True,
2021-10-26,MNQZ21,A,605aa9c1bee52a102446f0283839daf998adc79f20a0c2713c49ab878646f544,2,2.24,1,-265.5,2.24,-267.74,2,329,True,
2021-10-27,MNQZ21,A,605aa9c1bee52a102446f0283839daf998adc79f20a0c2713c49ab878646f544,2,2.24,1,-94.0,2.24,-96.24,2,359,True,
2021-10-28,MNQZ21,A,605aa9c1bee52a102446f0283839daf998adc79f20a0c2713c49ab878646f544,2,2.24,1,55.0,2.24,52.76,2,269,True,
2021-10-29,MNQZ21,A,605aa9c1bee52a102446f0283839daf998adc79f20a0c2713c49ab878646f544,2,2.24,1,0.0,0.0,0.0,0,0,True,
2021-11-01,MNQZ21,A,605aa9c1bee52a102446f0283839daf998adc79f20a0c2713c49ab878646f544,2,2.24,1,-199.5,2.24,-201.74,2,359,True,
2021-11-02,MNQZ21,A,605aa9c1bee52a102446f0283839daf998adc79f20a0c2713c49ab878646f544,2,2.24,1,10.0,2.24,7.76,2,359,True,
2021-11-03,MNQZ21,A,605aa9c1bee52a102446f0283839daf998adc79f20a0c2713c49ab878646f544,2,2.24,1,79.0,2.24,76.76,2,59,True,
2021-11-04,MNQZ21,A,605aa9c1bee52a102446f0283839daf998adc79f20a0c2713c49ab878646f544,2,2.24,1,190.0,2.24,187.76,2,359,True,
2021-11-05,MNQZ21,A,605aa9c1bee52a102446f0283839daf998adc79f20a0c2713c49ab878646f544,2,2.24,1,0.0,0.0,0.0,0,0,True,
2021-11-08,MNQZ21,A,605aa9c1bee52a102446f0283839daf998adc79f20a0c2713c49ab878646f544,2,2.24,1,0.0,0.0,0.0,0,0,True,
2021-11-09,MNQZ21,A,605aa9c1bee52a102446f0283839daf998adc79f20a0c2713c49ab878646f544,2,2.24,1,36.5,2.24,34.26,2,359,True,
2021-11-10,MNQZ21,A,605aa9c1bee52a102446f0283839daf998adc79f20a0c2713c49ab878646f544,2,2.24,1,-63.5,2.24,-65.74,2,89,True,
2021-11-11,MNQZ21,A,605aa9c1bee52a102446f0283839daf998adc79f20a0c2713c49ab878646f544,2,2.24,1,0.0,0.0,0.0,0,0,True,
2021-11-12,MNQZ21,A,605aa9c1bee52a102446f0283839daf998adc79f20a0c2713c49ab878646f544,2,2.24,1,6.5,2.24,4.26,2,269,True,
2021-11-15,MNQZ21,A,605aa9c1bee52a102446f0283839daf998adc79f20a0c2713c49ab878646f544,2,2.24,1,-106.0,2.24,-108.24,2,239,True,
2021-11-16,MNQZ21,A,605aa9c1bee52a102446f0283839daf998adc79f20a0c2713c49ab878646f544,2,2.24,1,16.5,2.24,14.26,2,269,True,
2021-11-17,MNQZ21,A,605aa9c1bee52a102446f0283839daf998adc79f20a0c2713c49ab878646f544,2,2.24,1,-161.0,2.24,-163.24,2,239,True,
2021-11-18,MNQZ21,A,605aa9c1bee52a102446f0283839daf998adc79f20a0c2713c49ab878646f544,2,2.24,1,-5.0,2.24,-7.24,2,209,True,
2021-11-19,MNQZ21,A,605aa9c1bee52a102446f0283839daf998adc79f20a0c2713c49ab878646f544,2,2.24,1,-67.5,2.24,-69.74,2,359,True,
2021-11-22,MNQZ21,A,605aa9c1bee52a102446f0283839daf998adc79f20a0c2713c49ab878646f544,2,2.24,1,-532.5,2.24,-534.74,2,118,True,
2021-11-23,MNQZ21,A,605aa9c1bee52a102446f0283839daf998adc79f20a0c2713c49ab878646f544,2,2.24,1,-108.5,2.24,-110.74,2,329,True,
2021-11-24,MNQZ21,A,605aa9c1bee52a102446f0283839daf998adc79f20a0c2713c49ab878646f544,2,2.24,1,0.0,0.0,0.0,0,0,True,
2021-11-30,MNQZ21,A,605aa9c1bee52a102446f0283839daf998adc79f20a0c2713c49ab878646f544,2,2.24,1,-17.5,2.24,-19.740000000000002,2,299,True,
2021-12-01,MNQZ21,A,605aa9c1bee52a102446f0283839daf998adc79f20a0c2713c49ab878646f544,2,2.24,1,187.5,2.24,185.26,2,29,True,
2021-12-02,MNQZ21,A,605aa9c1bee52a102446f0283839daf998adc79f20a0c2713c49ab878646f544,2,2.24,1,72.5,2.24,70.26,2,359,True,
2021-12-03,MNQZ21,A,605aa9c1bee52a102446f0283839daf998adc79f20a0c2713c49ab878646f544,2,2.24,1,254.0,2.24,251.76,2,359,True,
2021-12-06,MNQZ21,A,605aa9c1bee52a102446f0283839daf998adc79f20a0c2713c49ab878646f544,2,2.24,1,-35.0,2.24,-37.24,2,149,True,
2021-12-07,MNQZ21,A,605aa9c1bee52a102446f0283839daf998adc79f20a0c2713c49ab878646f544,2,2.24,1,195.5,2.24,193.26,2,359,True,
2021-12-08,MNQZ21,A,605aa9c1bee52a102446f0283839daf998adc79f20a0c2713c49ab878646f544,2,2.24,1,0.0,0.0,0.0,0,0,True,
2021-12-09,MNQZ21,A,605aa9c1bee52a102446f0283839daf998adc79f20a0c2713c49ab878646f544,2,2.24,1,68.5,2.24,66.26,2,29,True,
2021-12-10,MNQZ21,A,605aa9c1bee52a102446f0283839daf998adc79f20a0c2713c49ab878646f544,2,2.24,1,0.0,0.0,0.0,0,0,True,
2021-12-13,MNQZ21,A,605aa9c1bee52a102446f0283839daf998adc79f20a0c2713c49ab878646f544,2,2.24,1,227.0,2.24,224.76,2,329,True,
2021-12-14,MNQZ21,A,605aa9c1bee52a102446f0283839daf998adc79f20a0c2713c49ab878646f544,2,2.24,1,0.0,0.0,0.0,0,0,True,
2021-12-15,MNQZ21,A,605aa9c1bee52a102446f0283839daf998adc79f20a0c2713c49ab878646f544,2,2.24,1,-294.0,4.48,-298.48,4,203,True,
2021-12-16,MNQZ21,A,605aa9c1bee52a102446f0283839daf998adc79f20a0c2713c49ab878646f544,2,2.24,1,604.5,2.24,602.26,2,359,True,
2021-12-20,MNQH22,A,605aa9c1bee52a102446f0283839daf998adc79f20a0c2713c49ab878646f544,2,2.24,1,0.0,0.0,0.0,0,0,True,
2021-12-21,MNQH22,A,605aa9c1bee52a102446f0283839daf998adc79f20a0c2713c49ab878646f544,2,2.24,1,124.0,2.24,121.76,2,119,True,
2021-12-22,MNQH22,A,605aa9c1bee52a102446f0283839daf998adc79f20a0c2713c49ab878646f544,2,2.24,1,147.5,2.24,145.26,2,299,True,
2021-12-23,MNQH22,A,605aa9c1bee52a102446f0283839daf998adc79f20a0c2713c49ab878646f544,2,2.24,1,1.5,2.24,-0.7400000000000002,2,299,True,
2021-12-28,MNQH22,A,605aa9c1bee52a102446f0283839daf998adc79f20a0c2713c49ab878646f544,2,2.24,1,0.0,0.0,0.0,0,0,True,
2021-12-29,MNQH22,A,605aa9c1bee52a102446f0283839daf998adc79f20a0c2713c49ab878646f544,2,2.24,1,0.0,0.0,0.0,0,0,True,
2021-12-30,MNQH22,A,605aa9c1bee52a102446f0283839daf998adc79f20a0c2713c49ab878646f544,2,2.24,1,0.0,0.0,0.0,0,0,True,
2021-12-31,MNQH22,A,605aa9c1bee52a102446f0283839daf998adc79f20a0c2713c49ab878646f544,2,2.24,1,0.0,0.0,0.0,0,0,True,
2022-01-03,MNQH22,A,605aa9c1bee52a102446f0283839daf998adc79f20a0c2713c49ab878646f544,2,2.24,1,0.0,0.0,0.0,0,0,True,
2022-01-04,MNQH22,A,605aa9c1bee52a102446f0283839daf998adc79f20a0c2713c49ab878646f544,2,2.24,1,245.5,2.24,243.26,2,329,True,
2022-01-05,MNQH22,A,605aa9c1bee52a102446f0283839daf998adc79f20a0c2713c49ab878646f544,2,2.24,1,574.5,2.24,572.26,2,179,True,
2022-01-06,MNQH22,A,605aa9c1bee52a102446f0283839daf998adc79f20a0c2713c49ab878646f544,2,2.24,1,0.0,0.0,0.0,0,0,True,
2022-01-07,MNQH22,A,605aa9c1bee52a102446f0283839daf998adc79f20a0c2713c49ab878646f544,2,2.24,1,179.0,2.24,176.76,2,329,True,
2022-01-10,MNQH22,A,605aa9c1bee52a102446f0283839daf998adc79f20a0c2713c49ab878646f544,2,2.24,1,-509.5,2.24,-511.74,2,335,True,
2022-01-11,MNQH22,A,605aa9c1bee52a102446f0283839daf998adc79f20a0c2713c49ab878646f544,2,2.24,1,175.0,2.24,172.76,2,269,True,
2022-01-12,MNQH22,A,605aa9c1bee52a102446f0283839daf998adc79f20a0c2713c49ab878646f544,2,2.24,1,0.0,0.0,0.0,0,0,True,
2022-01-13,MNQH22,A,605aa9c1bee52a102446f0283839daf998adc79f20a0c2713c49ab878646f544,2,2.24,1,551.5,2.24,549.26,2,299,True,
2022-01-14,MNQH22,A,605aa9c1bee52a102446f0283839daf998adc79f20a0c2713c49ab878646f544,2,2.24,1,99.0,2.24,96.76,2,359,True,
2022-01-19,MNQH22,A,605aa9c1bee52a102446f0283839daf998adc79f20a0c2713c49ab878646f544,2,2.24,1,-471.5,2.24,-473.74,2,82,True,
2022-01-20,MNQH22,A,605aa9c1bee52a102446f0283839daf998adc79f20a0c2713c49ab878646f544,2,2.24,1,-508.0,2.24,-510.24,2,308,True,
2022-01-21,MNQH22,A,605aa9c1bee52a102446f0283839daf998adc79f20a0c2713c49ab878646f544,2,2.24,1,484.0,2.24,481.76,2,359,True,
2022-01-24,MNQH22,A,605aa9c1bee52a102446f0283839daf998adc79f20a0c2713c49ab878646f544,2,2.24,1,-418.5,2.24,-420.74,2,332,True,
2022-01-25,MNQH22,A,605aa9c1bee52a102446f0283839daf998adc79f20a0c2713c49ab878646f544,2,2.24,1,-460.5,2.24,-462.74,2,283,True,
2022-01-26,MNQH22,A,605aa9c1bee52a102446f0283839daf998adc79f20a0c2713c49ab878646f544,2,2.24,1,0.0,0.0,0.0,0,0,True,
2022-01-27,MNQH22,A,605aa9c1bee52a102446f0283839daf998adc79f20a0c2713c49ab878646f544,2,2.24,1,60.5,2.24,58.26,2,149,True,
2022-01-28,MNQH22,A,605aa9c1bee52a102446f0283839daf998adc79f20a0c2713c49ab878646f544,2,2.24,1,-54.0,4.48,-58.480000000000004,4,329,True,
2022-01-31,MNQH22,A,605aa9c1bee52a102446f0283839daf998adc79f20a0c2713c49ab878646f544,2,2.24,1,507.0,2.24,504.76,2,359,True,
2022-02-01,MNQH22,A,605aa9c1bee52a102446f0283839daf998adc79f20a0c2713c49ab878646f544,2,2.24,1,0.0,0.0,0.0,0,0,True,
2022-02-02,MNQH22,A,605aa9c1bee52a102446f0283839daf998adc79f20a0c2713c49ab878646f544,2,2.24,1,0.0,0.0,0.0,0,0,True,
2022-02-03,MNQH22,A,605aa9c1bee52a102446f0283839daf998adc79f20a0c2713c49ab878646f544,2,2.24,1,0.0,0.0,0.0,0,0,True,
2022-02-04,MNQH22,A,605aa9c1bee52a102446f0283839daf998adc79f20a0c2713c49ab878646f544,2,2.24,1,4.0,2.24,1.7599999999999998,2,179,True,
2022-02-07,MNQH22,A,605aa9c1bee52a102446f0283839daf998adc79f20a0c2713c49ab878646f544,2,2.24,1,0.0,0.0,0.0,0,0,True,
2022-02-08,MNQH22,A,605aa9c1bee52a102446f0283839daf998adc79f20a0c2713c49ab878646f544,2,2.24,1,95.5,2.24,93.26,2,269,True,
2022-02-09,MNQH22,A,605aa9c1bee52a102446f0283839daf998adc79f20a0c2713c49ab878646f544,2,2.24,1,0.0,0.0,0.0,0,0,True,
2022-02-10,MNQH22,A,605aa9c1bee52a102446f0283839daf998adc79f20a0c2713c49ab878646f544,2,2.24,1,0.0,0.0,0.0,0,0,True,
2022-02-11,MNQH22,A,605aa9c1bee52a102446f0283839daf998adc79f20a0c2713c49ab878646f544,2,2.24,1,707.0,2.24,704.76,2,269,True,
2022-02-14,MNQH22,A,605aa9c1bee52a102446f0283839daf998adc79f20a0c2713c49ab878646f544,2,2.24,1,-521.0,2.24,-523.24,2,157,True,
2022-02-15,MNQH22,A,605aa9c1bee52a102446f0283839daf998adc79f20a0c2713c49ab878646f544,2,2.24,1,0.0,0.0,0.0,0,0,True,
2022-02-16,MNQH22,A,605aa9c1bee52a102446f0283839daf998adc79f20a0c2713c49ab878646f544,2,2.24,1,-362.0,2.24,-364.24,2,359,True,
2022-02-17,MNQH22,A,605aa9c1bee52a102446f0283839daf998adc79f20a0c2713c49ab878646f544,2,2.24,1,379.0,2.24,376.76,2,329,True,
2022-02-18,MNQH22,A,605aa9c1bee52a102446f0283839daf998adc79f20a0c2713c49ab878646f544,2,2.24,1,74.5,2.24,72.26,2,299,True,
2022-02-23,MNQH22,A,605aa9c1bee52a102446f0283839daf998adc79f20a0c2713c49ab878646f544,2,2.24,1,528.5,2.24,526.26,2,299,True,
2022-02-24,MNQH22,A,605aa9c1bee52a102446f0283839daf998adc79f20a0c2713c49ab878646f544,2,2.24,1,515.5,2.24,513.26,2,89,True,
2022-02-25,MNQH22,A,605aa9c1bee52a102446f0283839daf998adc79f20a0c2713c49ab878646f544,2,2.24,1,-399.0,4.48,-403.48,4,348,True,
2022-02-28,MNQH22,A,605aa9c1bee52a102446f0283839daf998adc79f20a0c2713c49ab878646f544,2,2.24,1,0.0,0.0,0.0,0,0,True,
2022-03-01,MNQH22,A,605aa9c1bee52a102446f0283839daf998adc79f20a0c2713c49ab878646f544,2,2.24,1,-42.0,2.24,-44.24,2,149,True,
2022-03-02,MNQH22,A,605aa9c1bee52a102446f0283839daf998adc79f20a0c2713c49ab878646f544,2,2.24,1,-26.5,2.24,-28.740000000000002,2,149,True,
2022-03-03,MNQH22,A,605aa9c1bee52a102446f0283839daf998adc79f20a0c2713c49ab878646f544,2,2.24,1,42.5,2.24,40.26,2,299,True,
2022-03-04,MNQH22,A,605aa9c1bee52a102446f0283839daf998adc79f20a0c2713c49ab878646f544,2,2.24,1,-83.0,2.24,-85.24,2,299,True,
2022-03-07,MNQH22,A,605aa9c1bee52a102446f0283839daf998adc79f20a0c2713c49ab878646f544,2,2.24,1,697.5,2.24,695.26,2,359,True,
2022-03-08,MNQH22,A,605aa9c1bee52a102446f0283839daf998adc79f20a0c2713c49ab878646f544,2,2.24,1,-463.0,2.24,-465.24,2,205,True,
2022-03-09,MNQH22,A,605aa9c1bee52a102446f0283839daf998adc79f20a0c2713c49ab878646f544,2,2.24,1,0.0,0.0,0.0,0,0,True,
2022-03-10,MNQH22,A,605aa9c1bee52a102446f0283839daf998adc79f20a0c2713c49ab878646f544,2,2.24,1,-358.5,2.24,-360.74,2,269,True,
2022-03-11,MNQH22,A,605aa9c1bee52a102446f0283839daf998adc79f20a0c2713c49ab878646f544,2,2.24,1,256.5,2.24,254.26,2,209,True,
2022-03-14,MNQH22,A,605aa9c1bee52a102446f0283839daf998adc79f20a0c2713c49ab878646f544,2,2.24,1,31.0,2.24,28.759999999999998,2,149,True,
2022-03-15,MNQH22,A,605aa9c1bee52a102446f0283839daf998adc79f20a0c2713c49ab878646f544,2,2.24,1,204.5,2.24,202.26,2,269,True,
2022-03-16,MNQH22,A,605aa9c1bee52a102446f0283839daf998adc79f20a0c2713c49ab878646f544,2,2.24,1,-530.0,2.24,-532.24,2,272,True,
2022-03-17,MNQH22,A,605aa9c1bee52a102446f0283839daf998adc79f20a0c2713c49ab878646f544,2,2.24,1,0.0,0.0,0.0,0,0,True,
2022-03-21,MNQM22,A,605aa9c1bee52a102446f0283839daf998adc79f20a0c2713c49ab878646f544,2,2.24,1,-121.0,2.24,-123.24,2,359,True,
2022-03-22,MNQM22,A,605aa9c1bee52a102446f0283839daf998adc79f20a0c2713c49ab878646f544,2,2.24,1,289.0,2.24,286.76,2,359,True,
2022-03-23,MNQM22,A,605aa9c1bee52a102446f0283839daf998adc79f20a0c2713c49ab878646f544,2,2.24,1,0.0,0.0,0.0,0,0,True,
2022-03-24,MNQM22,A,605aa9c1bee52a102446f0283839daf998adc79f20a0c2713c49ab878646f544,2,2.24,1,73.0,2.24,70.76,2,29,True,
2022-03-25,MNQM22,A,605aa9c1bee52a102446f0283839daf998adc79f20a0c2713c49ab878646f544,2,2.24,1,-304.0,2.24,-306.24,2,269,True,
2022-03-28,MNQM22,A,605aa9c1bee52a102446f0283839daf998adc79f20a0c2713c49ab878646f544,2,2.24,1,242.5,2.24,240.26,2,359,True,
2022-03-29,MNQM22,A,605aa9c1bee52a102446f0283839daf998adc79f20a0c2713c49ab878646f544,2,2.24,1,0.0,0.0,0.0,0,0,True,
2022-03-30,MNQM22,A,605aa9c1bee52a102446f0283839daf998adc79f20a0c2713c49ab878646f544,2,2.24,1,0.0,0.0,0.0,0,0,True,
2022-03-31,MNQM22,A,605aa9c1bee52a102446f0283839daf998adc79f20a0c2713c49ab878646f544,2,2.24,1,0.0,0.0,0.0,0,0,True,
2022-04-01,MNQM22,A,605aa9c1bee52a102446f0283839daf998adc79f20a0c2713c49ab878646f544,2,2.24,1,-241.5,2.24,-243.74,2,179,True,
2022-04-04,MNQM22,A,605aa9c1bee52a102446f0283839daf998adc79f20a0c2713c49ab878646f544,2,2.24,1,230.0,2.24,227.76,2,359,True,
2022-04-05,MNQM22,A,605aa9c1bee52a102446f0283839daf998adc79f20a0c2713c49ab878646f544,2,2.24,1,285.5,2.24,283.26,2,329,True,
2022-04-06,MNQM22,A,605aa9c1bee52a102446f0283839daf998adc79f20a0c2713c49ab878646f544,2,2.24,1,-30.0,2.24,-32.24,2,359,True,
2022-04-07,MNQM22,A,605aa9c1bee52a102446f0283839daf998adc79f20a0c2713c49ab878646f544,2,2.24,1,0.0,0.0,0.0,0,0,True,
2022-04-08,MNQM22,A,605aa9c1bee52a102446f0283839daf998adc79f20a0c2713c49ab878646f544,2,2.24,1,-8.5,2.24,-10.74,2,359,True,
2022-04-11,MNQM22,A,605aa9c1bee52a102446f0283839daf998adc79f20a0c2713c49ab878646f544,2,2.24,1,114.0,2.24,111.76,2,299,True,
2022-04-12,MNQM22,A,605aa9c1bee52a102446f0283839daf998adc79f20a0c2713c49ab878646f544,2,2.24,1,0.0,0.0,0.0,0,0,True,
2022-04-13,MNQM22,A,605aa9c1bee52a102446f0283839daf998adc79f20a0c2713c49ab878646f544,2,2.24,1,229.5,2.24,227.26,2,329,True,
2022-04-14,MNQM22,A,605aa9c1bee52a102446f0283839daf998adc79f20a0c2713c49ab878646f544,2,2.24,1,457.0,2.24,454.76,2,359,True,
2022-04-19,MNQM22,A,605aa9c1bee52a102446f0283839daf998adc79f20a0c2713c49ab878646f544,2,2.24,1,404.5,2.24,402.26,2,359,True,
2022-04-20,MNQM22,A,605aa9c1bee52a102446f0283839daf998adc79f20a0c2713c49ab878646f544,2,2.24,1,178.0,2.24,175.76,2,359,True,
2022-04-21,MNQM22,A,605aa9c1bee52a102446f0283839daf998adc79f20a0c2713c49ab878646f544,2,2.24,1,163.5,2.24,161.26,2,89,True,
2022-04-22,MNQM22,A,605aa9c1bee52a102446f0283839daf998adc79f20a0c2713c49ab878646f544,2,2.24,1,477.0,2.24,474.76,2,329,True,
2022-04-25,MNQM22,A,605aa9c1bee52a102446f0283839daf998adc79f20a0c2713c49ab878646f544,2,2.24,1,0.0,0.0,0.0,0,0,True,
2022-04-26,MNQM22,A,605aa9c1bee52a102446f0283839daf998adc79f20a0c2713c49ab878646f544,2,2.24,1,504.5,2.24,502.26,2,359,True,
2022-04-27,MNQM22,A,605aa9c1bee52a102446f0283839daf998adc79f20a0c2713c49ab878646f544,2,2.24,1,-358.0,2.24,-360.24,2,359,True,
2022-04-28,MNQM22,A,605aa9c1bee52a102446f0283839daf998adc79f20a0c2713c49ab878646f544,2,2.24,1,150.0,2.24,147.76,2,149,True,
2022-04-29,MNQM22,A,605aa9c1bee52a102446f0283839daf998adc79f20a0c2713c49ab878646f544,2,2.24,1,514.0,2.24,511.76,2,209,True,
2022-05-02,MNQM22,A,605aa9c1bee52a102446f0283839daf998adc79f20a0c2713c49ab878646f544,2,2.24,1,-567.0,2.24,-569.24,2,225,True,
2022-05-03,MNQM22,A,605aa9c1bee52a102446f0283839daf998adc79f20a0c2713c49ab878646f544,2,2.24,1,0.0,0.0,0.0,0,0,True,
2022-05-04,MNQM22,A,605aa9c1bee52a102446f0283839daf998adc79f20a0c2713c49ab878646f544,2,2.24,1,-133.0,4.48,-137.48,4,269,True,
2022-05-05,MNQM22,A,605aa9c1bee52a102446f0283839daf998adc79f20a0c2713c49ab878646f544,2,2.24,1,594.5,2.24,592.26,2,359,True,
2022-05-06,MNQM22,A,605aa9c1bee52a102446f0283839daf998adc79f20a0c2713c49ab878646f544,2,2.24,1,-442.0,2.24,-444.24,2,18,True,
2022-05-09,MNQM22,A,605aa9c1bee52a102446f0283839daf998adc79f20a0c2713c49ab878646f544,2,2.24,1,242.5,2.24,240.26,2,299,True,
2022-05-10,MNQM22,A,605aa9c1bee52a102446f0283839daf998adc79f20a0c2713c49ab878646f544,2,2.24,1,0.0,0.0,0.0,0,0,True,
2022-05-11,MNQM22,A,605aa9c1bee52a102446f0283839daf998adc79f20a0c2713c49ab878646f544,2,2.24,1,212.0,2.24,209.76,2,149,True,
2022-05-12,MNQM22,A,605aa9c1bee52a102446f0283839daf998adc79f20a0c2713c49ab878646f544,2,2.24,1,0.0,0.0,0.0,0,0,True,
2022-05-13,MNQM22,A,605aa9c1bee52a102446f0283839daf998adc79f20a0c2713c49ab878646f544,2,2.24,1,240.0,2.24,237.76,2,359,True,
2022-05-16,MNQM22,A,605aa9c1bee52a102446f0283839daf998adc79f20a0c2713c49ab878646f544,2,2.24,1,0.0,0.0,0.0,0,0,True,
2022-05-17,MNQM22,A,605aa9c1bee52a102446f0283839daf998adc79f20a0c2713c49ab878646f544,2,2.24,1,0.0,0.0,0.0,0,0,True,
2022-05-18,MNQM22,A,605aa9c1bee52a102446f0283839daf998adc79f20a0c2713c49ab878646f544,2,2.24,1,370.0,2.24,367.76,2,269,True,
2022-05-19,MNQM22,A,605aa9c1bee52a102446f0283839daf998adc79f20a0c2713c49ab878646f544,2,2.24,1,0.0,0.0,0.0,0,0,True,
2022-05-20,MNQM22,A,605aa9c1bee52a102446f0283839daf998adc79f20a0c2713c49ab878646f544,2,2.24,1,-186.0,2.24,-188.24,2,239,True,
2022-05-23,MNQM22,A,605aa9c1bee52a102446f0283839daf998adc79f20a0c2713c49ab878646f544,2,2.24,1,0.0,0.0,0.0,0,0,True,
2022-05-24,MNQM22,A,605aa9c1bee52a102446f0283839daf998adc79f20a0c2713c49ab878646f544,2,2.24,1,-236.0,2.24,-238.24,2,359,True,
2022-05-25,MNQM22,A,605aa9c1bee52a102446f0283839daf998adc79f20a0c2713c49ab878646f544,2,2.24,1,131.0,2.24,128.76,2,329,True,
2022-05-26,MNQM22,A,605aa9c1bee52a102446f0283839daf998adc79f20a0c2713c49ab878646f544,2,2.24,1,289.0,2.24,286.76,2,359,True,
2022-05-27,MNQM22,A,605aa9c1bee52a102446f0283839daf998adc79f20a0c2713c49ab878646f544,2,2.24,1,333.0,2.24,330.76,2,359,True,
2022-06-01,MNQM22,A,605aa9c1bee52a102446f0283839daf998adc79f20a0c2713c49ab878646f544,2,2.24,1,0.0,0.0,0.0,0,0,True,
2022-06-02,MNQM22,A,605aa9c1bee52a102446f0283839daf998adc79f20a0c2713c49ab878646f544,2,2.24,1,248.0,2.24,245.76,2,209,True,
2022-06-03,MNQM22,A,605aa9c1bee52a102446f0283839daf998adc79f20a0c2713c49ab878646f544,2,2.24,1,0.0,0.0,0.0,0,0,True,
2022-06-06,MNQM22,A,605aa9c1bee52a102446f0283839daf998adc79f20a0c2713c49ab878646f544,2,2.24,1,0.0,0.0,0.0,0,0,True,
2022-06-07,MNQM22,A,605aa9c1bee52a102446f0283839daf998adc79f20a0c2713c49ab878646f544,2,2.24,1,0.0,0.0,0.0,0,0,True,
2022-06-08,MNQM22,A,605aa9c1bee52a102446f0283839daf998adc79f20a0c2713c49ab878646f544,2,2.24,1,0.0,0.0,0.0,0,0,True,
2022-06-09,MNQM22,A,605aa9c1bee52a102446f0283839daf998adc79f20a0c2713c49ab878646f544,2,2.24,1,0.0,0.0,0.0,0,0,True,
2022-06-10,MNQM22,A,605aa9c1bee52a102446f0283839daf998adc79f20a0c2713c49ab878646f544,2,2.24,1,167.0,2.24,164.76,2,359,True,
2022-06-13,MNQM22,A,605aa9c1bee52a102446f0283839daf998adc79f20a0c2713c49ab878646f544,2,2.24,1,0.0,0.0,0.0,0,0,True,
2022-06-14,MNQM22,A,605aa9c1bee52a102446f0283839daf998adc79f20a0c2713c49ab878646f544,2,2.24,1,0.0,0.0,0.0,0,0,True,
2022-06-15,MNQM22,A,605aa9c1bee52a102446f0283839daf998adc79f20a0c2713c49ab878646f544,2,2.24,1,-193.5,2.24,-195.74,2,29,True,
2022-06-16,MNQM22,A,605aa9c1bee52a102446f0283839daf998adc79f20a0c2713c49ab878646f544,2,2.24,1,152.5,2.24,150.26,2,359,True,
2022-06-22,MNQU22,A,605aa9c1bee52a102446f0283839daf998adc79f20a0c2713c49ab878646f544,2,2.24,1,-284.5,2.24,-286.74,2,329,True,
2022-06-23,MNQU22,A,605aa9c1bee52a102446f0283839daf998adc79f20a0c2713c49ab878646f544,2,2.24,1,0.0,0.0,0.0,0,0,True,
2022-06-24,MNQU22,A,605aa9c1bee52a102446f0283839daf998adc79f20a0c2713c49ab878646f544,2,2.24,1,288.5,2.24,286.26,2,359,True,
2022-06-27,MNQU22,A,605aa9c1bee52a102446f0283839daf998adc79f20a0c2713c49ab878646f544,2,2.24,1,83.5,2.24,81.26,2,359,True,
2022-06-28,MNQU22,A,605aa9c1bee52a102446f0283839daf998adc79f20a0c2713c49ab878646f544,2,2.24,1,398.5,2.24,396.26,2,269,True,
2022-06-29,MNQU22,A,605aa9c1bee52a102446f0283839daf998adc79f20a0c2713c49ab878646f544,2,2.24,1,0.0,0.0,0.0,0,0,True,
2022-06-30,MNQU22,A,605aa9c1bee52a102446f0283839daf998adc79f20a0c2713c49ab878646f544,2,2.24,1,-512.0,2.24,-514.24,2,145,True,
2022-07-01,MNQU22,A,605aa9c1bee52a102446f0283839daf998adc79f20a0c2713c49ab878646f544,2,2.24,1,0.0,0.0,0.0,0,0,True,
2022-07-06,MNQU22,A,605aa9c1bee52a102446f0283839daf998adc79f20a0c2713c49ab878646f544,2,2.24,1,0.0,0.0,0.0,0,0,True,
2022-07-07,MNQU22,A,605aa9c1bee52a102446f0283839daf998adc79f20a0c2713c49ab878646f544,2,2.24,1,268.5,2.24,266.26,2,359,True,
2022-07-08,MNQU22,A,605aa9c1bee52a102446f0283839daf998adc79f20a0c2713c49ab878646f544,2,2.24,1,0.0,0.0,0.0,0,0,True,
2022-07-11,MNQU22,A,605aa9c1bee52a102446f0283839daf998adc79f20a0c2713c49ab878646f544,2,2.24,1,-37.5,2.24,-39.74,2,359,True,
2022-07-12,MNQU22,A,605aa9c1bee52a102446f0283839daf998adc79f20a0c2713c49ab878646f544,2,2.24,1,0.0,0.0,0.0,0,0,True,
2022-07-13,MNQU22,A,605aa9c1bee52a102446f0283839daf998adc79f20a0c2713c49ab878646f544,2,2.24,1,0.0,0.0,0.0,0,0,True,
2022-07-14,MNQU22,A,605aa9c1bee52a102446f0283839daf998adc79f20a0c2713c49ab878646f544,2,2.24,1,0.0,0.0,0.0,0,0,True,
2022-07-15,MNQU22,A,605aa9c1bee52a102446f0283839daf998adc79f20a0c2713c49ab878646f544,2,2.24,1,0.0,0.0,0.0,0,0,True,
2022-07-18,MNQU22,A,605aa9c1bee52a102446f0283839daf998adc79f20a0c2713c49ab878646f544,2,2.24,1,0.0,0.0,0.0,0,0,True,
2022-07-19,MNQU22,A,605aa9c1bee52a102446f0283839daf998adc79f20a0c2713c49ab878646f544,2,2.24,1,243.5,2.24,241.26,2,299,True,
2022-07-20,MNQU22,A,605aa9c1bee52a102446f0283839daf998adc79f20a0c2713c49ab878646f544,2,2.24,1,146.0,2.24,143.76,2,329,True,
2022-07-21,MNQU22,A,605aa9c1bee52a102446f0283839daf998adc79f20a0c2713c49ab878646f544,2,2.24,1,65.5,2.24,63.26,2,209,True,
2022-07-22,MNQU22,A,605aa9c1bee52a102446f0283839daf998adc79f20a0c2713c49ab878646f544,2,2.24,1,109.0,2.24,106.76,2,269,True,
2022-07-25,MNQU22,A,605aa9c1bee52a102446f0283839daf998adc79f20a0c2713c49ab878646f544,2,2.24,1,-60.0,2.24,-62.24,2,329,True,
2022-07-26,MNQU22,A,605aa9c1bee52a102446f0283839daf998adc79f20a0c2713c49ab878646f544,2,2.24,1,121.0,2.24,118.76,2,329,True,
2022-07-27,MNQU22,A,605aa9c1bee52a102446f0283839daf998adc79f20a0c2713c49ab878646f544,2,2.24,1,452.5,2.24,450.26,2,359,True,
2022-07-28,MNQU22,A,605aa9c1bee52a102446f0283839daf998adc79f20a0c2713c49ab878646f544,2,2.24,1,-464.0,2.24,-466.24,2,294,True,
2022-07-29,MNQU22,A,605aa9c1bee52a102446f0283839daf998adc79f20a0c2713c49ab878646f544,2,2.24,1,122.5,2.24,120.26,2,329,True,
2022-08-01,MNQU22,A,605aa9c1bee52a102446f0283839daf998adc79f20a0c2713c49ab878646f544,2,2.24,1,-255.5,2.24,-257.74,2,299,True,
2022-08-02,MNQU22,A,605aa9c1bee52a102446f0283839daf998adc79f20a0c2713c49ab878646f544,2,2.24,1,0.0,0.0,0.0,0,0,True,
2022-08-03,MNQU22,A,605aa9c1bee52a102446f0283839daf998adc79f20a0c2713c49ab878646f544,2,2.24,1,366.5,2.24,364.26,2,359,True,
2022-08-04,MNQU22,A,605aa9c1bee52a102446f0283839daf998adc79f20a0c2713c49ab878646f544,2,2.24,1,0.0,0.0,0.0,0,0,True,
2022-08-05,MNQU22,A,605aa9c1bee52a102446f0283839daf998adc79f20a0c2713c49ab878646f544,2,2.24,1,0.0,0.0,0.0,0,0,True,
2022-08-08,MNQU22,A,605aa9c1bee52a102446f0283839daf998adc79f20a0c2713c49ab878646f544,2,2.24,1,-492.0,2.24,-494.24,2,245,True,
2022-08-09,MNQU22,A,605aa9c1bee52a102446f0283839daf998adc79f20a0c2713c49ab878646f544,2,2.24,1,-88.5,2.24,-90.74,2,359,True,
2022-08-10,MNQU22,A,605aa9c1bee52a102446f0283839daf998adc79f20a0c2713c49ab878646f544,2,2.24,1,0.0,0.0,0.0,0,0,True,
2022-08-11,MNQU22,A,605aa9c1bee52a102446f0283839daf998adc79f20a0c2713c49ab878646f544,2,2.24,1,0.0,0.0,0.0,0,0,True,
2022-08-12,MNQU22,A,605aa9c1bee52a102446f0283839daf998adc79f20a0c2713c49ab878646f544,2,2.24,1,143.0,2.24,140.76,2,149,True,
2022-08-15,MNQU22,A,605aa9c1bee52a102446f0283839daf998adc79f20a0c2713c49ab878646f544,2,2.24,1,0.0,0.0,0.0,0,0,True,
2022-08-16,MNQU22,A,605aa9c1bee52a102446f0283839daf998adc79f20a0c2713c49ab878646f544,2,2.24,1,-171.5,2.24,-173.74,2,299,True,
2022-08-17,MNQU22,A,605aa9c1bee52a102446f0283839daf998adc79f20a0c2713c49ab878646f544,2,2.24,1,-113.0,2.24,-115.24,2,299,True,
2022-08-18,MNQU22,A,605aa9c1bee52a102446f0283839daf998adc79f20a0c2713c49ab878646f544,2,2.24,1,0.0,0.0,0.0,0,0,True,
2022-08-19,MNQU22,A,605aa9c1bee52a102446f0283839daf998adc79f20a0c2713c49ab878646f544,2,2.24,1,66.0,2.24,63.76,2,359,True,
2022-08-22,MNQU22,A,605aa9c1bee52a102446f0283839daf998adc79f20a0c2713c49ab878646f544,2,2.24,1,139.5,2.24,137.26,2,329,True,
2022-08-23,MNQU22,A,605aa9c1bee52a102446f0283839daf998adc79f20a0c2713c49ab878646f544,2,2.24,1,0.0,0.0,0.0,0,0,True,
2022-08-24,MNQU22,A,605aa9c1bee52a102446f0283839daf998adc79f20a0c2713c49ab878646f544,2,2.24,1,-102.5,2.24,-104.74,2,269,True,
2022-08-25,MNQU22,A,605aa9c1bee52a102446f0283839daf998adc79f20a0c2713c49ab878646f544,2,2.24,1,106.5,2.24,104.26,2,329,True,
2022-08-26,MNQU22,A,605aa9c1bee52a102446f0283839daf998adc79f20a0c2713c49ab878646f544,2,2.24,1,628.0,2.24,625.76,2,329,True,
2022-08-29,MNQU22,A,605aa9c1bee52a102446f0283839daf998adc79f20a0c2713c49ab878646f544,2,2.24,1,0.0,0.0,0.0,0,0,True,
2022-08-30,MNQU22,A,605aa9c1bee52a102446f0283839daf998adc79f20a0c2713c49ab878646f544,2,2.24,1,110.5,2.24,108.26,2,329,True,
2022-08-31,MNQU22,A,605aa9c1bee52a102446f0283839daf998adc79f20a0c2713c49ab878646f544,2,2.24,1,0.0,0.0,0.0,0,0,True,
2022-09-01,MNQU22,A,605aa9c1bee52a102446f0283839daf998adc79f20a0c2713c49ab878646f544,2,2.24,1,-472.5,2.24,-474.74,2,299,True,
2022-09-02,MNQU22,A,605aa9c1bee52a102446f0283839daf998adc79f20a0c2713c49ab878646f544,2,2.24,1,47.5,2.24,45.26,2,149,True,
2022-09-07,MNQU22,A,605aa9c1bee52a102446f0283839daf998adc79f20a0c2713c49ab878646f544,2,2.24,1,220.5,2.24,218.26,2,239,True,
2022-09-08,MNQU22,A,605aa9c1bee52a102446f0283839daf998adc79f20a0c2713c49ab878646f544,2,2.24,1,0.0,0.0,0.0,0,0,True,
2022-09-09,MNQU22,A,605aa9c1bee52a102446f0283839daf998adc79f20a0c2713c49ab878646f544,2,2.24,1,164.0,2.24,161.76,2,359,True,
2022-09-12,MNQU22,A,605aa9c1bee52a102446f0283839daf998adc79f20a0c2713c49ab878646f544,2,2.24,1,1.5,2.24,-0.7400000000000002,2,359,True,
2022-09-13,MNQU22,A,605aa9c1bee52a102446f0283839daf998adc79f20a0c2713c49ab878646f544,2,2.24,1,515.5,2.24,513.26,2,359,True,
2022-09-14,MNQU22,A,605aa9c1bee52a102446f0283839daf998adc79f20a0c2713c49ab878646f544,2,2.24,1,0.0,0.0,0.0,0,0,True,
2022-09-15,MNQU22,A,605aa9c1bee52a102446f0283839daf998adc79f20a0c2713c49ab878646f544,2,2.24,1,7.5,2.24,5.26,2,299,True,
2022-09-19,MNQZ22,A,605aa9c1bee52a102446f0283839daf998adc79f20a0c2713c49ab878646f544,2,2.24,1,0.0,0.0,0.0,0,0,True,
2022-09-20,MNQZ22,A,605aa9c1bee52a102446f0283839daf998adc79f20a0c2713c49ab878646f544,2,2.24,1,0.0,0.0,0.0,0,0,True,
2022-09-21,MNQZ22,A,605aa9c1bee52a102446f0283839daf998adc79f20a0c2713c49ab878646f544,2,2.24,1,0.0,0.0,0.0,0,0,True,
2022-09-22,MNQZ22,A,605aa9c1bee52a102446f0283839daf998adc79f20a0c2713c49ab878646f544,2,2.24,1,-37.5,2.24,-39.74,2,299,True,
2022-09-23,MNQZ22,A,605aa9c1bee52a102446f0283839daf998adc79f20a0c2713c49ab878646f544,2,2.24,1,-44.0,2.24,-46.24,2,359,True,
2022-09-26,MNQZ22,A,605aa9c1bee52a102446f0283839daf998adc79f20a0c2713c49ab878646f544,2,2.24,1,-377.0,2.24,-379.24,2,359,True,
2022-09-27,MNQZ22,A,605aa9c1bee52a102446f0283839daf998adc79f20a0c2713c49ab878646f544,2,2.24,1,0.0,0.0,0.0,0,0,True,
2022-09-28,MNQZ22,A,605aa9c1bee52a102446f0283839daf998adc79f20a0c2713c49ab878646f544,2,2.24,1,316.5,2.24,314.26,2,329,True,
2022-09-29,MNQZ22,A,605aa9c1bee52a102446f0283839daf998adc79f20a0c2713c49ab878646f544,2,2.24,1,31.0,2.24,28.759999999999998,2,359,True,
2022-09-30,MNQZ22,A,605aa9c1bee52a102446f0283839daf998adc79f20a0c2713c49ab878646f544,2,2.24,1,-493.5,2.24,-495.74,2,260,True,
2022-10-03,MNQZ22,A,605aa9c1bee52a102446f0283839daf998adc79f20a0c2713c49ab878646f544,2,2.24,1,151.5,2.24,149.26,2,329,True,
2022-10-04,MNQZ22,A,605aa9c1bee52a102446f0283839daf998adc79f20a0c2713c49ab878646f544,2,2.24,1,15.0,2.24,12.76,2,359,True,
2022-10-05,MNQZ22,A,605aa9c1bee52a102446f0283839daf998adc79f20a0c2713c49ab878646f544,2,2.24,1,-489.5,2.24,-491.74,2,267,True,
2022-10-06,MNQZ22,A,605aa9c1bee52a102446f0283839daf998adc79f20a0c2713c49ab878646f544,2,2.24,1,0.0,0.0,0.0,0,0,True,
2022-10-07,MNQZ22,A,605aa9c1bee52a102446f0283839daf998adc79f20a0c2713c49ab878646f544,2,2.24,1,249.5,2.24,247.26,2,359,True,
2022-10-10,MNQZ22,A,605aa9c1bee52a102446f0283839daf998adc79f20a0c2713c49ab878646f544,2,2.24,1,61.0,2.24,58.76,2,359,True,
2022-10-11,MNQZ22,A,605aa9c1bee52a102446f0283839daf998adc79f20a0c2713c49ab878646f544,2,2.24,1,-58.0,2.24,-60.24,2,359,True,
2022-10-12,MNQZ22,A,605aa9c1bee52a102446f0283839daf998adc79f20a0c2713c49ab878646f544,2,2.24,1,0.0,0.0,0.0,0,0,True,
2022-10-13,MNQZ22,A,605aa9c1bee52a102446f0283839daf998adc79f20a0c2713c49ab878646f544,2,2.24,1,139.0,2.24,136.76,2,239,True,
2022-10-14,MNQZ22,A,605aa9c1bee52a102446f0283839daf998adc79f20a0c2713c49ab878646f544,2,2.24,1,358.5,2.24,356.26,2,329,True,
2022-10-17,MNQZ22,A,605aa9c1bee52a102446f0283839daf998adc79f20a0c2713c49ab878646f544,2,2.24,1,56.0,2.24,53.76,2,359,True,
2022-10-18,MNQZ22,A,605aa9c1bee52a102446f0283839daf998adc79f20a0c2713c49ab878646f544,2,2.24,1,0.0,0.0,0.0,0,0,True,
2022-10-19,MNQZ22,A,605aa9c1bee52a102446f0283839daf998adc79f20a0c2713c49ab878646f544,2,2.24,1,0.0,0.0,0.0,0,0,True,
2022-10-20,MNQZ22,A,605aa9c1bee52a102446f0283839daf998adc79f20a0c2713c49ab878646f544,2,2.24,1,-478.0,2.24,-480.24,2,221,True,
2022-10-21,MNQZ22,A,605aa9c1bee52a102446f0283839daf998adc79f20a0c2713c49ab878646f544,2,2.24,1,232.0,2.24,229.76,2,179,True,
2022-10-24,MNQZ22,A,605aa9c1bee52a102446f0283839daf998adc79f20a0c2713c49ab878646f544,2,2.24,1,0.0,0.0,0.0,0,0,True,
2022-10-25,MNQZ22,A,605aa9c1bee52a102446f0283839daf998adc79f20a0c2713c49ab878646f544,2,2.24,1,145.0,2.24,142.76,2,359,True,
2022-10-26,MNQZ22,A,605aa9c1bee52a102446f0283839daf998adc79f20a0c2713c49ab878646f544,2,2.24,1,0.0,0.0,0.0,0,0,True,
2022-10-27,MNQZ22,A,605aa9c1bee52a102446f0283839daf998adc79f20a0c2713c49ab878646f544,2,2.24,1,96.5,2.24,94.26,2,359,True,
2022-10-28,MNQZ22,A,605aa9c1bee52a102446f0283839daf998adc79f20a0c2713c49ab878646f544,2,2.24,1,470.5,2.24,468.26,2,359,True,
2022-10-31,MNQZ22,A,605aa9c1bee52a102446f0283839daf998adc79f20a0c2713c49ab878646f544,2,2.24,1,0.0,0.0,0.0,0,0,True,
2022-11-01,MNQZ22,A,605aa9c1bee52a102446f0283839daf998adc79f20a0c2713c49ab878646f544,2,2.24,1,0.0,0.0,0.0,0,0,True,
2022-11-02,MNQZ22,A,605aa9c1bee52a102446f0283839daf998adc79f20a0c2713c49ab878646f544,2,2.24,1,120.5,2.24,118.26,2,29,True,
2022-11-03,MNQZ22,A,605aa9c1bee52a102446f0283839daf998adc79f20a0c2713c49ab878646f544,2,2.24,1,-7.0,2.24,-9.24,2,359,True,
2022-11-04,MNQZ22,A,605aa9c1bee52a102446f0283839daf998adc79f20a0c2713c49ab878646f544,2,2.24,1,0.0,0.0,0.0,0,0,True,
2022-11-07,MNQZ22,A,605aa9c1bee52a102446f0283839daf998adc79f20a0c2713c49ab878646f544,2,2.24,1,0.0,0.0,0.0,0,0,True,
2022-11-08,MNQZ22,A,605aa9c1bee52a102446f0283839daf998adc79f20a0c2713c49ab878646f544,2,2.24,1,-504.0,2.24,-506.24,2,182,True,
2022-11-09,MNQZ22,A,605aa9c1bee52a102446f0283839daf998adc79f20a0c2713c49ab878646f544,2,2.24,1,98.0,2.24,95.76,2,119,True,
2022-11-10,MNQZ22,A,605aa9c1bee52a102446f0283839daf998adc79f20a0c2713c49ab878646f544,2,2.24,1,369.0,2.24,366.76,2,359,True,
2022-11-11,MNQZ22,A,605aa9c1bee52a102446f0283839daf998adc79f20a0c2713c49ab878646f544,2,2.24,1,217.0,2.24,214.76,2,329,True,
2022-11-14,MNQZ22,A,605aa9c1bee52a102446f0283839daf998adc79f20a0c2713c49ab878646f544,2,2.24,1,0.0,0.0,0.0,0,0,True,
2022-11-15,MNQZ22,A,605aa9c1bee52a102446f0283839daf998adc79f20a0c2713c49ab878646f544,2,2.24,1,0.0,0.0,0.0,0,0,True,
2022-11-16,MNQZ22,A,605aa9c1bee52a102446f0283839daf998adc79f20a0c2713c49ab878646f544,2,2.24,1,25.0,2.24,22.759999999999998,2,329,True,
2022-11-17,MNQZ22,A,605aa9c1bee52a102446f0283839daf998adc79f20a0c2713c49ab878646f544,2,2.24,1,0.0,0.0,0.0,0,0,True,
2022-11-18,MNQZ22,A,605aa9c1bee52a102446f0283839daf998adc79f20a0c2713c49ab878646f544,2,2.24,1,0.0,0.0,0.0,0,0,True,
2022-11-21,MNQZ22,A,605aa9c1bee52a102446f0283839daf998adc79f20a0c2713c49ab878646f544,2,2.24,1,0.0,0.0,0.0,0,0,True,
2022-11-22,MNQZ22,A,605aa9c1bee52a102446f0283839daf998adc79f20a0c2713c49ab878646f544,2,2.24,1,0.0,0.0,0.0,0,0,True,
2022-11-23,MNQZ22,A,605aa9c1bee52a102446f0283839daf998adc79f20a0c2713c49ab878646f544,2,2.24,1,96.5,2.24,94.26,2,359,True,
2022-11-29,MNQZ22,A,605aa9c1bee52a102446f0283839daf998adc79f20a0c2713c49ab878646f544,2,2.24,1,-66.5,2.24,-68.74,2,269,True,
2022-11-30,MNQZ22,A,605aa9c1bee52a102446f0283839daf998adc79f20a0c2713c49ab878646f544,2,2.24,1,538.0,2.24,535.76,2,119,True,
2022-12-01,MNQZ22,A,605aa9c1bee52a102446f0283839daf998adc79f20a0c2713c49ab878646f544,2,2.24,1,-528.0,4.48,-532.48,4,359,True,
2022-12-02,MNQZ22,A,605aa9c1bee52a102446f0283839daf998adc79f20a0c2713c49ab878646f544,2,2.24,1,0.0,0.0,0.0,0,0,True,
2022-12-05,MNQZ22,A,605aa9c1bee52a102446f0283839daf998adc79f20a0c2713c49ab878646f544,2,2.24,1,49.5,2.24,47.26,2,179,True,
2022-12-06,MNQZ22,A,605aa9c1bee52a102446f0283839daf998adc79f20a0c2713c49ab878646f544,2,2.24,1,203.5,2.24,201.26,2,359,True,
2022-12-07,MNQZ22,A,605aa9c1bee52a102446f0283839daf998adc79f20a0c2713c49ab878646f544,2,2.24,1,0.0,0.0,0.0,0,0,True,
2022-12-08,MNQZ22,A,605aa9c1bee52a102446f0283839daf998adc79f20a0c2713c49ab878646f544,2,2.24,1,16.0,2.24,13.76,2,329,True,
2022-12-09,MNQZ22,A,605aa9c1bee52a102446f0283839daf998adc79f20a0c2713c49ab878646f544,2,2.24,1,0.0,0.0,0.0,0,0,True,
2022-12-12,MNQZ22,A,605aa9c1bee52a102446f0283839daf998adc79f20a0c2713c49ab878646f544,2,2.24,1,0.0,0.0,0.0,0,0,True,
2022-12-13,MNQZ22,A,605aa9c1bee52a102446f0283839daf998adc79f20a0c2713c49ab878646f544,2,2.24,1,0.0,0.0,0.0,0,0,True,
2022-12-14,MNQZ22,A,605aa9c1bee52a102446f0283839daf998adc79f20a0c2713c49ab878646f544,2,2.24,1,-494.0,2.24,-496.24,2,274,True,
2022-12-15,MNQZ22,A,605aa9c1bee52a102446f0283839daf998adc79f20a0c2713c49ab878646f544,2,2.24,1,198.5,2.24,196.26,2,359,True,
2022-12-19,MNQH23,A,605aa9c1bee52a102446f0283839daf998adc79f20a0c2713c49ab878646f544,2,2.24,1,141.0,2.24,138.76,2,359,True,
2022-12-20,MNQH23,A,605aa9c1bee52a102446f0283839daf998adc79f20a0c2713c49ab878646f544,2,2.24,1,0.0,0.0,0.0,0,0,True,
2022-12-21,MNQH23,A,605aa9c1bee52a102446f0283839daf998adc79f20a0c2713c49ab878646f544,2,2.24,1,88.5,2.24,86.26,2,329,True,
2022-12-22,MNQH23,A,605aa9c1bee52a102446f0283839daf998adc79f20a0c2713c49ab878646f544,2,2.24,1,113.0,2.24,110.76,2,359,True,
2022-12-23,MNQH23,A,605aa9c1bee52a102446f0283839daf998adc79f20a0c2713c49ab878646f544,2,2.24,1,-205.0,2.24,-207.24,2,359,True,
2022-12-28,MNQH23,A,605aa9c1bee52a102446f0283839daf998adc79f20a0c2713c49ab878646f544,2,2.24,1,0.0,0.0,0.0,0,0,True,
2022-12-29,MNQH23,A,605aa9c1bee52a102446f0283839daf998adc79f20a0c2713c49ab878646f544,2,2.24,1,110.0,2.24,107.76,2,359,True,
2022-12-30,MNQH23,A,605aa9c1bee52a102446f0283839daf998adc79f20a0c2713c49ab878646f544,2,2.24,1,0.0,0.0,0.0,0,0,True,
2023-01-04,MNQH23,A,605aa9c1bee52a102446f0283839daf998adc79f20a0c2713c49ab878646f544,2,2.24,1,0.0,0.0,0.0,0,0,True,
2023-01-05,MNQH23,A,605aa9c1bee52a102446f0283839daf998adc79f20a0c2713c49ab878646f544,2,2.24,1,90.5,2.24,88.26,2,359,True,
2023-01-06,MNQH23,A,605aa9c1bee52a102446f0283839daf998adc79f20a0c2713c49ab878646f544,2,2.24,1,260.0,2.24,257.76,2,299,True,
2023-01-09,MNQH23,A,605aa9c1bee52a102446f0283839daf998adc79f20a0c2713c49ab878646f544,2,2.24,1,-257.5,2.24,-259.74,2,359,True,
2023-01-10,MNQH23,A,605aa9c1bee52a102446f0283839daf998adc79f20a0c2713c49ab878646f544,2,2.24,1,0.0,0.0,0.0,0,0,True,
2023-01-11,MNQH23,A,605aa9c1bee52a102446f0283839daf998adc79f20a0c2713c49ab878646f544,2,2.24,1,76.5,2.24,74.26,2,29,True,
2023-01-12,MNQH23,A,605aa9c1bee52a102446f0283839daf998adc79f20a0c2713c49ab878646f544,2,2.24,1,-302.0,2.24,-304.24,2,359,True,
2023-01-13,MNQH23,A,605aa9c1bee52a102446f0283839daf998adc79f20a0c2713c49ab878646f544,2,2.24,1,0.0,0.0,0.0,0,0,True,
2023-01-18,MNQH23,A,605aa9c1bee52a102446f0283839daf998adc79f20a0c2713c49ab878646f544,2,2.24,1,60.5,2.24,58.26,2,179,True,
2023-01-19,MNQH23,A,605aa9c1bee52a102446f0283839daf998adc79f20a0c2713c49ab878646f544,2,2.24,1,0.0,0.0,0.0,0,0,True,
2023-01-20,MNQH23,A,605aa9c1bee52a102446f0283839daf998adc79f20a0c2713c49ab878646f544,2,2.24,1,361.0,2.24,358.76,2,329,True,
2023-01-23,MNQH23,A,605aa9c1bee52a102446f0283839daf998adc79f20a0c2713c49ab878646f544,2,2.24,1,215.5,2.24,213.26,2,359,True,
2023-01-24,MNQH23,A,605aa9c1bee52a102446f0283839daf998adc79f20a0c2713c49ab878646f544,2,2.24,1,0.0,0.0,0.0,0,0,True,
2023-01-25,MNQH23,A,605aa9c1bee52a102446f0283839daf998adc79f20a0c2713c49ab878646f544,2,2.24,1,-482.0,2.24,-484.24,2,257,True,
2023-01-26,MNQH23,A,605aa9c1bee52a102446f0283839daf998adc79f20a0c2713c49ab878646f544,2,2.24,1,0.0,0.0,0.0,0,0,True,
2023-01-27,MNQH23,A,605aa9c1bee52a102446f0283839daf998adc79f20a0c2713c49ab878646f544,2,2.24,1,100.0,2.24,97.76,2,329,True,
2023-01-30,MNQH23,A,605aa9c1bee52a102446f0283839daf998adc79f20a0c2713c49ab878646f544,2,2.24,1,0.0,0.0,0.0,0,0,True,
2023-01-31,MNQH23,A,605aa9c1bee52a102446f0283839daf998adc79f20a0c2713c49ab878646f544,2,2.24,1,184.0,2.24,181.76,2,329,True,
2023-02-01,MNQH23,A,605aa9c1bee52a102446f0283839daf998adc79f20a0c2713c49ab878646f544,2,2.24,1,125.0,2.24,122.76,2,59,True,
2023-02-02,MNQH23,A,605aa9c1bee52a102446f0283839daf998adc79f20a0c2713c49ab878646f544,2,2.24,1,122.5,2.24,120.26,2,299,True,
2023-02-03,MNQH23,A,605aa9c1bee52a102446f0283839daf998adc79f20a0c2713c49ab878646f544,2,2.24,1,0.0,0.0,0.0,0,0,True,
2023-02-06,MNQH23,A,605aa9c1bee52a102446f0283839daf998adc79f20a0c2713c49ab878646f544,2,2.24,1,0.0,0.0,0.0,0,0,True,
2023-02-07,MNQH23,A,605aa9c1bee52a102446f0283839daf998adc79f20a0c2713c49ab878646f544,2,2.24,1,-249.0,4.48,-253.48,4,121,True,
2023-02-08,MNQH23,A,605aa9c1bee52a102446f0283839daf998adc79f20a0c2713c49ab878646f544,2,2.24,1,111.0,2.24,108.76,2,299,True,
2023-02-09,MNQH23,A,605aa9c1bee52a102446f0283839daf998adc79f20a0c2713c49ab878646f544,2,2.24,1,0.0,0.0,0.0,0,0,True,
2023-02-10,MNQH23,A,605aa9c1bee52a102446f0283839daf998adc79f20a0c2713c49ab878646f544,2,2.24,1,0.0,0.0,0.0,0,0,True,
2023-02-13,MNQH23,A,605aa9c1bee52a102446f0283839daf998adc79f20a0c2713c49ab878646f544,2,2.24,1,163.0,2.24,160.76,2,359,True,
2023-02-14,MNQH23,A,605aa9c1bee52a102446f0283839daf998adc79f20a0c2713c49ab878646f544,2,2.24,1,0.0,0.0,0.0,0,0,True,
2023-02-15,MNQH23,A,605aa9c1bee52a102446f0283839daf998adc79f20a0c2713c49ab878646f544,2,2.24,1,0.0,0.0,0.0,0,0,True,
2023-02-16,MNQH23,A,605aa9c1bee52a102446f0283839daf998adc79f20a0c2713c49ab878646f544,2,2.24,1,0.0,0.0,0.0,0,0,True,
2023-02-17,MNQH23,A,605aa9c1bee52a102446f0283839daf998adc79f20a0c2713c49ab878646f544,2,2.24,1,-109.5,2.24,-111.74,2,359,True,
2023-02-22,MNQH23,A,605aa9c1bee52a102446f0283839daf998adc79f20a0c2713c49ab878646f544,2,2.24,1,0.0,0.0,0.0,0,0,True,
2023-02-23,MNQH23,A,605aa9c1bee52a102446f0283839daf998adc79f20a0c2713c49ab878646f544,2,2.24,1,0.0,0.0,0.0,0,0,True,
2023-02-24,MNQH23,A,605aa9c1bee52a102446f0283839daf998adc79f20a0c2713c49ab878646f544,2,2.24,1,0.0,0.0,0.0,0,0,True,
2023-02-27,MNQH23,A,605aa9c1bee52a102446f0283839daf998adc79f20a0c2713c49ab878646f544,2,2.24,1,0.0,0.0,0.0,0,0,True,
2023-02-28,MNQH23,A,605aa9c1bee52a102446f0283839daf998adc79f20a0c2713c49ab878646f544,2,2.24,1,0.0,0.0,0.0,0,0,True,
2023-03-01,MNQH23,A,605aa9c1bee52a102446f0283839daf998adc79f20a0c2713c49ab878646f544,2,2.24,1,-4.0,2.24,-6.24,2,329,True,
2023-03-02,MNQH23,A,605aa9c1bee52a102446f0283839daf998adc79f20a0c2713c49ab878646f544,2,2.24,1,21.5,2.24,19.259999999999998,2,29,True,
2023-03-03,MNQH23,A,605aa9c1bee52a102446f0283839daf998adc79f20a0c2713c49ab878646f544,2,2.24,1,266.5,2.24,264.26,2,359,True,
2023-03-06,MNQH23,A,605aa9c1bee52a102446f0283839daf998adc79f20a0c2713c49ab878646f544,2,2.24,1,-226.5,2.24,-228.74,2,329,True,
2023-03-07,MNQH23,A,605aa9c1bee52a102446f0283839daf998adc79f20a0c2713c49ab878646f544,2,2.24,1,143.0,2.24,140.76,2,329,True,
2023-03-08,MNQH23,A,605aa9c1bee52a102446f0283839daf998adc79f20a0c2713c49ab878646f544,2,2.24,1,0.0,0.0,0.0,0,0,True,
2023-03-09,MNQH23,A,605aa9c1bee52a102446f0283839daf998adc79f20a0c2713c49ab878646f544,2,2.24,1,-221.0,4.48,-225.48,4,359,True,
2023-03-10,MNQH23,A,605aa9c1bee52a102446f0283839daf998adc79f20a0c2713c49ab878646f544,2,2.24,1,216.0,2.24,213.76,2,359,True,
2023-03-13,MNQH23,A,605aa9c1bee52a102446f0283839daf998adc79f20a0c2713c49ab878646f544,2,2.24,1,111.0,2.24,108.76,2,359,True,
2023-03-14,MNQH23,A,605aa9c1bee52a102446f0283839daf998adc79f20a0c2713c49ab878646f544,2,2.24,1,142.5,2.24,140.26,2,359,True,
2023-03-15,MNQH23,A,605aa9c1bee52a102446f0283839daf998adc79f20a0c2713c49ab878646f544,2,2.24,1,0.0,0.0,0.0,0,0,True,
2023-03-16,MNQH23,A,605aa9c1bee52a102446f0283839daf998adc79f20a0c2713c49ab878646f544,2,2.24,1,381.0,2.24,378.76,2,299,True,
2023-03-20,MNQM23,A,605aa9c1bee52a102446f0283839daf998adc79f20a0c2713c49ab878646f544,2,2.24,1,-208.5,2.24,-210.74,2,359,True,
2023-03-21,MNQM23,A,605aa9c1bee52a102446f0283839daf998adc79f20a0c2713c49ab878646f544,2,2.24,1,0.0,0.0,0.0,0,0,True,
2023-03-22,MNQM23,A,605aa9c1bee52a102446f0283839daf998adc79f20a0c2713c49ab878646f544,2,2.24,1,0.0,0.0,0.0,0,0,True,
2023-03-23,MNQM23,A,605aa9c1bee52a102446f0283839daf998adc79f20a0c2713c49ab878646f544,2,2.24,1,-175.5,2.24,-177.74,2,329,True,
2023-03-24,MNQM23,A,605aa9c1bee52a102446f0283839daf998adc79f20a0c2713c49ab878646f544,2,2.24,1,0.0,0.0,0.0,0,0,True,
2023-03-27,MNQM23,A,605aa9c1bee52a102446f0283839daf998adc79f20a0c2713c49ab878646f544,2,2.24,1,-27.0,2.24,-29.240000000000002,2,239,True,
2023-03-28,MNQM23,A,605aa9c1bee52a102446f0283839daf998adc79f20a0c2713c49ab878646f544,2,2.24,1,-98.5,2.24,-100.74,2,359,True,
2023-03-29,MNQM23,A,605aa9c1bee52a102446f0283839daf998adc79f20a0c2713c49ab878646f544,2,2.24,1,0.0,0.0,0.0,0,0,True,
2023-03-30,MNQM23,A,605aa9c1bee52a102446f0283839daf998adc79f20a0c2713c49ab878646f544,2,2.24,1,0.0,0.0,0.0,0,0,True,
2023-03-31,MNQM23,A,605aa9c1bee52a102446f0283839daf998adc79f20a0c2713c49ab878646f544,2,2.24,1,298.5,2.24,296.26,2,359,True,
2023-04-03,MNQM23,A,605aa9c1bee52a102446f0283839daf998adc79f20a0c2713c49ab878646f544,2,2.24,1,0.0,0.0,0.0,0,0,True,
2023-04-04,MNQM23,A,605aa9c1bee52a102446f0283839daf998adc79f20a0c2713c49ab878646f544,2,2.24,1,0.0,0.0,0.0,0,0,True,
2023-04-05,MNQM23,A,605aa9c1bee52a102446f0283839daf998adc79f20a0c2713c49ab878646f544,2,2.24,1,146.5,2.24,144.26,2,359,True,
2023-04-06,MNQM23,A,605aa9c1bee52a102446f0283839daf998adc79f20a0c2713c49ab878646f544,2,2.24,1,0.5,2.24,-1.7400000000000002,2,119,True,
2023-04-11,MNQM23,A,605aa9c1bee52a102446f0283839daf998adc79f20a0c2713c49ab878646f544,2,2.24,1,64.0,2.24,61.76,2,359,True,
2023-04-12,MNQM23,A,605aa9c1bee52a102446f0283839daf998adc79f20a0c2713c49ab878646f544,2,2.24,1,110.0,2.24,107.76,2,299,True,
2023-04-13,MNQM23,A,605aa9c1bee52a102446f0283839daf998adc79f20a0c2713c49ab878646f544,2,2.24,1,278.5,2.24,276.26,2,359,True,
2023-04-14,MNQM23,A,605aa9c1bee52a102446f0283839daf998adc79f20a0c2713c49ab878646f544,2,2.24,1,0.0,0.0,0.0,0,0,True,
2023-04-17,MNQM23,A,605aa9c1bee52a102446f0283839daf998adc79f20a0c2713c49ab878646f544,2,2.24,1,0.0,0.0,0.0,0,0,True,
2023-04-18,MNQM23,A,605aa9c1bee52a102446f0283839daf998adc79f20a0c2713c49ab878646f544,2,2.24,1,0.0,0.0,0.0,0,0,True,
2023-04-19,MNQM23,A,605aa9c1bee52a102446f0283839daf998adc79f20a0c2713c49ab878646f544,2,2.24,1,0.0,0.0,0.0,0,0,True,
2023-04-20,MNQM23,A,605aa9c1bee52a102446f0283839daf998adc79f20a0c2713c49ab878646f544,2,2.24,1,0.0,0.0,0.0,0,0,True,
2023-04-21,MNQM23,A,605aa9c1bee52a102446f0283839daf998adc79f20a0c2713c49ab878646f544,2,2.24,1,-181.0,2.24,-183.24,2,359,True,
2023-04-24,MNQM23,A,605aa9c1bee52a102446f0283839daf998adc79f20a0c2713c49ab878646f544,2,2.24,1,-106.5,2.24,-108.74,2,269,True,
2023-04-25,MNQM23,A,605aa9c1bee52a102446f0283839daf998adc79f20a0c2713c49ab878646f544,2,2.24,1,198.0,2.24,195.76,2,209,True,
2023-04-26,MNQM23,A,605aa9c1bee52a102446f0283839daf998adc79f20a0c2713c49ab878646f544,2,2.24,1,0.0,0.0,0.0,0,0,True,
2023-04-27,MNQM23,A,605aa9c1bee52a102446f0283839daf998adc79f20a0c2713c49ab878646f544,2,2.24,1,189.5,2.24,187.26,2,269,True,
2023-04-28,MNQM23,A,605aa9c1bee52a102446f0283839daf998adc79f20a0c2713c49ab878646f544,2,2.24,1,67.0,2.24,64.76,2,329,True,
2023-05-01,MNQM23,A,605aa9c1bee52a102446f0283839daf998adc79f20a0c2713c49ab878646f544,2,2.24,1,0.0,0.0,0.0,0,0,True,
2023-05-02,MNQM23,A,605aa9c1bee52a102446f0283839daf998adc79f20a0c2713c49ab878646f544,2,2.24,1,32.0,2.24,29.759999999999998,2,329,True,
2023-05-03,MNQM23,A,605aa9c1bee52a102446f0283839daf998adc79f20a0c2713c49ab878646f544,2,2.24,1,-280.5,2.24,-282.74,2,359,True,
2023-05-04,MNQM23,A,605aa9c1bee52a102446f0283839daf998adc79f20a0c2713c49ab878646f544,2,2.24,1,-6.5,2.24,-8.74,2,359,True,
2023-05-05,MNQM23,A,605aa9c1bee52a102446f0283839daf998adc79f20a0c2713c49ab878646f544,2,2.24,1,258.0,2.24,255.76,2,359,True,
2023-05-08,MNQM23,A,605aa9c1bee52a102446f0283839daf998adc79f20a0c2713c49ab878646f544,2,2.24,1,-151.0,2.24,-153.24,2,359,True,
2023-05-09,MNQM23,A,605aa9c1bee52a102446f0283839daf998adc79f20a0c2713c49ab878646f544,2,2.24,1,0.0,0.0,0.0,0,0,True,
2023-05-10,MNQM23,A,605aa9c1bee52a102446f0283839daf998adc79f20a0c2713c49ab878646f544,2,2.24,1,0.0,0.0,0.0,0,0,True,
2023-05-11,MNQM23,A,605aa9c1bee52a102446f0283839daf998adc79f20a0c2713c49ab878646f544,2,2.24,1,0.0,0.0,0.0,0,0,True,
2023-05-12,MNQM23,A,605aa9c1bee52a102446f0283839daf998adc79f20a0c2713c49ab878646f544,2,2.24,1,4.0,2.24,1.7599999999999998,2,299,True,
2023-05-15,MNQM23,A,605aa9c1bee52a102446f0283839daf998adc79f20a0c2713c49ab878646f544,2,2.24,1,0.0,0.0,0.0,0,0,True,
2023-05-16,MNQM23,A,605aa9c1bee52a102446f0283839daf998adc79f20a0c2713c49ab878646f544,2,2.24,1,-72.0,2.24,-74.24,2,299,True,
2023-05-17,MNQM23,A,605aa9c1bee52a102446f0283839daf998adc79f20a0c2713c49ab878646f544,2,2.24,1,73.0,2.24,70.76,2,179,True,
2023-05-18,MNQM23,A,605aa9c1bee52a102446f0283839daf998adc79f20a0c2713c49ab878646f544,2,2.24,1,370.0,2.24,367.76,2,359,True,
2023-05-19,MNQM23,A,605aa9c1bee52a102446f0283839daf998adc79f20a0c2713c49ab878646f544,2,2.24,1,0.0,0.0,0.0,0,0,True,
2023-05-22,MNQM23,A,605aa9c1bee52a102446f0283839daf998adc79f20a0c2713c49ab878646f544,2,2.24,1,-65.0,2.24,-67.24,2,359,True,
2023-05-23,MNQM23,A,605aa9c1bee52a102446f0283839daf998adc79f20a0c2713c49ab878646f544,2,2.24,1,16.0,2.24,13.76,2,89,True,
2023-05-24,MNQM23,A,605aa9c1bee52a102446f0283839daf998adc79f20a0c2713c49ab878646f544,2,2.24,1,-109.0,2.24,-111.24,2,329,True,
2023-05-25,MNQM23,A,605aa9c1bee52a102446f0283839daf998adc79f20a0c2713c49ab878646f544,2,2.24,1,0.0,0.0,0.0,0,0,True,
2023-05-26,MNQM23,A,605aa9c1bee52a102446f0283839daf998adc79f20a0c2713c49ab878646f544,2,2.24,1,382.0,2.24,379.76,2,359,True,
2023-05-31,MNQM23,A,605aa9c1bee52a102446f0283839daf998adc79f20a0c2713c49ab878646f544,2,2.24,1,-72.0,2.24,-74.24,2,269,True,
2023-06-01,MNQM23,A,605aa9c1bee52a102446f0283839daf998adc79f20a0c2713c49ab878646f544,2,2.24,1,177.5,2.24,175.26,2,269,True,
2023-06-02,MNQM23,A,605aa9c1bee52a102446f0283839daf998adc79f20a0c2713c49ab878646f544,2,2.24,1,0.0,0.0,0.0,0,0,True,
2023-06-05,MNQM23,A,605aa9c1bee52a102446f0283839daf998adc79f20a0c2713c49ab878646f544,2,2.24,1,-147.5,2.24,-149.74,2,299,True,
2023-06-06,MNQM23,A,605aa9c1bee52a102446f0283839daf998adc79f20a0c2713c49ab878646f544,2,2.24,1,0.0,0.0,0.0,0,0,True,
2023-06-07,MNQM23,A,605aa9c1bee52a102446f0283839daf998adc79f20a0c2713c49ab878646f544,2,2.24,1,278.5,2.24,276.26,2,299,True,
2023-06-08,MNQM23,A,605aa9c1bee52a102446f0283839daf998adc79f20a0c2713c49ab878646f544,2,2.24,1,168.5,2.24,166.26,2,329,True,
2023-06-09,MNQM23,A,605aa9c1bee52a102446f0283839daf998adc79f20a0c2713c49ab878646f544,2,2.24,1,-209.5,2.24,-211.74,2,359,True,
2023-06-12,MNQM23,A,605aa9c1bee52a102446f0283839daf998adc79f20a0c2713c49ab878646f544,2,2.24,1,119.0,2.24,116.76,2,59,True,
2023-06-13,MNQM23,A,605aa9c1bee52a102446f0283839daf998adc79f20a0c2713c49ab878646f544,2,2.24,1,0.0,0.0,0.0,0,0,True,
2023-06-14,MNQM23,A,605aa9c1bee52a102446f0283839daf998adc79f20a0c2713c49ab878646f544,2,2.24,1,3.0,2.24,0.7599999999999998,2,269,True,
2023-06-15,MNQM23,A,605aa9c1bee52a102446f0283839daf998adc79f20a0c2713c49ab878646f544,2,2.24,1,250.5,2.24,248.26,2,329,True,
2023-06-21,MNQU23,A,605aa9c1bee52a102446f0283839daf998adc79f20a0c2713c49ab878646f544,2,2.24,1,126.0,2.24,123.76,2,359,True,
2023-06-22,MNQU23,A,605aa9c1bee52a102446f0283839daf998adc79f20a0c2713c49ab878646f544,2,2.24,1,177.0,2.24,174.76,2,329,True,
2023-06-23,MNQU23,A,605aa9c1bee52a102446f0283839daf998adc79f20a0c2713c49ab878646f544,2,2.24,1,0.0,0.0,0.0,0,0,True,
2023-06-26,MNQU23,A,605aa9c1bee52a102446f0283839daf998adc79f20a0c2713c49ab878646f544,2,2.24,1,-305.0,4.48,-309.48,4,359,True,
2023-06-27,MNQU23,A,605aa9c1bee52a102446f0283839daf998adc79f20a0c2713c49ab878646f544,2,2.24,1,193.0,2.24,190.76,2,239,True,
2023-06-28,MNQU23,A,605aa9c1bee52a102446f0283839daf998adc79f20a0c2713c49ab878646f544,2,2.24,1,-90.5,2.24,-92.74,2,299,True,
2023-06-29,MNQU23,A,605aa9c1bee52a102446f0283839daf998adc79f20a0c2713c49ab878646f544,2,2.24,1,0.0,0.0,0.0,0,0,True,
2023-06-30,MNQU23,A,605aa9c1bee52a102446f0283839daf998adc79f20a0c2713c49ab878646f544,2,2.24,1,24.5,2.24,22.259999999999998,2,359,True,
2023-07-06,MNQU23,A,605aa9c1bee52a102446f0283839daf998adc79f20a0c2713c49ab878646f544,2,2.24,1,-204.0,2.24,-206.24,2,299,True,
2023-07-07,MNQU23,A,605aa9c1bee52a102446f0283839daf998adc79f20a0c2713c49ab878646f544,2,2.24,1,-306.0,2.24,-308.24,2,179,True,
2023-07-10,MNQU23,A,605aa9c1bee52a102446f0283839daf998adc79f20a0c2713c49ab878646f544,2,2.24,1,-134.5,2.24,-136.74,2,359,True,
2023-07-11,MNQU23,A,605aa9c1bee52a102446f0283839daf998adc79f20a0c2713c49ab878646f544,2,2.24,1,0.0,0.0,0.0,0,0,True,
2023-07-12,MNQU23,A,605aa9c1bee52a102446f0283839daf998adc79f20a0c2713c49ab878646f544,2,2.24,1,0.0,0.0,0.0,0,0,True,
2023-07-13,MNQU23,A,605aa9c1bee52a102446f0283839daf998adc79f20a0c2713c49ab878646f544,2,2.24,1,51.0,2.24,48.76,2,59,True,
2023-07-14,MNQU23,A,605aa9c1bee52a102446f0283839daf998adc79f20a0c2713c49ab878646f544,2,2.24,1,-178.0,2.24,-180.24,2,359,True,
2023-07-17,MNQU23,A,605aa9c1bee52a102446f0283839daf998adc79f20a0c2713c49ab878646f544,2,2.24,1,84.5,2.24,82.26,2,239,True,
2023-07-18,MNQU23,A,605aa9c1bee52a102446f0283839daf998adc79f20a0c2713c49ab878646f544,2,2.24,1,75.5,2.24,73.26,2,149,True,
2023-07-19,MNQU23,A,605aa9c1bee52a102446f0283839daf998adc79f20a0c2713c49ab878646f544,2,2.24,1,0.0,0.0,0.0,0,0,True,
2023-07-20,MNQU23,A,605aa9c1bee52a102446f0283839daf998adc79f20a0c2713c49ab878646f544,2,2.24,1,307.0,2.24,304.76,2,329,True,
2023-07-21,MNQU23,A,605aa9c1bee52a102446f0283839daf998adc79f20a0c2713c49ab878646f544,2,2.24,1,0.0,0.0,0.0,0,0,True,
2023-07-24,MNQU23,A,605aa9c1bee52a102446f0283839daf998adc79f20a0c2713c49ab878646f544,2,2.24,1,0.0,0.0,0.0,0,0,True,
2023-07-25,MNQU23,A,605aa9c1bee52a102446f0283839daf998adc79f20a0c2713c49ab878646f544,2,2.24,1,17.0,2.24,14.76,2,359,True,
2023-07-26,MNQU23,A,605aa9c1bee52a102446f0283839daf998adc79f20a0c2713c49ab878646f544,2,2.24,1,-182.0,2.24,-184.24,2,299,True,
2023-07-27,MNQU23,A,605aa9c1bee52a102446f0283839daf998adc79f20a0c2713c49ab878646f544,2,2.24,1,0.0,0.0,0.0,0,0,True,
2023-07-28,MNQU23,A,605aa9c1bee52a102446f0283839daf998adc79f20a0c2713c49ab878646f544,2,2.24,1,109.5,2.24,107.26,2,359,True,
2023-07-31,MNQU23,A,605aa9c1bee52a102446f0283839daf998adc79f20a0c2713c49ab878646f544,2,2.24,1,0.0,0.0,0.0,0,0,True,
2023-08-01,MNQU23,A,605aa9c1bee52a102446f0283839daf998adc79f20a0c2713c49ab878646f544,2,2.24,1,0.0,0.0,0.0,0,0,True,
2023-08-02,MNQU23,A,605aa9c1bee52a102446f0283839daf998adc79f20a0c2713c49ab878646f544,2,2.24,1,249.0,2.24,246.76,2,359,True,
2023-08-03,MNQU23,A,605aa9c1bee52a102446f0283839daf998adc79f20a0c2713c49ab878646f544,2,2.24,1,0.0,0.0,0.0,0,0,True,
2023-08-04,MNQU23,A,605aa9c1bee52a102446f0283839daf998adc79f20a0c2713c49ab878646f544,2,2.24,1,-498.0,2.24,-500.24,2,200,True,
2023-08-07,MNQU23,A,605aa9c1bee52a102446f0283839daf998adc79f20a0c2713c49ab878646f544,2,2.24,1,0.0,0.0,0.0,0,0,True,
2023-08-08,MNQU23,A,605aa9c1bee52a102446f0283839daf998adc79f20a0c2713c49ab878646f544,2,2.24,1,-129.0,2.24,-131.24,2,359,True,
2023-08-09,MNQU23,A,605aa9c1bee52a102446f0283839daf998adc79f20a0c2713c49ab878646f544,2,2.24,1,227.0,2.24,224.76,2,359,True,
2023-08-10,MNQU23,A,605aa9c1bee52a102446f0283839daf998adc79f20a0c2713c49ab878646f544,2,2.24,1,-516.5,2.24,-518.74,2,221,True,
2023-08-11,MNQU23,A,605aa9c1bee52a102446f0283839daf998adc79f20a0c2713c49ab878646f544,2,2.24,1,0.0,0.0,0.0,0,0,True,
2023-08-14,MNQU23,A,605aa9c1bee52a102446f0283839daf998adc79f20a0c2713c49ab878646f544,2,2.24,1,83.0,2.24,80.76,2,299,True,
2023-08-15,MNQU23,A,605aa9c1bee52a102446f0283839daf998adc79f20a0c2713c49ab878646f544,2,2.24,1,37.0,2.24,34.76,2,329,True,
2023-08-16,MNQU23,A,605aa9c1bee52a102446f0283839daf998adc79f20a0c2713c49ab878646f544,2,2.24,1,37.5,2.24,35.26,2,29,True,
2023-08-17,MNQU23,A,605aa9c1bee52a102446f0283839daf998adc79f20a0c2713c49ab878646f544,2,2.24,1,157.5,2.24,155.26,2,89,True,
2023-08-18,MNQU23,A,605aa9c1bee52a102446f0283839daf998adc79f20a0c2713c49ab878646f544,2,2.24,1,0.0,0.0,0.0,0,0,True,
2023-08-21,MNQU23,A,605aa9c1bee52a102446f0283839daf998adc79f20a0c2713c49ab878646f544,2,2.24,1,154.0,2.24,151.76,2,359,True,
2023-08-22,MNQU23,A,605aa9c1bee52a102446f0283839daf998adc79f20a0c2713c49ab878646f544,2,2.24,1,0.0,0.0,0.0,0,0,True,
2023-08-23,MNQU23,A,605aa9c1bee52a102446f0283839daf998adc79f20a0c2713c49ab878646f544,2,2.24,1,213.5,2.24,211.26,2,359,True,
2023-08-24,MNQU23,A,605aa9c1bee52a102446f0283839daf998adc79f20a0c2713c49ab878646f544,2,2.24,1,424.0,2.24,421.76,2,329,True,
2023-08-25,MNQU23,A,605aa9c1bee52a102446f0283839daf998adc79f20a0c2713c49ab878646f544,2,2.24,1,-470.5,2.24,-472.74,2,240,True,
2023-08-28,MNQU23,A,605aa9c1bee52a102446f0283839daf998adc79f20a0c2713c49ab878646f544,2,2.24,1,0.0,0.0,0.0,0,0,True,
2023-08-29,MNQU23,A,605aa9c1bee52a102446f0283839daf998adc79f20a0c2713c49ab878646f544,2,2.24,1,421.0,2.24,418.76,2,359,True,
2023-08-30,MNQU23,A,605aa9c1bee52a102446f0283839daf998adc79f20a0c2713c49ab878646f544,2,2.24,1,0.0,0.0,0.0,0,0,True,
2023-08-31,MNQU23,A,605aa9c1bee52a102446f0283839daf998adc79f20a0c2713c49ab878646f544,2,2.24,1,-76.0,2.24,-78.24,2,359,True,
2023-09-01,MNQU23,A,605aa9c1bee52a102446f0283839daf998adc79f20a0c2713c49ab878646f544,2,2.24,1,0.0,0.0,0.0,0,0,True,
2023-09-06,MNQU23,A,605aa9c1bee52a102446f0283839daf998adc79f20a0c2713c49ab878646f544,2,2.24,1,-2.0,2.24,-4.24,2,329,True,
2023-09-07,MNQU23,A,605aa9c1bee52a102446f0283839daf998adc79f20a0c2713c49ab878646f544,2,2.24,1,0.0,0.0,0.0,0,0,True,
2023-09-08,MNQU23,A,605aa9c1bee52a102446f0283839daf998adc79f20a0c2713c49ab878646f544,2,2.24,1,-180.5,2.24,-182.74,2,329,True,
2023-09-11,MNQU23,A,605aa9c1bee52a102446f0283839daf998adc79f20a0c2713c49ab878646f544,2,2.24,1,0.0,0.0,0.0,0,0,True,
2023-09-12,MNQU23,A,605aa9c1bee52a102446f0283839daf998adc79f20a0c2713c49ab878646f544,2,2.24,1,0.0,0.0,0.0,0,0,True,
2023-09-13,MNQU23,A,605aa9c1bee52a102446f0283839daf998adc79f20a0c2713c49ab878646f544,2,2.24,1,0.0,0.0,0.0,0,0,True,
2023-09-14,MNQU23,A,605aa9c1bee52a102446f0283839daf998adc79f20a0c2713c49ab878646f544,2,2.24,1,0.0,0.0,0.0,0,0,True,
2023-09-18,MNQZ23,A,605aa9c1bee52a102446f0283839daf998adc79f20a0c2713c49ab878646f544,2,2.24,1,0.0,0.0,0.0,0,0,True,
2023-09-19,MNQZ23,A,605aa9c1bee52a102446f0283839daf998adc79f20a0c2713c49ab878646f544,2,2.24,1,-158.0,2.24,-160.24,2,359,True,
2023-09-20,MNQZ23,A,605aa9c1bee52a102446f0283839daf998adc79f20a0c2713c49ab878646f544,2,2.24,1,176.0,2.24,173.76,2,29,True,
2023-09-21,MNQZ23,A,605aa9c1bee52a102446f0283839daf998adc79f20a0c2713c49ab878646f544,2,2.24,1,138.5,2.24,136.26,2,359,True,
2023-09-22,MNQZ23,A,605aa9c1bee52a102446f0283839daf998adc79f20a0c2713c49ab878646f544,2,2.24,1,-273.0,2.24,-275.24,2,299,True,
2023-09-25,MNQZ23,A,605aa9c1bee52a102446f0283839daf998adc79f20a0c2713c49ab878646f544,2,2.24,1,0.0,0.0,0.0,0,0,True,
2023-09-26,MNQZ23,A,605aa9c1bee52a102446f0283839daf998adc79f20a0c2713c49ab878646f544,2,2.24,1,139.5,2.24,137.26,2,359,True,
2023-09-27,MNQZ23,A,605aa9c1bee52a102446f0283839daf998adc79f20a0c2713c49ab878646f544,2,2.24,1,-238.5,2.24,-240.74,2,149,True,
2023-09-28,MNQZ23,A,605aa9c1bee52a102446f0283839daf998adc79f20a0c2713c49ab878646f544,2,2.24,1,45.0,2.24,42.76,2,269,True,
2023-09-29,MNQZ23,A,605aa9c1bee52a102446f0283839daf998adc79f20a0c2713c49ab878646f544,2,2.24,1,0.0,0.0,0.0,0,0,True,
2023-10-02,MNQZ23,A,605aa9c1bee52a102446f0283839daf998adc79f20a0c2713c49ab878646f544,2,2.24,1,57.5,2.24,55.26,2,359,True,
2023-10-03,MNQZ23,A,605aa9c1bee52a102446f0283839daf998adc79f20a0c2713c49ab878646f544,2,2.24,1,127.5,2.24,125.26,2,329,True,
2023-10-04,MNQZ23,A,605aa9c1bee52a102446f0283839daf998adc79f20a0c2713c49ab878646f544,2,2.24,1,272.5,2.24,270.26,2,359,True,
2023-10-05,MNQZ23,A,605aa9c1bee52a102446f0283839daf998adc79f20a0c2713c49ab878646f544,2,2.24,1,-103.0,2.24,-105.24,2,359,True,
2023-10-06,MNQZ23,A,605aa9c1bee52a102446f0283839daf998adc79f20a0c2713c49ab878646f544,2,2.24,1,115.5,2.24,113.26,2,239,True,
2023-10-09,MNQZ23,A,605aa9c1bee52a102446f0283839daf998adc79f20a0c2713c49ab878646f544,2,2.24,1,0.0,0.0,0.0,0,0,True,
2023-10-10,MNQZ23,A,605aa9c1bee52a102446f0283839daf998adc79f20a0c2713c49ab878646f544,2,2.24,1,-47.0,2.24,-49.24,2,329,True,
2023-10-11,MNQZ23,A,605aa9c1bee52a102446f0283839daf998adc79f20a0c2713c49ab878646f544,2,2.24,1,0.0,0.0,0.0,0,0,True,
2023-10-12,MNQZ23,A,605aa9c1bee52a102446f0283839daf998adc79f20a0c2713c49ab878646f544,2,2.24,1,0.0,0.0,0.0,0,0,True,
2023-10-13,MNQZ23,A,605aa9c1bee52a102446f0283839daf998adc79f20a0c2713c49ab878646f544,2,2.24,1,142.5,2.24,140.26,2,299,True,
2023-10-16,MNQZ23,A,605aa9c1bee52a102446f0283839daf998adc79f20a0c2713c49ab878646f544,2,2.24,1,112.0,2.24,109.76,2,359,True,
2023-10-17,MNQZ23,A,605aa9c1bee52a102446f0283839daf998adc79f20a0c2713c49ab878646f544,2,2.24,1,-308.5,2.24,-310.74,2,359,True,
2023-10-18,MNQZ23,A,605aa9c1bee52a102446f0283839daf998adc79f20a0c2713c49ab878646f544,2,2.24,1,0.0,0.0,0.0,0,0,True,
2023-10-19,MNQZ23,A,605aa9c1bee52a102446f0283839daf998adc79f20a0c2713c49ab878646f544,2,2.24,1,32.5,2.24,30.259999999999998,2,59,True,
2023-10-20,MNQZ23,A,605aa9c1bee52a102446f0283839daf998adc79f20a0c2713c49ab878646f544,2,2.24,1,191.5,2.24,189.26,2,329,True,
2023-10-23,MNQZ23,A,605aa9c1bee52a102446f0283839daf998adc79f20a0c2713c49ab878646f544,2,2.24,1,-149.5,2.24,-151.74,2,209,True,
2023-10-24,MNQZ23,A,605aa9c1bee52a102446f0283839daf998adc79f20a0c2713c49ab878646f544,2,2.24,1,39.5,2.24,37.26,2,359,True,
2023-10-25,MNQZ23,A,605aa9c1bee52a102446f0283839daf998adc79f20a0c2713c49ab878646f544,2,2.24,1,287.0,2.24,284.76,2,359,True,
2023-10-26,MNQZ23,A,605aa9c1bee52a102446f0283839daf998adc79f20a0c2713c49ab878646f544,2,2.24,1,261.5,2.24,259.26,2,359,True,
2023-10-27,MNQZ23,A,605aa9c1bee52a102446f0283839daf998adc79f20a0c2713c49ab878646f544,2,2.24,1,0.0,0.0,0.0,0,0,True,
2023-10-30,MNQZ23,A,605aa9c1bee52a102446f0283839daf998adc79f20a0c2713c49ab878646f544,2,2.24,1,-38.5,2.24,-40.74,2,359,True,
2023-10-31,MNQZ23,A,605aa9c1bee52a102446f0283839daf998adc79f20a0c2713c49ab878646f544,2,2.24,1,-304.5,2.24,-306.74,2,359,True,
2023-11-01,MNQZ23,A,605aa9c1bee52a102446f0283839daf998adc79f20a0c2713c49ab878646f544,2,2.24,1,222.5,2.24,220.26,2,329,True,
2023-11-02,MNQZ23,A,605aa9c1bee52a102446f0283839daf998adc79f20a0c2713c49ab878646f544,2,2.24,1,0.0,0.0,0.0,0,0,True,
2023-11-03,MNQZ23,A,605aa9c1bee52a102446f0283839daf998adc79f20a0c2713c49ab878646f544,2,2.24,1,100.0,2.24,97.76,2,359,True,
2023-11-06,MNQZ23,A,605aa9c1bee52a102446f0283839daf998adc79f20a0c2713c49ab878646f544,2,2.24,1,0.0,0.0,0.0,0,0,True,
2023-11-07,MNQZ23,A,605aa9c1bee52a102446f0283839daf998adc79f20a0c2713c49ab878646f544,2,2.24,1,71.0,2.24,68.76,2,329,True,
2023-11-08,MNQZ23,A,605aa9c1bee52a102446f0283839daf998adc79f20a0c2713c49ab878646f544,2,2.24,1,0.0,0.0,0.0,0,0,True,
2023-11-09,MNQZ23,A,605aa9c1bee52a102446f0283839daf998adc79f20a0c2713c49ab878646f544,2,2.24,1,-30.5,2.24,-32.74,2,59,True,
2023-11-10,MNQZ23,A,605aa9c1bee52a102446f0283839daf998adc79f20a0c2713c49ab878646f544,2,2.24,1,457.5,2.24,455.26,2,359,True,
2023-11-13,MNQZ23,A,605aa9c1bee52a102446f0283839daf998adc79f20a0c2713c49ab878646f544,2,2.24,1,0.0,0.0,0.0,0,0,True,
2023-11-14,MNQZ23,A,605aa9c1bee52a102446f0283839daf998adc79f20a0c2713c49ab878646f544,2,2.24,1,5.5,2.24,3.26,2,359,True,
2023-11-15,MNQZ23,A,605aa9c1bee52a102446f0283839daf998adc79f20a0c2713c49ab878646f544,2,2.24,1,0.0,0.0,0.0,0,0,True,
2023-11-16,MNQZ23,A,605aa9c1bee52a102446f0283839daf998adc79f20a0c2713c49ab878646f544,2,2.24,1,0.0,0.0,0.0,0,0,True,
2023-11-17,MNQZ23,A,605aa9c1bee52a102446f0283839daf998adc79f20a0c2713c49ab878646f544,2,2.24,1,0.0,0.0,0.0,0,0,True,
2023-11-20,MNQZ23,A,605aa9c1bee52a102446f0283839daf998adc79f20a0c2713c49ab878646f544,2,2.24,1,203.5,2.24,201.26,2,359,True,
2023-11-21,MNQZ23,A,605aa9c1bee52a102446f0283839daf998adc79f20a0c2713c49ab878646f544,2,2.24,1,-130.5,2.24,-132.74,2,329,True,
2023-11-22,MNQZ23,A,605aa9c1bee52a102446f0283839daf998adc79f20a0c2713c49ab878646f544,2,2.24,1,0.0,0.0,0.0,0,0,True,
2023-11-28,MNQZ23,A,605aa9c1bee52a102446f0283839daf998adc79f20a0c2713c49ab878646f544,2,2.24,1,0.0,0.0,0.0,0,0,True,
2023-11-29,MNQZ23,A,605aa9c1bee52a102446f0283839daf998adc79f20a0c2713c49ab878646f544,2,2.24,1,-345.0,2.24,-347.24,2,359,True,
2023-11-30,MNQZ23,A,605aa9c1bee52a102446f0283839daf998adc79f20a0c2713c49ab878646f544,2,2.24,1,-50.5,2.24,-52.74,2,359,True,
2023-12-01,MNQZ23,A,605aa9c1bee52a102446f0283839daf998adc79f20a0c2713c49ab878646f544,2,2.24,1,-315.0,2.24,-317.24,2,329,True,
2023-12-04,MNQZ23,A,605aa9c1bee52a102446f0283839daf998adc79f20a0c2713c49ab878646f544,2,2.24,1,-234.0,2.24,-236.24,2,329,True,
2023-12-05,MNQZ23,A,605aa9c1bee52a102446f0283839daf998adc79f20a0c2713c49ab878646f544,2,2.24,1,-78.5,2.24,-80.74,2,299,True,
2023-12-06,MNQZ23,A,605aa9c1bee52a102446f0283839daf998adc79f20a0c2713c49ab878646f544,2,2.24,1,23.5,2.24,21.259999999999998,2,29,True,
2023-12-07,MNQZ23,A,605aa9c1bee52a102446f0283839daf998adc79f20a0c2713c49ab878646f544,2,2.24,1,74.0,2.24,71.76,2,299,True,
2023-12-08,MNQZ23,A,605aa9c1bee52a102446f0283839daf998adc79f20a0c2713c49ab878646f544,2,2.24,1,12.5,2.24,10.26,2,329,True,
2023-12-11,MNQZ23,A,605aa9c1bee52a102446f0283839daf998adc79f20a0c2713c49ab878646f544,2,2.24,1,139.5,2.24,137.26,2,359,True,
2023-12-12,MNQZ23,A,605aa9c1bee52a102446f0283839daf998adc79f20a0c2713c49ab878646f544,2,2.24,1,60.0,2.24,57.76,2,59,True,
2023-12-13,MNQZ23,A,605aa9c1bee52a102446f0283839daf998adc79f20a0c2713c49ab878646f544,2,2.24,1,-0.5,2.24,-2.74,2,59,True,
2023-12-14,MNQZ23,A,605aa9c1bee52a102446f0283839daf998adc79f20a0c2713c49ab878646f544,2,2.24,1,-130.0,2.24,-132.24,2,149,True,
2023-12-18,MNQH24,A,605aa9c1bee52a102446f0283839daf998adc79f20a0c2713c49ab878646f544,2,2.24,1,9.0,2.24,6.76,2,209,True,
2023-12-19,MNQH24,A,605aa9c1bee52a102446f0283839daf998adc79f20a0c2713c49ab878646f544,2,2.24,1,0.0,0.0,0.0,0,0,True,
2023-12-20,MNQH24,A,605aa9c1bee52a102446f0283839daf998adc79f20a0c2713c49ab878646f544,2,2.24,1,161.0,2.24,158.76,2,59,True,
2023-12-21,MNQH24,A,605aa9c1bee52a102446f0283839daf998adc79f20a0c2713c49ab878646f544,2,2.24,1,0.0,0.0,0.0,0,0,True,
2023-12-22,MNQH24,A,605aa9c1bee52a102446f0283839daf998adc79f20a0c2713c49ab878646f544,2,2.24,1,0.0,0.0,0.0,0,0,True,
2023-12-27,MNQH24,A,605aa9c1bee52a102446f0283839daf998adc79f20a0c2713c49ab878646f544,2,2.24,1,0.0,0.0,0.0,0,0,True,
2023-12-28,MNQH24,A,605aa9c1bee52a102446f0283839daf998adc79f20a0c2713c49ab878646f544,2,2.24,1,0.0,0.0,0.0,0,0,True,
2023-12-29,MNQH24,A,605aa9c1bee52a102446f0283839daf998adc79f20a0c2713c49ab878646f544,2,2.24,1,7.5,2.24,5.26,2,299,True,
2024-01-03,MNQH24,A,605aa9c1bee52a102446f0283839daf998adc79f20a0c2713c49ab878646f544,2,2.24,1,0.0,0.0,0.0,0,0,True,
2024-01-04,MNQH24,A,605aa9c1bee52a102446f0283839daf998adc79f20a0c2713c49ab878646f544,2,2.24,1,0.0,0.0,0.0,0,0,True,
2024-01-05,MNQH24,A,605aa9c1bee52a102446f0283839daf998adc79f20a0c2713c49ab878646f544,2,2.24,1,-72.5,2.24,-74.74,2,359,True,
2024-01-08,MNQH24,A,605aa9c1bee52a102446f0283839daf998adc79f20a0c2713c49ab878646f544,2,2.24,1,357.5,2.24,355.26,2,359,True,
2024-01-09,MNQH24,A,605aa9c1bee52a102446f0283839daf998adc79f20a0c2713c49ab878646f544,2,2.24,1,0.0,0.0,0.0,0,0,True,
2024-01-10,MNQH24,A,605aa9c1bee52a102446f0283839daf998adc79f20a0c2713c49ab878646f544,2,2.24,1,93.5,2.24,91.26,2,299,True,
2024-01-11,MNQH24,A,605aa9c1bee52a102446f0283839daf998adc79f20a0c2713c49ab878646f544,2,2.24,1,-114.0,2.24,-116.24,2,329,True,
2024-01-12,MNQH24,A,605aa9c1bee52a102446f0283839daf998adc79f20a0c2713c49ab878646f544,2,2.24,1,0.0,0.0,0.0,0,0,True,
2024-01-17,MNQH24,A,605aa9c1bee52a102446f0283839daf998adc79f20a0c2713c49ab878646f544,2,2.24,1,-356.5,2.24,-358.74,2,359,True,
2024-01-18,MNQH24,A,605aa9c1bee52a102446f0283839daf998adc79f20a0c2713c49ab878646f544,2,2.24,1,35.5,2.24,33.26,2,269,True,
2024-01-19,MNQH24,A,605aa9c1bee52a102446f0283839daf998adc79f20a0c2713c49ab878646f544,2,2.24,1,312.5,2.24,310.26,2,209,True,
2024-01-22,MNQH24,A,605aa9c1bee52a102446f0283839daf998adc79f20a0c2713c49ab878646f544,2,2.24,1,0.0,0.0,0.0,0,0,True,
2024-01-23,MNQH24,A,605aa9c1bee52a102446f0283839daf998adc79f20a0c2713c49ab878646f544,2,2.24,1,0.0,0.0,0.0,0,0,True,
2024-01-24,MNQH24,A,605aa9c1bee52a102446f0283839daf998adc79f20a0c2713c49ab878646f544,2,2.24,1,-302.5,2.24,-304.74,2,179,True,
2024-01-25,MNQH24,A,605aa9c1bee52a102446f0283839daf998adc79f20a0c2713c49ab878646f544,2,2.24,1,0.0,0.0,0.0,0,0,True,
2024-01-26,MNQH24,A,605aa9c1bee52a102446f0283839daf998adc79f20a0c2713c49ab878646f544,2,2.24,1,0.0,0.0,0.0,0,0,True,
2024-01-29,MNQH24,A,605aa9c1bee52a102446f0283839daf998adc79f20a0c2713c49ab878646f544,2,2.24,1,-7.0,2.24,-9.24,2,29,True,
2024-01-30,MNQH24,A,605aa9c1bee52a102446f0283839daf998adc79f20a0c2713c49ab878646f544,2,2.24,1,-34.5,2.24,-36.74,2,179,True,
2024-01-31,MNQH24,A,605aa9c1bee52a102446f0283839daf998adc79f20a0c2713c49ab878646f544,2,2.24,1,268.0,2.24,265.76,2,359,True,
2024-02-01,MNQH24,A,605aa9c1bee52a102446f0283839daf998adc79f20a0c2713c49ab878646f544,2,2.24,1,148.0,2.24,145.76,2,329,True,
2024-02-02,MNQH24,A,605aa9c1bee52a102446f0283839daf998adc79f20a0c2713c49ab878646f544,2,2.24,1,243.0,2.24,240.76,2,359,True,
2024-02-05,MNQH24,A,605aa9c1bee52a102446f0283839daf998adc79f20a0c2713c49ab878646f544,2,2.24,1,-143.5,2.24,-145.74,2,329,True,
2024-02-06,MNQH24,A,605aa9c1bee52a102446f0283839daf998adc79f20a0c2713c49ab878646f544,2,2.24,1,-29.5,2.24,-31.740000000000002,2,359,True,
2024-02-07,MNQH24,A,605aa9c1bee52a102446f0283839daf998adc79f20a0c2713c49ab878646f544,2,2.24,1,-32.5,2.24,-34.74,2,329,True,
2024-02-08,MNQH24,A,605aa9c1bee52a102446f0283839daf998adc79f20a0c2713c49ab878646f544,2,2.24,1,0.0,0.0,0.0,0,0,True,
2024-02-09,MNQH24,A,605aa9c1bee52a102446f0283839daf998adc79f20a0c2713c49ab878646f544,2,2.24,1,194.0,2.24,191.76,2,359,True,
2024-02-12,MNQH24,A,605aa9c1bee52a102446f0283839daf998adc79f20a0c2713c49ab878646f544,2,2.24,1,-260.0,2.24,-262.24,2,269,True,
2024-02-13,MNQH24,A,605aa9c1bee52a102446f0283839daf998adc79f20a0c2713c49ab878646f544,2,2.24,1,0.0,0.0,0.0,0,0,True,
2024-02-14,MNQH24,A,605aa9c1bee52a102446f0283839daf998adc79f20a0c2713c49ab878646f544,2,2.24,1,0.0,0.0,0.0,0,0,True,
2024-02-15,MNQH24,A,605aa9c1bee52a102446f0283839daf998adc79f20a0c2713c49ab878646f544,2,2.24,1,-184.5,2.24,-186.74,2,359,True,
2024-02-16,MNQH24,A,605aa9c1bee52a102446f0283839daf998adc79f20a0c2713c49ab878646f544,2,2.24,1,12.5,2.24,10.26,2,359,True,
2024-02-21,MNQH24,A,605aa9c1bee52a102446f0283839daf998adc79f20a0c2713c49ab878646f544,2,2.24,1,-244.0,2.24,-246.24,2,89,True,
2024-02-22,MNQH24,A,605aa9c1bee52a102446f0283839daf998adc79f20a0c2713c49ab878646f544,2,2.24,1,101.5,2.24,99.26,2,209,True,
2024-02-23,MNQH24,A,605aa9c1bee52a102446f0283839daf998adc79f20a0c2713c49ab878646f544,2,2.24,1,0.0,0.0,0.0,0,0,True,
2024-02-26,MNQH24,A,605aa9c1bee52a102446f0283839daf998adc79f20a0c2713c49ab878646f544,2,2.24,1,0.0,0.0,0.0,0,0,True,
2024-02-27,MNQH24,A,605aa9c1bee52a102446f0283839daf998adc79f20a0c2713c49ab878646f544,2,2.24,1,0.0,0.0,0.0,0,0,True,
2024-02-28,MNQH24,A,605aa9c1bee52a102446f0283839daf998adc79f20a0c2713c49ab878646f544,2,2.24,1,0.0,0.0,0.0,0,0,True,
2024-02-29,MNQH24,A,605aa9c1bee52a102446f0283839daf998adc79f20a0c2713c49ab878646f544,2,2.24,1,0.0,0.0,0.0,0,0,True,
2024-03-01,MNQH24,A,605aa9c1bee52a102446f0283839daf998adc79f20a0c2713c49ab878646f544,2,2.24,1,374.0,2.24,371.76,2,359,True,
2024-03-04,MNQH24,A,605aa9c1bee52a102446f0283839daf998adc79f20a0c2713c49ab878646f544,2,2.24,1,0.0,0.0,0.0,0,0,True,
2024-03-05,MNQH24,A,605aa9c1bee52a102446f0283839daf998adc79f20a0c2713c49ab878646f544,2,2.24,1,265.0,2.24,262.76,2,359,True,
2024-03-06,MNQH24,A,605aa9c1bee52a102446f0283839daf998adc79f20a0c2713c49ab878646f544,2,2.24,1,0.0,0.0,0.0,0,0,True,
2024-03-07,MNQH24,A,605aa9c1bee52a102446f0283839daf998adc79f20a0c2713c49ab878646f544,2,2.24,1,124.0,2.24,121.76,2,299,True,
2024-03-08,MNQH24,A,605aa9c1bee52a102446f0283839daf998adc79f20a0c2713c49ab878646f544,2,2.24,1,-99.0,4.48,-103.48,4,359,True,
2024-03-11,MNQH24,A,605aa9c1bee52a102446f0283839daf998adc79f20a0c2713c49ab878646f544,2,2.24,1,-119.5,2.24,-121.74,2,359,True,
2024-03-12,MNQH24,A,605aa9c1bee52a102446f0283839daf998adc79f20a0c2713c49ab878646f544,2,2.24,1,119.0,2.24,116.76,2,299,True,
2024-03-13,MNQH24,A,605aa9c1bee52a102446f0283839daf998adc79f20a0c2713c49ab878646f544,2,2.24,1,-5.5,2.24,-7.74,2,359,True,
2024-03-14,MNQH24,A,605aa9c1bee52a102446f0283839daf998adc79f20a0c2713c49ab878646f544,2,2.24,1,-128.0,2.24,-130.24,2,359,True,
2024-03-18,MNQM24,A,605aa9c1bee52a102446f0283839daf998adc79f20a0c2713c49ab878646f544,2,2.24,1,-280.5,2.24,-282.74,2,329,True,
2024-03-19,MNQM24,A,605aa9c1bee52a102446f0283839daf998adc79f20a0c2713c49ab878646f544,2,2.24,1,-341.5,2.24,-343.74,2,359,True,
2024-03-20,MNQM24,A,605aa9c1bee52a102446f0283839daf998adc79f20a0c2713c49ab878646f544,2,2.24,1,-13.0,2.24,-15.24,2,29,True,
2024-03-21,MNQM24,A,605aa9c1bee52a102446f0283839daf998adc79f20a0c2713c49ab878646f544,2,2.24,1,0.0,0.0,0.0,0,0,True,
2024-03-22,MNQM24,A,605aa9c1bee52a102446f0283839daf998adc79f20a0c2713c49ab878646f544,2,2.24,1,0.0,0.0,0.0,0,0,True,
2024-03-25,MNQM24,A,605aa9c1bee52a102446f0283839daf998adc79f20a0c2713c49ab878646f544,2,2.24,1,0.0,0.0,0.0,0,0,True,
2024-03-26,MNQM24,A,605aa9c1bee52a102446f0283839daf998adc79f20a0c2713c49ab878646f544,2,2.24,1,0.0,0.0,0.0,0,0,True,
2024-03-27,MNQM24,A,605aa9c1bee52a102446f0283839daf998adc79f20a0c2713c49ab878646f544,2,2.24,1,0.0,0.0,0.0,0,0,True,
2024-03-28,MNQM24,A,605aa9c1bee52a102446f0283839daf998adc79f20a0c2713c49ab878646f544,2,2.24,1,0.0,0.0,0.0,0,0,True,
2024-04-02,MNQM24,A,605aa9c1bee52a102446f0283839daf998adc79f20a0c2713c49ab878646f544,2,2.24,1,-217.0,2.24,-219.24,2,299,True,
2024-04-03,MNQM24,A,605aa9c1bee52a102446f0283839daf998adc79f20a0c2713c49ab878646f544,2,2.24,1,-91.5,2.24,-93.74,2,329,True,
2024-04-04,MNQM24,A,605aa9c1bee52a102446f0283839daf998adc79f20a0c2713c49ab878646f544,2,2.24,1,225.0,2.24,222.76,2,59,True,
2024-04-05,MNQM24,A,605aa9c1bee52a102446f0283839daf998adc79f20a0c2713c49ab878646f544,2,2.24,1,173.5,2.24,171.26,2,359,True,
2024-04-08,MNQM24,A,605aa9c1bee52a102446f0283839daf998adc79f20a0c2713c49ab878646f544,2,2.24,1,0.0,0.0,0.0,0,0,True,
2024-04-09,MNQM24,A,605aa9c1bee52a102446f0283839daf998adc79f20a0c2713c49ab878646f544,2,2.24,1,-292.0,2.24,-294.24,2,299,True,
2024-04-10,MNQM24,A,605aa9c1bee52a102446f0283839daf998adc79f20a0c2713c49ab878646f544,2,2.24,1,0.0,0.0,0.0,0,0,True,
2024-04-11,MNQM24,A,605aa9c1bee52a102446f0283839daf998adc79f20a0c2713c49ab878646f544,2,2.24,1,127.0,2.24,124.76,2,149,True,
2024-04-12,MNQM24,A,605aa9c1bee52a102446f0283839daf998adc79f20a0c2713c49ab878646f544,2,2.24,1,55.5,2.24,53.26,2,299,True,
2024-04-15,MNQM24,A,605aa9c1bee52a102446f0283839daf998adc79f20a0c2713c49ab878646f544,2,2.24,1,79.0,2.24,76.76,2,149,True,
2024-04-16,MNQM24,A,605aa9c1bee52a102446f0283839daf998adc79f20a0c2713c49ab878646f544,2,2.24,1,0.0,0.0,0.0,0,0,True,
2024-04-17,MNQM24,A,605aa9c1bee52a102446f0283839daf998adc79f20a0c2713c49ab878646f544,2,2.24,1,186.0,2.24,183.76,2,269,True,
2024-04-18,MNQM24,A,605aa9c1bee52a102446f0283839daf998adc79f20a0c2713c49ab878646f544,2,2.24,1,113.5,2.24,111.26,2,359,True,
2024-04-19,MNQM24,A,605aa9c1bee52a102446f0283839daf998adc79f20a0c2713c49ab878646f544,2,2.24,1,554.5,2.24,552.26,2,359,True,
2024-04-22,MNQM24,A,605aa9c1bee52a102446f0283839daf998adc79f20a0c2713c49ab878646f544,2,2.24,1,0.0,0.0,0.0,0,0,True,
2024-04-23,MNQM24,A,605aa9c1bee52a102446f0283839daf998adc79f20a0c2713c49ab878646f544,2,2.24,1,225.5,2.24,223.26,2,359,True,
2024-04-24,MNQM24,A,605aa9c1bee52a102446f0283839daf998adc79f20a0c2713c49ab878646f544,2,2.24,1,0.0,0.0,0.0,0,0,True,
2024-04-25,MNQM24,A,605aa9c1bee52a102446f0283839daf998adc79f20a0c2713c49ab878646f544,2,2.24,1,0.0,0.0,0.0,0,0,True,
2024-04-26,MNQM24,A,605aa9c1bee52a102446f0283839daf998adc79f20a0c2713c49ab878646f544,2,2.24,1,89.5,2.24,87.26,2,359,True,
2024-04-29,MNQM24,A,605aa9c1bee52a102446f0283839daf998adc79f20a0c2713c49ab878646f544,2,2.24,1,0.0,0.0,0.0,0,0,True,
2024-04-30,MNQM24,A,605aa9c1bee52a102446f0283839daf998adc79f20a0c2713c49ab878646f544,2,2.24,1,260.0,2.24,257.76,2,179,True,
2024-05-01,MNQM24,A,605aa9c1bee52a102446f0283839daf998adc79f20a0c2713c49ab878646f544,2,2.24,1,-549.5,2.24,-551.74,2,52,True,
2024-05-02,MNQM24,A,605aa9c1bee52a102446f0283839daf998adc79f20a0c2713c49ab878646f544,2,2.24,1,0.0,0.0,0.0,0,0,True,
2024-05-03,MNQM24,A,605aa9c1bee52a102446f0283839daf998adc79f20a0c2713c49ab878646f544,2,2.24,1,0.0,0.0,0.0,0,0,True,
2024-05-06,MNQM24,A,605aa9c1bee52a102446f0283839daf998adc79f20a0c2713c49ab878646f544,2,2.24,1,0.0,0.0,0.0,0,0,True,
2024-05-07,MNQM24,A,605aa9c1bee52a102446f0283839daf998adc79f20a0c2713c49ab878646f544,2,2.24,1,0.0,0.0,0.0,0,0,True,
2024-05-08,MNQM24,A,605aa9c1bee52a102446f0283839daf998adc79f20a0c2713c49ab878646f544,2,2.24,1,0.0,0.0,0.0,0,0,True,
2024-05-09,MNQM24,A,605aa9c1bee52a102446f0283839daf998adc79f20a0c2713c49ab878646f544,2,2.24,1,0.0,0.0,0.0,0,0,True,
2024-05-10,MNQM24,A,605aa9c1bee52a102446f0283839daf998adc79f20a0c2713c49ab878646f544,2,2.24,1,-107.5,2.24,-109.74,2,359,True,
2024-05-13,MNQM24,A,605aa9c1bee52a102446f0283839daf998adc79f20a0c2713c49ab878646f544,2,2.24,1,0.0,0.0,0.0,0,0,True,
2024-05-14,MNQM24,A,605aa9c1bee52a102446f0283839daf998adc79f20a0c2713c49ab878646f544,2,2.24,1,83.5,2.24,81.26,2,329,True,
2024-05-15,MNQM24,A,605aa9c1bee52a102446f0283839daf998adc79f20a0c2713c49ab878646f544,2,2.24,1,225.0,2.24,222.76,2,299,True,
2024-05-16,MNQM24,A,605aa9c1bee52a102446f0283839daf998adc79f20a0c2713c49ab878646f544,2,2.24,1,-205.0,2.24,-207.24,2,299,True,
2024-05-17,MNQM24,A,605aa9c1bee52a102446f0283839daf998adc79f20a0c2713c49ab878646f544,2,2.24,1,-116.5,2.24,-118.74,2,89,True,
2024-05-20,MNQM24,A,605aa9c1bee52a102446f0283839daf998adc79f20a0c2713c49ab878646f544,2,2.24,1,46.5,2.24,44.26,2,359,True,
2024-05-21,MNQM24,A,605aa9c1bee52a102446f0283839daf998adc79f20a0c2713c49ab878646f544,2,2.24,1,0.0,0.0,0.0,0,0,True,
2024-05-22,MNQM24,A,605aa9c1bee52a102446f0283839daf998adc79f20a0c2713c49ab878646f544,2,2.24,1,-177.5,2.24,-179.74,2,89,True,
2024-05-23,MNQM24,A,605aa9c1bee52a102446f0283839daf998adc79f20a0c2713c49ab878646f544,2,2.24,1,34.5,2.24,32.26,2,119,True,
2024-05-24,MNQM24,A,605aa9c1bee52a102446f0283839daf998adc79f20a0c2713c49ab878646f544,2,2.24,1,86.0,2.24,83.76,2,329,True,
2024-05-29,MNQM24,A,605aa9c1bee52a102446f0283839daf998adc79f20a0c2713c49ab878646f544,2,2.24,1,0.0,0.0,0.0,0,0,True,
2024-05-30,MNQM24,A,605aa9c1bee52a102446f0283839daf998adc79f20a0c2713c49ab878646f544,2,2.24,1,100.0,2.24,97.76,2,299,True,
2024-05-31,MNQM24,A,605aa9c1bee52a102446f0283839daf998adc79f20a0c2713c49ab878646f544,2,2.24,1,-160.5,2.24,-162.74,2,359,True,
2024-06-03,MNQM24,A,605aa9c1bee52a102446f0283839daf998adc79f20a0c2713c49ab878646f544,2,2.24,1,-278.0,2.24,-280.24,2,209,True,
2024-06-04,MNQM24,A,605aa9c1bee52a102446f0283839daf998adc79f20a0c2713c49ab878646f544,2,2.24,1,0.0,0.0,0.0,0,0,True,
2024-06-05,MNQM24,A,605aa9c1bee52a102446f0283839daf998adc79f20a0c2713c49ab878646f544,2,2.24,1,219.0,2.24,216.76,2,269,True,
2024-06-06,MNQM24,A,605aa9c1bee52a102446f0283839daf998adc79f20a0c2713c49ab878646f544,2,2.24,1,-35.5,2.24,-37.74,2,359,True,
2024-06-07,MNQM24,A,605aa9c1bee52a102446f0283839daf998adc79f20a0c2713c49ab878646f544,2,2.24,1,0.0,0.0,0.0,0,0,True,
2024-06-10,MNQM24,A,605aa9c1bee52a102446f0283839daf998adc79f20a0c2713c49ab878646f544,2,2.24,1,0.0,0.0,0.0,0,0,True,
2024-06-11,MNQM24,A,605aa9c1bee52a102446f0283839daf998adc79f20a0c2713c49ab878646f544,2,2.24,1,0.0,0.0,0.0,0,0,True,
2024-06-12,MNQM24,A,605aa9c1bee52a102446f0283839daf998adc79f20a0c2713c49ab878646f544,2,2.24,1,3.5,2.24,1.2599999999999998,2,359,True,
2024-06-13,MNQM24,A,605aa9c1bee52a102446f0283839daf998adc79f20a0c2713c49ab878646f544,2,2.24,1,0.0,0.0,0.0,0,0,True,
2024-06-14,MNQM24,A,605aa9c1bee52a102446f0283839daf998adc79f20a0c2713c49ab878646f544,2,2.24,1,147.5,2.24,145.26,2,359,True,
2024-06-17,MNQM24,A,605aa9c1bee52a102446f0283839daf998adc79f20a0c2713c49ab878646f544,2,2.24,1,224.5,2.24,222.26,2,209,True,
2024-06-18,MNQM24,A,605aa9c1bee52a102446f0283839daf998adc79f20a0c2713c49ab878646f544,2,2.24,1,0.0,0.0,0.0,0,0,True,
2024-06-24,MNQU24,A,605aa9c1bee52a102446f0283839daf998adc79f20a0c2713c49ab878646f544,2,2.24,1,130.5,2.24,128.26,2,149,True,
2024-06-25,MNQU24,A,605aa9c1bee52a102446f0283839daf998adc79f20a0c2713c49ab878646f544,2,2.24,1,189.5,2.24,187.26,2,329,True,
2024-06-26,MNQU24,A,605aa9c1bee52a102446f0283839daf998adc79f20a0c2713c49ab878646f544,2,2.24,1,0.0,0.0,0.0,0,0,True,
2024-06-27,MNQU24,A,605aa9c1bee52a102446f0283839daf998adc79f20a0c2713c49ab878646f544,2,2.24,1,-45.0,2.24,-47.24,2,359,True,
2024-06-28,MNQU24,A,605aa9c1bee52a102446f0283839daf998adc79f20a0c2713c49ab878646f544,2,2.24,1,-471.0,2.24,-473.24,2,359,True,
2024-07-01,MNQU24,A,605aa9c1bee52a102446f0283839daf998adc79f20a0c2713c49ab878646f544,2,2.24,1,-270.5,2.24,-272.74,2,359,True,
2024-07-02,MNQU24,A,605aa9c1bee52a102446f0283839daf998adc79f20a0c2713c49ab878646f544,2,2.24,1,286.5,2.24,284.26,2,299,True,
2024-07-08,MNQU24,A,605aa9c1bee52a102446f0283839daf998adc79f20a0c2713c49ab878646f544,2,2.24,1,0.0,0.0,0.0,0,0,True,
2024-07-09,MNQU24,A,605aa9c1bee52a102446f0283839daf998adc79f20a0c2713c49ab878646f544,2,2.24,1,0.0,0.0,0.0,0,0,True,
2024-07-10,MNQU24,A,605aa9c1bee52a102446f0283839daf998adc79f20a0c2713c49ab878646f544,2,2.24,1,96.5,2.24,94.26,2,179,True,
2024-07-11,MNQU24,A,605aa9c1bee52a102446f0283839daf998adc79f20a0c2713c49ab878646f544,2,2.24,1,582.0,2.24,579.76,2,329,True,
2024-07-12,MNQU24,A,605aa9c1bee52a102446f0283839daf998adc79f20a0c2713c49ab878646f544,2,2.24,1,-58.0,2.24,-60.24,2,359,True,
2024-07-15,MNQU24,A,605aa9c1bee52a102446f0283839daf998adc79f20a0c2713c49ab878646f544,2,2.24,1,-199.5,2.24,-201.74,2,329,True,
2024-07-16,MNQU24,A,605aa9c1bee52a102446f0283839daf998adc79f20a0c2713c49ab878646f544,2,2.24,1,-131.0,2.24,-133.24,2,329,True,
2024-07-17,MNQU24,A,605aa9c1bee52a102446f0283839daf998adc79f20a0c2713c49ab878646f544,2,2.24,1,374.0,2.24,371.76,2,359,True,
2024-07-18,MNQU24,A,605aa9c1bee52a102446f0283839daf998adc79f20a0c2713c49ab878646f544,2,2.24,1,-118.0,2.24,-120.24,2,269,True,
2024-07-19,MNQU24,A,605aa9c1bee52a102446f0283839daf998adc79f20a0c2713c49ab878646f544,2,2.24,1,60.0,2.24,57.76,2,269,True,
2024-07-22,MNQU24,A,605aa9c1bee52a102446f0283839daf998adc79f20a0c2713c49ab878646f544,2,2.24,1,0.0,0.0,0.0,0,0,True,
2024-07-23,MNQU24,A,605aa9c1bee52a102446f0283839daf998adc79f20a0c2713c49ab878646f544,2,2.24,1,0.0,0.0,0.0,0,0,True,
2024-07-24,MNQU24,A,605aa9c1bee52a102446f0283839daf998adc79f20a0c2713c49ab878646f544,2,2.24,1,596.0,2.24,593.76,2,359,True,
2024-07-25,MNQU24,A,605aa9c1bee52a102446f0283839daf998adc79f20a0c2713c49ab878646f544,2,2.24,1,-549.5,2.24,-551.74,2,134,True,
2024-07-26,MNQU24,A,605aa9c1bee52a102446f0283839daf998adc79f20a0c2713c49ab878646f544,2,2.24,1,0.0,0.0,0.0,0,0,True,
2024-07-29,MNQU24,A,605aa9c1bee52a102446f0283839daf998adc79f20a0c2713c49ab878646f544,2,2.24,1,-334.0,2.24,-336.24,2,359,True,
2024-07-30,MNQU24,A,605aa9c1bee52a102446f0283839daf998adc79f20a0c2713c49ab878646f544,2,2.24,1,303.0,2.24,300.76,2,299,True,
2024-07-31,MNQU24,A,605aa9c1bee52a102446f0283839daf998adc79f20a0c2713c49ab878646f544,2,2.24,1,-123.5,2.24,-125.74,2,59,True,
2024-08-01,MNQU24,A,605aa9c1bee52a102446f0283839daf998adc79f20a0c2713c49ab878646f544,2,2.24,1,114.5,4.48,110.02,4,342,True,
2024-08-02,MNQU24,A,605aa9c1bee52a102446f0283839daf998adc79f20a0c2713c49ab878646f544,2,2.24,1,46.0,2.24,43.76,2,359,True,
2024-08-05,MNQU24,A,605aa9c1bee52a102446f0283839daf998adc79f20a0c2713c49ab878646f544,2,2.24,1,0.0,0.0,0.0,0,0,True,
2024-08-06,MNQU24,A,605aa9c1bee52a102446f0283839daf998adc79f20a0c2713c49ab878646f544,2,2.24,1,-271.0,2.24,-273.24,2,299,True,
2024-08-07,MNQU24,A,605aa9c1bee52a102446f0283839daf998adc79f20a0c2713c49ab878646f544,2,2.24,1,0.0,0.0,0.0,0,0,True,
2024-08-08,MNQU24,A,605aa9c1bee52a102446f0283839daf998adc79f20a0c2713c49ab878646f544,2,2.24,1,265.5,2.24,263.26,2,329,True,
2024-08-09,MNQU24,A,605aa9c1bee52a102446f0283839daf998adc79f20a0c2713c49ab878646f544,2,2.24,1,0.0,0.0,0.0,0,0,True,
2024-08-12,MNQU24,A,605aa9c1bee52a102446f0283839daf998adc79f20a0c2713c49ab878646f544,2,2.24,1,0.0,0.0,0.0,0,0,True,
2024-08-13,MNQU24,A,605aa9c1bee52a102446f0283839daf998adc79f20a0c2713c49ab878646f544,2,2.24,1,60.5,2.24,58.26,2,179,True,
2024-08-14,MNQU24,A,605aa9c1bee52a102446f0283839daf998adc79f20a0c2713c49ab878646f544,2,2.24,1,0.0,0.0,0.0,0,0,True,
2024-08-15,MNQU24,A,605aa9c1bee52a102446f0283839daf998adc79f20a0c2713c49ab878646f544,2,2.24,1,264.0,2.24,261.76,2,359,True,
2024-08-16,MNQU24,A,605aa9c1bee52a102446f0283839daf998adc79f20a0c2713c49ab878646f544,2,2.24,1,0.0,0.0,0.0,0,0,True,
2024-08-19,MNQU24,A,605aa9c1bee52a102446f0283839daf998adc79f20a0c2713c49ab878646f544,2,2.24,1,0.0,0.0,0.0,0,0,True,
2024-08-20,MNQU24,A,605aa9c1bee52a102446f0283839daf998adc79f20a0c2713c49ab878646f544,2,2.24,1,0.0,0.0,0.0,0,0,True,
2024-08-21,MNQU24,A,605aa9c1bee52a102446f0283839daf998adc79f20a0c2713c49ab878646f544,2,2.24,1,0.0,0.0,0.0,0,0,True,
2024-08-22,MNQU24,A,605aa9c1bee52a102446f0283839daf998adc79f20a0c2713c49ab878646f544,2,2.24,1,245.0,2.24,242.76,2,239,True,
2024-08-23,MNQU24,A,605aa9c1bee52a102446f0283839daf998adc79f20a0c2713c49ab878646f544,2,2.24,1,-504.5,2.24,-506.74,2,21,True,
2024-08-26,MNQU24,A,605aa9c1bee52a102446f0283839daf998adc79f20a0c2713c49ab878646f544,2,2.24,1,42.0,2.24,39.76,2,329,True,
2024-08-27,MNQU24,A,605aa9c1bee52a102446f0283839daf998adc79f20a0c2713c49ab878646f544,2,2.24,1,0.0,0.0,0.0,0,0,True,
2024-08-28,MNQU24,A,605aa9c1bee52a102446f0283839daf998adc79f20a0c2713c49ab878646f544,2,2.24,1,236.5,2.24,234.26,2,359,True,
2024-08-29,MNQU24,A,605aa9c1bee52a102446f0283839daf998adc79f20a0c2713c49ab878646f544,2,2.24,1,-542.5,2.24,-544.74,2,283,True,
2024-08-30,MNQU24,A,605aa9c1bee52a102446f0283839daf998adc79f20a0c2713c49ab878646f544,2,2.24,1,0.0,0.0,0.0,0,0,True,
2024-09-04,MNQU24,A,605aa9c1bee52a102446f0283839daf998adc79f20a0c2713c49ab878646f544,2,2.24,1,0.0,0.0,0.0,0,0,True,
2024-09-05,MNQU24,A,605aa9c1bee52a102446f0283839daf998adc79f20a0c2713c49ab878646f544,2,2.24,1,-238.0,2.24,-240.24,2,359,True,
2024-09-06,MNQU24,A,605aa9c1bee52a102446f0283839daf998adc79f20a0c2713c49ab878646f544,2,2.24,1,546.5,2.24,544.26,2,359,True,
2024-09-09,MNQU24,A,605aa9c1bee52a102446f0283839daf998adc79f20a0c2713c49ab878646f544,2,2.24,1,0.0,0.0,0.0,0,0,True,
2024-09-10,MNQU24,A,605aa9c1bee52a102446f0283839daf998adc79f20a0c2713c49ab878646f544,2,2.24,1,0.0,0.0,0.0,0,0,True,
2024-09-11,MNQU24,A,605aa9c1bee52a102446f0283839daf998adc79f20a0c2713c49ab878646f544,2,2.24,1,-314.5,4.48,-318.98,4,199,True,
2024-09-12,MNQU24,A,605aa9c1bee52a102446f0283839daf998adc79f20a0c2713c49ab878646f544,2,2.24,1,92.5,2.24,90.26,2,149,True,
2024-09-13,MNQU24,A,605aa9c1bee52a102446f0283839daf998adc79f20a0c2713c49ab878646f544,2,2.24,1,0.0,0.0,0.0,0,0,True,
2024-09-16,MNQU24,A,605aa9c1bee52a102446f0283839daf998adc79f20a0c2713c49ab878646f544,2,2.24,1,0.0,0.0,0.0,0,0,True,
2024-09-17,MNQU24,A,605aa9c1bee52a102446f0283839daf998adc79f20a0c2713c49ab878646f544,2,2.24,1,0.0,0.0,0.0,0,0,True,
2024-09-18,MNQU24,A,605aa9c1bee52a102446f0283839daf998adc79f20a0c2713c49ab878646f544,2,2.24,1,0.0,0.0,0.0,0,0,True,
2024-09-19,MNQU24,A,605aa9c1bee52a102446f0283839daf998adc79f20a0c2713c49ab878646f544,2,2.24,1,0.0,0.0,0.0,0,0,True,
2024-09-23,MNQZ24,A,605aa9c1bee52a102446f0283839daf998adc79f20a0c2713c49ab878646f544,2,2.24,1,0.0,0.0,0.0,0,0,True,
2024-09-24,MNQZ24,A,605aa9c1bee52a102446f0283839daf998adc79f20a0c2713c49ab878646f544,2,2.24,1,0.0,0.0,0.0,0,0,True,
2024-09-25,MNQZ24,A,605aa9c1bee52a102446f0283839daf998adc79f20a0c2713c49ab878646f544,2,2.24,1,0.0,0.0,0.0,0,0,True,
2024-09-26,MNQZ24,A,605aa9c1bee52a102446f0283839daf998adc79f20a0c2713c49ab878646f544,2,2.24,1,0.0,0.0,0.0,0,0,True,
2024-09-27,MNQZ24,A,605aa9c1bee52a102446f0283839daf998adc79f20a0c2713c49ab878646f544,2,2.24,1,-45.5,2.24,-47.74,2,89,True,
2024-09-30,MNQZ24,A,605aa9c1bee52a102446f0283839daf998adc79f20a0c2713c49ab878646f544,2,2.24,1,0.0,0.0,0.0,0,0,True,
2024-10-01,MNQZ24,A,605aa9c1bee52a102446f0283839daf998adc79f20a0c2713c49ab878646f544,2,2.24,1,133.0,2.24,130.76,2,359,True,
2024-10-02,MNQZ24,A,605aa9c1bee52a102446f0283839daf998adc79f20a0c2713c49ab878646f544,2,2.24,1,0.0,0.0,0.0,0,0,True,
2024-10-03,MNQZ24,A,605aa9c1bee52a102446f0283839daf998adc79f20a0c2713c49ab878646f544,2,2.24,1,0.0,0.0,0.0,0,0,True,
2024-10-04,MNQZ24,A,605aa9c1bee52a102446f0283839daf998adc79f20a0c2713c49ab878646f544,2,2.24,1,0.0,0.0,0.0,0,0,True,
2024-10-07,MNQZ24,A,605aa9c1bee52a102446f0283839daf998adc79f20a0c2713c49ab878646f544,2,2.24,1,-56.5,2.24,-58.74,2,59,True,
2024-10-08,MNQZ24,A,605aa9c1bee52a102446f0283839daf998adc79f20a0c2713c49ab878646f544,2,2.24,1,92.5,2.24,90.26,2,299,True,
2024-10-09,MNQZ24,A,605aa9c1bee52a102446f0283839daf998adc79f20a0c2713c49ab878646f544,2,2.24,1,42.0,2.24,39.76,2,239,True,
2024-10-10,MNQZ24,A,605aa9c1bee52a102446f0283839daf998adc79f20a0c2713c49ab878646f544,2,2.24,1,0.0,0.0,0.0,0,0,True,
2024-10-11,MNQZ24,A,605aa9c1bee52a102446f0283839daf998adc79f20a0c2713c49ab878646f544,2,2.24,1,0.0,0.0,0.0,0,0,True,
2024-10-14,MNQZ24,A,605aa9c1bee52a102446f0283839daf998adc79f20a0c2713c49ab878646f544,2,2.24,1,-93.0,2.24,-95.24,2,359,True,
2024-10-15,MNQZ24,A,605aa9c1bee52a102446f0283839daf998adc79f20a0c2713c49ab878646f544,2,2.24,1,272.5,2.24,270.26,2,329,True,
2024-10-16,MNQZ24,A,605aa9c1bee52a102446f0283839daf998adc79f20a0c2713c49ab878646f544,2,2.24,1,-252.0,2.24,-254.24,2,359,True,
2024-10-17,MNQZ24,A,605aa9c1bee52a102446f0283839daf998adc79f20a0c2713c49ab878646f544,2,2.24,1,0.0,0.0,0.0,0,0,True,
2024-10-18,MNQZ24,A,605aa9c1bee52a102446f0283839daf998adc79f20a0c2713c49ab878646f544,2,2.24,1,0.0,0.0,0.0,0,0,True,
2024-10-21,MNQZ24,A,605aa9c1bee52a102446f0283839daf998adc79f20a0c2713c49ab878646f544,2,2.24,1,0.0,0.0,0.0,0,0,True,
2024-10-22,MNQZ24,A,605aa9c1bee52a102446f0283839daf998adc79f20a0c2713c49ab878646f544,2,2.24,1,0.0,0.0,0.0,0,0,True,
2024-10-23,MNQZ24,A,605aa9c1bee52a102446f0283839daf998adc79f20a0c2713c49ab878646f544,2,2.24,1,177.0,2.24,174.76,2,269,True,
2024-10-24,MNQZ24,A,605aa9c1bee52a102446f0283839daf998adc79f20a0c2713c49ab878646f544,2,2.24,1,0.0,0.0,0.0,0,0,True,
2024-10-25,MNQZ24,A,605aa9c1bee52a102446f0283839daf998adc79f20a0c2713c49ab878646f544,2,2.24,1,-341.0,2.24,-343.24,2,359,True,
2024-10-28,MNQZ24,A,605aa9c1bee52a102446f0283839daf998adc79f20a0c2713c49ab878646f544,2,2.24,1,0.0,0.0,0.0,0,0,True,
2024-10-29,MNQZ24,A,605aa9c1bee52a102446f0283839daf998adc79f20a0c2713c49ab878646f544,2,2.24,1,208.5,2.24,206.26,2,299,True,
2024-10-30,MNQZ24,A,605aa9c1bee52a102446f0283839daf998adc79f20a0c2713c49ab878646f544,2,2.24,1,0.0,0.0,0.0,0,0,True,
2024-10-31,MNQZ24,A,605aa9c1bee52a102446f0283839daf998adc79f20a0c2713c49ab878646f544,2,2.24,1,284.5,2.24,282.26,2,359,True,
2024-11-01,MNQZ24,A,605aa9c1bee52a102446f0283839daf998adc79f20a0c2713c49ab878646f544,2,2.24,1,-35.0,2.24,-37.24,2,359,True,
2024-11-04,MNQZ24,A,605aa9c1bee52a102446f0283839daf998adc79f20a0c2713c49ab878646f544,2,2.24,1,0.0,0.0,0.0,0,0,True,
2024-11-05,MNQZ24,A,605aa9c1bee52a102446f0283839daf998adc79f20a0c2713c49ab878646f544,2,2.24,1,75.5,2.24,73.26,2,359,True,
2024-11-06,MNQZ24,A,605aa9c1bee52a102446f0283839daf998adc79f20a0c2713c49ab878646f544,2,2.24,1,190.0,2.24,187.76,2,329,True,
2024-11-07,MNQZ24,A,605aa9c1bee52a102446f0283839daf998adc79f20a0c2713c49ab878646f544,2,2.24,1,231.0,2.24,228.76,2,359,True,
2024-11-08,MNQZ24,A,605aa9c1bee52a102446f0283839daf998adc79f20a0c2713c49ab878646f544,2,2.24,1,0.0,0.0,0.0,0,0,True,
2024-11-11,MNQZ24,A,605aa9c1bee52a102446f0283839daf998adc79f20a0c2713c49ab878646f544,2,2.24,1,0.0,0.0,0.0,0,0,True,
2024-11-12,MNQZ24,A,605aa9c1bee52a102446f0283839daf998adc79f20a0c2713c49ab878646f544,2,2.24,1,-241.0,2.24,-243.24,2,179,True,
2024-11-13,MNQZ24,A,605aa9c1bee52a102446f0283839daf998adc79f20a0c2713c49ab878646f544,2,2.24,1,0.0,0.0,0.0,0,0,True,
2024-11-14,MNQZ24,A,605aa9c1bee52a102446f0283839daf998adc79f20a0c2713c49ab878646f544,2,2.24,1,0.0,0.0,0.0,0,0,True,
2024-11-15,MNQZ24,A,605aa9c1bee52a102446f0283839daf998adc79f20a0c2713c49ab878646f544,2,2.24,1,396.0,2.24,393.76,2,359,True,
2024-11-18,MNQZ24,A,605aa9c1bee52a102446f0283839daf998adc79f20a0c2713c49ab878646f544,2,2.24,1,-68.0,2.24,-70.24,2,329,True,
2024-11-19,MNQZ24,A,605aa9c1bee52a102446f0283839daf998adc79f20a0c2713c49ab878646f544,2,2.24,1,-42.5,2.24,-44.74,2,119,True,
2024-11-20,MNQZ24,A,605aa9c1bee52a102446f0283839daf998adc79f20a0c2713c49ab878646f544,2,2.24,1,-234.0,2.24,-236.24,2,359,True,
2024-11-21,MNQZ24,A,605aa9c1bee52a102446f0283839daf998adc79f20a0c2713c49ab878646f544,2,2.24,1,-361.5,2.24,-363.74,2,359,True,
2024-11-22,MNQZ24,A,605aa9c1bee52a102446f0283839daf998adc79f20a0c2713c49ab878646f544,2,2.24,1,0.0,0.0,0.0,0,0,True,
2024-11-25,MNQZ24,A,605aa9c1bee52a102446f0283839daf998adc79f20a0c2713c49ab878646f544,2,2.24,1,0.0,0.0,0.0,0,0,True,
2024-11-26,MNQZ24,A,605aa9c1bee52a102446f0283839daf998adc79f20a0c2713c49ab878646f544,2,2.24,1,0.0,0.0,0.0,0,0,True,
2024-11-27,MNQZ24,A,605aa9c1bee52a102446f0283839daf998adc79f20a0c2713c49ab878646f544,2,2.24,1,59.0,2.24,56.76,2,359,True,
2024-12-03,MNQZ24,A,605aa9c1bee52a102446f0283839daf998adc79f20a0c2713c49ab878646f544,2,2.24,1,0.0,0.0,0.0,0,0,True,
2024-12-04,MNQZ24,A,605aa9c1bee52a102446f0283839daf998adc79f20a0c2713c49ab878646f544,2,2.24,1,34.0,2.24,31.759999999999998,2,29,True,
2024-12-05,MNQZ24,A,605aa9c1bee52a102446f0283839daf998adc79f20a0c2713c49ab878646f544,2,2.24,1,0.0,0.0,0.0,0,0,True,
2024-12-06,MNQZ24,A,605aa9c1bee52a102446f0283839daf998adc79f20a0c2713c49ab878646f544,2,2.24,1,96.0,2.24,93.76,2,359,True,
2024-12-09,MNQZ24,A,605aa9c1bee52a102446f0283839daf998adc79f20a0c2713c49ab878646f544,2,2.24,1,73.0,2.24,70.76,2,299,True,
2024-12-10,MNQZ24,A,605aa9c1bee52a102446f0283839daf998adc79f20a0c2713c49ab878646f544,2,2.24,1,0.0,0.0,0.0,0,0,True,
2024-12-11,MNQZ24,A,605aa9c1bee52a102446f0283839daf998adc79f20a0c2713c49ab878646f544,2,2.24,1,187.0,2.24,184.76,2,359,True,
2024-12-12,MNQZ24,A,605aa9c1bee52a102446f0283839daf998adc79f20a0c2713c49ab878646f544,2,2.24,1,0.0,0.0,0.0,0,0,True,
2024-12-13,MNQZ24,A,605aa9c1bee52a102446f0283839daf998adc79f20a0c2713c49ab878646f544,2,2.24,1,-159.5,2.24,-161.74,2,359,True,
2024-12-16,MNQZ24,A,605aa9c1bee52a102446f0283839daf998adc79f20a0c2713c49ab878646f544,2,2.24,1,257.5,2.24,255.26,2,359,True,
2024-12-17,MNQZ24,A,605aa9c1bee52a102446f0283839daf998adc79f20a0c2713c49ab878646f544,2,2.24,1,-90.0,2.24,-92.24,2,329,True,
2024-12-18,MNQZ24,A,605aa9c1bee52a102446f0283839daf998adc79f20a0c2713c49ab878646f544,2,2.24,1,1069.5,2.24,1067.26,2,89,True,
2024-12-19,MNQZ24,A,605aa9c1bee52a102446f0283839daf998adc79f20a0c2713c49ab878646f544,2,2.24,1,0.0,0.0,0.0,0,0,True,
2024-12-23,MNQH25,A,605aa9c1bee52a102446f0283839daf998adc79f20a0c2713c49ab878646f544,2,2.24,1,54.5,2.24,52.26,2,149,True,
2024-12-27,MNQH25,A,605aa9c1bee52a102446f0283839daf998adc79f20a0c2713c49ab878646f544,2,2.24,1,-95.0,2.24,-97.24,2,359,True,
2024-12-30,MNQH25,A,605aa9c1bee52a102446f0283839daf998adc79f20a0c2713c49ab878646f544,2,2.24,1,-547.0,2.24,-549.24,2,164,True,
2024-12-31,MNQH25,A,605aa9c1bee52a102446f0283839daf998adc79f20a0c2713c49ab878646f544,2,2.24,1,165.5,2.24,163.26,2,269,True,
2025-01-03,MNQH25,A,605aa9c1bee52a102446f0283839daf998adc79f20a0c2713c49ab878646f544,2,2.24,1,280.5,2.24,278.26,2,359,True,
2025-01-06,MNQH25,A,605aa9c1bee52a102446f0283839daf998adc79f20a0c2713c49ab878646f544,2,2.24,1,-132.5,2.24,-134.74,2,359,True,
2025-01-07,MNQH25,A,605aa9c1bee52a102446f0283839daf998adc79f20a0c2713c49ab878646f544,2,2.24,1,379.0,2.24,376.76,2,329,True,
2025-01-08,MNQH25,A,605aa9c1bee52a102446f0283839daf998adc79f20a0c2713c49ab878646f544,2,2.24,1,-358.0,2.24,-360.24,2,209,True,
2025-01-13,MNQH25,A,605aa9c1bee52a102446f0283839daf998adc79f20a0c2713c49ab878646f544,2,2.24,1,0.0,0.0,0.0,0,0,True,
2025-01-14,MNQH25,A,605aa9c1bee52a102446f0283839daf998adc79f20a0c2713c49ab878646f544,2,2.24,1,-226.5,2.24,-228.74,2,239,True,
2025-01-15,MNQH25,A,605aa9c1bee52a102446f0283839daf998adc79f20a0c2713c49ab878646f544,2,2.24,1,82.0,2.24,79.76,2,359,True,
2025-01-16,MNQH25,A,605aa9c1bee52a102446f0283839daf998adc79f20a0c2713c49ab878646f544,2,2.24,1,0.0,0.0,0.0,0,0,True,
2025-01-17,MNQH25,A,605aa9c1bee52a102446f0283839daf998adc79f20a0c2713c49ab878646f544,2,2.24,1,0.0,0.0,0.0,0,0,True,
2025-01-22,MNQH25,A,605aa9c1bee52a102446f0283839daf998adc79f20a0c2713c49ab878646f544,2,2.24,1,-46.5,2.24,-48.74,2,359,True,
2025-01-23,MNQH25,A,605aa9c1bee52a102446f0283839daf998adc79f20a0c2713c49ab878646f544,2,2.24,1,0.0,0.0,0.0,0,0,True,
2025-01-24,MNQH25,A,605aa9c1bee52a102446f0283839daf998adc79f20a0c2713c49ab878646f544,2,2.24,1,-64.0,2.24,-66.24,2,119,True,
2025-01-27,MNQH25,A,605aa9c1bee52a102446f0283839daf998adc79f20a0c2713c49ab878646f544,2,2.24,1,0.0,0.0,0.0,0,0,True,
2025-01-28,MNQH25,A,605aa9c1bee52a102446f0283839daf998adc79f20a0c2713c49ab878646f544,2,2.24,1,213.0,2.24,210.76,2,329,True,
2025-01-29,MNQH25,A,605aa9c1bee52a102446f0283839daf998adc79f20a0c2713c49ab878646f544,2,2.24,1,-240.5,2.24,-242.74,2,89,True,
2025-01-30,MNQH25,A,605aa9c1bee52a102446f0283839daf998adc79f20a0c2713c49ab878646f544,2,2.24,1,0.0,0.0,0.0,0,0,True,
2025-01-31,MNQH25,A,605aa9c1bee52a102446f0283839daf998adc79f20a0c2713c49ab878646f544,2,2.24,1,-529.5,2.24,-531.74,2,285,True,
2025-02-03,MNQH25,A,605aa9c1bee52a102446f0283839daf998adc79f20a0c2713c49ab878646f544,2,2.24,1,0.0,0.0,0.0,0,0,True,
2025-02-04,MNQH25,A,605aa9c1bee52a102446f0283839daf998adc79f20a0c2713c49ab878646f544,2,2.24,1,162.0,2.24,159.76,2,359,True,
2025-02-05,MNQH25,A,605aa9c1bee52a102446f0283839daf998adc79f20a0c2713c49ab878646f544,2,2.24,1,0.0,0.0,0.0,0,0,True,
2025-02-06,MNQH25,A,605aa9c1bee52a102446f0283839daf998adc79f20a0c2713c49ab878646f544,2,2.24,1,0.0,0.0,0.0,0,0,True,
2025-02-07,MNQH25,A,605aa9c1bee52a102446f0283839daf998adc79f20a0c2713c49ab878646f544,2,2.24,1,323.0,2.24,320.76,2,329,True,
2025-02-10,MNQH25,A,605aa9c1bee52a102446f0283839daf998adc79f20a0c2713c49ab878646f544,2,2.24,1,0.0,0.0,0.0,0,0,True,
2025-02-11,MNQH25,A,605aa9c1bee52a102446f0283839daf998adc79f20a0c2713c49ab878646f544,2,2.24,1,0.0,0.0,0.0,0,0,True,
2025-02-12,MNQH25,A,605aa9c1bee52a102446f0283839daf998adc79f20a0c2713c49ab878646f544,2,2.24,1,0.0,0.0,0.0,0,0,True,
2025-02-13,MNQH25,A,605aa9c1bee52a102446f0283839daf998adc79f20a0c2713c49ab878646f544,2,2.24,1,158.0,2.24,155.76,2,299,True,
2025-02-14,MNQH25,A,605aa9c1bee52a102446f0283839daf998adc79f20a0c2713c49ab878646f544,2,2.24,1,0.0,0.0,0.0,0,0,True,
2025-02-19,MNQH25,A,605aa9c1bee52a102446f0283839daf998adc79f20a0c2713c49ab878646f544,2,2.24,1,0.0,0.0,0.0,0,0,True,
2025-02-20,MNQH25,A,605aa9c1bee52a102446f0283839daf998adc79f20a0c2713c49ab878646f544,2,2.24,1,-333.5,2.24,-335.74,2,359,True,
2025-02-21,MNQH25,A,605aa9c1bee52a102446f0283839daf998adc79f20a0c2713c49ab878646f544,2,2.24,1,657.5,2.24,655.26,2,329,True,
2025-02-24,MNQH25,A,605aa9c1bee52a102446f0283839daf998adc79f20a0c2713c49ab878646f544,2,2.24,1,297.5,2.24,295.26,2,359,True,
2025-02-25,MNQH25,A,605aa9c1bee52a102446f0283839daf998adc79f20a0c2713c49ab878646f544,2,2.24,1,128.5,2.24,126.26,2,359,True,
2025-02-26,MNQH25,A,605aa9c1bee52a102446f0283839daf998adc79f20a0c2713c49ab878646f544,2,2.24,1,-505.5,2.24,-507.74,2,82,True,
2025-02-27,MNQH25,A,605aa9c1bee52a102446f0283839daf998adc79f20a0c2713c49ab878646f544,2,2.24,1,642.5,2.24,640.26,2,359,True,
2025-02-28,MNQH25,A,605aa9c1bee52a102446f0283839daf998adc79f20a0c2713c49ab878646f544,2,2.24,1,-499.5,2.24,-501.74,2,166,True,
2025-03-03,MNQH25,A,605aa9c1bee52a102446f0283839daf998adc79f20a0c2713c49ab878646f544,2,2.24,1,465.5,2.24,463.26,2,149,True,
2025-03-04,MNQH25,A,605aa9c1bee52a102446f0283839daf998adc79f20a0c2713c49ab878646f544,2,2.24,1,-547.5,2.24,-549.74,2,192,True,
2025-03-05,MNQH25,A,605aa9c1bee52a102446f0283839daf998adc79f20a0c2713c49ab878646f544,2,2.24,1,200.0,2.24,197.76,2,179,True,
2025-03-06,MNQH25,A,605aa9c1bee52a102446f0283839daf998adc79f20a0c2713c49ab878646f544,2,2.24,1,210.5,2.24,208.26,2,209,True,
2025-03-07,MNQH25,A,605aa9c1bee52a102446f0283839daf998adc79f20a0c2713c49ab878646f544,2,2.24,1,-531.5,2.24,-533.74,2,110,True,
2025-03-10,MNQH25,A,605aa9c1bee52a102446f0283839daf998adc79f20a0c2713c49ab878646f544,2,2.24,1,412.5,2.24,410.26,2,329,True,
2025-03-11,MNQH25,A,605aa9c1bee52a102446f0283839daf998adc79f20a0c2713c49ab878646f544,2,2.24,1,-459.5,2.24,-461.74,2,38,True,
2025-03-12,MNQH25,A,605aa9c1bee52a102446f0283839daf998adc79f20a0c2713c49ab878646f544,2,2.24,1,0.0,0.0,0.0,0,0,True,
2025-03-13,MNQH25,A,605aa9c1bee52a102446f0283839daf998adc79f20a0c2713c49ab878646f544,2,2.24,1,222.5,2.24,220.26,2,359,True,
2025-03-14,MNQH25,A,605aa9c1bee52a102446f0283839daf998adc79f20a0c2713c49ab878646f544,2,2.24,1,128.0,2.24,125.76,2,269,True,
2025-03-17,MNQH25,A,605aa9c1bee52a102446f0283839daf998adc79f20a0c2713c49ab878646f544,2,2.24,1,0.0,0.0,0.0,0,0,True,
2025-03-18,MNQH25,A,605aa9c1bee52a102446f0283839daf998adc79f20a0c2713c49ab878646f544,2,2.24,1,-110.0,2.24,-112.24,2,359,True,
2025-03-19,MNQH25,A,605aa9c1bee52a102446f0283839daf998adc79f20a0c2713c49ab878646f544,2,2.24,1,0.0,0.0,0.0,0,0,True,
2025-03-20,MNQH25,A,605aa9c1bee52a102446f0283839daf998adc79f20a0c2713c49ab878646f544,2,2.24,1,0.0,0.0,0.0,0,0,True,
2025-03-24,MNQM25,A,605aa9c1bee52a102446f0283839daf998adc79f20a0c2713c49ab878646f544,2,2.24,1,0.0,0.0,0.0,0,0,True,
2025-03-25,MNQM25,A,605aa9c1bee52a102446f0283839daf998adc79f20a0c2713c49ab878646f544,2,2.24,1,0.0,0.0,0.0,0,0,True,
2025-03-26,MNQM25,A,605aa9c1bee52a102446f0283839daf998adc79f20a0c2713c49ab878646f544,2,2.24,1,443.0,2.24,440.76,2,359,True,
2025-03-27,MNQM25,A,605aa9c1bee52a102446f0283839daf998adc79f20a0c2713c49ab878646f544,2,2.24,1,0.0,0.0,0.0,0,0,True,
2025-03-28,MNQM25,A,605aa9c1bee52a102446f0283839daf998adc79f20a0c2713c49ab878646f544,2,2.24,1,383.0,2.24,380.76,2,329,True,
2025-03-31,MNQM25,A,605aa9c1bee52a102446f0283839daf998adc79f20a0c2713c49ab878646f544,2,2.24,1,0.0,0.0,0.0,0,0,True,
2025-04-01,MNQM25,A,605aa9c1bee52a102446f0283839daf998adc79f20a0c2713c49ab878646f544,2,2.24,1,38.0,2.24,35.76,2,239,True,
2025-04-02,MNQM25,A,605aa9c1bee52a102446f0283839daf998adc79f20a0c2713c49ab878646f544,2,2.24,1,-40.0,2.24,-42.24,2,209,True,
2025-04-03,MNQM25,A,605aa9c1bee52a102446f0283839daf998adc79f20a0c2713c49ab878646f544,2,2.24,1,194.5,2.24,192.26,2,299,True,
2025-04-04,MNQM25,A,605aa9c1bee52a102446f0283839daf998adc79f20a0c2713c49ab878646f544,2,2.24,1,830.0,2.24,827.76,2,329,True,
2025-04-07,MNQM25,A,605aa9c1bee52a102446f0283839daf998adc79f20a0c2713c49ab878646f544,2,2.24,1,-487.5,2.24,-489.74,2,55,True,
2025-04-08,MNQM25,A,605aa9c1bee52a102446f0283839daf998adc79f20a0c2713c49ab878646f544,2,2.24,1,-506.5,4.48,-510.98,4,107,True,
2025-04-09,MNQM25,A,605aa9c1bee52a102446f0283839daf998adc79f20a0c2713c49ab878646f544,2,2.24,1,3456.5,2.24,3454.26,2,359,True,
2025-04-10,MNQM25,A,605aa9c1bee52a102446f0283839daf998adc79f20a0c2713c49ab878646f544,2,2.24,1,324.0,2.24,321.76,2,359,True,
2025-04-11,MNQM25,A,605aa9c1bee52a102446f0283839daf998adc79f20a0c2713c49ab878646f544,2,2.24,1,0.0,0.0,0.0,0,0,True,
2025-04-14,MNQM25,A,605aa9c1bee52a102446f0283839daf998adc79f20a0c2713c49ab878646f544,2,2.24,1,0.0,0.0,0.0,0,0,True,
2025-04-15,MNQM25,A,605aa9c1bee52a102446f0283839daf998adc79f20a0c2713c49ab878646f544,2,2.24,1,0.0,0.0,0.0,0,0,True,
2025-04-16,MNQM25,A,605aa9c1bee52a102446f0283839daf998adc79f20a0c2713c49ab878646f544,2,2.24,1,0.0,0.0,0.0,0,0,True,
2025-04-17,MNQM25,A,605aa9c1bee52a102446f0283839daf998adc79f20a0c2713c49ab878646f544,2,2.24,1,0.0,0.0,0.0,0,0,True,
2025-04-22,MNQM25,A,605aa9c1bee52a102446f0283839daf998adc79f20a0c2713c49ab878646f544,2,2.24,1,63.0,2.24,60.76,2,299,True,
2025-04-23,MNQM25,A,605aa9c1bee52a102446f0283839daf998adc79f20a0c2713c49ab878646f544,2,2.24,1,0.0,0.0,0.0,0,0,True,
2025-04-24,MNQM25,A,605aa9c1bee52a102446f0283839daf998adc79f20a0c2713c49ab878646f544,2,2.24,1,506.0,2.24,503.76,2,359,True,
2025-04-25,MNQM25,A,605aa9c1bee52a102446f0283839daf998adc79f20a0c2713c49ab878646f544,2,2.24,1,0.0,0.0,0.0,0,0,True,
2025-04-28,MNQM25,A,605aa9c1bee52a102446f0283839daf998adc79f20a0c2713c49ab878646f544,2,2.24,1,-465.0,2.24,-467.24,2,262,True,
2025-04-29,MNQM25,A,605aa9c1bee52a102446f0283839daf998adc79f20a0c2713c49ab878646f544,2,2.24,1,0.0,0.0,0.0,0,0,True,
2025-04-30,MNQM25,A,605aa9c1bee52a102446f0283839daf998adc79f20a0c2713c49ab878646f544,2,2.24,1,-417.0,2.24,-419.24,2,60,True,
2025-05-01,MNQM25,A,605aa9c1bee52a102446f0283839daf998adc79f20a0c2713c49ab878646f544,2,2.24,1,0.0,0.0,0.0,0,0,True,
2025-05-02,MNQM25,A,605aa9c1bee52a102446f0283839daf998adc79f20a0c2713c49ab878646f544,2,2.24,1,0.0,0.0,0.0,0,0,True,
2025-05-05,MNQM25,A,605aa9c1bee52a102446f0283839daf998adc79f20a0c2713c49ab878646f544,2,2.24,1,0.0,0.0,0.0,0,0,True,
2025-05-06,MNQM25,A,605aa9c1bee52a102446f0283839daf998adc79f20a0c2713c49ab878646f544,2,2.24,1,0.0,0.0,0.0,0,0,True,
2025-05-07,MNQM25,A,605aa9c1bee52a102446f0283839daf998adc79f20a0c2713c49ab878646f544,2,2.24,1,0.0,0.0,0.0,0,0,True,
2025-05-08,MNQM25,A,605aa9c1bee52a102446f0283839daf998adc79f20a0c2713c49ab878646f544,2,2.24,1,-341.5,2.24,-343.74,2,179,True,
2025-05-09,MNQM25,A,605aa9c1bee52a102446f0283839daf998adc79f20a0c2713c49ab878646f544,2,2.24,1,0.0,0.0,0.0,0,0,True,
2025-05-12,MNQM25,A,605aa9c1bee52a102446f0283839daf998adc79f20a0c2713c49ab878646f544,2,2.24,1,0.0,0.0,0.0,0,0,True,
2025-05-13,MNQM25,A,605aa9c1bee52a102446f0283839daf998adc79f20a0c2713c49ab878646f544,2,2.24,1,295.0,2.24,292.76,2,359,True,
2025-05-14,MNQM25,A,605aa9c1bee52a102446f0283839daf998adc79f20a0c2713c49ab878646f544,2,2.24,1,0.0,0.0,0.0,0,0,True,
2025-05-15,MNQM25,A,605aa9c1bee52a102446f0283839daf998adc79f20a0c2713c49ab878646f544,2,2.24,1,0.0,0.0,0.0,0,0,True,
2025-05-16,MNQM25,A,605aa9c1bee52a102446f0283839daf998adc79f20a0c2713c49ab878646f544,2,2.24,1,0.0,0.0,0.0,0,0,True,
2025-05-19,MNQM25,A,605aa9c1bee52a102446f0283839daf998adc79f20a0c2713c49ab878646f544,2,2.24,1,0.0,0.0,0.0,0,0,True,
2025-05-20,MNQM25,A,605aa9c1bee52a102446f0283839daf998adc79f20a0c2713c49ab878646f544,2,2.24,1,0.0,0.0,0.0,0,0,True,
2025-05-21,MNQM25,A,605aa9c1bee52a102446f0283839daf998adc79f20a0c2713c49ab878646f544,2,2.24,1,-73.0,2.24,-75.24,2,29,True,
2025-05-22,MNQM25,A,605aa9c1bee52a102446f0283839daf998adc79f20a0c2713c49ab878646f544,2,2.24,1,-213.0,2.24,-215.24,2,359,True,
2025-05-23,MNQM25,A,605aa9c1bee52a102446f0283839daf998adc79f20a0c2713c49ab878646f544,2,2.24,1,0.0,0.0,0.0,0,0,True,
2025-05-28,MNQM25,A,605aa9c1bee52a102446f0283839daf998adc79f20a0c2713c49ab878646f544,2,2.24,1,0.0,0.0,0.0,0,0,True,
2025-05-29,MNQM25,A,605aa9c1bee52a102446f0283839daf998adc79f20a0c2713c49ab878646f544,2,2.24,1,0.0,0.0,0.0,0,0,True,
2025-05-30,MNQM25,A,605aa9c1bee52a102446f0283839daf998adc79f20a0c2713c49ab878646f544,2,2.24,1,-139.5,2.24,-141.74,2,359,True,
2025-06-02,MNQM25,A,605aa9c1bee52a102446f0283839daf998adc79f20a0c2713c49ab878646f544,2,2.24,1,52.0,2.24,49.76,2,89,True,
2025-06-03,MNQM25,A,605aa9c1bee52a102446f0283839daf998adc79f20a0c2713c49ab878646f544,2,2.24,1,77.5,2.24,75.26,2,299,True,
2025-06-04,MNQM25,A,605aa9c1bee52a102446f0283839daf998adc79f20a0c2713c49ab878646f544,2,2.24,1,0.0,0.0,0.0,0,0,True,
2025-06-05,MNQM25,A,605aa9c1bee52a102446f0283839daf998adc79f20a0c2713c49ab878646f544,2,2.24,1,-478.5,4.48,-482.98,4,119,True,
2025-06-06,MNQM25,A,605aa9c1bee52a102446f0283839daf998adc79f20a0c2713c49ab878646f544,2,2.24,1,0.0,0.0,0.0,0,0,True,
2025-06-09,MNQM25,A,605aa9c1bee52a102446f0283839daf998adc79f20a0c2713c49ab878646f544,2,2.24,1,0.0,0.0,0.0,0,0,True,
2025-06-10,MNQM25,A,605aa9c1bee52a102446f0283839daf998adc79f20a0c2713c49ab878646f544,2,2.24,1,0.0,0.0,0.0,0,0,True,
2025-06-11,MNQM25,A,605aa9c1bee52a102446f0283839daf998adc79f20a0c2713c49ab878646f544,2,2.24,1,0.0,0.0,0.0,0,0,True,
2025-06-12,MNQM25,A,605aa9c1bee52a102446f0283839daf998adc79f20a0c2713c49ab878646f544,2,2.24,1,0.0,0.0,0.0,0,0,True,
2025-06-13,MNQM25,A,605aa9c1bee52a102446f0283839daf998adc79f20a0c2713c49ab878646f544,2,2.24,1,0.0,0.0,0.0,0,0,True,
2025-06-16,MNQM25,A,605aa9c1bee52a102446f0283839daf998adc79f20a0c2713c49ab878646f544,2,2.24,1,12.0,2.24,9.76,2,359,True,
2025-06-17,MNQM25,A,605aa9c1bee52a102446f0283839daf998adc79f20a0c2713c49ab878646f544,2,2.24,1,-5.0,2.24,-7.24,2,89,True,
2025-06-18,MNQM25,A,605aa9c1bee52a102446f0283839daf998adc79f20a0c2713c49ab878646f544,2,2.24,1,-244.0,2.24,-246.24,2,329,True,
2025-06-23,MNQU25,A,605aa9c1bee52a102446f0283839daf998adc79f20a0c2713c49ab878646f544,2,2.24,1,283.5,2.24,281.26,2,359,True,
2025-06-24,MNQU25,A,605aa9c1bee52a102446f0283839daf998adc79f20a0c2713c49ab878646f544,2,2.24,1,77.5,2.24,75.26,2,269,True,
2025-06-25,MNQU25,A,605aa9c1bee52a102446f0283839daf998adc79f20a0c2713c49ab878646f544,2,2.24,1,0.0,0.0,0.0,0,0,True,
2025-06-26,MNQU25,A,605aa9c1bee52a102446f0283839daf998adc79f20a0c2713c49ab878646f544,2,2.24,1,69.0,2.24,66.76,2,149,True,
2025-06-27,MNQU25,A,605aa9c1bee52a102446f0283839daf998adc79f20a0c2713c49ab878646f544,2,2.24,1,-75.0,2.24,-77.24,2,359,True,
2025-06-30,MNQU25,A,605aa9c1bee52a102446f0283839daf998adc79f20a0c2713c49ab878646f544,2,2.24,1,0.0,0.0,0.0,0,0,True,
2025-07-01,MNQU25,A,605aa9c1bee52a102446f0283839daf998adc79f20a0c2713c49ab878646f544,2,2.24,1,-30.5,2.24,-32.74,2,299,True,
2025-07-02,MNQU25,A,605aa9c1bee52a102446f0283839daf998adc79f20a0c2713c49ab878646f544,2,2.24,1,98.0,2.24,95.76,2,329,True,
2025-07-08,MNQU25,A,605aa9c1bee52a102446f0283839daf998adc79f20a0c2713c49ab878646f544,2,2.24,1,0.0,0.0,0.0,0,0,True,
2025-07-09,MNQU25,A,605aa9c1bee52a102446f0283839daf998adc79f20a0c2713c49ab878646f544,2,2.24,1,-105.0,2.24,-107.24,2,359,True,
2025-07-10,MNQU25,A,605aa9c1bee52a102446f0283839daf998adc79f20a0c2713c49ab878646f544,2,2.24,1,-168.0,2.24,-170.24,2,359,True,
2025-07-11,MNQU25,A,605aa9c1bee52a102446f0283839daf998adc79f20a0c2713c49ab878646f544,2,2.24,1,0.0,0.0,0.0,0,0,True,
2025-07-14,MNQU25,A,605aa9c1bee52a102446f0283839daf998adc79f20a0c2713c49ab878646f544,2,2.24,1,-8.0,2.24,-10.24,2,179,True,
2025-07-15,MNQU25,A,605aa9c1bee52a102446f0283839daf998adc79f20a0c2713c49ab878646f544,2,2.24,1,0.0,0.0,0.0,0,0,True,
2025-07-16,MNQU25,A,605aa9c1bee52a102446f0283839daf998adc79f20a0c2713c49ab878646f544,2,2.24,1,-194.5,2.24,-196.74,2,359,True,
2025-07-17,MNQU25,A,605aa9c1bee52a102446f0283839daf998adc79f20a0c2713c49ab878646f544,2,2.24,1,107.5,2.24,105.26,2,299,True,
2025-07-18,MNQU25,A,605aa9c1bee52a102446f0283839daf998adc79f20a0c2713c49ab878646f544,2,2.24,1,-61.5,2.24,-63.74,2,329,True,
2025-07-21,MNQU25,A,605aa9c1bee52a102446f0283839daf998adc79f20a0c2713c49ab878646f544,2,2.24,1,-111.5,2.24,-113.74,2,359,True,
2025-07-22,MNQU25,A,605aa9c1bee52a102446f0283839daf998adc79f20a0c2713c49ab878646f544,2,2.24,1,-196.5,2.24,-198.74,2,359,True,
2025-07-23,MNQU25,A,605aa9c1bee52a102446f0283839daf998adc79f20a0c2713c49ab878646f544,2,2.24,1,0.0,0.0,0.0,0,0,True,
2025-07-24,MNQU25,A,605aa9c1bee52a102446f0283839daf998adc79f20a0c2713c49ab878646f544,2,2.24,1,0.0,0.0,0.0,0,0,True,
2025-07-25,MNQU25,A,605aa9c1bee52a102446f0283839daf998adc79f20a0c2713c49ab878646f544,2,2.24,1,-93.5,2.24,-95.74,2,209,True,
2025-07-28,MNQU25,A,605aa9c1bee52a102446f0283839daf998adc79f20a0c2713c49ab878646f544,2,2.24,1,0.0,0.0,0.0,0,0,True,
2025-07-29,MNQU25,A,605aa9c1bee52a102446f0283839daf998adc79f20a0c2713c49ab878646f544,2,2.24,1,0.0,0.0,0.0,0,0,True,
2025-07-30,MNQU25,A,605aa9c1bee52a102446f0283839daf998adc79f20a0c2713c49ab878646f544,2,2.24,1,0.0,0.0,0.0,0,0,True,
2025-07-31,MNQU25,A,605aa9c1bee52a102446f0283839daf998adc79f20a0c2713c49ab878646f544,2,2.24,1,106.5,2.24,104.26,2,119,True,
2025-08-01,MNQU25,A,605aa9c1bee52a102446f0283839daf998adc79f20a0c2713c49ab878646f544,2,2.24,1,-108.0,2.24,-110.24,2,359,True,
2025-08-04,MNQU25,A,605aa9c1bee52a102446f0283839daf998adc79f20a0c2713c49ab878646f544,2,2.24,1,87.0,2.24,84.76,2,359,True,
2025-08-05,MNQU25,A,605aa9c1bee52a102446f0283839daf998adc79f20a0c2713c49ab878646f544,2,2.24,1,60.0,2.24,57.76,2,299,True,
2025-08-06,MNQU25,A,605aa9c1bee52a102446f0283839daf998adc79f20a0c2713c49ab878646f544,2,2.24,1,275.0,2.24,272.76,2,299,True,
2025-08-07,MNQU25,A,605aa9c1bee52a102446f0283839daf998adc79f20a0c2713c49ab878646f544,2,2.24,1,0.0,0.0,0.0,0,0,True,
2025-08-08,MNQU25,A,605aa9c1bee52a102446f0283839daf998adc79f20a0c2713c49ab878646f544,2,2.24,1,151.5,2.24,149.26,2,359,True,
2025-08-11,MNQU25,A,605aa9c1bee52a102446f0283839daf998adc79f20a0c2713c49ab878646f544,2,2.24,1,0.0,0.0,0.0,0,0,True,
2025-08-12,MNQU25,A,605aa9c1bee52a102446f0283839daf998adc79f20a0c2713c49ab878646f544,2,2.24,1,220.0,2.24,217.76,2,269,True,
2025-08-13,MNQU25,A,605aa9c1bee52a102446f0283839daf998adc79f20a0c2713c49ab878646f544,2,2.24,1,0.0,0.0,0.0,0,0,True,
2025-08-14,MNQU25,A,605aa9c1bee52a102446f0283839daf998adc79f20a0c2713c49ab878646f544,2,2.24,1,0.0,0.0,0.0,0,0,True,
2025-08-15,MNQU25,A,605aa9c1bee52a102446f0283839daf998adc79f20a0c2713c49ab878646f544,2,2.24,1,-22.5,2.24,-24.740000000000002,2,359,True,
2025-08-18,MNQU25,A,605aa9c1bee52a102446f0283839daf998adc79f20a0c2713c49ab878646f544,2,2.24,1,0.0,0.0,0.0,0,0,True,
2025-08-19,MNQU25,A,605aa9c1bee52a102446f0283839daf998adc79f20a0c2713c49ab878646f544,2,2.24,1,406.0,2.24,403.76,2,359,True,
2025-08-20,MNQU25,A,605aa9c1bee52a102446f0283839daf998adc79f20a0c2713c49ab878646f544,2,2.24,1,-271.5,2.24,-273.74,2,359,True,
2025-08-21,MNQU25,A,605aa9c1bee52a102446f0283839daf998adc79f20a0c2713c49ab878646f544,2,2.24,1,0.0,0.0,0.0,0,0,True,
2025-08-22,MNQU25,A,605aa9c1bee52a102446f0283839daf998adc79f20a0c2713c49ab878646f544,2,2.24,1,-7.5,2.24,-9.74,2,329,True,
2025-08-25,MNQU25,A,605aa9c1bee52a102446f0283839daf998adc79f20a0c2713c49ab878646f544,2,2.24,1,0.0,0.0,0.0,0,0,True,
2025-08-26,MNQU25,A,605aa9c1bee52a102446f0283839daf998adc79f20a0c2713c49ab878646f544,2,2.24,1,0.0,0.0,0.0,0,0,True,
2025-08-27,MNQU25,A,605aa9c1bee52a102446f0283839daf998adc79f20a0c2713c49ab878646f544,2,2.24,1,0.0,0.0,0.0,0,0,True,
2025-08-28,MNQU25,A,605aa9c1bee52a102446f0283839daf998adc79f20a0c2713c49ab878646f544,2,2.24,1,52.0,2.24,49.76,2,209,True,
2025-09-03,MNQU25,A,605aa9c1bee52a102446f0283839daf998adc79f20a0c2713c49ab878646f544,2,2.24,1,0.0,0.0,0.0,0,0,True,
2025-09-04,MNQU25,A,605aa9c1bee52a102446f0283839daf998adc79f20a0c2713c49ab878646f544,2,2.24,1,91.0,2.24,88.76,2,59,True,
2025-09-05,MNQU25,A,605aa9c1bee52a102446f0283839daf998adc79f20a0c2713c49ab878646f544,2,2.24,1,0.0,0.0,0.0,0,0,True,
2025-09-08,MNQU25,A,605aa9c1bee52a102446f0283839daf998adc79f20a0c2713c49ab878646f544,2,2.24,1,-88.0,2.24,-90.24,2,359,True,
2025-09-09,MNQU25,A,605aa9c1bee52a102446f0283839daf998adc79f20a0c2713c49ab878646f544,2,2.24,1,0.0,0.0,0.0,0,0,True,
2025-09-10,MNQU25,A,605aa9c1bee52a102446f0283839daf998adc79f20a0c2713c49ab878646f544,2,2.24,1,0.0,0.0,0.0,0,0,True,
2025-09-11,MNQU25,A,605aa9c1bee52a102446f0283839daf998adc79f20a0c2713c49ab878646f544,2,2.24,1,0.0,0.0,0.0,0,0,True,
2025-09-12,MNQU25,A,605aa9c1bee52a102446f0283839daf998adc79f20a0c2713c49ab878646f544,2,2.24,1,0.0,0.0,0.0,0,0,True,
2025-09-15,MNQU25,A,605aa9c1bee52a102446f0283839daf998adc79f20a0c2713c49ab878646f544,2,2.24,1,105.0,2.24,102.76,2,359,True,
2025-09-16,MNQU25,A,605aa9c1bee52a102446f0283839daf998adc79f20a0c2713c49ab878646f544,2,2.24,1,0.0,0.0,0.0,0,0,True,
2025-09-17,MNQU25,A,605aa9c1bee52a102446f0283839daf998adc79f20a0c2713c49ab878646f544,2,2.24,1,9.0,2.24,6.76,2,359,True,
2025-09-18,MNQU25,A,605aa9c1bee52a102446f0283839daf998adc79f20a0c2713c49ab878646f544,2,2.24,1,-200.5,2.24,-202.74,2,329,True,
2025-09-22,MNQZ25,A,605aa9c1bee52a102446f0283839daf998adc79f20a0c2713c49ab878646f544,2,2.24,1,43.0,2.24,40.76,2,209,True,
2025-09-23,MNQZ25,A,605aa9c1bee52a102446f0283839daf998adc79f20a0c2713c49ab878646f544,2,2.24,1,204.5,2.24,202.26,2,359,True,
2025-09-24,MNQZ25,A,605aa9c1bee52a102446f0283839daf998adc79f20a0c2713c49ab878646f544,2,2.24,1,-125.0,2.24,-127.24,2,239,True,
2025-09-25,MNQZ25,A,605aa9c1bee52a102446f0283839daf998adc79f20a0c2713c49ab878646f544,2,2.24,1,-357.0,2.24,-359.24,2,359,True,
2025-09-26,MNQZ25,A,605aa9c1bee52a102446f0283839daf998adc79f20a0c2713c49ab878646f544,2,2.24,1,7.0,2.24,4.76,2,359,True,
2025-09-29,MNQZ25,A,605aa9c1bee52a102446f0283839daf998adc79f20a0c2713c49ab878646f544,2,2.24,1,-205.0,2.24,-207.24,2,359,True,
2025-09-30,MNQZ25,A,605aa9c1bee52a102446f0283839daf998adc79f20a0c2713c49ab878646f544,2,2.24,1,0.0,0.0,0.0,0,0,True,
2025-10-01,MNQZ25,A,605aa9c1bee52a102446f0283839daf998adc79f20a0c2713c49ab878646f544,2,2.24,1,69.5,2.24,67.26,2,149,True,
2025-10-02,MNQZ25,A,605aa9c1bee52a102446f0283839daf998adc79f20a0c2713c49ab878646f544,2,2.24,1,0.0,0.0,0.0,0,0,True,
2025-10-03,MNQZ25,A,605aa9c1bee52a102446f0283839daf998adc79f20a0c2713c49ab878646f544,2,2.24,1,-78.5,2.24,-80.74,2,119,True,
2025-10-06,MNQZ25,A,605aa9c1bee52a102446f0283839daf998adc79f20a0c2713c49ab878646f544,2,2.24,1,0.0,0.0,0.0,0,0,True,
2025-10-07,MNQZ25,A,605aa9c1bee52a102446f0283839daf998adc79f20a0c2713c49ab878646f544,2,2.24,1,36.5,2.24,34.26,2,269,True,
2025-10-08,MNQZ25,A,605aa9c1bee52a102446f0283839daf998adc79f20a0c2713c49ab878646f544,2,2.24,1,283.5,2.24,281.26,2,359,True,
2025-10-09,MNQZ25,A,605aa9c1bee52a102446f0283839daf998adc79f20a0c2713c49ab878646f544,2,2.24,1,-133.5,2.24,-135.74,2,269,True,
2025-10-10,MNQZ25,A,605aa9c1bee52a102446f0283839daf998adc79f20a0c2713c49ab878646f544,2,2.24,1,1411.5,2.24,1409.26,2,299,True,
2025-10-13,MNQZ25,A,605aa9c1bee52a102446f0283839daf998adc79f20a0c2713c49ab878646f544,2,2.24,1,38.5,2.24,36.26,2,359,True,
2025-10-14,MNQZ25,A,605aa9c1bee52a102446f0283839daf998adc79f20a0c2713c49ab878646f544,2,2.24,1,-521.0,2.24,-523.24,2,113,True,
2025-10-15,MNQZ25,A,605aa9c1bee52a102446f0283839daf998adc79f20a0c2713c49ab878646f544,2,2.24,1,-516.0,2.24,-518.24,2,150,True,
2025-10-16,MNQZ25,A,605aa9c1bee52a102446f0283839daf998adc79f20a0c2713c49ab878646f544,2,2.24,1,-259.5,2.24,-261.74,2,89,True,
2025-10-17,MNQZ25,A,605aa9c1bee52a102446f0283839daf998adc79f20a0c2713c49ab878646f544,2,2.24,1,198.5,2.24,196.26,2,329,True,
2025-10-20,MNQZ25,A,605aa9c1bee52a102446f0283839daf998adc79f20a0c2713c49ab878646f544,2,2.24,1,143.0,2.24,140.76,2,359,True,
2025-10-21,MNQZ25,A,605aa9c1bee52a102446f0283839daf998adc79f20a0c2713c49ab878646f544,2,2.24,1,-137.5,2.24,-139.74,2,359,True,
2025-10-22,MNQZ25,A,605aa9c1bee52a102446f0283839daf998adc79f20a0c2713c49ab878646f544,2,2.24,1,141.5,2.24,139.26,2,329,True,
2025-10-23,MNQZ25,A,605aa9c1bee52a102446f0283839daf998adc79f20a0c2713c49ab878646f544,2,2.24,1,223.5,2.24,221.26,2,359,True,
2025-10-24,MNQZ25,A,605aa9c1bee52a102446f0283839daf998adc79f20a0c2713c49ab878646f544,2,2.24,1,0.0,0.0,0.0,0,0,True,
2025-10-27,MNQZ25,A,605aa9c1bee52a102446f0283839daf998adc79f20a0c2713c49ab878646f544,2,2.24,1,0.0,0.0,0.0,0,0,True,
2025-10-28,MNQZ25,A,605aa9c1bee52a102446f0283839daf998adc79f20a0c2713c49ab878646f544,2,2.24,1,0.0,0.0,0.0,0,0,True,
2025-10-29,MNQZ25,A,605aa9c1bee52a102446f0283839daf998adc79f20a0c2713c49ab878646f544,2,2.24,1,0.0,0.0,0.0,0,0,True,
2025-10-30,MNQZ25,A,605aa9c1bee52a102446f0283839daf998adc79f20a0c2713c49ab878646f544,2,2.24,1,343.0,2.24,340.76,2,329,True,
2025-10-31,MNQZ25,A,605aa9c1bee52a102446f0283839daf998adc79f20a0c2713c49ab878646f544,2,2.24,1,0.0,0.0,0.0,0,0,True,
2025-11-03,MNQZ25,A,605aa9c1bee52a102446f0283839daf998adc79f20a0c2713c49ab878646f544,2,2.24,1,0.0,0.0,0.0,0,0,True,
2025-11-04,MNQZ25,A,605aa9c1bee52a102446f0283839daf998adc79f20a0c2713c49ab878646f544,2,2.24,1,0.0,0.0,0.0,0,0,True,
2025-11-05,MNQZ25,A,605aa9c1bee52a102446f0283839daf998adc79f20a0c2713c49ab878646f544,2,2.24,1,116.0,2.24,113.76,2,359,True,
2025-11-06,MNQZ25,A,605aa9c1bee52a102446f0283839daf998adc79f20a0c2713c49ab878646f544,2,2.24,1,453.5,2.24,451.26,2,359,True,
2025-11-07,MNQZ25,A,605aa9c1bee52a102446f0283839daf998adc79f20a0c2713c49ab878646f544,2,2.24,1,-383.5,2.24,-385.74,2,359,True,
2025-11-10,MNQZ25,A,605aa9c1bee52a102446f0283839daf998adc79f20a0c2713c49ab878646f544,2,2.24,1,157.5,2.24,155.26,2,359,True,
2025-11-11,MNQZ25,A,605aa9c1bee52a102446f0283839daf998adc79f20a0c2713c49ab878646f544,2,2.24,1,0.0,0.0,0.0,0,0,True,
2025-11-12,MNQZ25,A,605aa9c1bee52a102446f0283839daf998adc79f20a0c2713c49ab878646f544,2,2.24,1,0.0,0.0,0.0,0,0,True,
2025-11-13,MNQZ25,A,605aa9c1bee52a102446f0283839daf998adc79f20a0c2713c49ab878646f544,2,2.24,1,593.5,2.24,591.26,2,359,True,
2025-11-14,MNQZ25,A,605aa9c1bee52a102446f0283839daf998adc79f20a0c2713c49ab878646f544,2,2.24,1,-247.5,2.24,-249.74,2,269,True,
2025-11-17,MNQZ25,A,605aa9c1bee52a102446f0283839daf998adc79f20a0c2713c49ab878646f544,2,2.24,1,-266.0,2.24,-268.24,2,59,True,
2025-11-18,MNQZ25,A,605aa9c1bee52a102446f0283839daf998adc79f20a0c2713c49ab878646f544,2,2.24,1,-479.5,2.24,-481.74,2,178,True,
2025-11-19,MNQZ25,A,605aa9c1bee52a102446f0283839daf998adc79f20a0c2713c49ab878646f544,2,2.24,1,-506.5,2.24,-508.74,2,124,True,
2025-11-20,MNQZ25,A,605aa9c1bee52a102446f0283839daf998adc79f20a0c2713c49ab878646f544,2,2.24,1,681.0,2.24,678.76,2,209,True,
2025-11-21,MNQZ25,A,605aa9c1bee52a102446f0283839daf998adc79f20a0c2713c49ab878646f544,2,2.24,1,-370.0,2.24,-372.24,2,119,True,
2025-11-24,MNQZ25,A,605aa9c1bee52a102446f0283839daf998adc79f20a0c2713c49ab878646f544,2,2.24,1,464.0,2.24,461.76,2,359,True,
2025-11-25,MNQZ25,A,605aa9c1bee52a102446f0283839daf998adc79f20a0c2713c49ab878646f544,2,2.24,1,0.0,0.0,0.0,0,0,True,
2025-11-26,MNQZ25,A,605aa9c1bee52a102446f0283839daf998adc79f20a0c2713c49ab878646f544,2,2.24,1,0.0,0.0,0.0,0,0,True,
2025-12-02,MNQZ25,A,605aa9c1bee52a102446f0283839daf998adc79f20a0c2713c49ab878646f544,2,2.24,1,0.0,0.0,0.0,0,0,True,
2025-12-03,MNQZ25,A,605aa9c1bee52a102446f0283839daf998adc79f20a0c2713c49ab878646f544,2,2.24,1,0.0,0.0,0.0,0,0,True,
2025-12-04,MNQZ25,A,605aa9c1bee52a102446f0283839daf998adc79f20a0c2713c49ab878646f544,2,2.24,1,0.0,0.0,0.0,0,0,True,
2025-12-05,MNQZ25,A,605aa9c1bee52a102446f0283839daf998adc79f20a0c2713c49ab878646f544,2,2.24,1,-240.0,2.24,-242.24,2,329,True,
2025-12-08,MNQZ25,A,605aa9c1bee52a102446f0283839daf998adc79f20a0c2713c49ab878646f544,2,2.24,1,0.0,0.0,0.0,0,0,True,
2025-12-09,MNQZ25,A,605aa9c1bee52a102446f0283839daf998adc79f20a0c2713c49ab878646f544,2,2.24,1,0.0,0.0,0.0,0,0,True,
2025-12-10,MNQZ25,A,605aa9c1bee52a102446f0283839daf998adc79f20a0c2713c49ab878646f544,2,2.24,1,0.0,0.0,0.0,0,0,True,
2025-12-11,MNQZ25,A,605aa9c1bee52a102446f0283839daf998adc79f20a0c2713c49ab878646f544,2,2.24,1,-518.5,2.24,-520.74,2,217,True,
2025-12-12,MNQZ25,A,605aa9c1bee52a102446f0283839daf998adc79f20a0c2713c49ab878646f544,2,2.24,1,221.0,2.24,218.76,2,329,True,
2025-12-15,MNQZ25,A,605aa9c1bee52a102446f0283839daf998adc79f20a0c2713c49ab878646f544,2,2.24,1,-3.0,2.24,-5.24,2,329,True,
2025-12-16,MNQZ25,A,605aa9c1bee52a102446f0283839daf998adc79f20a0c2713c49ab878646f544,2,2.24,1,0.0,0.0,0.0,0,0,True,
2025-12-17,MNQZ25,A,605aa9c1bee52a102446f0283839daf998adc79f20a0c2713c49ab878646f544,2,2.24,1,351.5,2.24,349.26,2,299,True,
2025-12-18,MNQZ25,A,605aa9c1bee52a102446f0283839daf998adc79f20a0c2713c49ab878646f544,2,2.24,1,0.0,0.0,0.0,0,0,True,
2025-12-22,MNQH26,A,605aa9c1bee52a102446f0283839daf998adc79f20a0c2713c49ab878646f544,2,2.24,1,0.0,0.0,0.0,0,0,True,
2025-12-23,MNQH26,A,605aa9c1bee52a102446f0283839daf998adc79f20a0c2713c49ab878646f544,2,2.24,1,0.0,0.0,0.0,0,0,True,
2025-12-29,MNQH26,A,605aa9c1bee52a102446f0283839daf998adc79f20a0c2713c49ab878646f544,2,2.24,1,0.0,0.0,0.0,0,0,True,
2025-12-30,MNQH26,A,605aa9c1bee52a102446f0283839daf998adc79f20a0c2713c49ab878646f544,2,2.24,1,0.0,0.0,0.0,0,0,True,
2025-12-31,MNQH26,A,605aa9c1bee52a102446f0283839daf998adc79f20a0c2713c49ab878646f544,2,2.24,1,65.0,2.24,62.76,2,29,True,
2026-01-05,MNQH26,A,605aa9c1bee52a102446f0283839daf998adc79f20a0c2713c49ab878646f544,2,2.24,1,0.0,0.0,0.0,0,0,True,
2026-01-06,MNQH26,A,605aa9c1bee52a102446f0283839daf998adc79f20a0c2713c49ab878646f544,2,2.24,1,102.5,2.24,100.26,2,359,True,
2026-01-07,MNQH26,A,605aa9c1bee52a102446f0283839daf998adc79f20a0c2713c49ab878646f544,2,2.24,1,-277.0,2.24,-279.24,2,239,True,
2026-01-08,MNQH26,A,605aa9c1bee52a102446f0283839daf998adc79f20a0c2713c49ab878646f544,2,2.24,1,-184.5,2.24,-186.74,2,359,True,
2026-01-09,MNQH26,A,605aa9c1bee52a102446f0283839daf998adc79f20a0c2713c49ab878646f544,2,2.24,1,169.5,2.24,167.26,2,329,True,
2026-01-12,MNQH26,A,605aa9c1bee52a102446f0283839daf998adc79f20a0c2713c49ab878646f544,2,2.24,1,0.0,0.0,0.0,0,0,True,
2026-01-13,MNQH26,A,605aa9c1bee52a102446f0283839daf998adc79f20a0c2713c49ab878646f544,2,2.24,1,-147.0,2.24,-149.24,2,329,True,
2026-01-14,MNQH26,A,605aa9c1bee52a102446f0283839daf998adc79f20a0c2713c49ab878646f544,2,2.24,1,-196.0,2.24,-198.24,2,359,True,
2026-01-15,MNQH26,A,605aa9c1bee52a102446f0283839daf998adc79f20a0c2713c49ab878646f544,2,2.24,1,0.0,0.0,0.0,0,0,True,
2026-01-16,MNQH26,A,605aa9c1bee52a102446f0283839daf998adc79f20a0c2713c49ab878646f544,2,2.24,1,0.0,0.0,0.0,0,0,True,
2026-01-21,MNQH26,A,605aa9c1bee52a102446f0283839daf998adc79f20a0c2713c49ab878646f544,2,2.24,1,285.0,2.24,282.76,2,359,True,
2026-01-22,MNQH26,A,605aa9c1bee52a102446f0283839daf998adc79f20a0c2713c49ab878646f544,2,2.24,1,0.0,0.0,0.0,0,0,True,
2026-01-23,MNQH26,A,605aa9c1bee52a102446f0283839daf998adc79f20a0c2713c49ab878646f544,2,2.24,1,-198.0,2.24,-200.24,2,299,True,
2026-01-26,MNQH26,A,605aa9c1bee52a102446f0283839daf998adc79f20a0c2713c49ab878646f544,2,2.24,1,-92.5,2.24,-94.74,2,299,True,
2026-01-27,MNQH26,A,605aa9c1bee52a102446f0283839daf998adc79f20a0c2713c49ab878646f544,2,2.24,1,0.0,0.0,0.0,0,0,True,
2026-01-28,MNQH26,A,605aa9c1bee52a102446f0283839daf998adc79f20a0c2713c49ab878646f544,2,2.24,1,0.0,0.0,0.0,0,0,True,
2026-01-29,MNQH26,A,605aa9c1bee52a102446f0283839daf998adc79f20a0c2713c49ab878646f544,2,2.24,1,-368.0,2.24,-370.24,2,359,True,
2026-01-30,MNQH26,A,605aa9c1bee52a102446f0283839daf998adc79f20a0c2713c49ab878646f544,2,2.24,1,-7.0,2.24,-9.24,2,179,True,
2026-02-02,MNQH26,A,605aa9c1bee52a102446f0283839daf998adc79f20a0c2713c49ab878646f544,2,2.24,1,8.5,2.24,6.26,2,329,True,
2026-02-03,MNQH26,A,605aa9c1bee52a102446f0283839daf998adc79f20a0c2713c49ab878646f544,2,2.24,1,328.5,2.24,326.26,2,359,True,
2026-02-04,MNQH26,A,605aa9c1bee52a102446f0283839daf998adc79f20a0c2713c49ab878646f544,2,2.24,1,312.5,2.24,310.26,2,359,True,
2026-02-05,MNQH26,A,605aa9c1bee52a102446f0283839daf998adc79f20a0c2713c49ab878646f544,2,2.24,1,-437.0,2.24,-439.24,2,81,True,
2026-02-06,MNQH26,A,605aa9c1bee52a102446f0283839daf998adc79f20a0c2713c49ab878646f544,2,2.24,1,259.5,2.24,257.26,2,269,True,
2026-02-09,MNQH26,A,605aa9c1bee52a102446f0283839daf998adc79f20a0c2713c49ab878646f544,2,2.24,1,-32.5,2.24,-34.74,2,269,True,
2026-02-10,MNQH26,A,605aa9c1bee52a102446f0283839daf998adc79f20a0c2713c49ab878646f544,2,2.24,1,0.0,0.0,0.0,0,0,True,
2026-02-11,MNQH26,A,605aa9c1bee52a102446f0283839daf998adc79f20a0c2713c49ab878646f544,2,2.24,1,0.0,0.0,0.0,0,0,True,
2026-02-12,MNQH26,A,605aa9c1bee52a102446f0283839daf998adc79f20a0c2713c49ab878646f544,2,2.24,1,502.5,2.24,500.26,2,299,True,
2026-02-13,MNQH26,A,605aa9c1bee52a102446f0283839daf998adc79f20a0c2713c49ab878646f544,2,2.24,1,0.0,0.0,0.0,0,0,True,
2026-02-18,MNQH26,A,605aa9c1bee52a102446f0283839daf998adc79f20a0c2713c49ab878646f544,2,2.24,1,6.5,2.24,4.26,2,359,True,
2026-02-19,MNQH26,A,605aa9c1bee52a102446f0283839daf998adc79f20a0c2713c49ab878646f544,2,2.24,1,0.0,0.0,0.0,0,0,True,
2026-02-20,MNQH26,A,605aa9c1bee52a102446f0283839daf998adc79f20a0c2713c49ab878646f544,2,2.24,1,-59.5,2.24,-61.74,2,299,True,
2026-02-23,MNQH26,A,605aa9c1bee52a102446f0283839daf998adc79f20a0c2713c49ab878646f544,2,2.24,1,-34.0,2.24,-36.24,2,299,True,
2026-02-24,MNQH26,A,605aa9c1bee52a102446f0283839daf998adc79f20a0c2713c49ab878646f544,2,2.24,1,27.0,2.24,24.759999999999998,2,329,True,
2026-02-25,MNQH26,A,605aa9c1bee52a102446f0283839daf998adc79f20a0c2713c49ab878646f544,2,2.24,1,82.0,2.24,79.76,2,359,True,
2026-02-26,MNQH26,A,605aa9c1bee52a102446f0283839daf998adc79f20a0c2713c49ab878646f544,2,2.24,1,186.5,2.24,184.26,2,359,True,
2026-02-27,MNQH26,A,605aa9c1bee52a102446f0283839daf998adc79f20a0c2713c49ab878646f544,2,2.24,1,0.0,0.0,0.0,0,0,True,
2026-03-02,MNQH26,A,605aa9c1bee52a102446f0283839daf998adc79f20a0c2713c49ab878646f544,2,2.24,1,0.0,0.0,0.0,0,0,True,
2026-03-03,MNQH26,A,605aa9c1bee52a102446f0283839daf998adc79f20a0c2713c49ab878646f544,2,2.24,1,0.0,0.0,0.0,0,0,True,
2026-03-04,MNQH26,A,605aa9c1bee52a102446f0283839daf998adc79f20a0c2713c49ab878646f544,2,2.24,1,-14.5,2.24,-16.740000000000002,2,329,True,
2026-03-05,MNQH26,A,605aa9c1bee52a102446f0283839daf998adc79f20a0c2713c49ab878646f544,2,2.24,1,0.0,0.0,0.0,0,0,True,
2026-03-06,MNQH26,A,605aa9c1bee52a102446f0283839daf998adc79f20a0c2713c49ab878646f544,2,2.24,1,0.0,0.0,0.0,0,0,True,
2026-03-09,MNQH26,A,605aa9c1bee52a102446f0283839daf998adc79f20a0c2713c49ab878646f544,2,2.24,1,174.5,2.24,172.26,2,29,True,
2026-03-10,MNQH26,A,605aa9c1bee52a102446f0283839daf998adc79f20a0c2713c49ab878646f544,2,2.24,1,0.0,0.0,0.0,0,0,True,
2026-03-11,MNQH26,A,605aa9c1bee52a102446f0283839daf998adc79f20a0c2713c49ab878646f544,2,2.24,1,0.0,0.0,0.0,0,0,True,
2026-03-12,MNQH26,A,605aa9c1bee52a102446f0283839daf998adc79f20a0c2713c49ab878646f544,2,2.24,1,287.0,2.24,284.76,2,359,True,
2026-03-13,MNQH26,A,605aa9c1bee52a102446f0283839daf998adc79f20a0c2713c49ab878646f544,2,2.24,1,0.0,0.0,0.0,0,0,True,
2026-03-16,MNQH26,A,605aa9c1bee52a102446f0283839daf998adc79f20a0c2713c49ab878646f544,2,2.24,1,0.0,0.0,0.0,0,0,True,
2026-03-17,MNQH26,A,605aa9c1bee52a102446f0283839daf998adc79f20a0c2713c49ab878646f544,2,2.24,1,0.0,0.0,0.0,0,0,True,
2026-03-18,MNQH26,A,605aa9c1bee52a102446f0283839daf998adc79f20a0c2713c49ab878646f544,2,2.24,1,201.0,2.24,198.76,2,59,True,
2026-03-19,MNQH26,A,605aa9c1bee52a102446f0283839daf998adc79f20a0c2713c49ab878646f544,2,2.24,1,0.0,0.0,0.0,0,0,True,
2026-03-23,MNQM26,A,605aa9c1bee52a102446f0283839daf998adc79f20a0c2713c49ab878646f544,2,2.24,1,-481.5,2.24,-483.74,2,145,True,
2026-03-24,MNQM26,A,605aa9c1bee52a102446f0283839daf998adc79f20a0c2713c49ab878646f544,2,2.24,1,0.0,0.0,0.0,0,0,True,
2026-03-25,MNQM26,A,605aa9c1bee52a102446f0283839daf998adc79f20a0c2713c49ab878646f544,2,2.24,1,0.0,0.0,0.0,0,0,True,
2026-03-26,MNQM26,A,605aa9c1bee52a102446f0283839daf998adc79f20a0c2713c49ab878646f544,2,2.24,1,432.5,2.24,430.26,2,209,True,
2026-03-27,MNQM26,A,605aa9c1bee52a102446f0283839daf998adc79f20a0c2713c49ab878646f544,2,2.24,1,395.0,2.24,392.76,2,359,True,
2026-03-30,MNQM26,A,605aa9c1bee52a102446f0283839daf998adc79f20a0c2713c49ab878646f544,2,2.24,1,123.5,2.24,121.26,2,149,True,
2026-03-31,MNQM26,A,605aa9c1bee52a102446f0283839daf998adc79f20a0c2713c49ab878646f544,2,2.24,1,678.5,2.24,676.26,2,359,True,
2026-04-01,MNQM26,A,605aa9c1bee52a102446f0283839daf998adc79f20a0c2713c49ab878646f544,2,2.24,1,-10.0,2.24,-12.24,2,329,True,
2026-04-02,MNQM26,A,605aa9c1bee52a102446f0283839daf998adc79f20a0c2713c49ab878646f544,2,2.24,1,0.0,0.0,0.0,0,0,True,
2026-04-07,MNQM26,A,605aa9c1bee52a102446f0283839daf998adc79f20a0c2713c49ab878646f544,2,2.24,1,-532.0,2.24,-534.24,2,359,True,
2026-04-08,MNQM26,A,605aa9c1bee52a102446f0283839daf998adc79f20a0c2713c49ab878646f544,2,2.24,1,0.0,0.0,0.0,0,0,True,
2026-04-09,MNQM26,A,605aa9c1bee52a102446f0283839daf998adc79f20a0c2713c49ab878646f544,2,2.24,1,69.0,2.24,66.76,2,209,True,
2026-04-10,MNQM26,A,605aa9c1bee52a102446f0283839daf998adc79f20a0c2713c49ab878646f544,2,2.24,1,0.0,0.0,0.0,0,0,True,
2026-04-13,MNQM26,A,605aa9c1bee52a102446f0283839daf998adc79f20a0c2713c49ab878646f544,2,2.24,1,0.0,0.0,0.0,0,0,True,
2026-04-14,MNQM26,A,605aa9c1bee52a102446f0283839daf998adc79f20a0c2713c49ab878646f544,2,2.24,1,388.0,2.24,385.76,2,329,True,
2026-04-15,MNQM26,A,605aa9c1bee52a102446f0283839daf998adc79f20a0c2713c49ab878646f544,2,2.24,1,414.0,2.24,411.76,2,299,True,
2026-04-16,MNQM26,A,605aa9c1bee52a102446f0283839daf998adc79f20a0c2713c49ab878646f544,2,2.24,1,0.0,0.0,0.0,0,0,True,
2026-04-17,MNQM26,A,605aa9c1bee52a102446f0283839daf998adc79f20a0c2713c49ab878646f544,2,2.24,1,0.0,0.0,0.0,0,0,True,
2026-04-20,MNQM26,A,605aa9c1bee52a102446f0283839daf998adc79f20a0c2713c49ab878646f544,2,2.24,1,-213.0,2.24,-215.24,2,299,True,
2026-04-21,MNQM26,A,605aa9c1bee52a102446f0283839daf998adc79f20a0c2713c49ab878646f544,2,2.24,1,0.0,0.0,0.0,0,0,True,
2026-04-22,MNQM26,A,605aa9c1bee52a102446f0283839daf998adc79f20a0c2713c49ab878646f544,2,2.24,1,0.0,0.0,0.0,0,0,True,
2026-04-23,MNQM26,A,605aa9c1bee52a102446f0283839daf998adc79f20a0c2713c49ab878646f544,2,2.24,1,0.0,0.0,0.0,0,0,True,
2026-04-24,MNQM26,A,605aa9c1bee52a102446f0283839daf998adc79f20a0c2713c49ab878646f544,2,2.24,1,80.5,2.24,78.26,2,239,True,
2026-04-27,MNQM26,A,605aa9c1bee52a102446f0283839daf998adc79f20a0c2713c49ab878646f544,2,2.24,1,0.0,0.0,0.0,0,0,True,
2026-04-28,MNQM26,A,605aa9c1bee52a102446f0283839daf998adc79f20a0c2713c49ab878646f544,2,2.24,1,-261.0,2.24,-263.24,2,269,True,
2026-04-29,MNQM26,A,605aa9c1bee52a102446f0283839daf998adc79f20a0c2713c49ab878646f544,2,2.24,1,60.0,2.24,57.76,2,299,True,
2026-04-30,MNQM26,A,605aa9c1bee52a102446f0283839daf998adc79f20a0c2713c49ab878646f544,2,2.24,1,-477.0,2.24,-479.24,2,210,True,
2026-05-01,MNQM26,A,605aa9c1bee52a102446f0283839daf998adc79f20a0c2713c49ab878646f544,2,2.24,1,-60.0,2.24,-62.24,2,359,True,
2026-05-04,MNQM26,A,605aa9c1bee52a102446f0283839daf998adc79f20a0c2713c49ab878646f544,2,2.24,1,-126.0,2.24,-128.24,2,179,True,
2026-05-05,MNQM26,A,605aa9c1bee52a102446f0283839daf998adc79f20a0c2713c49ab878646f544,2,2.24,1,125.5,2.24,123.26,2,359,True,
2026-05-06,MNQM26,A,605aa9c1bee52a102446f0283839daf998adc79f20a0c2713c49ab878646f544,2,2.24,1,488.5,2.24,486.26,2,359,True,
2026-05-07,MNQM26,A,605aa9c1bee52a102446f0283839daf998adc79f20a0c2713c49ab878646f544,2,2.24,1,-485.0,2.24,-487.24,2,169,True,
2026-05-08,MNQM26,A,605aa9c1bee52a102446f0283839daf998adc79f20a0c2713c49ab878646f544,2,2.24,1,472.5,2.24,470.26,2,359,True,
2026-05-11,MNQM26,A,605aa9c1bee52a102446f0283839daf998adc79f20a0c2713c49ab878646f544,2,2.24,1,0.0,0.0,0.0,0,0,True,
2026-05-12,MNQM26,A,605aa9c1bee52a102446f0283839daf998adc79f20a0c2713c49ab878646f544,2,2.24,1,-107.0,2.24,-109.24,2,359,True,
2026-05-13,MNQM26,A,605aa9c1bee52a102446f0283839daf998adc79f20a0c2713c49ab878646f544,2,2.24,1,84.5,2.24,82.26,2,209,True,
2026-05-14,MNQM26,A,605aa9c1bee52a102446f0283839daf998adc79f20a0c2713c49ab878646f544,2,2.24,1,126.5,2.24,124.26,2,329,True,
2026-05-15,MNQM26,A,605aa9c1bee52a102446f0283839daf998adc79f20a0c2713c49ab878646f544,2,2.24,1,-474.0,2.24,-476.24,2,203,True,
2026-05-18,MNQM26,A,605aa9c1bee52a102446f0283839daf998adc79f20a0c2713c49ab878646f544,2,2.24,1,22.0,2.24,19.759999999999998,2,299,True,
2026-05-19,MNQM26,A,605aa9c1bee52a102446f0283839daf998adc79f20a0c2713c49ab878646f544,2,2.24,1,-444.5,2.24,-446.74,2,128,True,
2026-05-20,MNQM26,A,605aa9c1bee52a102446f0283839daf998adc79f20a0c2713c49ab878646f544,2,2.24,1,311.5,2.24,309.26,2,329,True,
2026-05-21,MNQM26,A,605aa9c1bee52a102446f0283839daf998adc79f20a0c2713c49ab878646f544,2,2.24,1,0.0,0.0,0.0,0,0,True,
2026-05-22,MNQM26,A,605aa9c1bee52a102446f0283839daf998adc79f20a0c2713c49ab878646f544,2,2.24,1,0.0,0.0,0.0,0,0,True,
2026-05-27,MNQM26,A,605aa9c1bee52a102446f0283839daf998adc79f20a0c2713c49ab878646f544,2,2.24,1,-235.5,2.24,-237.74,2,329,True,
2026-05-28,MNQM26,A,605aa9c1bee52a102446f0283839daf998adc79f20a0c2713c49ab878646f544,2,2.24,1,80.5,2.24,78.26,2,269,True,
2026-05-29,MNQM26,A,605aa9c1bee52a102446f0283839daf998adc79f20a0c2713c49ab878646f544,2,2.24,1,-258.5,2.24,-260.74,2,359,True,
2026-06-01,MNQM26,A,605aa9c1bee52a102446f0283839daf998adc79f20a0c2713c49ab878646f544,2,2.24,1,-199.5,2.24,-201.74,2,119,True,
2026-06-02,MNQM26,A,605aa9c1bee52a102446f0283839daf998adc79f20a0c2713c49ab878646f544,2,2.24,1,0.0,0.0,0.0,0,0,True,
2026-06-03,MNQM26,A,605aa9c1bee52a102446f0283839daf998adc79f20a0c2713c49ab878646f544,2,2.24,1,-51.5,2.24,-53.74,2,359,True,
2026-06-04,MNQM26,A,605aa9c1bee52a102446f0283839daf998adc79f20a0c2713c49ab878646f544,2,2.24,1,0.0,0.0,0.0,0,0,True,
2026-06-05,MNQM26,A,605aa9c1bee52a102446f0283839daf998adc79f20a0c2713c49ab878646f544,2,2.24,1,1539.5,2.24,1537.26,2,359,True,
2026-06-08,MNQM26,A,605aa9c1bee52a102446f0283839daf998adc79f20a0c2713c49ab878646f544,2,2.24,1,-498.0,2.24,-500.24,2,255,True,
2026-06-09,MNQM26,A,605aa9c1bee52a102446f0283839daf998adc79f20a0c2713c49ab878646f544,2,2.24,1,234.5,2.24,232.26,2,299,True,
2026-06-10,MNQM26,A,605aa9c1bee52a102446f0283839daf998adc79f20a0c2713c49ab878646f544,2,2.24,1,108.0,2.24,105.76,2,59,True,
2026-06-11,MNQM26,A,605aa9c1bee52a102446f0283839daf998adc79f20a0c2713c49ab878646f544,2,2.24,1,-77.0,4.48,-81.48,4,207,True,
2026-06-12,MNQM26,A,605aa9c1bee52a102446f0283839daf998adc79f20a0c2713c49ab878646f544,2,2.24,1,-28.0,2.24,-30.240000000000002,2,299,True,
2026-06-15,MNQM26,A,605aa9c1bee52a102446f0283839daf998adc79f20a0c2713c49ab878646f544,2,2.24,1,239.5,2.24,237.26,2,329,True,
2026-06-16,MNQM26,A,605aa9c1bee52a102446f0283839daf998adc79f20a0c2713c49ab878646f544,2,2.24,1,698.0,2.24,695.76,2,329,True,
2026-06-17,MNQM26,A,605aa9c1bee52a102446f0283839daf998adc79f20a0c2713c49ab878646f544,2,2.24,1,0.0,0.0,0.0,0,0,True,
2026-06-23,MNQU26,A,605aa9c1bee52a102446f0283839daf998adc79f20a0c2713c49ab878646f544,2,2.24,1,0.0,0.0,0.0,0,0,True,
2026-06-24,MNQU26,A,605aa9c1bee52a102446f0283839daf998adc79f20a0c2713c49ab878646f544,2,2.24,1,-714.5,4.48,-718.98,4,219,True,
2026-06-25,MNQU26,A,605aa9c1bee52a102446f0283839daf998adc79f20a0c2713c49ab878646f544,2,2.24,1,-373.0,2.24,-375.24,2,7,True,
2026-06-26,MNQU26,A,605aa9c1bee52a102446f0283839daf998adc79f20a0c2713c49ab878646f544,2,2.24,1,0.0,0.0,0.0,0,0,True,
2026-06-29,MNQU26,A,605aa9c1bee52a102446f0283839daf998adc79f20a0c2713c49ab878646f544,2,2.24,1,57.5,2.24,55.26,2,149,True,
2026-06-30,MNQU26,A,605aa9c1bee52a102446f0283839daf998adc79f20a0c2713c49ab878646f544,2,2.24,1,394.5,2.24,392.26,2,359,True,
2026-07-01,MNQU26,A,605aa9c1bee52a102446f0283839daf998adc79f20a0c2713c49ab878646f544,2,2.24,1,0.0,0.0,0.0,0,0,True,
2026-07-02,MNQU26,A,605aa9c1bee52a102446f0283839daf998adc79f20a0c2713c49ab878646f544,2,2.24,1,128.0,4.48,123.52,4,326,True,
2026-07-07,MNQU26,A,605aa9c1bee52a102446f0283839daf998adc79f20a0c2713c49ab878646f544,2,2.24,1,-488.5,2.24,-490.74,2,120,True,
2026-07-08,MNQU26,A,605aa9c1bee52a102446f0283839daf998adc79f20a0c2713c49ab878646f544,2,2.24,1,0.0,0.0,0.0,0,0,True,
2026-07-09,MNQU26,A,605aa9c1bee52a102446f0283839daf998adc79f20a0c2713c49ab878646f544,2,2.24,1,0.0,0.0,0.0,0,0,True,
2026-07-10,MNQU26,A,605aa9c1bee52a102446f0283839daf998adc79f20a0c2713c49ab878646f544,2,2.24,1,0.0,0.0,0.0,0,0,True,
2026-07-13,MNQU26,A,605aa9c1bee52a102446f0283839daf998adc79f20a0c2713c49ab878646f544,2,2.24,1,0.0,0.0,0.0,0,0,True,
2026-07-14,MNQU26,A,605aa9c1bee52a102446f0283839daf998adc79f20a0c2713c49ab878646f544,2,2.24,1,0.0,0.0,0.0,0,0,True,
2026-07-15,MNQU26,A,605aa9c1bee52a102446f0283839daf998adc79f20a0c2713c49ab878646f544,2,2.24,1,-168.5,2.24,-170.74,2,299,True,
2026-07-16,MNQU26,A,605aa9c1bee52a102446f0283839daf998adc79f20a0c2713c49ab878646f544,2,2.24,1,-139.0,2.24,-141.24,2,29,True,
2026-07-17,MNQU26,A,605aa9c1bee52a102446f0283839daf998adc79f20a0c2713c49ab878646f544,2,2.24,1,0.0,0.0,0.0,0,0,True,
2026-07-20,MNQU26,A,605aa9c1bee52a102446f0283839daf998adc79f20a0c2713c49ab878646f544,2,2.24,1,0.0,0.0,0.0,0,0,True,
2026-07-21,MNQU26,A,605aa9c1bee52a102446f0283839daf998adc79f20a0c2713c49ab878646f544,2,2.24,1,0.0,0.0,0.0,0,0,True,
2026-07-22,MNQU26,A,605aa9c1bee52a102446f0283839daf998adc79f20a0c2713c49ab878646f544,2,2.24,1,0.0,0.0,0.0,0,0,True,
2026-07-23,MNQU26,A,605aa9c1bee52a102446f0283839daf998adc79f20a0c2713c49ab878646f544,2,2.24,1,-55.5,2.24,-57.74,2,299,True,
2026-07-24,MNQU26,A,605aa9c1bee52a102446f0283839daf998adc79f20a0c2713c49ab878646f544,2,2.24,1,-301.0,4.48,-305.48,4,189,True,
2026-07-27,MNQU26,A,605aa9c1bee52a102446f0283839daf998adc79f20a0c2713c49ab878646f544,2,2.24,1,-235.5,2.24,-237.74,2,329,True,
2026-07-28,MNQU26,A,605aa9c1bee52a102446f0283839daf998adc79f20a0c2713c49ab878646f544,2,2.24,1,-379.0,2.24,-381.24,2,78,True,
2026-07-29,MNQU26,A,605aa9c1bee52a102446f0283839daf998adc79f20a0c2713c49ab878646f544,2,2.24,1,318.0,4.48,313.52,4,313,True,
2026-07-30,MNQU26,A,605aa9c1bee52a102446f0283839daf998adc79f20a0c2713c49ab878646f544,2,2.24,1,149.5,2.24,147.26,2,359,True,
2026-07-31,MNQU26,A,605aa9c1bee52a102446f0283839daf998adc79f20a0c2713c49ab878646f544,2,2.24,1,0.0,0.0,0.0,0,0,True,
2026-08-03,MNQU26,A,605aa9c1bee52a102446f0283839daf998adc79f20a0c2713c49ab878646f544,2,2.24,1,597.0,2.24,594.76,2,359,True,
2026-08-04,MNQU26,A,605aa9c1bee52a102446f0283839daf998adc79f20a0c2713c49ab878646f544,2,2.24,1,836.0,2.24,833.76,2,359,True,
2026-08-05,MNQU26,A,605aa9c1bee52a102446f0283839daf998adc79f20a0c2713c49ab878646f544,2,2.24,1,0.0,0.0,0.0,0,0,True,
2026-08-06,MNQU26,A,605aa9c1bee52a102446f0283839daf998adc79f20a0c2713c49ab878646f544,2,2.24,1,0.0,0.0,0.0,0,0,True,
2026-08-07,MNQU26,A,605aa9c1bee52a102446f0283839daf998adc79f20a0c2713c49ab878646f544,2,2.24,1,0.0,0.0,0.0,0,0,True,
2026-08-10,MNQU26,A,605aa9c1bee52a102446f0283839daf998adc79f20a0c2713c49ab878646f544,2,2.24,1,0.0,0.0,0.0,0,0,True,
2026-08-11,MNQU26,A,605aa9c1bee52a102446f0283839daf998adc79f20a0c2713c49ab878646f544,2,2.24,1,0.0,0.0,0.0,0,0,True,
2026-08-12,MNQU26,A,605aa9c1bee52a102446f0283839daf998adc79f20a0c2713c49ab878646f544,2,2.24,1,0.0,0.0,0.0,0,0,True,
2026-08-13,MNQU26,A,605aa9c1bee52a102446f0283839daf998adc79f20a0c2713c49ab878646f544,2,2.24,1,26.0,2.24,23.759999999999998,2,359,True,
2026-08-14,MNQU26,A,605aa9c1bee52a102446f0283839daf998adc79f20a0c2713c49ab878646f544,2,2.24,1,0.0,0.0,0.0,0,0,True,
2026-08-17,MNQU26,A,605aa9c1bee52a102446f0283839daf998adc79f20a0c2713c49ab878646f544,2,2.24,1,0.0,0.0,0.0,0,0,True,
2026-08-18,MNQU26,A,605aa9c1bee52a102446f0283839daf998adc79f20a0c2713c49ab878646f544,2,2.24,1,0.0,0.0,0.0,0,0,True,
2026-08-19,MNQU26,A,605aa9c1bee52a102446f0283839daf998adc79f20a0c2713c49ab878646f544,2,2.24,1,0.0,0.0,0.0,0,0,True,
2026-08-20,MNQU26,A,605aa9c1bee52a102446f0283839daf998adc79f20a0c2713c49ab878646f544,2,2.24,1,0.0,0.0,0.0,0,0,True,
2026-08-21,MNQU26,A,605aa9c1bee52a102446f0283839daf998adc79f20a0c2713c49ab878646f544,2,2.24,1,0.0,0.0,0.0,0,0,True,
2026-08-24,MNQU26,A,605aa9c1bee52a102446f0283839daf998adc79f20a0c2713c49ab878646f544,2,2.24,1,-173.5,2.24,-175.74,2,359,True,
2026-08-25,MNQU26,A,605aa9c1bee52a102446f0283839daf998adc79f20a0c2713c49ab878646f544,2,2.24,1,0.0,0.0,0.0,0,0,True,
2026-08-26,MNQU26,A,605aa9c1bee52a102446f0283839daf998adc79f20a0c2713c49ab878646f544,2,2.24,1,0.0,0.0,0.0,0,0,True,
2026-08-27,MNQU26,A,605aa9c1bee52a102446f0283839daf998adc79f20a0c2713c49ab878646f544,2,2.24,1,175.5,2.24,173.26,2,209,True,
