day,contract,arm,arm_hash,delay,direction,entry_event_timestamp,entry_signal_timestamp,entry_fill_timestamp,exit_event_timestamp,exit_fill_timestamp,exit_fill_time_basis,entry_signal_price,exit_signal_price,entry_fill,exit_fill,quantity,gross,costs,net,exit_reason,entry_slope,entry_r2,entry_efficiency,entry_displacement,eligible,exclusion
2021-01-15,MNQH21,A,605aa9c1bee52a102446f0283839daf998adc79f20a0c2713c49ab878646f544,2,-1,2021-01-15T10:32:00-05:00,2021-01-15T10:30:00-05:00,2021-01-15T10:31:00-05:00,2021-01-15T16:00:00-05:00,2021-01-15T16:00:00-05:00,session_close_proxy,12792.25,12799.25,12786.75,12799.25,1,-25.0,2.24,-27.240000000000002,EOD_CLOSE_PROXY,-3.8814794215795327,0.7695547498166243,0.3140625,-100.5,True,
2021-01-20,MNQH21,A,605aa9c1bee52a102446f0283839daf998adc79f20a0c2713c49ab878646f544,2,1,2021-01-20T10:32:00-05:00,2021-01-20T10:30:00-05:00,2021-01-20T10:31:00-05:00,2021-01-20T16:00:00-05:00,2021-01-20T16:00:00-05:00,session_close_proxy,13230.5,13286.0,13228.0,13286.0,1,116.0,2.24,113.76,EOD_CLOSE_PROXY,2.2389877641824247,0.6921096704822265,0.4816247582205029,62.25,True,
2021-01-25,MNQH21,A,605aa9c1bee52a102446f0283839daf998adc79f20a0c2713c49ab878646f544,2,1,2021-01-25T10:02:00-05:00,2021-01-25T10:00:00-05:00,2021-01-25T10:01:00-05:00,2021-01-25T11:05:00-05:00,,intrabar_unknown_within_event_minute,13538.75,13288.75,13536.25,13288.75,1,-495.0,2.24,-497.24,CAT_STOP,0.27586206896551724,0.04582344546732834,0.18125,29.0,True,
2021-01-27,MNQH21,A,605aa9c1bee52a102446f0283839daf998adc79f20a0c2713c49ab878646f544,2,-1,2021-01-27T10:02:00-05:00,2021-01-27T10:00:00-05:00,2021-01-27T10:01:00-05:00,2021-01-27T16:00:00-05:00,2021-01-27T16:00:00-05:00,session_close_proxy,13280.25,13120.25,13289.25,13120.25,1,338.0,2.24,335.76,EOD_CLOSE_PROXY,-1.5628476084538376,0.15652710862970579,0.08853883758826725,-40.75,True,
2021-01-28,MNQH21,A,605aa9c1bee52a102446f0283839daf998adc79f20a0c2713c49ab878646f544,2,1,2021-01-28T10:02:00-05:00,2021-01-28T10:00:00-05:00,2021-01-28T10:01:00-05:00,2021-01-28T16:00:00-05:00,2021-01-28T16:00:00-05:00,session_close_proxy,13188.5,13185.25,13187.25,13185.25,1,-4.0,2.24,-6.24,EOD_CLOSE_PROXY,1.4847608453837597,0.2569039241891343,0.0745209368346345,26.25,True,
2021-01-29,MNQH21,A,605aa9c1bee52a102446f0283839daf998adc79f20a0c2713c49ab878646f544,2,-1,2021-01-29T11:32:00-05:00,2021-01-29T11:30:00-05:00,2021-01-29T11:31:00-05:00,2021-01-29T16:00:00-05:00,2021-01-29T16:00:00-05:00,session_close_proxy,12994.25,12914.25,12984.75,12914.25,1,141.0,2.24,138.76,EOD_CLOSE_PROXY,-3.8796996662958843,0.8629756899551303,0.4470924690181125,-117.25,True,
2021-02-01,MNQH21,A,605aa9c1bee52a102446f0283839daf998adc79f20a0c2713c49ab878646f544,2,1,2021-02-01T11:32:00-05:00,2021-02-01T11:30:00-05:00,2021-02-01T11:31:00-05:00,2021-02-01T16:00:00-05:00,2021-02-01T16:00:00-05:00,session_close_proxy,13155.0,13230.5,13159.75,13230.5,1,141.5,2.24,139.26,EOD_CLOSE_PROXY,3.515850945494994,0.9686008328685061,0.6270627062706271,95.0,True,
2021-02-02,MNQH21,A,605aa9c1bee52a102446f0283839daf998adc79f20a0c2713c49ab878646f544,2,1,2021-02-02T11:02:00-05:00,2021-02-02T11:00:00-05:00,2021-02-02T11:01:00-05:00,2021-02-02T16:00:00-05:00,2021-02-02T16:00:00-05:00,session_close_proxy,13414.75,13447.75,13404.75,13447.75,1,86.0,2.24,83.76,EOD_CLOSE_PROXY,0.610511679644049,0.41877893649832026,0.16824196597353497,22.25,True,
2021-02-03,MNQH21,A,605aa9c1bee52a102446f0283839daf998adc79f20a0c2713c49ab878646f544,2,-1,2021-02-03T10:32:00-05:00,2021-02-03T10:30:00-05:00,2021-02-03T10:31:00-05:00,2021-02-03T16:00:00-05:00,2021-02-03T16:00:00-05:00,session_close_proxy,13397.5,13388.75,13410.0,13388.75,1,42.5,2.24,40.26,EOD_CLOSE_PROXY,-4.199555061179088,0.9298609506286475,0.4338235294117647,-118.0,True,
2021-02-10,MNQH21,A,605aa9c1bee52a102446f0283839daf998adc79f20a0c2713c49ab878646f544,2,-1,2021-02-10T10:32:00-05:00,2021-02-10T10:30:00-05:00,2021-02-10T10:31:00-05:00,2021-02-10T16:00:00-05:00,2021-02-10T16:00:00-05:00,session_close_proxy,13610.0,13650.5,13602.25,13650.5,1,-96.5,2.24,-98.74,EOD_CLOSE_PROXY,-5.940211345939933,0.8707171226222383,0.5219421101774043,-139.75,True,
2021-02-22,MNQH21,A,605aa9c1bee52a102446f0283839daf998adc79f20a0c2713c49ab878646f544,2,-1,2021-02-22T11:02:00-05:00,2021-02-22T11:00:00-05:00,2021-02-22T11:01:00-05:00,2021-02-22T16:00:00-05:00,2021-02-22T16:00:00-05:00,session_close_proxy,13300.5,13226.75,13311.0,13226.75,1,168.5,2.24,166.26,EOD_CLOSE_PROXY,-1.3987208008898777,0.41645593437820394,0.26436781609195403,-51.75,True,
2021-02-23,MNQH21,A,605aa9c1bee52a102446f0283839daf998adc79f20a0c2713c49ab878646f544,2,-1,2021-02-23T10:02:00-05:00,2021-02-23T10:00:00-05:00,2021-02-23T10:01:00-05:00,2021-02-23T15:06:00-05:00,,intrabar_unknown_within_event_minute,12885.75,13135.75,12882.75,13135.75,1,-506.0,2.24,-508.24,CAT_STOP,-4.435539488320356,0.3785870904296247,0.20285423037716616,-99.5,True,
2021-02-24,MNQH21,A,605aa9c1bee52a102446f0283839daf998adc79f20a0c2713c49ab878646f544,2,-1,2021-02-24T10:02:00-05:00,2021-02-24T10:00:00-05:00,2021-02-24T10:01:00-05:00,2021-02-24T14:02:00-05:00,2021-02-24T14:01:00-05:00,bar_open,13033.25,13252.25,13042.25,13248.25,1,-412.0,2.24,-414.24,REVERSAL,-0.9550611790878755,0.1284144191573225,0.1343115124153499,-59.5,True,
2021-02-24,MNQH21,A,605aa9c1bee52a102446f0283839daf998adc79f20a0c2713c49ab878646f544,2,1,2021-02-24T14:02:00-05:00,2021-02-24T14:00:00-05:00,2021-02-24T14:01:00-05:00,2021-02-24T16:00:00-05:00,2021-02-24T16:00:00-05:00,session_close_proxy,13252.25,13294.5,13248.25,13294.5,1,92.5,2.24,90.26,EOD_CLOSE_PROXY,-0.16484983314794216,0.0564785665543462,0.0756578947368421,11.5,True,
2021-02-25,MNQH21,A,605aa9c1bee52a102446f0283839daf998adc79f20a0c2713c49ab878646f544,2,-1,2021-02-25T11:02:00-05:00,2021-02-25T11:00:00-05:00,2021-02-25T11:01:00-05:00,2021-02-25T16:00:00-05:00,2021-02-25T16:00:00-05:00,session_close_proxy,13131.5,12826.25,13121.75,12826.25,1,591.0,2.24,588.76,EOD_CLOSE_PROXY,-1.0567853170189099,0.17471563628662426,0.043568464730290454,-10.5,True,
2021-02-26,MNQH21,A,605aa9c1bee52a102446f0283839daf998adc79f20a0c2713c49ab878646f544,2,-1,2021-02-26T10:32:00-05:00,2021-02-26T10:30:00-05:00,2021-02-26T10:31:00-05:00,2021-02-26T11:37:00-05:00,,intrabar_unknown_within_event_minute,12760.75,13010.75,12774.75,13010.75,1,-472.0,2.24,-474.24,CAT_STOP,-1.4374304783092324,0.16663127821697035,0.15582592419279365,-83.25,True,
2021-02-26,MNQH21,A,605aa9c1bee52a102446f0283839daf998adc79f20a0c2713c49ab878646f544,2,1,2021-02-26T12:02:00-05:00,2021-02-26T12:00:00-05:00,2021-02-26T12:01:00-05:00,2021-02-26T16:00:00-05:00,2021-02-26T16:00:00-05:00,session_close_proxy,13014.25,12893.75,13011.25,12893.75,1,-235.0,2.24,-237.24,EOD_CLOSE_PROXY,0.48648498331479423,0.06986632395594589,0.2926315789473684,69.5,True,
2021-03-01,MNQH21,A,605aa9c1bee52a102446f0283839daf998adc79f20a0c2713c49ab878646f544,2,1,2021-03-01T11:02:00-05:00,2021-03-01T11:00:00-05:00,2021-03-01T11:01:00-05:00,2021-03-01T16:00:00-05:00,2021-03-01T16:00:00-05:00,session_close_proxy,13179.5,13274.5,13187.25,13274.5,1,174.5,2.24,172.26,EOD_CLOSE_PROXY,1.8205228031145717,0.8939505076248214,0.29838709677419356,37.0,True,
2021-03-02,MNQH21,A,605aa9c1bee52a102446f0283839daf998adc79f20a0c2713c49ab878646f544,2,-1,2021-03-02T10:02:00-05:00,2021-03-02T10:00:00-05:00,2021-03-02T10:01:00-05:00,2021-03-02T16:00:00-05:00,2021-03-02T16:00:00-05:00,session_close_proxy,13219.25,13058.0,13230.25,13058.0,1,344.5,2.24,342.26,EOD_CLOSE_PROXY,-2.299777530589544,0.5849913317181273,0.282,-70.5,True,
2021-03-03,MNQH21,A,605aa9c1bee52a102446f0283839daf998adc79f20a0c2713c49ab878646f544,2,-1,2021-03-03T10:02:00-05:00,2021-03-03T10:00:00-05:00,2021-03-03T10:01:00-05:00,2021-03-03T16:00:00-05:00,2021-03-03T16:00:00-05:00,session_close_proxy,12904.75,12680.25,12905.75,12680.25,1,451.0,2.24,448.76,EOD_CLOSE_PROXY,-3.4991657397107896,0.6399483637828032,0.3765867418899859,-133.5,True,
2021-03-04,MNQH21,A,605aa9c1bee52a102446f0283839daf998adc79f20a0c2713c49ab878646f544,2,-1,2021-03-04T10:02:00-05:00,2021-03-04T10:00:00-05:00,2021-03-04T10:01:00-05:00,2021-03-04T16:00:00-05:00,2021-03-04T16:00:00-05:00,session_close_proxy,12590.0,12471.5,12595.75,12471.5,1,248.5,2.24,246.26,EOD_CLOSE_PROXY,-6.1402669632925475,0.7447653155099828,0.2832369942196532,-98.0,True,
2021-03-05,MNQH21,A,605aa9c1bee52a102446f0283839daf998adc79f20a0c2713c49ab878646f544,2,-1,2021-03-05T10:02:00-05:00,2021-03-05T10:00:00-05:00,2021-03-05T10:01:00-05:00,2021-03-05T15:00:00-05:00,,intrabar_unknown_within_event_minute,12423.5,12673.5,12397.5,12673.5,1,-552.0,2.24,-554.24,CAT_STOP,-5.285761957730812,0.7990472875702593,0.2675222112537019,-135.5,True,
2021-03-08,MNQH21,A,605aa9c1bee52a102446f0283839daf998adc79f20a0c2713c49ab878646f544,2,-1,2021-03-08T10:02:00-05:00,2021-03-08T10:00:00-05:00,2021-03-08T10:01:00-05:00,2021-03-08T16:00:00-05:00,2021-03-08T16:00:00-05:00,session_close_proxy,12578.0,12300.25,12589.25,12300.25,1,578.0,2.24,575.76,EOD_CLOSE_PROXY,0.7838153503893215,0.024647330926590806,0.08641975308641975,-42.0,True,
2021-03-09,MNQH21,A,605aa9c1bee52a102446f0283839daf998adc79f20a0c2713c49ab878646f544,2,1,2021-03-09T10:02:00-05:00,2021-03-09T10:00:00-05:00,2021-03-09T10:01:00-05:00,2021-03-09T16:00:00-05:00,2021-03-09T16:00:00-05:00,session_close_proxy,12704.5,12786.75,12704.25,12786.75,1,165.0,2.24,162.76,EOD_CLOSE_PROXY,3.031924360400445,0.6365146815168531,0.32452518579686207,98.25,True,
2021-03-11,MNQH21,A,605aa9c1bee52a102446f0283839daf998adc79f20a0c2713c49ab878646f544,2,1,2021-03-11T11:32:00-05:00,2021-03-11T11:30:00-05:00,2021-03-11T11:31:00-05:00,2021-03-11T16:00:00-05:00,2021-03-11T16:00:00-05:00,session_close_proxy,13052.25,13046.25,13052.5,13046.25,1,-12.5,2.24,-14.74,EOD_CLOSE_PROXY,0.8657953281423805,0.7397485223158962,0.19213973799126638,22.0,True,
2021-03-16,MNQH21,A,605aa9c1bee52a102446f0283839daf998adc79f20a0c2713c49ab878646f544,2,1,2021-03-16T10:02:00-04:00,2021-03-16T10:00:00-04:00,2021-03-16T10:01:00-04:00,2021-03-16T16:00:00-04:00,2021-03-16T16:00:00-04:00,session_close_proxy,13233.75,13149.25,13232.75,13149.25,1,-167.0,2.24,-169.24,EOD_CLOSE_PROXY,2.1664627363737488,0.8232859154479761,0.44837758112094395,76.0,True,
2021-03-22,MNQM21,A,605aa9c1bee52a102446f0283839daf998adc79f20a0c2713c49ab878646f544,2,1,2021-03-22T10:02:00-04:00,2021-03-22T10:00:00-04:00,2021-03-22T10:01:00-04:00,2021-03-22T16:00:00-04:00,2021-03-22T16:00:00-04:00,session_close_proxy,13008.25,13070.75,13023.75,13070.75,1,94.0,2.24,91.76,EOD_CLOSE_PROXY,1.6791434927697442,0.5685166839050203,0.2898172323759791,55.5,True,
2021-03-26,MNQM21,A,605aa9c1bee52a102446f0283839daf998adc79f20a0c2713c49ab878646f544,2,1,2021-03-26T13:32:00-04:00,2021-03-26T13:30:00-04:00,2021-03-26T13:31:00-04:00,2021-03-26T16:00:00-04:00,2021-03-26T16:00:00-04:00,session_close_proxy,12860.75,12962.75,12866.25,12962.75,1,193.0,2.24,190.76,EOD_CLOSE_PROXY,0.9577864293659621,0.805542839845536,0.203125,19.5,True,
2021-03-29,MNQM21,A,605aa9c1bee52a102446f0283839daf998adc79f20a0c2713c49ab878646f544,2,-1,2021-03-29T10:02:00-04:00,2021-03-29T10:00:00-04:00,2021-03-29T10:01:00-04:00,2021-03-29T16:00:00-04:00,2021-03-29T16:00:00-04:00,session_close_proxy,12854.25,12956.0,12842.75,12956.0,1,-226.5,2.24,-228.74,EOD_CLOSE_PROXY,-3.0483870967741935,0.6043334984960341,0.35255813953488374,-94.75,True,
2021-03-31,MNQM21,A,605aa9c1bee52a102446f0283839daf998adc79f20a0c2713c49ab878646f544,2,1,2021-03-31T10:02:00-04:00,2021-03-31T10:00:00-04:00,2021-03-31T10:01:00-04:00,2021-03-31T16:00:00-04:00,2021-03-31T16:00:00-04:00,session_close_proxy,13052.0,13084.75,13069.5,13084.75,1,30.5,2.24,28.259999999999998,EOD_CLOSE_PROXY,3.0808676307007787,0.9456014455668564,0.5466284074605452,95.25,True,
2021-04-06,MNQM21,A,605aa9c1bee52a102446f0283839daf998adc79f20a0c2713c49ab878646f544,2,1,2021-04-06T12:02:00-04:00,2021-04-06T12:00:00-04:00,2021-04-06T12:01:00-04:00,2021-04-06T16:00:00-04:00,2021-04-06T16:00:00-04:00,session_close_proxy,13651.25,13572.0,13649.0,13572.0,1,-154.0,2.24,-156.24,EOD_CLOSE_PROXY,0.699888765294772,0.7545276646831708,0.3289902280130293,25.25,True,
2021-04-13,MNQM21,A,605aa9c1bee52a102446f0283839daf998adc79f20a0c2713c49ab878646f544,2,1,2021-04-13T10:02:00-04:00,2021-04-13T10:00:00-04:00,2021-04-13T10:01:00-04:00,2021-04-13T16:00:00-04:00,2021-04-13T16:00:00-04:00,session_close_proxy,13941.75,13975.25,13938.0,13975.25,1,74.5,2.24,72.26,EOD_CLOSE_PROXY,2.021690767519466,0.7437250052220654,0.46083788706739526,63.25,True,
2021-04-14,MNQM21,A,605aa9c1bee52a102446f0283839daf998adc79f20a0c2713c49ab878646f544,2,-1,2021-04-14T11:02:00-04:00,2021-04-14T11:00:00-04:00,2021-04-14T11:01:00-04:00,2021-04-14T16:00:00-04:00,2021-04-14T16:00:00-04:00,session_close_proxy,13916.25,13808.5,13925.25,13808.5,1,233.5,2.24,231.26,EOD_CLOSE_PROXY,-0.4731924360400445,0.1997546224548252,0.140625,-18.0,True,
2021-04-15,MNQM21,A,605aa9c1bee52a102446f0283839daf998adc79f20a0c2713c49ab878646f544,2,1,2021-04-15T10:32:00-04:00,2021-04-15T10:30:00-04:00,2021-04-15T10:31:00-04:00,2021-04-15T16:00:00-04:00,2021-04-15T16:00:00-04:00,session_close_proxy,13988.75,14016.0,13991.0,14016.0,1,50.0,2.24,47.76,EOD_CLOSE_PROXY,1.6590100111234705,0.8319824887009245,0.25084745762711863,37.0,True,
2021-04-16,MNQM21,A,605aa9c1bee52a102446f0283839daf998adc79f20a0c2713c49ab878646f544,2,-1,2021-04-16T10:02:00-04:00,2021-04-16T10:00:00-04:00,2021-04-16T10:01:00-04:00,2021-04-16T16:00:00-04:00,2021-04-16T16:00:00-04:00,session_close_proxy,13963.25,14031.0,13959.25,14031.0,1,-143.5,2.24,-145.74,EOD_CLOSE_PROXY,-1.1129588431590656,0.577517147703223,0.34169278996865204,-54.5,True,
2021-04-19,MNQM21,A,605aa9c1bee52a102446f0283839daf998adc79f20a0c2713c49ab878646f544,2,-1,2021-04-19T12:02:00-04:00,2021-04-19T12:00:00-04:00,2021-04-19T12:01:00-04:00,2021-04-19T16:00:00-04:00,2021-04-19T16:00:00-04:00,session_close_proxy,13879.0,13903.75,13880.5,13903.75,1,-46.5,2.24,-48.74,EOD_CLOSE_PROXY,-0.22202447163515016,0.028194181597753765,0.20656634746922026,-37.75,True,
2021-04-20,MNQM21,A,605aa9c1bee52a102446f0283839daf998adc79f20a0c2713c49ab878646f544,2,-1,2021-04-20T11:02:00-04:00,2021-04-20T11:00:00-04:00,2021-04-20T11:01:00-04:00,2021-04-20T16:00:00-04:00,2021-04-20T16:00:00-04:00,session_close_proxy,13804.75,13799.25,13807.75,13799.25,1,17.0,2.24,14.76,EOD_CLOSE_PROXY,-2.912903225806452,0.851878976923612,0.35607094133697137,-65.25,True,
2021-04-21,MNQM21,A,605aa9c1bee52a102446f0283839daf998adc79f20a0c2713c49ab878646f544,2,1,2021-04-21T12:02:00-04:00,2021-04-21T12:00:00-04:00,2021-04-21T12:01:00-04:00,2021-04-21T16:00:00-04:00,2021-04-21T16:00:00-04:00,session_close_proxy,13872.5,13918.5,13870.75,13918.5,1,95.5,2.24,93.26,EOD_CLOSE_PROXY,0.5864293659621802,0.4357390372861391,0.22872340425531915,21.5,True,
2021-04-22,MNQM21,A,605aa9c1bee52a102446f0283839daf998adc79f20a0c2713c49ab878646f544,2,-1,2021-04-22T14:02:00-04:00,2021-04-22T14:00:00-04:00,2021-04-22T14:01:00-04:00,2021-04-22T16:00:00-04:00,2021-04-22T16:00:00-04:00,session_close_proxy,13732.5,13750.25,13717.0,13750.25,1,-66.5,2.24,-68.74,EOD_CLOSE_PROXY,-4.446273637374861,0.930533392380123,0.3908918406072106,-103.0,True,
2021-04-23,MNQM21,A,605aa9c1bee52a102446f0283839daf998adc79f20a0c2713c49ab878646f544,2,1,2021-04-23T10:02:00-04:00,2021-04-23T10:00:00-04:00,2021-04-23T10:01:00-04:00,2021-04-23T16:00:00-04:00,2021-04-23T16:00:00-04:00,session_close_proxy,13827.75,13924.5,13825.25,13924.5,1,198.5,2.24,196.26,EOD_CLOSE_PROXY,0.8867630700778643,0.4808387445666497,0.25512104283054005,34.25,True,
2021-04-26,MNQM21,A,605aa9c1bee52a102446f0283839daf998adc79f20a0c2713c49ab878646f544,2,1,2021-04-26T15:02:00-04:00,2021-04-26T15:00:00-04:00,2021-04-26T15:01:00-04:00,2021-04-26T16:00:00-04:00,2021-04-26T16:00:00-04:00,session_close_proxy,14021.25,14013.5,14020.75,14013.5,1,-14.5,2.24,-16.740000000000002,EOD_CLOSE_PROXY,0.40200222469410457,0.7754800583825847,0.3103448275862069,13.5,True,
2021-04-27,MNQM21,A,605aa9c1bee52a102446f0283839daf998adc79f20a0c2713c49ab878646f544,2,-1,2021-04-27T10:02:00-04:00,2021-04-27T10:00:00-04:00,2021-04-27T10:01:00-04:00,2021-04-27T16:00:00-04:00,2021-04-27T16:00:00-04:00,session_close_proxy,13956.25,13951.0,13934.0,13951.0,1,-34.0,2.24,-36.24,EOD_CLOSE_PROXY,-2.6241935483870966,0.9244766047452196,0.5029821073558648,-63.25,True,
2021-05-03,MNQM21,A,605aa9c1bee52a102446f0283839daf998adc79f20a0c2713c49ab878646f544,2,-1,2021-05-03T11:32:00-04:00,2021-05-03T11:30:00-04:00,2021-05-03T11:31:00-04:00,2021-05-03T16:00:00-04:00,2021-05-03T16:00:00-04:00,session_close_proxy,13782.5,13790.75,13781.25,13790.75,1,-19.0,2.24,-21.240000000000002,EOD_CLOSE_PROXY,-2.199388209121246,0.783097188719411,0.32727272727272727,-54.0,True,
2021-05-04,MNQM21,A,605aa9c1bee52a102446f0283839daf998adc79f20a0c2713c49ab878646f544,2,-1,2021-05-04T10:02:00-04:00,2021-05-04T10:00:00-04:00,2021-05-04T10:01:00-04:00,2021-05-04T16:00:00-04:00,2021-05-04T16:00:00-04:00,session_close_proxy,13544.5,13543.25,13535.25,13543.25,1,-16.0,2.24,-18.240000000000002,EOD_CLOSE_PROXY,-4.254783092324805,0.9443890527171024,0.6143497757847534,-137.0,True,
2021-05-06,MNQM21,A,605aa9c1bee52a102446f0283839daf998adc79f20a0c2713c49ab878646f544,2,-1,2021-05-06T10:02:00-04:00,2021-05-06T10:00:00-04:00,2021-05-06T10:01:00-04:00,2021-05-06T12:32:00-04:00,2021-05-06T12:31:00-04:00,bar_open,13427.75,13580.75,13434.5,13583.25,1,-297.5,2.24,-299.74,REVERSAL,-0.20583982202447162,0.00714469011353405,0.16,-48.0,True,
2021-05-06,MNQM21,A,605aa9c1bee52a102446f0283839daf998adc79f20a0c2713c49ab878646f544,2,1,2021-05-06T12:32:00-04:00,2021-05-06T12:30:00-04:00,2021-05-06T12:31:00-04:00,2021-05-06T16:00:00-04:00,2021-05-06T16:00:00-04:00,session_close_proxy,13580.75,13596.5,13583.25,13596.5,1,26.5,2.24,24.259999999999998,EOD_CLOSE_PROXY,1.1577308120133483,0.5067184034951904,0.28688524590163933,35.0,True,
2021-05-07,MNQM21,A,605aa9c1bee52a102446f0283839daf998adc79f20a0c2713c49ab878646f544,2,1,2021-05-07T10:32:00-04:00,2021-05-07T10:30:00-04:00,2021-05-07T10:31:00-04:00,2021-05-07T16:00:00-04:00,2021-05-07T16:00:00-04:00,session_close_proxy,13778.75,13706.5,13779.0,13706.5,1,-145.0,2.24,-147.24,EOD_CLOSE_PROXY,2.3388209121245827,0.7136637659309889,0.45652173913043476,63.0,True,
2021-05-10,MNQM21,A,605aa9c1bee52a102446f0283839daf998adc79f20a0c2713c49ab878646f544,2,-1,2021-05-10T10:02:00-04:00,2021-05-10T10:00:00-04:00,2021-05-10T10:01:00-04:00,2021-05-10T16:00:00-04:00,2021-05-10T16:00:00-04:00,session_close_proxy,13536.25,13356.25,13526.75,13356.25,1,341.0,2.24,338.76,EOD_CLOSE_PROXY,-2.0858175750834262,0.6433591219574853,0.42998760842627015,-86.75,True,
2021-05-12,MNQM21,A,605aa9c1bee52a102446f0283839daf998adc79f20a0c2713c49ab878646f544,2,-1,2021-05-12T11:02:00-04:00,2021-05-12T11:00:00-04:00,2021-05-12T11:01:00-04:00,2021-05-12T16:00:00-04:00,2021-05-12T16:00:00-04:00,session_close_proxy,13060.0,12998.25,13058.25,12998.25,1,120.0,2.24,117.76,EOD_CLOSE_PROXY,-2.2809232480533925,0.8131952143995327,0.17917917917917917,-44.75,True,
2021-05-13,MNQM21,A,605aa9c1bee52a102446f0283839daf998adc79f20a0c2713c49ab878646f544,2,1,2021-05-13T11:02:00-04:00,2021-05-13T11:00:00-04:00,2021-05-13T11:01:00-04:00,2021-05-13T16:00:00-04:00,2021-05-13T16:00:00-04:00,session_close_proxy,13200.25,13098.75,13184.5,13098.75,1,-171.5,2.24,-173.74,EOD_CLOSE_PROXY,0.9912124582869856,0.32195924123157693,0.0703851261620186,13.25,True,
2021-05-14,MNQM21,A,605aa9c1bee52a102446f0283839daf998adc79f20a0c2713c49ab878646f544,2,1,2021-05-14T11:02:00-04:00,2021-05-14T11:00:00-04:00,2021-05-14T11:01:00-04:00,2021-05-14T16:00:00-04:00,2021-05-14T16:00:00-04:00,session_close_proxy,13327.0,13384.5,13322.5,13384.5,1,124.0,2.24,121.76,EOD_CLOSE_PROXY,0.8540044493882091,0.5456312768137324,0.31203931203931207,31.75,True,
2021-05-17,MNQM21,A,605aa9c1bee52a102446f0283839daf998adc79f20a0c2713c49ab878646f544,2,-1,2021-05-17T14:02:00-04:00,2021-05-17T14:00:00-04:00,2021-05-17T14:01:00-04:00,2021-05-17T16:00:00-04:00,2021-05-17T16:00:00-04:00,session_close_proxy,13207.5,13305.75,13202.5,13305.75,1,-206.5,2.24,-208.74,EOD_CLOSE_PROXY,-0.08459399332591769,0.00745056822866081,0.0176678445229682,-2.5,True,
2021-05-20,MNQM21,A,605aa9c1bee52a102446f0283839daf998adc79f20a0c2713c49ab878646f544,2,1,2021-05-20T10:02:00-04:00,2021-05-20T10:00:00-04:00,2021-05-20T10:01:00-04:00,2021-05-20T16:00:00-04:00,2021-05-20T16:00:00-04:00,session_close_proxy,13385.0,13487.0,13386.75,13487.0,1,200.5,2.24,198.26,EOD_CLOSE_PROXY,2.5739710789766406,0.7274648127285566,0.43526170798898073,79.0,True,
2021-05-24,MNQM21,A,605aa9c1bee52a102446f0283839daf998adc79f20a0c2713c49ab878646f544,2,1,2021-05-24T10:02:00-04:00,2021-05-24T10:00:00-04:00,2021-05-24T10:01:00-04:00,2021-05-24T16:00:00-04:00,2021-05-24T16:00:00-04:00,session_close_proxy,13579.25,13637.75,13589.75,13637.75,1,96.0,2.24,93.76,EOD_CLOSE_PROXY,1.8901557285873192,0.6360491103589485,0.475968992248062,76.75,True,
2021-06-03,MNQM21,A,605aa9c1bee52a102446f0283839daf998adc79f20a0c2713c49ab878646f544,2,-1,2021-06-03T10:02:00-04:00,2021-06-03T10:00:00-04:00,2021-06-03T10:01:00-04:00,2021-06-03T16:00:00-04:00,2021-06-03T16:00:00-04:00,session_close_proxy,13497.25,13528.0,13506.25,13528.0,1,-43.5,2.24,-45.74,EOD_CLOSE_PROXY,-2.7232480533926586,0.6938034705821163,0.3799126637554585,-65.25,True,
2021-06-04,MNQM21,A,605aa9c1bee52a102446f0283839daf998adc79f20a0c2713c49ab878646f544,2,1,2021-06-04T10:02:00-04:00,2021-06-04T10:00:00-04:00,2021-06-04T10:01:00-04:00,2021-06-04T16:00:00-04:00,2021-06-04T16:00:00-04:00,session_close_proxy,13697.75,13767.0,13705.75,13767.0,1,122.5,2.24,120.26,EOD_CLOSE_PROXY,2.3338709677419356,0.8671090787092628,0.624750499001996,78.25,True,
2021-06-10,MNQM21,A,605aa9c1bee52a102446f0283839daf998adc79f20a0c2713c49ab878646f544,2,1,2021-06-10T10:02:00-04:00,2021-06-10T10:00:00-04:00,2021-06-10T10:01:00-04:00,2021-06-10T16:00:00-04:00,2021-06-10T16:00:00-04:00,session_close_proxy,13944.0,13959.75,13951.5,13959.75,1,16.5,2.24,14.26,EOD_CLOSE_PROXY,4.116740823136818,0.820497667118622,0.513189448441247,107.0,True,
2021-06-15,MNQM21,A,605aa9c1bee52a102446f0283839daf998adc79f20a0c2713c49ab878646f544,2,-1,2021-06-15T10:32:00-04:00,2021-06-15T10:30:00-04:00,2021-06-15T10:31:00-04:00,2021-06-15T16:00:00-04:00,2021-06-15T16:00:00-04:00,session_close_proxy,14069.0,14035.75,14074.75,14035.75,1,78.0,2.24,75.76,EOD_CLOSE_PROXY,-0.667741935483871,0.46683946706713486,0.34065934065934067,-38.75,True,
2021-06-16,MNQM21,A,605aa9c1bee52a102446f0283839daf998adc79f20a0c2713c49ab878646f544,2,-1,2021-06-16T14:32:00-04:00,2021-06-16T14:30:00-04:00,2021-06-16T14:31:00-04:00,2021-06-16T16:00:00-04:00,2021-06-16T16:00:00-04:00,session_close_proxy,13933.0,13983.75,13931.5,13983.75,1,-104.5,2.24,-106.74,EOD_CLOSE_PROXY,-1.1379866518353727,0.18201974417919944,0.0035087719298245615,1.0,True,
2021-06-17,MNQM21,A,605aa9c1bee52a102446f0283839daf998adc79f20a0c2713c49ab878646f544,2,1,2021-06-17T10:02:00-04:00,2021-06-17T10:00:00-04:00,2021-06-17T10:01:00-04:00,2021-06-17T16:00:00-04:00,2021-06-17T16:00:00-04:00,session_close_proxy,14033.75,14165.0,14030.75,14165.0,1,268.5,2.24,266.26,EOD_CLOSE_PROXY,1.899555061179088,0.7261550546299527,0.3789004457652303,63.75,True,
2021-06-21,MNQU21,A,605aa9c1bee52a102446f0283839daf998adc79f20a0c2713c49ab878646f544,2,1,2021-06-21T11:02:00-04:00,2021-06-21T11:00:00-04:00,2021-06-21T11:01:00-04:00,2021-06-21T16:00:00-04:00,2021-06-21T16:00:00-04:00,session_close_proxy,14097.0,14128.0,14104.25,14128.0,1,47.5,2.24,45.26,EOD_CLOSE_PROXY,1.6594549499443827,0.8185415813298219,0.36013986013986016,51.5,True,
2021-06-22,MNQU21,A,605aa9c1bee52a102446f0283839daf998adc79f20a0c2713c49ab878646f544,2,1,2021-06-22T11:32:00-04:00,2021-06-22T11:30:00-04:00,2021-06-22T11:31:00-04:00,2021-06-22T16:00:00-04:00,2021-06-22T16:00:00-04:00,session_close_proxy,14206.75,14257.75,14207.0,14257.75,1,101.5,2.24,99.26,EOD_CLOSE_PROXY,1.3526696329254728,0.8815734312476637,0.40718562874251496,34.0,True,
2021-06-23,MNQU21,A,605aa9c1bee52a102446f0283839daf998adc79f20a0c2713c49ab878646f544,2,1,2021-06-23T10:02:00-04:00,2021-06-23T10:00:00-04:00,2021-06-23T10:01:00-04:00,2021-06-23T16:00:00-04:00,2021-06-23T16:00:00-04:00,session_close_proxy,14305.5,14263.25,14310.75,14263.25,1,-95.0,2.24,-97.24,EOD_CLOSE_PROXY,0.3797552836484983,0.16632329473839616,0.3154875717017208,41.25,True,
2021-06-24,MNQU21,A,605aa9c1bee52a102446f0283839daf998adc79f20a0c2713c49ab878646f544,2,1,2021-06-24T10:32:00-04:00,2021-06-24T10:30:00-04:00,2021-06-24T10:31:00-04:00,2021-06-24T16:00:00-04:00,2021-06-24T16:00:00-04:00,session_close_proxy,14403.0,14354.25,14399.25,14354.25,1,-90.0,2.24,-92.24,EOD_CLOSE_PROXY,0.6922691879866518,0.7314819569914349,0.3224043715846995,29.5,True,
2021-06-28,MNQU21,A,605aa9c1bee52a102446f0283839daf998adc79f20a0c2713c49ab878646f544,2,1,2021-06-28T10:02:00-04:00,2021-06-28T10:00:00-04:00,2021-06-28T10:01:00-04:00,2021-06-28T16:00:00-04:00,2021-06-28T16:00:00-04:00,session_close_proxy,14451.0,14511.25,14457.5,14511.25,1,107.5,2.24,105.26,EOD_CLOSE_PROXY,0.27135706340378196,0.09044195315929277,0.23129251700680273,34.0,True,
2021-07-02,MNQU21,A,605aa9c1bee52a102446f0283839daf998adc79f20a0c2713c49ab878646f544,2,1,2021-07-02T13:02:00-04:00,2021-07-02T13:00:00-04:00,2021-07-02T13:01:00-04:00,2021-07-02T16:00:00-04:00,2021-07-02T16:00:00-04:00,session_close_proxy,14688.5,14714.5,14691.0,14714.5,1,47.0,2.24,44.76,EOD_CLOSE_PROXY,0.4932146829810901,0.7651099969695813,0.32653061224489793,16.0,True,
2021-07-09,MNQU21,A,605aa9c1bee52a102446f0283839daf998adc79f20a0c2713c49ab878646f544,2,1,2021-07-09T11:02:00-04:00,2021-07-09T11:00:00-04:00,2021-07-09T11:01:00-04:00,2021-07-09T16:00:00-04:00,2021-07-09T16:00:00-04:00,session_close_proxy,14773.5,14810.25,14776.25,14810.25,1,68.0,2.24,65.76,EOD_CLOSE_PROXY,2.3476084538375974,0.9393573166344626,0.580952380952381,61.0,True,
2021-07-13,MNQU21,A,605aa9c1bee52a102446f0283839daf998adc79f20a0c2713c49ab878646f544,2,1,2021-07-13T10:02:00-04:00,2021-07-13T10:00:00-04:00,2021-07-13T10:01:00-04:00,2021-07-13T16:00:00-04:00,2021-07-13T16:00:00-04:00,session_close_proxy,14914.0,14866.5,14931.25,14866.5,1,-129.5,2.24,-131.74,EOD_CLOSE_PROXY,2.045939933259177,0.7838011643010547,0.34915254237288135,51.5,True,
2021-07-15,MNQU21,A,605aa9c1bee52a102446f0283839daf998adc79f20a0c2713c49ab878646f544,2,-1,2021-07-15T10:32:00-04:00,2021-07-15T10:30:00-04:00,2021-07-15T10:31:00-04:00,2021-07-15T16:00:00-04:00,2021-07-15T16:00:00-04:00,session_close_proxy,14804.5,14790.25,14811.75,14790.25,1,43.0,2.24,40.76,EOD_CLOSE_PROXY,-2.6484427141268077,0.7839581296452456,0.4103194103194103,-83.5,True,
2021-07-16,MNQU21,A,605aa9c1bee52a102446f0283839daf998adc79f20a0c2713c49ab878646f544,2,-1,2021-07-16T10:32:00-04:00,2021-07-16T10:30:00-04:00,2021-07-16T10:31:00-04:00,2021-07-16T16:00:00-04:00,2021-07-16T16:00:00-04:00,session_close_proxy,14742.75,14673.0,14764.25,14673.0,1,182.5,2.24,180.26,EOD_CLOSE_PROXY,-2.24944382647386,0.838980277008696,0.38219895287958117,-73.0,True,
2021-07-19,MNQU21,A,605aa9c1bee52a102446f0283839daf998adc79f20a0c2713c49ab878646f544,2,-1,2021-07-19T10:02:00-04:00,2021-07-19T10:00:00-04:00,2021-07-19T10:01:00-04:00,2021-07-19T16:00:00-04:00,2021-07-19T16:00:00-04:00,session_close_proxy,14483.5,14552.75,14480.25,14552.75,1,-145.0,2.24,-147.24,EOD_CLOSE_PROXY,-0.996551724137931,0.10722138721475197,0.1440501043841336,-51.75,True,
2021-07-20,MNQU21,A,605aa9c1bee52a102446f0283839daf998adc79f20a0c2713c49ab878646f544,2,1,2021-07-20T11:02:00-04:00,2021-07-20T11:00:00-04:00,2021-07-20T11:01:00-04:00,2021-07-20T16:00:00-04:00,2021-07-20T16:00:00-04:00,session_close_proxy,14651.25,14718.25,14651.0,14718.25,1,134.5,2.24,132.26,EOD_CLOSE_PROXY,2.45845383759733,0.9171597630895577,0.44912280701754387,64.0,True,
2021-07-21,MNQU21,A,605aa9c1bee52a102446f0283839daf998adc79f20a0c2713c49ab878646f544,2,1,2021-07-21T10:02:00-04:00,2021-07-21T10:00:00-04:00,2021-07-21T10:01:00-04:00,2021-07-21T16:00:00-04:00,2021-07-21T16:00:00-04:00,session_close_proxy,14755.75,14828.25,14744.0,14828.25,1,168.5,2.24,166.26,EOD_CLOSE_PROXY,1.0593993325917685,0.5068079874426669,0.3175775480059084,53.75,True,
2021-07-22,MNQU21,A,605aa9c1bee52a102446f0283839daf998adc79f20a0c2713c49ab878646f544,2,1,2021-07-22T10:02:00-04:00,2021-07-22T10:00:00-04:00,2021-07-22T10:01:00-04:00,2021-07-22T16:00:00-04:00,2021-07-22T16:00:00-04:00,session_close_proxy,14878.25,14928.75,14890.25,14928.75,1,77.0,2.24,74.76,EOD_CLOSE_PROXY,0.1546162402669633,0.030279037922814202,0.18025751072961374,21.0,True,
2021-07-23,MNQU21,A,605aa9c1bee52a102446f0283839daf998adc79f20a0c2713c49ab878646f544,2,1,2021-07-23T11:32:00-04:00,2021-07-23T11:30:00-04:00,2021-07-23T11:31:00-04:00,2021-07-23T16:00:00-04:00,2021-07-23T16:00:00-04:00,session_close_proxy,15057.75,15098.5,15064.0,15098.5,1,69.0,2.24,66.76,EOD_CLOSE_PROXY,1.5408231368186873,0.8452373231605999,0.50920245398773,41.5,True,
2021-07-27,MNQU21,A,605aa9c1bee52a102446f0283839daf998adc79f20a0c2713c49ab878646f544,2,-1,2021-07-27T10:02:00-04:00,2021-07-27T10:00:00-04:00,2021-07-27T10:01:00-04:00,2021-07-27T16:00:00-04:00,2021-07-27T16:00:00-04:00,session_close_proxy,15043.5,14950.25,15050.5,14950.25,1,200.5,2.24,198.26,EOD_CLOSE_PROXY,-1.1765294771968855,0.7289061044247799,0.3782178217821782,-47.75,True,
2021-07-28,MNQU21,A,605aa9c1bee52a102446f0283839daf998adc79f20a0c2713c49ab878646f544,2,1,2021-07-28T10:32:00-04:00,2021-07-28T10:30:00-04:00,2021-07-28T10:31:00-04:00,2021-07-28T16:00:00-04:00,2021-07-28T16:00:00-04:00,session_close_proxy,15053.0,15006.5,15064.0,15006.5,1,-115.0,2.24,-117.24,EOD_CLOSE_PROXY,2.914627363737486,0.8906833550047996,0.4206896551724138,76.25,True,
2021-07-29,MNQU21,A,605aa9c1bee52a102446f0283839daf998adc79f20a0c2713c49ab878646f544,2,1,2021-07-29T10:02:00-04:00,2021-07-29T10:00:00-04:00,2021-07-29T10:01:00-04:00,2021-07-29T16:00:00-04:00,2021-07-29T16:00:00-04:00,session_close_proxy,15053.75,15035.0,15042.5,15035.0,1,-15.0,2.24,-17.240000000000002,EOD_CLOSE_PROXY,1.5157953281423804,0.3842323677993585,0.24617196702002356,52.25,True,
2021-08-03,MNQU21,A,605aa9c1bee52a102446f0283839daf998adc79f20a0c2713c49ab878646f544,2,-1,2021-08-03T10:02:00-04:00,2021-08-03T10:00:00-04:00,2021-08-03T10:01:00-04:00,2021-08-03T16:00:00-04:00,2021-08-03T16:00:00-04:00,session_close_proxy,14907.25,15043.75,14910.5,15043.75,1,-266.5,2.24,-268.74,EOD_CLOSE_PROXY,-1.6368186874304782,0.2961860086416776,0.2857142857142857,-74.0,True,
2021-08-10,MNQU21,A,605aa9c1bee52a102446f0283839daf998adc79f20a0c2713c49ab878646f544,2,-1,2021-08-10T11:02:00-04:00,2021-08-10T11:00:00-04:00,2021-08-10T11:01:00-04:00,2021-08-10T16:00:00-04:00,2021-08-10T16:00:00-04:00,session_close_proxy,15035.75,15046.25,15024.0,15046.25,1,-44.5,2.24,-46.74,EOD_CLOSE_PROXY,-1.449944382647386,0.5392970608199399,0.21119592875318066,-41.5,True,
2021-08-11,MNQU21,A,605aa9c1bee52a102446f0283839daf998adc79f20a0c2713c49ab878646f544,2,-1,2021-08-11T12:02:00-04:00,2021-08-11T12:00:00-04:00,2021-08-11T12:01:00-04:00,2021-08-11T16:00:00-04:00,2021-08-11T16:00:00-04:00,session_close_proxy,14982.5,15022.25,14986.75,15022.25,1,-71.0,2.24,-73.24,EOD_CLOSE_PROXY,-0.6888209121245829,0.4619846473487681,0.11832946635730858,-12.75,True,
2021-08-16,MNQU21,A,605aa9c1bee52a102446f0283839daf998adc79f20a0c2713c49ab878646f544,2,-1,2021-08-16T10:02:00-04:00,2021-08-16T10:00:00-04:00,2021-08-16T10:01:00-04:00,2021-08-16T16:00:00-04:00,2021-08-16T16:00:00-04:00,session_close_proxy,15031.5,15134.25,15029.25,15134.25,1,-210.0,2.24,-212.24,EOD_CLOSE_PROXY,-2.55,0.7204557701959865,0.3059360730593607,-50.25,True,
2021-08-17,MNQU21,A,605aa9c1bee52a102446f0283839daf998adc79f20a0c2713c49ab878646f544,2,-1,2021-08-17T10:02:00-04:00,2021-08-17T10:00:00-04:00,2021-08-17T10:01:00-04:00,2021-08-17T16:00:00-04:00,2021-08-17T16:00:00-04:00,session_close_proxy,14977.0,14999.75,14963.25,14999.75,1,-73.0,2.24,-75.24,EOD_CLOSE_PROXY,-0.7635706340378198,0.08922765489057745,0.05965621840242669,-14.75,True,
2021-08-19,MNQU21,A,605aa9c1bee52a102446f0283839daf998adc79f20a0c2713c49ab878646f544,2,1,2021-08-19T11:32:00-04:00,2021-08-19T11:30:00-04:00,2021-08-19T11:31:00-04:00,2021-08-19T16:00:00-04:00,2021-08-19T16:00:00-04:00,session_close_proxy,14912.0,14928.5,14921.0,14928.5,1,15.0,2.24,12.76,EOD_CLOSE_PROXY,1.12853170189099,0.5468511574047139,0.09657320872274143,15.5,True,
2021-08-20,MNQU21,A,605aa9c1bee52a102446f0283839daf998adc79f20a0c2713c49ab878646f544,2,1,2021-08-20T10:02:00-04:00,2021-08-20T10:00:00-04:00,2021-08-20T10:01:00-04:00,2021-08-20T16:00:00-04:00,2021-08-20T16:00:00-04:00,session_close_proxy,15040.75,15083.25,15042.0,15083.25,1,82.5,2.24,80.26,EOD_CLOSE_PROXY,2.7020022246941044,0.8308788873065818,0.3271889400921659,71.0,True,
2021-08-23,MNQU21,A,605aa9c1bee52a102446f0283839daf998adc79f20a0c2713c49ab878646f544,2,1,2021-08-23T10:02:00-04:00,2021-08-23T10:00:00-04:00,2021-08-23T10:01:00-04:00,2021-08-23T16:00:00-04:00,2021-08-23T16:00:00-04:00,session_close_proxy,15203.5,15306.5,15194.75,15306.5,1,223.5,2.24,221.26,EOD_CLOSE_PROXY,1.9093437152391546,0.829116882399611,0.4482758620689655,61.75,True,
2021-08-27,MNQU21,A,605aa9c1bee52a102446f0283839daf998adc79f20a0c2713c49ab878646f544,2,1,2021-08-27T10:32:00-04:00,2021-08-27T10:30:00-04:00,2021-08-27T10:31:00-04:00,2021-08-27T16:00:00-04:00,2021-08-27T16:00:00-04:00,session_close_proxy,15389.25,15424.5,15389.0,15424.5,1,71.0,2.24,68.76,EOD_CLOSE_PROXY,2.353281423804227,0.5508560597201447,0.2846715328467153,58.5,True,
2021-08-30,MNQU21,A,605aa9c1bee52a102446f0283839daf998adc79f20a0c2713c49ab878646f544,2,1,2021-08-30T10:02:00-04:00,2021-08-30T10:00:00-04:00,2021-08-30T10:01:00-04:00,2021-08-30T16:00:00-04:00,2021-08-30T16:00:00-04:00,session_close_proxy,15529.0,15599.25,15523.75,15599.25,1,151.0,2.24,148.76,EOD_CLOSE_PROXY,1.599944382647386,0.8301803535674568,0.5189309576837416,58.25,True,
2021-08-31,MNQU21,A,605aa9c1bee52a102446f0283839daf998adc79f20a0c2713c49ab878646f544,2,-1,2021-08-31T10:02:00-04:00,2021-08-31T10:00:00-04:00,2021-08-31T10:01:00-04:00,2021-08-31T16:00:00-04:00,2021-08-31T16:00:00-04:00,session_close_proxy,15526.25,15584.25,15534.0,15584.25,1,-100.5,2.24,-102.74,EOD_CLOSE_PROXY,-0.949777530589544,0.5040642471405217,0.24748040313549832,-55.25,True,
2021-09-08,MNQU21,A,605aa9c1bee52a102446f0283839daf998adc79f20a0c2713c49ab878646f544,2,-1,2021-09-08T11:02:00-04:00,2021-09-08T11:00:00-04:00,2021-09-08T11:01:00-04:00,2021-09-08T16:00:00-04:00,2021-09-08T16:00:00-04:00,session_close_proxy,15550.75,15622.75,15566.75,15622.75,1,-112.0,2.24,-114.24,EOD_CLOSE_PROXY,-2.060734149054505,0.7500424527580306,0.4415204678362573,-75.5,True,
2021-09-13,MNQU21,A,605aa9c1bee52a102446f0283839daf998adc79f20a0c2713c49ab878646f544,2,-1,2021-09-13T12:02:00-04:00,2021-09-13T12:00:00-04:00,2021-09-13T12:01:00-04:00,2021-09-13T16:00:00-04:00,2021-09-13T16:00:00-04:00,session_close_proxy,15375.25,15438.25,15368.5,15438.25,1,-139.5,2.24,-141.74,EOD_CLOSE_PROXY,-0.48420467185761956,0.24557563556032755,0.11567164179104478,-15.5,True,
2021-09-15,MNQU21,A,605aa9c1bee52a102446f0283839daf998adc79f20a0c2713c49ab878646f544,2,-1,2021-09-15T10:32:00-04:00,2021-09-15T10:30:00-04:00,2021-09-15T10:31:00-04:00,2021-09-15T15:32:00-04:00,2021-09-15T15:31:00-04:00,bar_open,15334.5,15506.75,15345.5,15507.75,1,-324.5,2.24,-326.74,REVERSAL,-1.3736373748609567,0.46406761171664035,0.18415841584158416,-23.25,True,
2021-09-15,MNQU21,A,605aa9c1bee52a102446f0283839daf998adc79f20a0c2713c49ab878646f544,2,1,2021-09-15T15:32:00-04:00,2021-09-15T15:30:00-04:00,2021-09-15T15:31:00-04:00,2021-09-15T16:00:00-04:00,2021-09-15T16:00:00-04:00,session_close_proxy,15506.75,15505.0,15507.75,15505.0,1,-5.5,2.24,-7.74,EOD_CLOSE_PROXY,0.7353170189098999,0.7533604022680562,0.403921568627451,25.75,True,
2021-09-20,MNQZ21,A,605aa9c1bee52a102446f0283839daf998adc79f20a0c2713c49ab878646f544,2,-1,2021-09-20T11:02:00-04:00,2021-09-20T11:00:00-04:00,2021-09-20T11:01:00-04:00,2021-09-20T16:00:00-04:00,2021-09-20T16:00:00-04:00,session_close_proxy,14997.75,15005.25,14991.75,15005.25,1,-27.0,2.24,-29.240000000000002,EOD_CLOSE_PROXY,-1.3654060066740823,0.5744235745766243,0.2040586245772266,-45.25,True,
2021-09-22,MNQZ21,A,605aa9c1bee52a102446f0283839daf998adc79f20a0c2713c49ab878646f544,2,1,2021-09-22T10:32:00-04:00,2021-09-22T10:30:00-04:00,2021-09-22T10:31:00-04:00,2021-09-22T16:00:00-04:00,2021-09-22T16:00:00-04:00,session_close_proxy,15118.5,15161.75,15122.75,15161.75,1,78.0,2.24,75.76,EOD_CLOSE_PROXY,1.0302002224694105,0.6494702294064197,0.2391304347826087,38.5,True,
2021-09-23,MNQZ21,A,605aa9c1bee52a102446f0283839daf998adc79f20a0c2713c49ab878646f544,2,1,2021-09-23T10:02:00-04:00,2021-09-23T10:00:00-04:00,2021-09-23T10:01:00-04:00,2021-09-23T16:00:00-04:00,2021-09-23T16:00:00-04:00,session_close_proxy,15275.0,15299.25,15285.5,15299.25,1,27.5,2.24,25.259999999999998,EOD_CLOSE_PROXY,3.220856507230256,0.8429476078504725,0.2722222222222222,49.0,True,
2021-09-27,MNQZ21,A,605aa9c1bee52a102446f0283839daf998adc79f20a0c2713c49ab878646f544,2,-1,2021-09-27T10:02:00-04:00,2021-09-27T10:00:00-04:00,2021-09-27T10:01:00-04:00,2021-09-27T16:00:00-04:00,2021-09-27T16:00:00-04:00,session_close_proxy,15123.25,15193.75,15110.5,15193.75,1,-166.5,2.24,-168.74,EOD_CLOSE_PROXY,-1.9554505005561735,0.3689949377767467,0.2820053715308863,-78.75,True,
2021-09-28,MNQZ21,A,605aa9c1bee52a102446f0283839daf998adc79f20a0c2713c49ab878646f544,2,-1,2021-09-28T10:02:00-04:00,2021-09-28T10:00:00-04:00,2021-09-28T10:01:00-04:00,2021-09-28T16:00:00-04:00,2021-09-28T16:00:00-04:00,session_close_proxy,14951.25,14764.0,14929.0,14764.0,1,330.0,2.24,327.76,EOD_CLOSE_PROXY,-2.659343715239155,0.5356988337930632,0.2382608695652174,-68.5,True,
2021-09-29,MNQZ21,A,605aa9c1bee52a102446f0283839daf998adc79f20a0c2713c49ab878646f544,2,1,2021-09-29T10:02:00-04:00,2021-09-29T10:00:00-04:00,2021-09-29T10:01:00-04:00,2021-09-29T16:00:00-04:00,2021-09-29T16:00:00-04:00,session_close_proxy,14882.75,14743.0,14902.5,14743.0,1,-319.0,2.24,-321.24,EOD_CLOSE_PROXY,2.4909343715239154,0.43029789466587043,0.21557971014492755,59.5,True,
2021-10-01,MNQZ21,A,605aa9c1bee52a102446f0283839daf998adc79f20a0c2713c49ab878646f544,2,-1,2021-10-01T10:02:00-04:00,2021-10-01T10:00:00-04:00,2021-10-01T10:01:00-04:00,2021-10-01T16:00:00-04:00,2021-10-01T16:00:00-04:00,session_close_proxy,14630.0,14769.25,14634.25,14769.25,1,-270.0,2.24,-272.24,EOD_CLOSE_PROXY,-3.01496106785317,0.8199436985619585,0.3872502378686965,-101.75,True,
2021-10-04,MNQZ21,A,605aa9c1bee52a102446f0283839daf998adc79f20a0c2713c49ab878646f544,2,-1,2021-10-04T10:02:00-04:00,2021-10-04T10:00:00-04:00,2021-10-04T10:01:00-04:00,2021-10-04T16:00:00-04:00,2021-10-04T16:00:00-04:00,session_close_proxy,14594.5,14467.25,14584.0,14467.25,1,233.5,2.24,231.26,EOD_CLOSE_PROXY,-3.9992769744160177,0.7364910659057825,0.37511520737327186,-101.75,True,
2021-10-05,MNQZ21,A,605aa9c1bee52a102446f0283839daf998adc79f20a0c2713c49ab878646f544,2,1,2021-10-05T10:02:00-04:00,2021-10-05T10:00:00-04:00,2021-10-05T10:01:00-04:00,2021-10-05T16:00:00-04:00,2021-10-05T16:00:00-04:00,session_close_proxy,14581.75,14658.0,14589.75,14658.0,1,136.5,2.24,134.26,EOD_CLOSE_PROXY,1.942880978865406,0.5538803514868967,0.17467948717948717,54.5,True,
2021-10-07,MNQZ21,A,605aa9c1bee52a102446f0283839daf998adc79f20a0c2713c49ab878646f544,2,1,2021-10-07T10:02:00-04:00,2021-10-07T10:00:00-04:00,2021-10-07T10:01:00-04:00,2021-10-07T16:00:00-04:00,2021-10-07T16:00:00-04:00,session_close_proxy,14955.25,14886.0,14956.75,14886.0,1,-141.5,2.24,-143.74,EOD_CLOSE_PROXY,0.8467741935483871,0.25922866478698997,0.30426164519326065,76.75,True,
2021-10-14,MNQZ21,A,605aa9c1bee52a102446f0283839daf998adc79f20a0c2713c49ab878646f544,2,1,2021-10-14T12:32:00-04:00,2021-10-14T12:30:00-04:00,2021-10-14T12:31:00-04:00,2021-10-14T16:00:00-04:00,2021-10-14T16:00:00-04:00,session_close_proxy,15028.25,15036.25,15032.5,15036.25,1,7.5,2.24,5.26,EOD_CLOSE_PROXY,0.36484983314794217,0.44972095179453225,0.17796610169491525,10.5,True,
2021-10-18,MNQZ21,A,605aa9c1bee52a102446f0283839daf998adc79f20a0c2713c49ab878646f544,2,1,2021-10-18T14:02:00-04:00,2021-10-18T14:00:00-04:00,2021-10-18T14:01:00-04:00,2021-10-18T16:00:00-04:00,2021-10-18T16:00:00-04:00,session_close_proxy,15247.5,15286.0,15245.5,15286.0,1,81.0,2.24,78.76,EOD_CLOSE_PROXY,-0.021579532814238044,0.004821038769293518,0.00392156862745098,0.25,True,
2021-10-22,MNQZ21,A,605aa9c1bee52a102446f0283839daf998adc79f20a0c2713c49ab878646f544,2,-1,2021-10-22T12:02:00-04:00,2021-10-22T12:00:00-04:00,2021-10-22T12:01:00-04:00,2021-10-22T16:00:00-04:00,2021-10-22T16:00:00-04:00,session_close_proxy,15315.5,15342.0,15300.75,15342.0,1,-82.5,2.24,-84.74,EOD_CLOSE_PROXY,-0.6261401557285873,0.10281790469113342,0.12433862433862433,-23.5,True,
2021-10-25,MNQZ21,A,605aa9c1bee52a102446f0283839daf998adc79f20a0c2713c49ab878646f544,2,1,2021-10-25T14:32:00-04:00,2021-10-25T14:30:00-04:00,2021-10-25T14:31:00-04:00,2021-10-25T16:00:00-04:00,2021-10-25T16:00:00-04:00,session_close_proxy,15522.0,15500.75,15527.75,15500.75,1,-54.0,2.24,-56.24,EOD_CLOSE_PROXY,0.999888765294772,0.9424643861330135,0.5057915057915058,32.75,True,
2021-10-26,MNQZ21,A,605aa9c1bee52a102446f0283839daf998adc79f20a0c2713c49ab878646f544,2,1,2021-10-26T10:32:00-04:00,2021-10-26T10:30:00-04:00,2021-10-26T10:31:00-04:00,2021-10-26T16:00:00-04:00,2021-10-26T16:00:00-04:00,session_close_proxy,15682.0,15544.75,15677.5,15544.75,1,-265.5,2.24,-267.74,EOD_CLOSE_PROXY,1.7847052280311457,0.7865219934626314,0.33190578158458245,38.75,True,
2021-10-27,MNQZ21,A,605aa9c1bee52a102446f0283839daf998adc79f20a0c2713c49ab878646f544,2,1,2021-10-27T10:02:00-04:00,2021-10-27T10:00:00-04:00,2021-10-27T10:01:00-04:00,2021-10-27T16:00:00-04:00,2021-10-27T16:00:00-04:00,session_close_proxy,15642.0,15584.75,15631.75,15584.75,1,-94.0,2.24,-96.24,EOD_CLOSE_PROXY,2.368464961067853,0.7488348701703658,0.2978723404255319,56.0,True,
2021-10-28,MNQZ21,A,605aa9c1bee52a102446f0283839daf998adc79f20a0c2713c49ab878646f544,2,1,2021-10-28T11:32:00-04:00,2021-10-28T11:30:00-04:00,2021-10-28T11:31:00-04:00,2021-10-28T16:00:00-04:00,2021-10-28T16:00:00-04:00,session_close_proxy,15739.0,15761.5,15734.0,15761.5,1,55.0,2.24,52.76,EOD_CLOSE_PROXY,1.2454949944382647,0.8106629352335691,0.36936936936936937,30.75,True,
2021-11-01,MNQZ21,A,605aa9c1bee52a102446f0283839daf998adc79f20a0c2713c49ab878646f544,2,-1,2021-11-01T10:02:00-04:00,2021-11-01T10:00:00-04:00,2021-11-01T10:01:00-04:00,2021-11-01T16:00:00-04:00,2021-11-01T16:00:00-04:00,session_close_proxy,15804.25,15893.75,15794.0,15893.75,1,-199.5,2.24,-201.74,EOD_CLOSE_PROXY,-0.8944938820912125,0.3843567141031246,0.25802310654685495,-50.25,True,
2021-11-02,MNQZ21,A,605aa9c1bee52a102446f0283839daf998adc79f20a0c2713c49ab878646f544,2,1,2021-11-02T10:02:00-04:00,2021-11-02T10:00:00-04:00,2021-11-02T10:01:00-04:00,2021-11-02T16:00:00-04:00,2021-11-02T16:00:00-04:00,session_close_proxy,15955.75,15962.0,15957.0,15962.0,1,10.0,2.24,7.76,EOD_CLOSE_PROXY,3.0165183537263625,0.8061499315682991,0.46853146853146854,83.75,True,
2021-11-03,MNQZ21,A,605aa9c1bee52a102446f0283839daf998adc79f20a0c2713c49ab878646f544,2,1,2021-11-03T15:02:00-04:00,2021-11-03T15:00:00-04:00,2021-11-03T15:01:00-04:00,2021-11-03T16:00:00-04:00,2021-11-03T16:00:00-04:00,session_close_proxy,16083.0,16129.75,16090.25,16129.75,1,79.0,2.24,76.76,EOD_CLOSE_PROXY,3.2266963292547275,0.9227885081194649,0.450920245398773,73.5,True,
2021-11-04,MNQZ21,A,605aa9c1bee52a102446f0283839daf998adc79f20a0c2713c49ab878646f544,2,1,2021-11-04T10:02:00-04:00,2021-11-04T10:00:00-04:00,2021-11-04T10:01:00-04:00,2021-11-04T16:00:00-04:00,2021-11-04T16:00:00-04:00,session_close_proxy,16245.5,16334.75,16239.75,16334.75,1,190.0,2.24,187.76,EOD_CLOSE_PROXY,3.2005561735261403,0.9588575165063344,0.5482758620689655,79.5,True,
2021-11-09,MNQZ21,A,605aa9c1bee52a102446f0283839daf998adc79f20a0c2713c49ab878646f544,2,-1,2021-11-09T10:02:00-05:00,2021-11-09T10:00:00-05:00,2021-11-09T10:01:00-05:00,2021-11-09T16:00:00-05:00,2021-11-09T16:00:00-05:00,session_close_proxy,16226.0,16217.25,16235.5,16217.25,1,36.5,2.24,34.26,EOD_CLOSE_PROXY,-4.634149054505006,0.7650701464572274,0.6307692307692307,-153.75,True,
2021-11-10,MNQZ21,A,605aa9c1bee52a102446f0283839daf998adc79f20a0c2713c49ab878646f544,2,-1,2021-11-10T14:32:00-05:00,2021-11-10T14:30:00-05:00,2021-11-10T14:31:00-05:00,2021-11-10T16:00:00-05:00,2021-11-10T16:00:00-05:00,session_close_proxy,15937.5,15978.25,15946.5,15978.25,1,-63.5,2.24,-65.74,EOD_CLOSE_PROXY,-2.3022246941045608,0.687999776109188,0.3939393939393939,-84.5,True,
2021-11-12,MNQZ21,A,605aa9c1bee52a102446f0283839daf998adc79f20a0c2713c49ab878646f544,2,1,2021-11-12T11:32:00-05:00,2021-11-12T11:30:00-05:00,2021-11-12T11:31:00-05:00,2021-11-12T16:00:00-05:00,2021-11-12T16:00:00-05:00,session_close_proxy,16181.75,16189.75,16186.5,16189.75,1,6.5,2.24,4.26,EOD_CLOSE_PROXY,2.438487208008899,0.8890113066785147,0.4326923076923077,67.5,True,
2021-11-15,MNQZ21,A,605aa9c1bee52a102446f0283839daf998adc79f20a0c2713c49ab878646f544,2,-1,2021-11-15T12:02:00-05:00,2021-11-15T12:00:00-05:00,2021-11-15T12:01:00-05:00,2021-11-15T16:00:00-05:00,2021-11-15T16:00:00-05:00,session_close_proxy,16126.5,16188.75,16135.75,16188.75,1,-106.0,2.24,-108.24,EOD_CLOSE_PROXY,-2.803392658509455,0.6149440333814828,0.22714681440443213,-41.0,True,
2021-11-16,MNQZ21,A,605aa9c1bee52a102446f0283839daf998adc79f20a0c2713c49ab878646f544,2,1,2021-11-16T11:32:00-05:00,2021-11-16T11:30:00-05:00,2021-11-16T11:31:00-05:00,2021-11-16T16:00:00-05:00,2021-11-16T16:00:00-05:00,session_close_proxy,16297.75,16304.75,16296.5,16304.75,1,16.5,2.24,14.26,EOD_CLOSE_PROXY,2.3662402669632927,0.8767135926172199,0.5576036866359447,60.5,True,
2021-11-17,MNQZ21,A,605aa9c1bee52a102446f0283839daf998adc79f20a0c2713c49ab878646f544,2,1,2021-11-17T12:02:00-05:00,2021-11-17T12:00:00-05:00,2021-11-17T12:01:00-05:00,2021-11-17T16:00:00-05:00,2021-11-17T16:00:00-05:00,session_close_proxy,16388.75,16313.25,16393.75,16313.25,1,-161.0,2.24,-163.24,EOD_CLOSE_PROXY,1.2131256952169076,0.9334984335351303,0.5345454545454545,36.75,True,
2021-11-18,MNQZ21,A,605aa9c1bee52a102446f0283839daf998adc79f20a0c2713c49ab878646f544,2,1,2021-11-18T12:32:00-05:00,2021-11-18T12:30:00-05:00,2021-11-18T12:31:00-05:00,2021-11-18T16:00:00-05:00,2021-11-18T16:00:00-05:00,session_close_proxy,16486.25,16481.25,16483.75,16481.25,1,-5.0,2.24,-7.24,EOD_CLOSE_PROXY,0.6783092324805339,0.714169981640646,0.2268041237113402,22.0,True,
2021-11-19,MNQZ21,A,605aa9c1bee52a102446f0283839daf998adc79f20a0c2713c49ab878646f544,2,1,2021-11-19T10:02:00-05:00,2021-11-19T10:00:00-05:00,2021-11-19T10:01:00-05:00,2021-11-19T16:00:00-05:00,2021-11-19T16:00:00-05:00,session_close_proxy,16613.0,16572.0,16605.75,16572.0,1,-67.5,2.24,-69.74,EOD_CLOSE_PROXY,2.5808676307007787,0.8986615029722539,0.3235955056179775,72.0,True,
2021-11-22,MNQZ21,A,605aa9c1bee52a102446f0283839daf998adc79f20a0c2713c49ab878646f544,2,1,2021-11-22T10:02:00-05:00,2021-11-22T10:00:00-05:00,2021-11-22T10:01:00-05:00,2021-11-22T11:59:00-05:00,,intrabar_unknown_within_event_minute,16721.25,16471.25,16737.5,16471.25,1,-532.5,2.24,-534.74,CAT_STOP,2.464627363737486,0.9027453029222356,0.3774104683195592,68.5,True,
2021-11-23,MNQZ21,A,605aa9c1bee52a102446f0283839daf998adc79f20a0c2713c49ab878646f544,2,-1,2021-11-23T10:32:00-05:00,2021-11-23T10:30:00-05:00,2021-11-23T10:31:00-05:00,2021-11-23T16:00:00-05:00,2021-11-23T16:00:00-05:00,session_close_proxy,16243.25,16305.5,16251.25,16305.5,1,-108.5,2.24,-110.74,EOD_CLOSE_PROXY,-3.5934371523915463,0.7406113293058606,0.41119221411192214,-126.75,True,
2021-11-30,MNQZ21,A,605aa9c1bee52a102446f0283839daf998adc79f20a0c2713c49ab878646f544,2,-1,2021-11-30T11:02:00-05:00,2021-11-30T11:00:00-05:00,2021-11-30T11:01:00-05:00,2021-11-30T16:00:00-05:00,2021-11-30T16:00:00-05:00,session_close_proxy,16144.0,16150.0,16141.25,16150.0,1,-17.5,2.24,-19.740000000000002,EOD_CLOSE_PROXY,-9.599332591768631,0.9526719569732763,0.7748798901853123,-282.25,True,
2021-12-01,MNQZ21,A,605aa9c1bee52a102446f0283839daf998adc79f20a0c2713c49ab878646f544,2,-1,2021-12-01T15:32:00-05:00,2021-12-01T15:30:00-05:00,2021-12-01T15:31:00-05:00,2021-12-01T16:00:00-05:00,2021-12-01T16:00:00-05:00,session_close_proxy,15979.25,15875.5,15969.25,15875.5,1,187.5,2.24,185.26,EOD_CLOSE_PROXY,-5.42007786429366,0.8856673126147752,0.45139412207987945,-149.75,True,
2021-12-02,MNQZ21,A,605aa9c1bee52a102446f0283839daf998adc79f20a0c2713c49ab878646f544,2,1,2021-12-02T10:02:00-05:00,2021-12-02T10:00:00-05:00,2021-12-02T10:01:00-05:00,2021-12-02T16:00:00-05:00,2021-12-02T16:00:00-05:00,session_close_proxy,15993.5,15991.0,15954.75,15991.0,1,72.5,2.24,70.26,EOD_CLOSE_PROXY,5.013959955506118,0.7961941599121091,0.30861618798955615,147.75,True,
2021-12-03,MNQZ21,A,605aa9c1bee52a102446f0283839daf998adc79f20a0c2713c49ab878646f544,2,-1,2021-12-03T10:02:00-05:00,2021-12-03T10:00:00-05:00,2021-12-03T10:01:00-05:00,2021-12-03T16:00:00-05:00,2021-12-03T16:00:00-05:00,session_close_proxy,15849.25,15716.75,15843.75,15716.75,1,254.0,2.24,251.76,EOD_CLOSE_PROXY,-7.603726362625139,0.9211863424181632,0.33301842229570144,-176.25,True,
2021-12-06,MNQZ21,A,605aa9c1bee52a102446f0283839daf998adc79f20a0c2713c49ab878646f544,2,1,2021-12-06T13:32:00-05:00,2021-12-06T13:30:00-05:00,2021-12-06T13:31:00-05:00,2021-12-06T16:00:00-05:00,2021-12-06T16:00:00-05:00,session_close_proxy,15869.5,15843.75,15861.25,15843.75,1,-35.0,2.24,-37.24,EOD_CLOSE_PROXY,0.9384315906562848,0.2822564049558706,0.3018867924528302,48.0,True,
2021-12-07,MNQZ21,A,605aa9c1bee52a102446f0283839daf998adc79f20a0c2713c49ab878646f544,2,1,2021-12-07T10:02:00-05:00,2021-12-07T10:00:00-05:00,2021-12-07T10:01:00-05:00,2021-12-07T16:00:00-05:00,2021-12-07T16:00:00-05:00,session_close_proxy,16228.5,16321.25,16223.5,16321.25,1,195.5,2.24,193.26,EOD_CLOSE_PROXY,3.1801446051167965,0.8391414389076612,0.4117647058823529,96.25,True,
2021-12-09,MNQZ21,A,605aa9c1bee52a102446f0283839daf998adc79f20a0c2713c49ab878646f544,2,-1,2021-12-09T15:32:00-05:00,2021-12-09T15:30:00-05:00,2021-12-09T15:31:00-05:00,2021-12-09T16:00:00-05:00,2021-12-09T16:00:00-05:00,session_close_proxy,16169.75,16148.25,16182.5,16148.25,1,68.5,2.24,66.26,EOD_CLOSE_PROXY,-2.0566184649610677,0.6044035246363925,0.19813519813519814,-42.5,True,
2021-12-13,MNQZ21,A,605aa9c1bee52a102446f0283839daf998adc79f20a0c2713c49ab878646f544,2,-1,2021-12-13T10:32:00-05:00,2021-12-13T10:30:00-05:00,2021-12-13T10:31:00-05:00,2021-12-13T16:00:00-05:00,2021-12-13T16:00:00-05:00,session_close_proxy,16214.75,16087.5,16201.0,16087.5,1,227.0,2.24,224.76,EOD_CLOSE_PROXY,-2.046440489432703,0.4004847618322944,0.20662768031189083,-53.0,True,
2021-12-15,MNQZ21,A,605aa9c1bee52a102446f0283839daf998adc79f20a0c2713c49ab878646f544,2,-1,2021-12-15T12:02:00-05:00,2021-12-15T12:00:00-05:00,2021-12-15T12:01:00-05:00,2021-12-15T14:55:00-05:00,,intrabar_unknown_within_event_minute,15778.25,16028.25,15790.5,16028.25,1,-475.5,2.24,-477.74,CAT_STOP,-0.317853170189099,0.12431476577215178,0.15432098765432098,-25.0,True,
2021-12-15,MNQZ21,A,605aa9c1bee52a102446f0283839daf998adc79f20a0c2713c49ab878646f544,2,1,2021-12-15T15:32:00-05:00,2021-12-15T15:30:00-05:00,2021-12-15T15:31:00-05:00,2021-12-15T16:00:00-05:00,2021-12-15T16:00:00-05:00,session_close_proxy,16209.25,16287.0,16196.25,16287.0,1,181.5,2.24,179.26,EOD_CLOSE_PROXY,7.51218020022247,0.8866614820431906,0.5944767441860465,204.5,True,
2021-12-16,MNQZ21,A,605aa9c1bee52a102446f0283839daf998adc79f20a0c2713c49ab878646f544,2,-1,2021-12-16T10:02:00-05:00,2021-12-16T10:00:00-05:00,2021-12-16T10:01:00-05:00,2021-12-16T16:00:00-05:00,2021-12-16T16:00:00-05:00,session_close_proxy,16172.25,15866.0,16168.25,15866.0,1,604.5,2.24,602.26,EOD_CLOSE_PROXY,-3.8588431590656285,0.7556161770796909,0.3345679012345679,-135.5,True,
2021-12-21,MNQH22,A,605aa9c1bee52a102446f0283839daf998adc79f20a0c2713c49ab878646f544,2,1,2021-12-21T14:02:00-05:00,2021-12-21T14:00:00-05:00,2021-12-21T14:01:00-05:00,2021-12-21T16:00:00-05:00,2021-12-21T16:00:00-05:00,session_close_proxy,15915.75,15973.5,15911.5,15973.5,1,124.0,2.24,121.76,EOD_CLOSE_PROXY,0.6746384872080089,0.5746341443601677,0.31800766283524906,20.75,True,
2021-12-22,MNQH22,A,605aa9c1bee52a102446f0283839daf998adc79f20a0c2713c49ab878646f544,2,1,2021-12-22T11:02:00-05:00,2021-12-22T11:00:00-05:00,2021-12-22T11:01:00-05:00,2021-12-22T16:00:00-05:00,2021-12-22T16:00:00-05:00,session_close_proxy,16094.5,16168.25,16094.5,16168.25,1,147.5,2.24,145.26,EOD_CLOSE_PROXY,2.7192992213570633,0.8630413369742705,0.625,80.0,True,
2021-12-23,MNQH22,A,605aa9c1bee52a102446f0283839daf998adc79f20a0c2713c49ab878646f544,2,1,2021-12-23T11:02:00-05:00,2021-12-23T11:00:00-05:00,2021-12-23T11:01:00-05:00,2021-12-23T16:00:00-05:00,2021-12-23T16:00:00-05:00,session_close_proxy,16293.5,16294.75,16294.0,16294.75,1,1.5,2.24,-0.7400000000000002,EOD_CLOSE_PROXY,1.1521690767519466,0.8495056813482462,0.23413566739606126,26.75,True,
2022-01-04,MNQH22,A,605aa9c1bee52a102446f0283839daf998adc79f20a0c2713c49ab878646f544,2,-1,2022-01-04T10:32:00-05:00,2022-01-04T10:30:00-05:00,2022-01-04T10:31:00-05:00,2022-01-04T16:00:00-05:00,2022-01-04T16:00:00-05:00,session_close_proxy,16404.25,16272.25,16395.0,16272.25,1,245.5,2.24,243.26,EOD_CLOSE_PROXY,-1.6511679644048942,0.5884263200083764,0.2,-41.5,True,
2022-01-05,MNQH22,A,605aa9c1bee52a102446f0283839daf998adc79f20a0c2713c49ab878646f544,2,-1,2022-01-05T13:02:00-05:00,2022-01-05T13:00:00-05:00,2022-01-05T13:01:00-05:00,2022-01-05T16:00:00-05:00,2022-01-05T16:00:00-05:00,session_close_proxy,16051.75,15764.0,16051.25,15764.0,1,574.5,2.24,572.26,EOD_CLOSE_PROXY,-1.8280311457174638,0.7523751653641926,0.6169265033407573,-69.25,True,
2022-01-07,MNQH22,A,605aa9c1bee52a102446f0283839daf998adc79f20a0c2713c49ab878646f544,2,-1,2022-01-07T10:32:00-05:00,2022-01-07T10:30:00-05:00,2022-01-07T10:31:00-05:00,2022-01-07T16:00:00-05:00,2022-01-07T16:00:00-05:00,session_close_proxy,15659.25,15585.0,15674.5,15585.0,1,179.0,2.24,176.76,EOD_CLOSE_PROXY,-3.9111234705228033,0.8420040007338334,0.38535800482703136,-119.75,True,
2022-01-10,MNQH22,A,605aa9c1bee52a102446f0283839daf998adc79f20a0c2713c49ab878646f544,2,-1,2022-01-10T10:02:00-05:00,2022-01-10T10:00:00-05:00,2022-01-10T10:01:00-05:00,2022-01-10T15:36:00-05:00,,intrabar_unknown_within_event_minute,15260.0,15510.0,15255.25,15510.0,1,-509.5,2.24,-511.74,CAT_STOP,-2.7117908787541714,0.5992691178200058,0.37422467263955894,-135.75,True,
2022-01-11,MNQH22,A,605aa9c1bee52a102446f0283839daf998adc79f20a0c2713c49ab878646f544,2,1,2022-01-11T11:32:00-05:00,2022-01-11T11:30:00-05:00,2022-01-11T11:31:00-05:00,2022-01-11T16:00:00-05:00,2022-01-11T16:00:00-05:00,session_close_proxy,15751.0,15832.25,15744.75,15832.25,1,175.0,2.24,172.76,EOD_CLOSE_PROXY,6.00928809788654,0.8296437218030726,0.4847870182555781,179.25,True,
2022-01-13,MNQH22,A,605aa9c1bee52a102446f0283839daf998adc79f20a0c2713c49ab878646f544,2,-1,2022-01-13T11:02:00-05:00,2022-01-13T11:00:00-05:00,2022-01-13T11:01:00-05:00,2022-01-13T16:00:00-05:00,2022-01-13T16:00:00-05:00,session_close_proxy,15763.75,15497.25,15773.0,15497.25,1,551.5,2.24,549.26,EOD_CLOSE_PROXY,-3.489043381535039,0.7632169163523572,0.4215500945179584,-111.5,True,
2022-01-14,MNQH22,A,605aa9c1bee52a102446f0283839daf998adc79f20a0c2713c49ab878646f544,2,1,2022-01-14T10:02:00-05:00,2022-01-14T10:00:00-05:00,2022-01-14T10:01:00-05:00,2022-01-14T16:00:00-05:00,2022-01-14T16:00:00-05:00,session_close_proxy,15580.75,15592.5,15543.0,15592.5,1,99.0,2.24,96.76,EOD_CLOSE_PROXY,4.948943270300334,0.8522634808548158,0.3996383363471971,165.75,True,
2022-01-19,MNQH22,A,605aa9c1bee52a102446f0283839daf998adc79f20a0c2713c49ab878646f544,2,1,2022-01-19T10:02:00-05:00,2022-01-19T10:00:00-05:00,2022-01-19T10:01:00-05:00,2022-01-19T11:23:00-05:00,,intrabar_unknown_within_event_minute,15361.25,15111.25,15347.0,15111.25,1,-471.5,2.24,-473.74,CAT_STOP,2.4761401557285874,0.6793442419825447,0.22454672245467225,80.5,True,
2022-01-20,MNQH22,A,605aa9c1bee52a102446f0283839daf998adc79f20a0c2713c49ab878646f544,2,1,2022-01-20T10:02:00-05:00,2022-01-20T10:00:00-05:00,2022-01-20T10:01:00-05:00,2022-01-20T15:09:00-05:00,,intrabar_unknown_within_event_minute,15276.75,15026.75,15280.75,15026.75,1,-508.0,2.24,-510.24,CAT_STOP,3.2270856507230254,0.7697407214203638,0.3035253654342218,88.25,True,
2022-01-21,MNQH22,A,605aa9c1bee52a102446f0283839daf998adc79f20a0c2713c49ab878646f544,2,-1,2022-01-21T10:02:00-05:00,2022-01-21T10:00:00-05:00,2022-01-21T10:01:00-05:00,2022-01-21T16:00:00-05:00,2022-01-21T16:00:00-05:00,session_close_proxy,14649.75,14417.25,14659.25,14417.25,1,484.0,2.24,481.76,EOD_CLOSE_PROXY,-5.353281423804227,0.7809907218416061,0.1899288451012589,-86.75,True,
2022-01-24,MNQH22,A,605aa9c1bee52a102446f0283839daf998adc79f20a0c2713c49ab878646f544,2,-1,2022-01-24T10:02:00-05:00,2022-01-24T10:00:00-05:00,2022-01-24T10:01:00-05:00,2022-01-24T15:33:00-05:00,,intrabar_unknown_within_event_minute,14097.25,14347.25,14138.0,14347.25,1,-418.5,2.24,-420.74,CAT_STOP,-3.420745272525028,0.4636343268248791,0.11621966794380588,-68.25,True,
2022-01-25,MNQH22,A,605aa9c1bee52a102446f0283839daf998adc79f20a0c2713c49ab878646f544,2,-1,2022-01-25T10:02:00-05:00,2022-01-25T10:00:00-05:00,2022-01-25T10:01:00-05:00,2022-01-25T14:44:00-05:00,,intrabar_unknown_within_event_minute,14097.75,14347.75,14117.5,14347.75,1,-460.5,2.24,-462.74,CAT_STOP,-6.951890989988876,0.7775664923500298,0.21727861771058316,-125.75,True,
2022-01-27,MNQH22,A,605aa9c1bee52a102446f0283839daf998adc79f20a0c2713c49ab878646f544,2,-1,2022-01-27T13:32:00-05:00,2022-01-27T13:30:00-05:00,2022-01-27T13:31:00-05:00,2022-01-27T16:00:00-05:00,2022-01-27T16:00:00-05:00,session_close_proxy,13990.25,13987.5,14017.75,13987.5,1,60.5,2.24,58.26,EOD_CLOSE_PROXY,-4.94071190211346,0.8806460748479105,0.549079754601227,-179.0,True,
2022-01-28,MNQH22,A,605aa9c1bee52a102446f0283839daf998adc79f20a0c2713c49ab878646f544,2,-1,2022-01-28T10:02:00-05:00,2022-01-28T10:00:00-05:00,2022-01-28T10:01:00-05:00,2022-01-28T11:01:00-05:00,,intrabar_unknown_within_event_minute,13900.5,14150.5,13882.75,14150.5,1,-535.5,2.24,-537.74,CAT_STOP,-3.943548387096774,0.5032095743083916,0.4673721340388007,-198.75,True,
2022-01-28,MNQH22,A,605aa9c1bee52a102446f0283839daf998adc79f20a0c2713c49ab878646f544,2,1,2022-01-28T11:32:00-05:00,2022-01-28T11:30:00-05:00,2022-01-28T11:31:00-05:00,2022-01-28T16:00:00-05:00,2022-01-28T16:00:00-05:00,session_close_proxy,14217.0,14434.0,14193.25,14434.0,1,481.5,2.24,479.26,EOD_CLOSE_PROXY,5.339710789766407,0.7939082925727716,0.247296322999279,85.75,True,
2022-01-31,MNQH22,A,605aa9c1bee52a102446f0283839daf998adc79f20a0c2713c49ab878646f544,2,1,2022-01-31T10:02:00-05:00,2022-01-31T10:00:00-05:00,2022-01-31T10:01:00-05:00,2022-01-31T16:00:00-05:00,2022-01-31T16:00:00-05:00,session_close_proxy,14629.5,14897.75,14644.25,14897.75,1,507.0,2.24,504.76,EOD_CLOSE_PROXY,5.195383759733037,0.7459904492178989,0.3187721369539551,135.0,True,
2022-02-04,MNQH22,A,605aa9c1bee52a102446f0283839daf998adc79f20a0c2713c49ab878646f544,2,1,2022-02-04T13:02:00-05:00,2022-02-04T13:00:00-05:00,2022-02-04T13:01:00-05:00,2022-02-04T16:00:00-05:00,2022-02-04T16:00:00-05:00,session_close_proxy,14651.75,14680.75,14678.75,14680.75,1,4.0,2.24,1.7599999999999998,EOD_CLOSE_PROXY,2.5438264738598444,0.8325881771391306,0.2102803738317757,45.0,True,
2022-02-08,MNQH22,A,605aa9c1bee52a102446f0283839daf998adc79f20a0c2713c49ab878646f544,2,1,2022-02-08T11:32:00-05:00,2022-02-08T11:30:00-05:00,2022-02-08T11:31:00-05:00,2022-02-08T16:00:00-05:00,2022-02-08T16:00:00-05:00,session_close_proxy,14665.25,14733.5,14685.75,14733.5,1,95.5,2.24,93.26,EOD_CLOSE_PROXY,1.1380978865406006,0.5330183884172371,0.1440107671601615,26.75,True,
2022-02-11,MNQH22,A,605aa9c1bee52a102446f0283839daf998adc79f20a0c2713c49ab878646f544,2,-1,2022-02-11T11:32:00-05:00,2022-02-11T11:30:00-05:00,2022-02-11T11:31:00-05:00,2022-02-11T16:00:00-05:00,2022-02-11T16:00:00-05:00,session_close_proxy,14575.0,14238.0,14591.5,14238.0,1,707.0,2.24,704.76,EOD_CLOSE_PROXY,-2.9343159065628477,0.7029046433612792,0.16782006920415224,-48.5,True,
2022-02-14,MNQH22,A,605aa9c1bee52a102446f0283839daf998adc79f20a0c2713c49ab878646f544,2,1,2022-02-14T11:32:00-05:00,2022-02-14T11:30:00-05:00,2022-02-14T11:31:00-05:00,2022-02-14T14:08:00-05:00,,intrabar_unknown_within_event_minute,14358.25,14108.25,14368.75,14108.25,1,-521.0,2.24,-523.24,CAT_STOP,3.1861512791991102,0.7894009960577005,0.3507751937984496,90.5,True,
2022-02-16,MNQH22,A,605aa9c1bee52a102446f0283839daf998adc79f20a0c2713c49ab878646f544,2,-1,2022-02-16T10:02:00-05:00,2022-02-16T10:00:00-05:00,2022-02-16T10:01:00-05:00,2022-02-16T16:00:00-05:00,2022-02-16T16:00:00-05:00,session_close_proxy,14408.25,14599.75,14418.75,14599.75,1,-362.0,2.24,-364.24,EOD_CLOSE_PROXY,-3.2954949944382648,0.8392278305988076,0.3353174603174603,-84.5,True,
2022-02-17,MNQH22,A,605aa9c1bee52a102446f0283839daf998adc79f20a0c2713c49ab878646f544,2,-1,2022-02-17T10:32:00-05:00,2022-02-17T10:30:00-05:00,2022-02-17T10:31:00-05:00,2022-02-17T16:00:00-05:00,2022-02-17T16:00:00-05:00,session_close_proxy,14342.5,14165.25,14354.75,14165.25,1,379.0,2.24,376.76,EOD_CLOSE_PROXY,-2.735761957730812,0.7522941942056682,0.24559023066485752,-45.25,True,
2022-02-18,MNQH22,A,605aa9c1bee52a102446f0283839daf998adc79f20a0c2713c49ab878646f544,2,-1,2022-02-18T11:02:00-05:00,2022-02-18T11:00:00-05:00,2022-02-18T11:01:00-05:00,2022-02-18T16:00:00-05:00,2022-02-18T16:00:00-05:00,session_close_proxy,14049.5,14005.25,14042.5,14005.25,1,74.5,2.24,72.26,EOD_CLOSE_PROXY,-0.49738598442714127,0.28498354142058113,0.09746328437917223,-18.25,True,
2022-02-23,MNQH22,A,605aa9c1bee52a102446f0283839daf998adc79f20a0c2713c49ab878646f544,2,-1,2022-02-23T11:02:00-05:00,2022-02-23T11:00:00-05:00,2022-02-23T11:01:00-05:00,2022-02-23T16:00:00-05:00,2022-02-23T16:00:00-05:00,session_close_proxy,13779.75,13507.5,13771.75,13507.5,1,528.5,2.24,526.26,EOD_CLOSE_PROXY,-1.6804783092324804,0.559075865209038,0.047619047619047616,-13.25,True,
2022-02-24,MNQH22,A,605aa9c1bee52a102446f0283839daf998adc79f20a0c2713c49ab878646f544,2,1,2022-02-24T14:32:00-05:00,2022-02-24T14:30:00-05:00,2022-02-24T14:31:00-05:00,2022-02-24T16:00:00-05:00,2022-02-24T16:00:00-05:00,session_close_proxy,13665.5,13966.5,13708.75,13966.5,1,515.5,2.24,513.26,EOD_CLOSE_PROXY,3.2112347052280312,0.790083521252621,0.22429906542056074,84.0,True,
2022-02-25,MNQH22,A,605aa9c1bee52a102446f0283839daf998adc79f20a0c2713c49ab878646f544,2,-1,2022-02-25T10:02:00-05:00,2022-02-25T10:00:00-05:00,2022-02-25T10:01:00-05:00,2022-02-25T11:20:00-05:00,,intrabar_unknown_within_event_minute,13869.25,14119.25,13855.0,14119.25,1,-528.5,2.24,-530.74,CAT_STOP,-1.8951612903225807,0.28616145247165414,0.16796440489432704,-75.5,True,
2022-02-25,MNQH22,A,605aa9c1bee52a102446f0283839daf998adc79f20a0c2713c49ab878646f544,2,1,2022-02-25T11:32:00-05:00,2022-02-25T11:30:00-05:00,2022-02-25T11:31:00-05:00,2022-02-25T16:00:00-05:00,2022-02-25T16:00:00-05:00,session_close_proxy,14121.0,14181.5,14116.75,14181.5,1,129.5,2.24,127.26,EOD_CLOSE_PROXY,3.475973303670745,0.813256169322776,0.336986301369863,92.25,True,
2022-03-01,MNQH22,A,605aa9c1bee52a102446f0283839daf998adc79f20a0c2713c49ab878646f544,2,-1,2022-03-01T13:32:00-05:00,2022-03-01T13:30:00-05:00,2022-03-01T13:31:00-05:00,2022-03-01T16:00:00-05:00,2022-03-01T16:00:00-05:00,session_close_proxy,13975.5,14004.5,13983.5,14004.5,1,-42.0,2.24,-44.24,EOD_CLOSE_PROXY,-3.411846496106785,0.9070973344045142,0.6463932107496464,-114.25,True,
2022-03-02,MNQH22,A,605aa9c1bee52a102446f0283839daf998adc79f20a0c2713c49ab878646f544,2,1,2022-03-02T13:32:00-05:00,2022-03-02T13:30:00-05:00,2022-03-02T13:31:00-05:00,2022-03-02T16:00:00-05:00,2022-03-02T16:00:00-05:00,session_close_proxy,14238.25,14236.25,14249.5,14236.25,1,-26.5,2.24,-28.740000000000002,EOD_CLOSE_PROXY,0.8602892102335928,0.2738709960380096,0.29981378026070765,40.25,True,
2022-03-03,MNQH22,A,605aa9c1bee52a102446f0283839daf998adc79f20a0c2713c49ab878646f544,2,-1,2022-03-03T11:02:00-05:00,2022-03-03T11:00:00-05:00,2022-03-03T11:01:00-05:00,2022-03-03T16:00:00-05:00,2022-03-03T16:00:00-05:00,session_close_proxy,14052.75,14034.25,14055.5,14034.25,1,42.5,2.24,40.26,EOD_CLOSE_PROXY,-3.1698553948832036,0.8715138929537694,0.41262135922330095,-85.0,True,
2022-03-04,MNQH22,A,605aa9c1bee52a102446f0283839daf998adc79f20a0c2713c49ab878646f544,2,-1,2022-03-04T11:02:00-05:00,2022-03-04T11:00:00-05:00,2022-03-04T11:01:00-05:00,2022-03-04T16:00:00-05:00,2022-03-04T16:00:00-05:00,session_close_proxy,13781.75,13834.5,13793.0,13834.5,1,-83.0,2.24,-85.24,EOD_CLOSE_PROXY,-1.3913793103448275,0.37246005192423787,0.10813397129186603,-28.25,True,
2022-03-07,MNQH22,A,605aa9c1bee52a102446f0283839daf998adc79f20a0c2713c49ab878646f544,2,-1,2022-03-07T10:02:00-05:00,2022-03-07T10:00:00-05:00,2022-03-07T10:01:00-05:00,2022-03-07T16:00:00-05:00,2022-03-07T16:00:00-05:00,session_close_proxy,13674.25,13320.75,13669.5,13320.75,1,697.5,2.24,695.26,EOD_CLOSE_PROXY,-5.259899888765295,0.8531095777223072,0.4383078730904818,-186.5,True,
2022-03-08,MNQH22,A,605aa9c1bee52a102446f0283839daf998adc79f20a0c2713c49ab878646f544,2,1,2022-03-08T12:32:00-05:00,2022-03-08T12:30:00-05:00,2022-03-08T12:31:00-05:00,2022-03-08T15:56:00-05:00,,intrabar_unknown_within_event_minute,13514.25,13264.25,13495.75,13264.25,1,-463.0,2.24,-465.24,CAT_STOP,8.846496106785317,0.7622130910366847,0.5310834813499112,299.0,True,
2022-03-10,MNQH22,A,605aa9c1bee52a102446f0283839daf998adc79f20a0c2713c49ab878646f544,2,-1,2022-03-10T11:32:00-05:00,2022-03-10T11:30:00-05:00,2022-03-10T11:31:00-05:00,2022-03-10T16:00:00-05:00,2022-03-10T16:00:00-05:00,session_close_proxy,13412.0,13589.75,13410.5,13589.75,1,-358.5,2.24,-360.74,EOD_CLOSE_PROXY,-0.63587319243604,0.30621246815333397,0.1541095890410959,-22.5,True,
2022-03-11,MNQH22,A,605aa9c1bee52a102446f0283839daf998adc79f20a0c2713c49ab878646f544,2,-1,2022-03-11T12:32:00-05:00,2022-03-11T12:30:00-05:00,2022-03-11T12:31:00-05:00,2022-03-11T16:00:00-05:00,2022-03-11T16:00:00-05:00,session_close_proxy,13421.5,13298.5,13426.75,13298.5,1,256.5,2.24,254.26,EOD_CLOSE_PROXY,-0.23876529477196887,0.0254376599398209,0.14595898673100122,-30.25,True,
2022-03-14,MNQH22,A,605aa9c1bee52a102446f0283839daf998adc79f20a0c2713c49ab878646f544,2,-1,2022-03-14T13:32:00-04:00,2022-03-14T13:30:00-04:00,2022-03-14T13:31:00-04:00,2022-03-14T16:00:00-04:00,2022-03-14T16:00:00-04:00,session_close_proxy,13052.75,13049.5,13065.0,13049.5,1,31.0,2.24,28.759999999999998,EOD_CLOSE_PROXY,-0.11774193548387096,0.01597707493086622,0.15568022440392706,-27.75,True,
2022-03-15,MNQH22,A,605aa9c1bee52a102446f0283839daf998adc79f20a0c2713c49ab878646f544,2,1,2022-03-15T11:32:00-04:00,2022-03-15T11:30:00-04:00,2022-03-15T11:31:00-04:00,2022-03-15T16:00:00-04:00,2022-03-15T16:00:00-04:00,session_close_proxy,13358.5,13456.5,13354.25,13456.5,1,204.5,2.24,202.26,EOD_CLOSE_PROXY,1.196218020022247,0.46705110089637913,0.3654618473895582,68.25,True,
2022-03-16,MNQH22,A,605aa9c1bee52a102446f0283839daf998adc79f20a0c2713c49ab878646f544,2,1,2022-03-16T10:02:00-04:00,2022-03-16T10:00:00-04:00,2022-03-16T10:01:00-04:00,2022-03-16T14:33:00-04:00,,intrabar_unknown_within_event_minute,13722.75,13472.75,13737.75,13472.75,1,-530.0,2.24,-532.24,CAT_STOP,3.7381535038932148,0.7899722346707561,0.36045197740112994,79.75,True,
2022-03-21,MNQM22,A,605aa9c1bee52a102446f0283839daf998adc79f20a0c2713c49ab878646f544,2,-1,2022-03-21T10:02:00-04:00,2022-03-21T10:00:00-04:00,2022-03-21T10:01:00-04:00,2022-03-21T16:00:00-04:00,2022-03-21T16:00:00-04:00,session_close_proxy,14302.5,14372.25,14311.75,14372.25,1,-121.0,2.24,-123.24,EOD_CLOSE_PROXY,-3.72174638487208,0.4568615706902771,0.2542927228127555,-77.75,True,
2022-03-22,MNQM22,A,605aa9c1bee52a102446f0283839daf998adc79f20a0c2713c49ab878646f544,2,1,2022-03-22T10:02:00-04:00,2022-03-22T10:00:00-04:00,2022-03-22T10:01:00-04:00,2022-03-22T16:00:00-04:00,2022-03-22T16:00:00-04:00,session_close_proxy,14468.0,14654.25,14509.75,14654.25,1,289.0,2.24,286.76,EOD_CLOSE_PROXY,0.696607341490545,0.07014873222918885,0.2085889570552147,68.0,True,
2022-03-24,MNQM22,A,605aa9c1bee52a102446f0283839daf998adc79f20a0c2713c49ab878646f544,2,1,2022-03-24T15:32:00-04:00,2022-03-24T15:30:00-04:00,2022-03-24T15:31:00-04:00,2022-03-24T16:00:00-04:00,2022-03-24T16:00:00-04:00,session_close_proxy,14725.25,14766.0,14729.5,14766.0,1,73.0,2.24,70.76,EOD_CLOSE_PROXY,2.5847052280311456,0.9448194454314782,0.5042372881355932,59.5,True,
2022-03-25,MNQM22,A,605aa9c1bee52a102446f0283839daf998adc79f20a0c2713c49ab878646f544,2,-1,2022-03-25T11:32:00-04:00,2022-03-25T11:30:00-04:00,2022-03-25T11:31:00-04:00,2022-03-25T16:00:00-04:00,2022-03-25T16:00:00-04:00,session_close_proxy,14598.0,14755.5,14603.5,14755.5,1,-304.0,2.24,-306.24,EOD_CLOSE_PROXY,-4.761957730812013,0.888360682871237,0.4662045060658579,-134.5,True,
2022-03-28,MNQM22,A,605aa9c1bee52a102446f0283839daf998adc79f20a0c2713c49ab878646f544,2,1,2022-03-28T10:02:00-04:00,2022-03-28T10:00:00-04:00,2022-03-28T10:01:00-04:00,2022-03-28T16:00:00-04:00,2022-03-28T16:00:00-04:00,session_close_proxy,14887.25,14987.25,14866.0,14987.25,1,242.5,2.24,240.26,EOD_CLOSE_PROXY,3.235650723025584,0.6983343264347488,0.4375,115.5,True,
2022-04-01,MNQM22,A,605aa9c1bee52a102446f0283839daf998adc79f20a0c2713c49ab878646f544,2,-1,2022-04-01T13:02:00-04:00,2022-04-01T13:00:00-04:00,2022-04-01T13:01:00-04:00,2022-04-01T16:00:00-04:00,2022-04-01T16:00:00-04:00,session_close_proxy,14745.0,14862.0,14741.25,14862.0,1,-241.5,2.24,-243.74,EOD_CLOSE_PROXY,0.3264738598442714,0.10287526343034686,0.1443661971830986,-20.5,True,
2022-04-04,MNQM22,A,605aa9c1bee52a102446f0283839daf998adc79f20a0c2713c49ab878646f544,2,1,2022-04-04T10:02:00-04:00,2022-04-04T10:00:00-04:00,2022-04-04T10:01:00-04:00,2022-04-04T16:00:00-04:00,2022-04-04T16:00:00-04:00,session_close_proxy,15049.0,15163.5,15048.5,15163.5,1,230.0,2.24,227.76,EOD_CLOSE_PROXY,5.165461624026697,0.927560313256173,0.5017241379310344,145.5,True,
2022-04-05,MNQM22,A,605aa9c1bee52a102446f0283839daf998adc79f20a0c2713c49ab878646f544,2,-1,2022-04-05T10:32:00-04:00,2022-04-05T10:30:00-04:00,2022-04-05T10:31:00-04:00,2022-04-05T16:00:00-04:00,2022-04-05T16:00:00-04:00,session_close_proxy,14966.0,14831.25,14974.0,14831.25,1,285.5,2.24,283.26,EOD_CLOSE_PROXY,-4.177196885428254,0.6385582170414893,0.3699825479930192,-106.0,True,
2022-04-06,MNQM22,A,605aa9c1bee52a102446f0283839daf998adc79f20a0c2713c49ab878646f544,2,-1,2022-04-06T10:02:00-04:00,2022-04-06T10:00:00-04:00,2022-04-06T10:01:00-04:00,2022-04-06T16:00:00-04:00,2022-04-06T16:00:00-04:00,session_close_proxy,14505.75,14505.75,14490.75,14505.75,1,-30.0,2.24,-32.24,EOD_CLOSE_PROXY,-4.022358175750834,0.870699295091818,0.5,-127.5,True,
2022-04-08,MNQM22,A,605aa9c1bee52a102446f0283839daf998adc79f20a0c2713c49ab878646f544,2,-1,2022-04-08T10:02:00-04:00,2022-04-08T10:00:00-04:00,2022-04-08T10:01:00-04:00,2022-04-08T16:00:00-04:00,2022-04-08T16:00:00-04:00,session_close_proxy,14323.0,14336.25,14332.0,14336.25,1,-8.5,2.24,-10.74,EOD_CLOSE_PROXY,-4.0940489432703,0.8317531808256982,0.3942598187311178,-130.5,True,
2022-04-11,MNQM22,A,605aa9c1bee52a102446f0283839daf998adc79f20a0c2713c49ab878646f544,2,-1,2022-04-11T11:02:00-04:00,2022-04-11T11:00:00-04:00,2022-04-11T11:01:00-04:00,2022-04-11T16:00:00-04:00,2022-04-11T16:00:00-04:00,session_close_proxy,14049.5,14000.75,14057.75,14000.75,1,114.0,2.24,111.76,EOD_CLOSE_PROXY,-1.7510567296996662,0.5800638113838864,0.19722222222222222,-35.5,True,
2022-04-13,MNQM22,A,605aa9c1bee52a102446f0283839daf998adc79f20a0c2713c49ab878646f544,2,1,2022-04-13T10:32:00-04:00,2022-04-13T10:30:00-04:00,2022-04-13T10:31:00-04:00,2022-04-13T16:00:00-04:00,2022-04-13T16:00:00-04:00,session_close_proxy,14073.25,14221.75,14107.0,14221.75,1,229.5,2.24,227.26,EOD_CLOSE_PROXY,3.0156840934371525,0.6965902014910899,0.2958963282937365,68.5,True,
2022-04-14,MNQM22,A,605aa9c1bee52a102446f0283839daf998adc79f20a0c2713c49ab878646f544,2,-1,2022-04-14T10:02:00-04:00,2022-04-14T10:00:00-04:00,2022-04-14T10:01:00-04:00,2022-04-14T16:00:00-04:00,2022-04-14T16:00:00-04:00,session_close_proxy,14115.75,13893.75,14122.25,13893.75,1,457.0,2.24,454.76,EOD_CLOSE_PROXY,-4.260567296996663,0.9106088920074691,0.4747225647348952,-96.25,True,
2022-04-19,MNQM22,A,605aa9c1bee52a102446f0283839daf998adc79f20a0c2713c49ab878646f544,2,1,2022-04-19T10:02:00-04:00,2022-04-19T10:00:00-04:00,2022-04-19T10:01:00-04:00,2022-04-19T16:00:00-04:00,2022-04-19T16:00:00-04:00,session_close_proxy,14014.75,14212.75,14010.5,14212.75,1,404.5,2.24,402.26,EOD_CLOSE_PROXY,4.58476084538376,0.7554755169097349,0.2898203592814371,121.0,True,
2022-04-20,MNQM22,A,605aa9c1bee52a102446f0283839daf998adc79f20a0c2713c49ab878646f544,2,-1,2022-04-20T10:02:00-04:00,2022-04-20T10:00:00-04:00,2022-04-20T10:01:00-04:00,2022-04-20T16:00:00-04:00,2022-04-20T16:00:00-04:00,session_close_proxy,14086.5,14004.0,14093.0,14004.0,1,178.0,2.24,175.76,EOD_CLOSE_PROXY,-6.01551724137931,0.9379775449352723,0.5395348837209303,-174.0,True,
2022-04-21,MNQM22,A,605aa9c1bee52a102446f0283839daf998adc79f20a0c2713c49ab878646f544,2,-1,2022-04-21T14:32:00-04:00,2022-04-21T14:30:00-04:00,2022-04-21T14:31:00-04:00,2022-04-21T16:00:00-04:00,2022-04-21T16:00:00-04:00,session_close_proxy,13807.5,13721.25,13803.0,13721.25,1,163.5,2.24,161.26,EOD_CLOSE_PROXY,-0.9868186874304783,0.4211135890143979,0.19154228855721392,-38.5,True,
2022-04-22,MNQM22,A,605aa9c1bee52a102446f0283839daf998adc79f20a0c2713c49ab878646f544,2,-1,2022-04-22T10:32:00-04:00,2022-04-22T10:30:00-04:00,2022-04-22T10:31:00-04:00,2022-04-22T16:00:00-04:00,2022-04-22T16:00:00-04:00,session_close_proxy,13590.25,13357.0,13595.5,13357.0,1,477.0,2.24,474.76,EOD_CLOSE_PROXY,-5.439877641824249,0.8163908683625929,0.3472022955523673,-121.0,True,
2022-04-26,MNQM22,A,605aa9c1bee52a102446f0283839daf998adc79f20a0c2713c49ab878646f544,2,-1,2022-04-26T10:02:00-04:00,2022-04-26T10:00:00-04:00,2022-04-26T10:01:00-04:00,2022-04-26T16:00:00-04:00,2022-04-26T16:00:00-04:00,session_close_proxy,13268.75,13009.75,13262.0,13009.75,1,504.5,2.24,502.26,EOD_CLOSE_PROXY,-4.848553948832036,0.9051776791572074,0.460231135282121,-169.25,True,
2022-04-27,MNQM22,A,605aa9c1bee52a102446f0283839daf998adc79f20a0c2713c49ab878646f544,2,1,2022-04-27T10:02:00-04:00,2022-04-27T10:00:00-04:00,2022-04-27T10:01:00-04:00,2022-04-27T16:00:00-04:00,2022-04-27T16:00:00-04:00,session_close_proxy,13177.0,13003.25,13182.25,13003.25,1,-358.0,2.24,-360.24,EOD_CLOSE_PROXY,4.5838153503893215,0.6032524927044003,0.31424481030780244,109.75,True,
2022-04-28,MNQM22,A,605aa9c1bee52a102446f0283839daf998adc79f20a0c2713c49ab878646f544,2,1,2022-04-28T13:32:00-04:00,2022-04-28T13:30:00-04:00,2022-04-28T13:31:00-04:00,2022-04-28T16:00:00-04:00,2022-04-28T16:00:00-04:00,session_close_proxy,13406.75,13462.5,13387.5,13462.5,1,150.0,2.24,147.76,EOD_CLOSE_PROXY,1.389154616240267,0.5424329711294188,0.19953325554259044,42.75,True,
2022-04-29,MNQM22,A,605aa9c1bee52a102446f0283839daf998adc79f20a0c2713c49ab878646f544,2,-1,2022-04-29T12:32:00-04:00,2022-04-29T12:30:00-04:00,2022-04-29T12:31:00-04:00,2022-04-29T16:00:00-04:00,2022-04-29T16:00:00-04:00,session_close_proxy,13117.5,12856.5,13113.5,12856.5,1,514.0,2.24,511.76,EOD_CLOSE_PROXY,-0.7278642936596218,0.30498301782960296,0.2992,-46.75,True,
2022-05-02,MNQM22,A,605aa9c1bee52a102446f0283839daf998adc79f20a0c2713c49ab878646f544,2,1,2022-05-02T10:32:00-04:00,2022-05-02T10:30:00-04:00,2022-05-02T10:31:00-04:00,2022-05-02T14:16:00-04:00,,intrabar_unknown_within_event_minute,12982.75,12732.75,13016.25,12732.75,1,-567.0,2.24,-569.24,CAT_STOP,1.4046718576195774,0.06508426671125926,0.1255205234979179,52.75,True,
2022-05-04,MNQM22,A,605aa9c1bee52a102446f0283839daf998adc79f20a0c2713c49ab878646f544,2,-1,2022-05-04T10:32:00-04:00,2022-05-04T10:30:00-04:00,2022-05-04T10:31:00-04:00,2022-05-04T14:01:00-04:00,,intrabar_unknown_within_event_minute,12962.25,13212.25,12963.5,13212.25,1,-497.5,2.24,-499.74,CAT_STOP,-2.1436596218020023,0.6555842291897734,0.18376068376068377,-43.0,True,
2022-05-04,MNQM22,A,605aa9c1bee52a102446f0283839daf998adc79f20a0c2713c49ab878646f544,2,1,2022-05-04T15:02:00-04:00,2022-05-04T15:00:00-04:00,2022-05-04T15:01:00-04:00,2022-05-04T16:00:00-04:00,2022-05-04T16:00:00-04:00,session_close_proxy,13336.75,13533.5,13351.25,13533.5,1,364.5,2.24,362.26,EOD_CLOSE_PROXY,13.985761957730812,0.8883383920819493,0.3589909443725744,277.5,True,
2022-05-05,MNQM22,A,605aa9c1bee52a102446f0283839daf998adc79f20a0c2713c49ab878646f544,2,-1,2022-05-05T10:02:00-04:00,2022-05-05T10:00:00-04:00,2022-05-05T10:01:00-04:00,2022-05-05T16:00:00-04:00,2022-05-05T16:00:00-04:00,session_close_proxy,13173.25,12860.0,13157.25,12860.0,1,594.5,2.24,592.26,EOD_CLOSE_PROXY,-5.439432703003337,0.9340842080067067,0.5341506129597198,-152.5,True,
2022-05-06,MNQM22,A,605aa9c1bee52a102446f0283839daf998adc79f20a0c2713c49ab878646f544,2,-1,2022-05-06T10:02:00-04:00,2022-05-06T10:00:00-04:00,2022-05-06T10:01:00-04:00,2022-05-06T10:19:00-04:00,,intrabar_unknown_within_event_minute,12551.0,12801.0,12580.0,12801.0,1,-442.0,2.24,-444.24,CAT_STOP,-6.713125695216908,0.7811035345952643,0.3404539385847797,-191.25,True,
2022-05-09,MNQM22,A,605aa9c1bee52a102446f0283839daf998adc79f20a0c2713c49ab878646f544,2,-1,2022-05-09T11:02:00-04:00,2022-05-09T11:00:00-04:00,2022-05-09T11:01:00-04:00,2022-05-09T16:00:00-04:00,2022-05-09T16:00:00-04:00,session_close_proxy,12304.0,12196.75,12318.0,12196.75,1,242.5,2.24,240.26,EOD_CLOSE_PROXY,-0.16924360400444938,0.0067224082148534935,0.12259059367771781,-39.75,True,
2022-05-11,MNQM22,A,605aa9c1bee52a102446f0283839daf998adc79f20a0c2713c49ab878646f544,2,-1,2022-05-11T13:32:00-04:00,2022-05-11T13:30:00-04:00,2022-05-11T13:31:00-04:00,2022-05-11T16:00:00-04:00,2022-05-11T16:00:00-04:00,session_close_proxy,12090.5,11974.5,12080.5,11974.5,1,212.0,2.24,209.76,EOD_CLOSE_PROXY,-0.18020022246941045,0.012323740762909643,0.11953833470733718,-36.25,True,
2022-05-13,MNQM22,A,605aa9c1bee52a102446f0283839daf998adc79f20a0c2713c49ab878646f544,2,1,2022-05-13T10:02:00-04:00,2022-05-13T10:00:00-04:00,2022-05-13T10:01:00-04:00,2022-05-13T16:00:00-04:00,2022-05-13T16:00:00-04:00,session_close_proxy,12244.5,12384.0,12264.0,12384.0,1,240.0,2.24,237.76,EOD_CLOSE_PROXY,5.780200222469411,0.837418543658009,0.2454598711189221,104.75,True,
2022-05-18,MNQM22,A,605aa9c1bee52a102446f0283839daf998adc79f20a0c2713c49ab878646f544,2,-1,2022-05-18T11:32:00-04:00,2022-05-18T11:30:00-04:00,2022-05-18T11:31:00-04:00,2022-05-18T16:00:00-04:00,2022-05-18T16:00:00-04:00,session_close_proxy,12146.5,11940.5,12125.5,11940.5,1,370.0,2.24,367.76,EOD_CLOSE_PROXY,-4.456284760845384,0.9714260740882085,0.6288888888888889,-141.5,True,
2022-05-20,MNQM22,A,605aa9c1bee52a102446f0283839daf998adc79f20a0c2713c49ab878646f544,2,-1,2022-05-20T12:02:00-04:00,2022-05-20T12:00:00-04:00,2022-05-20T12:01:00-04:00,2022-05-20T16:00:00-04:00,2022-05-20T16:00:00-04:00,session_close_proxy,11733.75,11834.5,11741.5,11834.5,1,-186.0,2.24,-188.24,EOD_CLOSE_PROXY,-1.0323692992213571,0.4256668147279075,0.14990859232175502,-41.0,True,
2022-05-24,MNQM22,A,605aa9c1bee52a102446f0283839daf998adc79f20a0c2713c49ab878646f544,2,-1,2022-05-24T10:02:00-04:00,2022-05-24T10:00:00-04:00,2022-05-24T10:01:00-04:00,2022-05-24T16:00:00-04:00,2022-05-24T16:00:00-04:00,session_close_proxy,11678.5,11782.0,11664.0,11782.0,1,-236.0,2.24,-238.24,EOD_CLOSE_PROXY,-4.3086763070077865,0.8784887267176232,0.43564356435643564,-132.0,True,
2022-05-25,MNQM22,A,605aa9c1bee52a102446f0283839daf998adc79f20a0c2713c49ab878646f544,2,1,2022-05-25T10:32:00-04:00,2022-05-25T10:30:00-04:00,2022-05-25T10:31:00-04:00,2022-05-25T16:00:00-04:00,2022-05-25T16:00:00-04:00,session_close_proxy,11889.5,11949.75,11884.25,11949.75,1,131.0,2.24,128.76,EOD_CLOSE_PROXY,3.331813125695217,0.7372198752899979,0.3127917833800187,83.75,True,
2022-05-26,MNQM22,A,605aa9c1bee52a102446f0283839daf998adc79f20a0c2713c49ab878646f544,2,1,2022-05-26T10:02:00-04:00,2022-05-26T10:00:00-04:00,2022-05-26T10:01:00-04:00,2022-05-26T16:00:00-04:00,2022-05-26T16:00:00-04:00,session_close_proxy,12114.5,12274.25,12129.75,12274.25,1,289.0,2.24,286.76,EOD_CLOSE_PROXY,6.3731924360400445,0.9111081221853123,0.624420401854714,202.0,True,
2022-05-27,MNQM22,A,605aa9c1bee52a102446f0283839daf998adc79f20a0c2713c49ab878646f544,2,1,2022-05-27T10:02:00-04:00,2022-05-27T10:00:00-04:00,2022-05-27T10:01:00-04:00,2022-05-27T16:00:00-04:00,2022-05-27T16:00:00-04:00,session_close_proxy,12518.75,12681.25,12514.75,12681.25,1,333.0,2.24,330.76,EOD_CLOSE_PROXY,2.328587319243604,0.6744619421557186,0.2899022801302932,89.0,True,
2022-06-02,MNQM22,A,605aa9c1bee52a102446f0283839daf998adc79f20a0c2713c49ab878646f544,2,1,2022-06-02T12:32:00-04:00,2022-06-02T12:30:00-04:00,2022-06-02T12:31:00-04:00,2022-06-02T16:00:00-04:00,2022-06-02T16:00:00-04:00,session_close_proxy,12768.5,12894.0,12770.0,12894.0,1,248.0,2.24,245.76,EOD_CLOSE_PROXY,2.706451612903226,0.870426222849942,0.43304843304843305,76.0,True,
2022-06-10,MNQM22,A,605aa9c1bee52a102446f0283839daf998adc79f20a0c2713c49ab878646f544,2,-1,2022-06-10T10:02:00-04:00,2022-06-10T10:00:00-04:00,2022-06-10T10:01:00-04:00,2022-06-10T16:00:00-04:00,2022-06-10T16:00:00-04:00,session_close_proxy,11958.5,11837.25,11920.75,11837.25,1,167.0,2.24,164.76,EOD_CLOSE_PROXY,-2.453337041156841,0.4560453782725081,0.21583178726035868,-87.25,True,
2022-06-15,MNQM22,A,605aa9c1bee52a102446f0283839daf998adc79f20a0c2713c49ab878646f544,2,1,2022-06-15T15:32:00-04:00,2022-06-15T15:30:00-04:00,2022-06-15T15:31:00-04:00,2022-06-15T16:00:00-04:00,2022-06-15T16:00:00-04:00,session_close_proxy,11698.5,11596.5,11693.25,11596.5,1,-193.5,2.24,-195.74,EOD_CLOSE_PROXY,3.3267519466073416,0.5179089352206333,0.19351100811123986,83.5,True,
2022-06-16,MNQM22,A,605aa9c1bee52a102446f0283839daf998adc79f20a0c2713c49ab878646f544,2,-1,2022-06-16T10:02:00-04:00,2022-06-16T10:00:00-04:00,2022-06-16T10:01:00-04:00,2022-06-16T16:00:00-04:00,2022-06-16T16:00:00-04:00,session_close_proxy,11234.5,11132.75,11209.0,11132.75,1,152.5,2.24,150.26,EOD_CLOSE_PROXY,-1.4527252502780867,0.2931080623620296,0.15066666666666667,-56.5,True,
2022-06-22,MNQU22,A,605aa9c1bee52a102446f0283839daf998adc79f20a0c2713c49ab878646f544,2,1,2022-06-22T10:32:00-04:00,2022-06-22T10:30:00-04:00,2022-06-22T10:31:00-04:00,2022-06-22T16:00:00-04:00,2022-06-22T16:00:00-04:00,session_close_proxy,11708.0,11557.75,11700.0,11557.75,1,-284.5,2.24,-286.74,EOD_CLOSE_PROXY,5.326807563959956,0.9156232333296638,0.37213403880070545,105.5,True,
2022-06-24,MNQU22,A,605aa9c1bee52a102446f0283839daf998adc79f20a0c2713c49ab878646f544,2,1,2022-06-24T10:02:00-04:00,2022-06-24T10:00:00-04:00,2022-06-24T10:01:00-04:00,2022-06-24T16:00:00-04:00,2022-06-24T16:00:00-04:00,session_close_proxy,11954.5,12147.25,12003.0,12147.25,1,288.5,2.24,286.26,EOD_CLOSE_PROXY,3.208509454949944,0.7331197900266355,0.4919053549190536,98.75,True,
2022-06-27,MNQU22,A,605aa9c1bee52a102446f0283839daf998adc79f20a0c2713c49ab878646f544,2,-1,2022-06-27T10:02:00-04:00,2022-06-27T10:00:00-04:00,2022-06-27T10:01:00-04:00,2022-06-27T16:00:00-04:00,2022-06-27T16:00:00-04:00,session_close_proxy,12065.0,12044.75,12086.5,12044.75,1,83.5,2.24,81.26,EOD_CLOSE_PROXY,-3.3666852057842047,0.483048638018618,0.417461482024945,-142.25,True,
2022-06-28,MNQU22,A,605aa9c1bee52a102446f0283839daf998adc79f20a0c2713c49ab878646f544,2,-1,2022-06-28T11:32:00-04:00,2022-06-28T11:30:00-04:00,2022-06-28T11:31:00-04:00,2022-06-28T16:00:00-04:00,2022-06-28T16:00:00-04:00,session_close_proxy,11862.5,11673.75,11873.0,11673.75,1,398.5,2.24,396.26,EOD_CLOSE_PROXY,-3.7016129032258065,0.8586823513285586,0.5278858625162127,-101.75,True,
2022-06-30,MNQU22,A,605aa9c1bee52a102446f0283839daf998adc79f20a0c2713c49ab878646f544,2,-1,2022-06-30T10:02:00-04:00,2022-06-30T10:00:00-04:00,2022-06-30T10:01:00-04:00,2022-06-30T12:26:00-04:00,,intrabar_unknown_within_event_minute,11397.75,11647.75,11391.75,11647.75,1,-512.0,2.24,-514.24,CAT_STOP,-5.05761957730812,0.8786510387508658,0.49635036496350365,-170.0,True,
2022-07-07,MNQU22,A,605aa9c1bee52a102446f0283839daf998adc79f20a0c2713c49ab878646f544,2,1,2022-07-07T10:02:00-04:00,2022-07-07T10:00:00-04:00,2022-07-07T10:01:00-04:00,2022-07-07T16:00:00-04:00,2022-07-07T16:00:00-04:00,session_close_proxy,12034.75,12136.25,12002.0,12136.25,1,268.5,2.24,266.26,EOD_CLOSE_PROXY,3.106451612903226,0.8055839645052655,0.3707093821510298,81.0,True,
2022-07-11,MNQU22,A,605aa9c1bee52a102446f0283839daf998adc79f20a0c2713c49ab878646f544,2,-1,2022-07-11T10:02:00-04:00,2022-07-11T10:00:00-04:00,2022-07-11T10:01:00-04:00,2022-07-11T16:00:00-04:00,2022-07-11T16:00:00-04:00,session_close_proxy,11884.75,11890.5,11871.75,11890.5,1,-37.5,2.24,-39.74,EOD_CLOSE_PROXY,-5.514349276974416,0.744085282635609,0.4385692068429238,-141.0,True,
2022-07-19,MNQU22,A,605aa9c1bee52a102446f0283839daf998adc79f20a0c2713c49ab878646f544,2,1,2022-07-19T11:02:00-04:00,2022-07-19T11:00:00-04:00,2022-07-19T11:01:00-04:00,2022-07-19T16:00:00-04:00,2022-07-19T16:00:00-04:00,session_close_proxy,12143.5,12268.75,12147.0,12268.75,1,243.5,2.24,241.26,EOD_CLOSE_PROXY,2.393993325917686,0.8663026666644321,0.4583333333333333,49.5,True,
2022-07-20,MNQU22,A,605aa9c1bee52a102446f0283839daf998adc79f20a0c2713c49ab878646f544,2,1,2022-07-20T10:32:00-04:00,2022-07-20T10:30:00-04:00,2022-07-20T10:31:00-04:00,2022-07-20T16:00:00-04:00,2022-07-20T16:00:00-04:00,session_close_proxy,12390.75,12465.75,12392.75,12465.75,1,146.0,2.24,143.76,EOD_CLOSE_PROXY,3.3563959955506117,0.8871020982790164,0.5382475660639777,96.75,True,
2022-07-21,MNQU22,A,605aa9c1bee52a102446f0283839daf998adc79f20a0c2713c49ab878646f544,2,1,2022-07-21T12:32:00-04:00,2022-07-21T12:30:00-04:00,2022-07-21T12:31:00-04:00,2022-07-21T16:00:00-04:00,2022-07-21T16:00:00-04:00,session_close_proxy,12606.75,12645.25,12612.5,12645.25,1,65.5,2.24,63.26,EOD_CLOSE_PROXY,1.4850389321468298,0.6239197604194786,0.4366616989567809,73.25,True,
2022-07-22,MNQU22,A,605aa9c1bee52a102446f0283839daf998adc79f20a0c2713c49ab878646f544,2,-1,2022-07-22T11:32:00-04:00,2022-07-22T11:30:00-04:00,2022-07-22T11:31:00-04:00,2022-07-22T16:00:00-04:00,2022-07-22T16:00:00-04:00,session_close_proxy,12487.25,12423.75,12478.25,12423.75,1,109.0,2.24,106.76,EOD_CLOSE_PROXY,-2.3273081201334818,0.6312806816224669,0.4262485481997677,-91.75,True,
2022-07-25,MNQU22,A,605aa9c1bee52a102446f0283839daf998adc79f20a0c2713c49ab878646f544,2,-1,2022-07-25T10:32:00-04:00,2022-07-25T10:30:00-04:00,2022-07-25T10:31:00-04:00,2022-07-25T16:00:00-04:00,2022-07-25T16:00:00-04:00,session_close_proxy,12332.25,12355.25,12325.25,12355.25,1,-60.0,2.24,-62.24,EOD_CLOSE_PROXY,-2.8470522803114573,0.800647625475714,0.2368663594470046,-64.25,True,
2022-07-26,MNQU22,A,605aa9c1bee52a102446f0283839daf998adc79f20a0c2713c49ab878646f544,2,-1,2022-07-26T10:32:00-04:00,2022-07-26T10:30:00-04:00,2022-07-26T10:31:00-04:00,2022-07-26T16:00:00-04:00,2022-07-26T16:00:00-04:00,session_close_proxy,12186.0,12110.5,12171.0,12110.5,1,121.0,2.24,118.76,EOD_CLOSE_PROXY,-2.1846496106785316,0.707491316059202,0.1649016641452345,-27.25,True,
2022-07-27,MNQU22,A,605aa9c1bee52a102446f0283839daf998adc79f20a0c2713c49ab878646f544,2,1,2022-07-27T10:02:00-04:00,2022-07-27T10:00:00-04:00,2022-07-27T10:01:00-04:00,2022-07-27T16:00:00-04:00,2022-07-27T16:00:00-04:00,session_close_proxy,12386.5,12615.5,12389.25,12615.5,1,452.5,2.24,450.26,EOD_CLOSE_PROXY,3.7954393770856507,0.818820849595837,0.391644908616188,75.0,True,
2022-07-28,MNQU22,A,605aa9c1bee52a102446f0283839daf998adc79f20a0c2713c49ab878646f544,2,-1,2022-07-28T10:02:00-04:00,2022-07-28T10:00:00-04:00,2022-07-28T10:01:00-04:00,2022-07-28T14:55:00-04:00,,intrabar_unknown_within_event_minute,12489.75,12739.75,12507.75,12739.75,1,-464.0,2.24,-466.24,CAT_STOP,-6.389432703003337,0.8570827495241047,0.4548311076197958,-144.75,True,
2022-07-29,MNQU22,A,605aa9c1bee52a102446f0283839daf998adc79f20a0c2713c49ab878646f544,2,1,2022-07-29T10:32:00-04:00,2022-07-29T10:30:00-04:00,2022-07-29T10:31:00-04:00,2022-07-29T16:00:00-04:00,2022-07-29T16:00:00-04:00,session_close_proxy,12916.25,12971.75,12910.5,12971.75,1,122.5,2.24,120.26,EOD_CLOSE_PROXY,0.63559510567297,0.18060252887049025,0.16686114352392065,35.75,True,
2022-08-01,MNQU22,A,605aa9c1bee52a102446f0283839daf998adc79f20a0c2713c49ab878646f544,2,1,2022-08-01T11:02:00-04:00,2022-08-01T11:00:00-04:00,2022-08-01T11:01:00-04:00,2022-08-01T16:00:00-04:00,2022-08-01T16:00:00-04:00,session_close_proxy,13089.5,12962.5,13090.25,12962.5,1,-255.5,2.24,-257.74,EOD_CLOSE_PROXY,3.957953281423804,0.9318983370768431,0.509325681492109,88.75,True,
2022-08-03,MNQU22,A,605aa9c1bee52a102446f0283839daf998adc79f20a0c2713c49ab878646f544,2,1,2022-08-03T10:02:00-04:00,2022-08-03T10:00:00-04:00,2022-08-03T10:01:00-04:00,2022-08-03T16:00:00-04:00,2022-08-03T16:00:00-04:00,session_close_proxy,13115.5,13271.75,13088.5,13271.75,1,366.5,2.24,364.26,EOD_CLOSE_PROXY,2.638375973303671,0.7301382663350393,0.36639676113360325,90.5,True,
2022-08-08,MNQU22,A,605aa9c1bee52a102446f0283839daf998adc79f20a0c2713c49ab878646f544,2,1,2022-08-08T10:02:00-04:00,2022-08-08T10:00:00-04:00,2022-08-08T10:01:00-04:00,2022-08-08T14:06:00-04:00,,intrabar_unknown_within_event_minute,13392.5,13142.5,13388.5,13142.5,1,-492.0,2.24,-494.24,CAT_STOP,4.39265850945495,0.8887665839296799,0.5071633237822349,132.75,True,
2022-08-09,MNQU22,A,605aa9c1bee52a102446f0283839daf998adc79f20a0c2713c49ab878646f544,2,-1,2022-08-09T10:02:00-04:00,2022-08-09T10:00:00-04:00,2022-08-09T10:01:00-04:00,2022-08-09T16:00:00-04:00,2022-08-09T16:00:00-04:00,session_close_proxy,13001.5,13032.25,12988.0,13032.25,1,-88.5,2.24,-90.74,EOD_CLOSE_PROXY,-1.8196329254727475,0.3743595338250605,0.30095541401273884,-94.5,True,
2022-08-12,MNQU22,A,605aa9c1bee52a102446f0283839daf998adc79f20a0c2713c49ab878646f544,2,1,2022-08-12T13:32:00-04:00,2022-08-12T13:30:00-04:00,2022-08-12T13:31:00-04:00,2022-08-12T16:00:00-04:00,2022-08-12T16:00:00-04:00,session_close_proxy,13503.0,13579.5,13508.0,13579.5,1,143.0,2.24,140.76,EOD_CLOSE_PROXY,0.896551724137931,0.8291720637545055,0.25308641975308643,20.5,True,
2022-08-16,MNQU22,A,605aa9c1bee52a102446f0283839daf998adc79f20a0c2713c49ab878646f544,2,-1,2022-08-16T11:02:00-04:00,2022-08-16T11:00:00-04:00,2022-08-16T11:01:00-04:00,2022-08-16T16:00:00-04:00,2022-08-16T16:00:00-04:00,session_close_proxy,13557.5,13653.75,13568.0,13653.75,1,-171.5,2.24,-173.74,EOD_CLOSE_PROXY,1.2934371523915462,0.5659664664809396,0.04746317512274959,7.25,True,
2022-08-17,MNQU22,A,605aa9c1bee52a102446f0283839daf998adc79f20a0c2713c49ab878646f544,2,-1,2022-08-17T11:02:00-04:00,2022-08-17T11:00:00-04:00,2022-08-17T11:01:00-04:00,2022-08-17T16:00:00-04:00,2022-08-17T16:00:00-04:00,session_close_proxy,13430.25,13496.0,13439.5,13496.0,1,-113.0,2.24,-115.24,EOD_CLOSE_PROXY,-1.2848720800889877,0.3892285585396518,0.2641975308641975,-53.5,True,
2022-08-19,MNQU22,A,605aa9c1bee52a102446f0283839daf998adc79f20a0c2713c49ab878646f544,2,-1,2022-08-19T10:02:00-04:00,2022-08-19T10:00:00-04:00,2022-08-19T10:01:00-04:00,2022-08-19T16:00:00-04:00,2022-08-19T16:00:00-04:00,session_close_proxy,13309.0,13263.25,13296.25,13263.25,1,66.0,2.24,63.76,EOD_CLOSE_PROXY,-4.018075639599555,0.9295939724160168,0.40291806958473625,-89.75,True,
2022-08-22,MNQU22,A,605aa9c1bee52a102446f0283839daf998adc79f20a0c2713c49ab878646f544,2,-1,2022-08-22T10:32:00-04:00,2022-08-22T10:30:00-04:00,2022-08-22T10:31:00-04:00,2022-08-22T16:00:00-04:00,2022-08-22T16:00:00-04:00,session_close_proxy,12980.25,12916.0,12985.75,12916.0,1,139.5,2.24,137.26,EOD_CLOSE_PROXY,-1.7614015572858732,0.8272160092025489,0.24486571879936808,-38.75,True,
2022-08-24,MNQU22,A,605aa9c1bee52a102446f0283839daf998adc79f20a0c2713c49ab878646f544,2,1,2022-08-24T11:32:00-04:00,2022-08-24T11:30:00-04:00,2022-08-24T11:31:00-04:00,2022-08-24T16:00:00-04:00,2022-08-24T16:00:00-04:00,session_close_proxy,12987.25,12934.25,12985.5,12934.25,1,-102.5,2.24,-104.74,EOD_CLOSE_PROXY,2.378587319243604,0.8633398262974699,0.3612167300380228,47.5,True,
2022-08-25,MNQU22,A,605aa9c1bee52a102446f0283839daf998adc79f20a0c2713c49ab878646f544,2,1,2022-08-25T10:32:00-04:00,2022-08-25T10:30:00-04:00,2022-08-25T10:31:00-04:00,2022-08-25T16:00:00-04:00,2022-08-25T16:00:00-04:00,session_close_proxy,13093.75,13158.5,13105.25,13158.5,1,106.5,2.24,104.26,EOD_CLOSE_PROXY,1.4181312569521691,0.6598017427644607,0.28321678321678323,40.5,True,
2022-08-26,MNQU22,A,605aa9c1bee52a102446f0283839daf998adc79f20a0c2713c49ab878646f544,2,-1,2022-08-26T10:32:00-04:00,2022-08-26T10:30:00-04:00,2022-08-26T10:31:00-04:00,2022-08-26T16:00:00-04:00,2022-08-26T16:00:00-04:00,session_close_proxy,12986.75,12619.25,12933.25,12619.25,1,628.0,2.24,625.76,EOD_CLOSE_PROXY,-1.6878197997775306,0.06343315804743146,0.18802122820318423,-124.0,True,
2022-08-30,MNQU22,A,605aa9c1bee52a102446f0283839daf998adc79f20a0c2713c49ab878646f544,2,-1,2022-08-30T10:32:00-04:00,2022-08-30T10:30:00-04:00,2022-08-30T10:31:00-04:00,2022-08-30T16:00:00-04:00,2022-08-30T16:00:00-04:00,session_close_proxy,12404.25,12353.75,12409.0,12353.75,1,110.5,2.24,108.26,EOD_CLOSE_PROXY,-2.6082869855394883,0.6943392687416466,0.40835266821345706,-88.0,True,
2022-09-01,MNQU22,A,605aa9c1bee52a102446f0283839daf998adc79f20a0c2713c49ab878646f544,2,-1,2022-09-01T11:02:00-04:00,2022-09-01T11:00:00-04:00,2022-09-01T11:01:00-04:00,2022-09-01T16:00:00-04:00,2022-09-01T16:00:00-04:00,session_close_proxy,12053.0,12285.75,12049.5,12285.75,1,-472.5,2.24,-474.74,EOD_CLOSE_PROXY,-3.3040600667408233,0.814270199004138,0.6111929307805597,-103.75,True,
2022-09-02,MNQU22,A,605aa9c1bee52a102446f0283839daf998adc79f20a0c2713c49ab878646f544,2,-1,2022-09-02T13:32:00-04:00,2022-09-02T13:30:00-04:00,2022-09-02T13:31:00-04:00,2022-09-02T16:00:00-04:00,2022-09-02T16:00:00-04:00,session_close_proxy,12139.25,12110.5,12134.25,12110.5,1,47.5,2.24,45.26,EOD_CLOSE_PROXY,-2.331423804226919,0.6025516450361691,0.32413793103448274,-82.25,True,
2022-09-07,MNQU22,A,605aa9c1bee52a102446f0283839daf998adc79f20a0c2713c49ab878646f544,2,1,2022-09-07T12:02:00-04:00,2022-09-07T12:00:00-04:00,2022-09-07T12:01:00-04:00,2022-09-07T16:00:00-04:00,2022-09-07T16:00:00-04:00,session_close_proxy,12145.0,12262.0,12151.75,12262.0,1,220.5,2.24,218.26,EOD_CLOSE_PROXY,0.7271968854282537,0.41989331769407395,0.01444043321299639,2.0,True,
2022-09-09,MNQU22,A,605aa9c1bee52a102446f0283839daf998adc79f20a0c2713c49ab878646f544,2,1,2022-09-09T10:02:00-04:00,2022-09-09T10:00:00-04:00,2022-09-09T10:01:00-04:00,2022-09-09T16:00:00-04:00,2022-09-09T16:00:00-04:00,session_close_proxy,12503.0,12590.25,12508.25,12590.25,1,164.0,2.24,161.76,EOD_CLOSE_PROXY,1.35734149054505,0.6140036980084949,0.31958762886597936,69.75,True,
2022-09-12,MNQU22,A,605aa9c1bee52a102446f0283839daf998adc79f20a0c2713c49ab878646f544,2,1,2022-09-12T10:02:00-04:00,2022-09-12T10:00:00-04:00,2022-09-12T10:01:00-04:00,2022-09-12T16:00:00-04:00,2022-09-12T16:00:00-04:00,session_close_proxy,12736.5,12742.75,12742.0,12742.75,1,1.5,2.24,-0.7400000000000002,EOD_CLOSE_PROXY,2.5060622914349278,0.8017161262525095,0.3905249679897567,76.25,True,
2022-09-13,MNQU22,A,605aa9c1bee52a102446f0283839daf998adc79f20a0c2713c49ab878646f544,2,-1,2022-09-13T10:02:00-04:00,2022-09-13T10:00:00-04:00,2022-09-13T10:01:00-04:00,2022-09-13T16:00:00-04:00,2022-09-13T16:00:00-04:00,session_close_proxy,12307.25,12040.25,12298.0,12040.25,1,515.5,2.24,513.26,EOD_CLOSE_PROXY,-2.061012235817575,0.46558529793183545,0.2616136919315403,-80.25,True,
2022-09-15,MNQU22,A,605aa9c1bee52a102446f0283839daf998adc79f20a0c2713c49ab878646f544,2,-1,2022-09-15T11:02:00-04:00,2022-09-15T11:00:00-04:00,2022-09-15T11:01:00-04:00,2022-09-15T16:00:00-04:00,2022-09-15T16:00:00-04:00,session_close_proxy,11937.75,11932.25,11936.0,11932.25,1,7.5,2.24,5.26,EOD_CLOSE_PROXY,-3.807842046718576,0.7156303385804589,0.43482587064676614,-109.25,True,
2022-09-22,MNQZ22,A,605aa9c1bee52a102446f0283839daf998adc79f20a0c2713c49ab878646f544,2,-1,2022-09-22T11:02:00-04:00,2022-09-22T11:00:00-04:00,2022-09-22T11:01:00-04:00,2022-09-22T16:00:00-04:00,2022-09-22T16:00:00-04:00,session_close_proxy,11544.0,11562.75,11544.0,11562.75,1,-37.5,2.24,-39.74,EOD_CLOSE_PROXY,-1.853948832035595,0.7446228946419824,0.18339100346020762,-39.75,True,
2022-09-23,MNQZ22,A,605aa9c1bee52a102446f0283839daf998adc79f20a0c2713c49ab878646f544,2,-1,2022-09-23T10:02:00-04:00,2022-09-23T10:00:00-04:00,2022-09-23T10:01:00-04:00,2022-09-23T16:00:00-04:00,2022-09-23T16:00:00-04:00,session_close_proxy,11354.25,11374.0,11352.0,11374.0,1,-44.0,2.24,-46.24,EOD_CLOSE_PROXY,-3.248943270300334,0.8669273117626672,0.2829900839054157,-92.75,True,
2022-09-26,MNQZ22,A,605aa9c1bee52a102446f0283839daf998adc79f20a0c2713c49ab878646f544,2,1,2022-09-26T10:02:00-04:00,2022-09-26T10:00:00-04:00,2022-09-26T10:01:00-04:00,2022-09-26T16:00:00-04:00,2022-09-26T16:00:00-04:00,session_close_proxy,11491.25,11321.75,11510.25,11321.75,1,-377.0,2.24,-379.24,EOD_CLOSE_PROXY,2.5223025583982204,0.7069505289256166,0.4419942473633749,115.25,True,
2022-09-28,MNQZ22,A,605aa9c1bee52a102446f0283839daf998adc79f20a0c2713c49ab878646f544,2,1,2022-09-28T10:32:00-04:00,2022-09-28T10:30:00-04:00,2022-09-28T10:31:00-04:00,2022-09-28T16:00:00-04:00,2022-09-28T16:00:00-04:00,session_close_proxy,11407.25,11554.75,11396.5,11554.75,1,316.5,2.24,314.26,EOD_CLOSE_PROXY,2.7160177975528366,0.4503692458544915,0.12835387962291517,44.25,True,
2022-09-29,MNQZ22,A,605aa9c1bee52a102446f0283839daf998adc79f20a0c2713c49ab878646f544,2,-1,2022-09-29T10:02:00-04:00,2022-09-29T10:00:00-04:00,2022-09-29T10:01:00-04:00,2022-09-29T16:00:00-04:00,2022-09-29T16:00:00-04:00,session_close_proxy,11256.5,11231.0,11246.5,11231.0,1,31.0,2.24,28.759999999999998,EOD_CLOSE_PROXY,-4.89888765294772,0.8415951084681487,0.5295275590551181,-134.5,True,
2022-09-30,MNQZ22,A,605aa9c1bee52a102446f0283839daf998adc79f20a0c2713c49ab878646f544,2,1,2022-09-30T11:32:00-04:00,2022-09-30T11:30:00-04:00,2022-09-30T11:31:00-04:00,2022-09-30T15:51:00-04:00,,intrabar_unknown_within_event_minute,11329.5,11079.5,11326.25,11079.5,1,-493.5,2.24,-495.74,CAT_STOP,1.2273081201334817,0.38156645528471966,0.11083437110834371,22.25,True,
2022-10-03,MNQZ22,A,605aa9c1bee52a102446f0283839daf998adc79f20a0c2713c49ab878646f544,2,1,2022-10-03T10:32:00-04:00,2022-10-03T10:30:00-04:00,2022-10-03T10:31:00-04:00,2022-10-03T16:00:00-04:00,2022-10-03T16:00:00-04:00,session_close_proxy,11205.5,11290.75,11215.0,11290.75,1,151.5,2.24,149.26,EOD_CLOSE_PROXY,1.446273637374861,0.3939064351415725,0.4071942446043165,70.75,True,
2022-10-04,MNQZ22,A,605aa9c1bee52a102446f0283839daf998adc79f20a0c2713c49ab878646f544,2,1,2022-10-04T10:02:00-04:00,2022-10-04T10:00:00-04:00,2022-10-04T10:01:00-04:00,2022-10-04T16:00:00-04:00,2022-10-04T16:00:00-04:00,session_close_proxy,11617.0,11643.75,11636.25,11643.75,1,15.0,2.24,12.76,EOD_CLOSE_PROXY,2.4872080088987762,0.8665689852311511,0.4934725848563969,94.5,True,
2022-10-05,MNQZ22,A,605aa9c1bee52a102446f0283839daf998adc79f20a0c2713c49ab878646f544,2,-1,2022-10-05T10:32:00-04:00,2022-10-05T10:30:00-04:00,2022-10-05T10:31:00-04:00,2022-10-05T14:58:00-04:00,,intrabar_unknown_within_event_minute,11386.5,11636.5,11391.75,11636.5,1,-489.5,2.24,-491.74,CAT_STOP,-1.9998887652947719,0.8183132007032762,0.38315217391304346,-70.5,True,
2022-10-07,MNQZ22,A,605aa9c1bee52a102446f0283839daf998adc79f20a0c2713c49ab878646f544,2,-1,2022-10-07T10:02:00-04:00,2022-10-07T10:00:00-04:00,2022-10-07T10:01:00-04:00,2022-10-07T16:00:00-04:00,2022-10-07T16:00:00-04:00,session_close_proxy,11225.5,11099.0,11223.75,11099.0,1,249.5,2.24,247.26,EOD_CLOSE_PROXY,-4.17285873192436,0.8703549652462302,0.3815789473684211,-101.5,True,
2022-10-10,MNQZ22,A,605aa9c1bee52a102446f0283839daf998adc79f20a0c2713c49ab878646f544,2,-1,2022-10-10T10:02:00-04:00,2022-10-10T10:00:00-04:00,2022-10-10T10:01:00-04:00,2022-10-10T16:00:00-04:00,2022-10-10T16:00:00-04:00,session_close_proxy,11014.5,10981.25,11011.75,10981.25,1,61.0,2.24,58.76,EOD_CLOSE_PROXY,-2.107285873192436,0.5220665620003893,0.35365853658536583,-101.5,True,
2022-10-11,MNQZ22,A,605aa9c1bee52a102446f0283839daf998adc79f20a0c2713c49ab878646f544,2,-1,2022-10-11T10:02:00-04:00,2022-10-11T10:00:00-04:00,2022-10-11T10:01:00-04:00,2022-10-11T16:00:00-04:00,2022-10-11T16:00:00-04:00,session_close_proxy,10823.5,10844.0,10815.0,10844.0,1,-58.0,2.24,-60.24,EOD_CLOSE_PROXY,-2.5844271412680757,0.833397288288921,0.34829268292682924,-89.25,True,
2022-10-13,MNQZ22,A,605aa9c1bee52a102446f0283839daf998adc79f20a0c2713c49ab878646f544,2,1,2022-10-13T12:02:00-04:00,2022-10-13T12:00:00-04:00,2022-10-13T12:01:00-04:00,2022-10-13T16:00:00-04:00,2022-10-13T16:00:00-04:00,session_close_proxy,11004.75,11082.5,11013.0,11082.5,1,139.0,2.24,136.76,EOD_CLOSE_PROXY,2.196329254727475,0.1803767757727278,0.1397544853635505,74.0,True,
2022-10-14,MNQZ22,A,605aa9c1bee52a102446f0283839daf998adc79f20a0c2713c49ab878646f544,2,-1,2022-10-14T10:32:00-04:00,2022-10-14T10:30:00-04:00,2022-10-14T10:31:00-04:00,2022-10-14T16:00:00-04:00,2022-10-14T16:00:00-04:00,session_close_proxy,10920.25,10747.75,10927.0,10747.75,1,358.5,2.24,356.26,EOD_CLOSE_PROXY,-3.854060066740823,0.654866646337641,0.13134484563055993,-62.75,True,
2022-10-17,MNQZ22,A,605aa9c1bee52a102446f0283839daf998adc79f20a0c2713c49ab878646f544,2,1,2022-10-17T10:02:00-04:00,2022-10-17T10:00:00-04:00,2022-10-17T10:01:00-04:00,2022-10-17T16:00:00-04:00,2022-10-17T16:00:00-04:00,session_close_proxy,11074.25,11110.75,11082.75,11110.75,1,56.0,2.24,53.76,EOD_CLOSE_PROXY,1.2807563959955506,0.2183428575471027,0.18048780487804877,46.25,True,
2022-10-20,MNQZ22,A,605aa9c1bee52a102446f0283839daf998adc79f20a0c2713c49ab878646f544,2,1,2022-10-20T10:32:00-04:00,2022-10-20T10:30:00-04:00,2022-10-20T10:31:00-04:00,2022-10-20T14:12:00-04:00,,intrabar_unknown_within_event_minute,11311.25,11061.25,11300.25,11061.25,1,-478.0,2.24,-480.24,CAT_STOP,2.8697997775305897,0.7700866747391486,0.373134328358209,93.75,True,
2022-10-21,MNQZ22,A,605aa9c1bee52a102446f0283839daf998adc79f20a0c2713c49ab878646f544,2,1,2022-10-21T13:02:00-04:00,2022-10-21T13:00:00-04:00,2022-10-21T13:01:00-04:00,2022-10-21T16:00:00-04:00,2022-10-21T16:00:00-04:00,session_close_proxy,11233.5,11354.0,11238.0,11354.0,1,232.0,2.24,229.76,EOD_CLOSE_PROXY,1.8311457174638488,0.683935509653813,0.204406364749082,41.75,True,
2022-10-25,MNQZ22,A,605aa9c1bee52a102446f0283839daf998adc79f20a0c2713c49ab878646f544,2,1,2022-10-25T10:02:00-04:00,2022-10-25T10:00:00-04:00,2022-10-25T10:01:00-04:00,2022-10-25T16:00:00-04:00,2022-10-25T16:00:00-04:00,session_close_proxy,11649.75,11713.0,11640.5,11713.0,1,145.0,2.24,142.76,EOD_CLOSE_PROXY,4.449110122358176,0.8291152161300331,0.42857142857142855,109.5,True,
2022-10-27,MNQZ22,A,605aa9c1bee52a102446f0283839daf998adc79f20a0c2713c49ab878646f544,2,-1,2022-10-27T10:02:00-04:00,2022-10-27T10:00:00-04:00,2022-10-27T10:01:00-04:00,2022-10-27T16:00:00-04:00,2022-10-27T16:00:00-04:00,session_close_proxy,11291.5,11240.0,11288.25,11240.0,1,96.5,2.24,94.26,EOD_CLOSE_PROXY,-6.764738598442714,0.8754148233760266,0.4315068493150685,-157.5,True,
2022-10-28,MNQZ22,A,605aa9c1bee52a102446f0283839daf998adc79f20a0c2713c49ab878646f544,2,1,2022-10-28T10:02:00-04:00,2022-10-28T10:00:00-04:00,2022-10-28T10:01:00-04:00,2022-10-28T16:00:00-04:00,2022-10-28T16:00:00-04:00,session_close_proxy,11321.5,11584.25,11349.0,11584.25,1,470.5,2.24,468.26,EOD_CLOSE_PROXY,1.8434371523915463,0.3216445779150245,0.274294670846395,87.5,True,
2022-11-02,MNQZ22,A,605aa9c1bee52a102446f0283839daf998adc79f20a0c2713c49ab878646f544,2,-1,2022-11-02T15:32:00-04:00,2022-11-02T15:30:00-04:00,2022-11-02T15:31:00-04:00,2022-11-02T16:00:00-04:00,2022-11-02T16:00:00-04:00,session_close_proxy,11020.25,10938.75,10999.0,10938.75,1,120.5,2.24,118.26,EOD_CLOSE_PROXY,-6.750166852057842,0.7569648261041662,0.3923123856009762,-160.75,True,
2022-11-03,MNQZ22,A,605aa9c1bee52a102446f0283839daf998adc79f20a0c2713c49ab878646f544,2,-1,2022-11-03T10:02:00-04:00,2022-11-03T10:00:00-04:00,2022-11-03T10:01:00-04:00,2022-11-03T16:00:00-04:00,2022-11-03T16:00:00-04:00,session_close_proxy,10727.25,10725.25,10721.75,10725.25,1,-7.0,2.24,-9.24,EOD_CLOSE_PROXY,-3.78587319243604,0.7731294003447711,0.2827172827172827,-70.75,True,
2022-11-08,MNQZ22,A,605aa9c1bee52a102446f0283839daf998adc79f20a0c2713c49ab878646f544,2,1,2022-11-08T11:32:00-05:00,2022-11-08T11:30:00-05:00,2022-11-08T11:31:00-05:00,2022-11-08T14:33:00-05:00,,intrabar_unknown_within_event_minute,11187.0,10937.0,11189.0,10937.0,1,-504.0,2.24,-506.24,CAT_STOP,2.596218020022247,0.9318735298092786,0.5407098121085595,64.75,True,
2022-11-09,MNQZ22,A,605aa9c1bee52a102446f0283839daf998adc79f20a0c2713c49ab878646f544,2,-1,2022-11-09T14:02:00-05:00,2022-11-09T14:00:00-05:00,2022-11-09T14:01:00-05:00,2022-11-09T16:00:00-05:00,2022-11-09T16:00:00-05:00,session_close_proxy,10878.5,10831.5,10880.5,10831.5,1,98.0,2.24,95.76,EOD_CLOSE_PROXY,-0.7530033370411569,0.43853454273365844,0.1404109589041096,-20.5,True,
2022-11-10,MNQZ22,A,605aa9c1bee52a102446f0283839daf998adc79f20a0c2713c49ab878646f544,2,1,2022-11-10T10:02:00-05:00,2022-11-10T10:00:00-05:00,2022-11-10T10:01:00-05:00,2022-11-10T16:00:00-05:00,2022-11-10T16:00:00-05:00,session_close_proxy,11451.0,11628.25,11443.75,11628.25,1,369.0,2.24,366.76,EOD_CLOSE_PROXY,3.2054505005561733,0.4243422940145453,0.14974761637689288,66.75,True,
2022-11-11,MNQZ22,A,605aa9c1bee52a102446f0283839daf998adc79f20a0c2713c49ab878646f544,2,1,2022-11-11T10:32:00-05:00,2022-11-11T10:30:00-05:00,2022-11-11T10:31:00-05:00,2022-11-11T16:00:00-05:00,2022-11-11T16:00:00-05:00,session_close_proxy,11752.25,11848.5,11740.0,11848.5,1,217.0,2.24,214.76,EOD_CLOSE_PROXY,4.028086763070078,0.8698762556389609,0.2903225806451613,83.25,True,
2022-11-16,MNQZ22,A,605aa9c1bee52a102446f0283839daf998adc79f20a0c2713c49ab878646f544,2,-1,2022-11-16T10:32:00-05:00,2022-11-16T10:30:00-05:00,2022-11-16T10:31:00-05:00,2022-11-16T16:00:00-05:00,2022-11-16T16:00:00-05:00,session_close_proxy,11751.25,11740.25,11752.75,11740.25,1,25.0,2.24,22.759999999999998,EOD_CLOSE_PROXY,-1.5567296996662958,0.5839869730947571,0.22522522522522523,-37.5,True,
2022-11-23,MNQZ22,A,605aa9c1bee52a102446f0283839daf998adc79f20a0c2713c49ab878646f544,2,1,2022-11-23T10:02:00-05:00,2022-11-23T10:00:00-05:00,2022-11-23T10:01:00-05:00,2022-11-23T16:00:00-05:00,2022-11-23T16:00:00-05:00,session_close_proxy,11833.5,11868.25,11820.0,11868.25,1,96.5,2.24,94.26,EOD_CLOSE_PROXY,2.9796440489432703,0.8838660354721832,0.44866385372714485,79.75,True,
2022-11-29,MNQZ22,A,605aa9c1bee52a102446f0283839daf998adc79f20a0c2713c49ab878646f544,2,-1,2022-11-29T11:32:00-05:00,2022-11-29T11:30:00-05:00,2022-11-29T11:31:00-05:00,2022-11-29T16:00:00-05:00,2022-11-29T16:00:00-05:00,session_close_proxy,11489.75,11523.0,11489.75,11523.0,1,-66.5,2.24,-68.74,EOD_CLOSE_PROXY,-3.453781979977753,0.7842154633756572,0.47885714285714287,-104.75,True,
2022-11-30,MNQZ22,A,605aa9c1bee52a102446f0283839daf998adc79f20a0c2713c49ab878646f544,2,1,2022-11-30T14:02:00-05:00,2022-11-30T14:00:00-05:00,2022-11-30T14:01:00-05:00,2022-11-30T16:00:00-05:00,2022-11-30T16:00:00-05:00,session_close_proxy,11753.5,12052.0,11783.0,12052.0,1,538.0,2.24,535.76,EOD_CLOSE_PROXY,3.771635150166852,0.677686455403353,0.32615579480683976,128.75,True,
2022-12-01,MNQZ22,A,605aa9c1bee52a102446f0283839daf998adc79f20a0c2713c49ab878646f544,2,1,2022-12-01T10:02:00-05:00,2022-12-01T10:00:00-05:00,2022-12-01T10:01:00-05:00,2022-12-01T10:32:00-05:00,2022-12-01T10:31:00-05:00,bar_open,12115.25,11963.75,12100.25,11948.0,1,-304.5,2.24,-306.74,REVERSAL,2.6795328142380423,0.8321843040192382,0.369284876905041,78.75,True,
2022-12-01,MNQZ22,A,605aa9c1bee52a102446f0283839daf998adc79f20a0c2713c49ab878646f544,2,-1,2022-12-01T10:32:00-05:00,2022-12-01T10:30:00-05:00,2022-12-01T10:31:00-05:00,2022-12-01T16:00:00-05:00,2022-12-01T16:00:00-05:00,session_close_proxy,11963.75,12059.75,11948.0,12059.75,1,-223.5,2.24,-225.74,EOD_CLOSE_PROXY,-5.340711902113459,0.843904815232375,0.4634974533106961,-136.5,True,
2022-12-05,MNQZ22,A,605aa9c1bee52a102446f0283839daf998adc79f20a0c2713c49ab878646f544,2,-1,2022-12-05T13:02:00-05:00,2022-12-05T13:00:00-05:00,2022-12-05T13:01:00-05:00,2022-12-05T16:00:00-05:00,2022-12-05T16:00:00-05:00,session_close_proxy,11820.0,11802.25,11827.0,11802.25,1,49.5,2.24,47.26,EOD_CLOSE_PROXY,-1.0666295884315906,0.7774942637739244,0.36465324384787473,-40.75,True,
2022-12-06,MNQZ22,A,605aa9c1bee52a102446f0283839daf998adc79f20a0c2713c49ab878646f544,2,-1,2022-12-06T10:02:00-05:00,2022-12-06T10:00:00-05:00,2022-12-06T10:01:00-05:00,2022-12-06T16:00:00-05:00,2022-12-06T16:00:00-05:00,session_close_proxy,11664.75,11562.5,11664.25,11562.5,1,203.5,2.24,201.26,EOD_CLOSE_PROXY,-4.206006674082314,0.9321344908634303,0.6229885057471264,-135.5,True,
2022-12-08,MNQZ22,A,605aa9c1bee52a102446f0283839daf998adc79f20a0c2713c49ab878646f544,2,1,2022-12-08T10:32:00-05:00,2022-12-08T10:30:00-05:00,2022-12-08T10:31:00-05:00,2022-12-08T16:00:00-05:00,2022-12-08T16:00:00-05:00,session_close_proxy,11648.75,11645.75,11637.75,11645.75,1,16.0,2.24,13.76,EOD_CLOSE_PROXY,1.0199110122358175,0.33559649283846377,0.19548872180451127,39.0,True,
2022-12-14,MNQZ22,A,605aa9c1bee52a102446f0283839daf998adc79f20a0c2713c49ab878646f544,2,1,2022-12-14T10:02:00-05:00,2022-12-14T10:00:00-05:00,2022-12-14T10:01:00-05:00,2022-12-14T14:35:00-05:00,,intrabar_unknown_within_event_minute,11890.25,11640.25,11887.25,11640.25,1,-494.0,2.24,-496.24,CAT_STOP,1.1884315906562848,0.4664202544903176,0.29662077596996245,59.25,True,
2022-12-15,MNQZ22,A,605aa9c1bee52a102446f0283839daf998adc79f20a0c2713c49ab878646f544,2,-1,2022-12-15T10:02:00-05:00,2022-12-15T10:00:00-05:00,2022-12-15T10:01:00-05:00,2022-12-15T16:00:00-05:00,2022-12-15T16:00:00-05:00,session_close_proxy,11463.0,11348.25,11447.5,11348.25,1,198.5,2.24,196.26,EOD_CLOSE_PROXY,-2.7461624026696327,0.7466715866433762,0.40218303946263645,-119.75,True,
2022-12-19,MNQH23,A,605aa9c1bee52a102446f0283839daf998adc79f20a0c2713c49ab878646f544,2,-1,2022-12-19T10:02:00-05:00,2022-12-19T10:00:00-05:00,2022-12-19T10:01:00-05:00,2022-12-19T16:00:00-05:00,2022-12-19T16:00:00-05:00,session_close_proxy,11268.75,11188.25,11258.75,11188.25,1,141.0,2.24,138.76,EOD_CLOSE_PROXY,-2.3048943270300333,0.7618216304354445,0.29107981220657275,-62.0,True,
2022-12-21,MNQH23,A,605aa9c1bee52a102446f0283839daf998adc79f20a0c2713c49ab878646f544,2,1,2022-12-21T10:32:00-05:00,2022-12-21T10:30:00-05:00,2022-12-21T10:31:00-05:00,2022-12-21T16:00:00-05:00,2022-12-21T16:00:00-05:00,session_close_proxy,11292.25,11336.5,11292.25,11336.5,1,88.5,2.24,86.26,EOD_CLOSE_PROXY,1.418242491657397,0.5716845447665314,0.3201820940819423,52.75,True,
2022-12-22,MNQH23,A,605aa9c1bee52a102446f0283839daf998adc79f20a0c2713c49ab878646f544,2,-1,2022-12-22T10:02:00-05:00,2022-12-22T10:00:00-05:00,2022-12-22T10:01:00-05:00,2022-12-22T16:00:00-05:00,2022-12-22T16:00:00-05:00,session_close_proxy,11123.25,11055.25,11111.75,11055.25,1,113.0,2.24,110.76,EOD_CLOSE_PROXY,-1.8875417130144605,0.5011337338569524,0.28937007874015747,-73.5,True,
2022-12-23,MNQH23,A,605aa9c1bee52a102446f0283839daf998adc79f20a0c2713c49ab878646f544,2,-1,2022-12-23T10:02:00-05:00,2022-12-23T10:00:00-05:00,2022-12-23T10:01:00-05:00,2022-12-23T16:00:00-05:00,2022-12-23T16:00:00-05:00,session_close_proxy,10939.0,11079.5,10977.0,11079.5,1,-205.0,2.24,-207.24,EOD_CLOSE_PROXY,-2.4299777530589544,0.4410557660815659,0.17360285374554102,-73.0,True,
2022-12-29,MNQH23,A,605aa9c1bee52a102446f0283839daf998adc79f20a0c2713c49ab878646f544,2,1,2022-12-29T10:02:00-05:00,2022-12-29T10:00:00-05:00,2022-12-29T10:01:00-05:00,2022-12-29T16:00:00-05:00,2022-12-29T16:00:00-05:00,session_close_proxy,10963.25,11032.25,10977.25,11032.25,1,110.0,2.24,107.76,EOD_CLOSE_PROXY,3.0347052280311457,0.7209509368194225,0.38134592680047225,80.75,True,
2023-01-05,MNQH23,A,605aa9c1bee52a102446f0283839daf998adc79f20a0c2713c49ab878646f544,2,-1,2023-01-05T10:02:00-05:00,2023-01-05T10:00:00-05:00,2023-01-05T10:01:00-05:00,2023-01-05T16:00:00-05:00,2023-01-05T16:00:00-05:00,session_close_proxy,10868.0,10820.25,10865.5,10820.25,1,90.5,2.24,88.26,EOD_CLOSE_PROXY,-0.7739154616240267,0.09384968250047454,0.1813773035887488,-46.75,True,
2023-01-06,MNQH23,A,605aa9c1bee52a102446f0283839daf998adc79f20a0c2713c49ab878646f544,2,1,2023-01-06T11:02:00-05:00,2023-01-06T11:00:00-05:00,2023-01-06T11:01:00-05:00,2023-01-06T16:00:00-05:00,2023-01-06T16:00:00-05:00,session_close_proxy,10986.5,11114.25,10984.25,11114.25,1,260.0,2.24,257.76,EOD_CLOSE_PROXY,2.3087875417130146,0.795865228029889,0.45481481481481484,76.75,True,
2023-01-09,MNQH23,A,605aa9c1bee52a102446f0283839daf998adc79f20a0c2713c49ab878646f544,2,1,2023-01-09T10:02:00-05:00,2023-01-09T10:00:00-05:00,2023-01-09T10:01:00-05:00,2023-01-09T16:00:00-05:00,2023-01-09T16:00:00-05:00,session_close_proxy,11310.5,11187.75,11316.5,11187.75,1,-257.5,2.24,-259.74,EOD_CLOSE_PROXY,3.614738598442714,0.8015452272770186,0.4218566392479436,89.75,True,
2023-01-11,MNQH23,A,605aa9c1bee52a102446f0283839daf998adc79f20a0c2713c49ab878646f544,2,1,2023-01-11T15:32:00-05:00,2023-01-11T15:30:00-05:00,2023-01-11T15:31:00-05:00,2023-01-11T16:00:00-05:00,2023-01-11T16:00:00-05:00,session_close_proxy,11441.75,11475.75,11437.5,11475.75,1,76.5,2.24,74.26,EOD_CLOSE_PROXY,0.9190767519466073,0.7497843038246499,0.24745762711864408,18.25,True,
2023-01-12,MNQH23,A,605aa9c1bee52a102446f0283839daf998adc79f20a0c2713c49ab878646f544,2,-1,2023-01-12T10:02:00-05:00,2023-01-12T10:00:00-05:00,2023-01-12T10:01:00-05:00,2023-01-12T16:00:00-05:00,2023-01-12T16:00:00-05:00,session_close_proxy,11358.0,11531.5,11380.5,11531.5,1,-302.0,2.24,-304.24,EOD_CLOSE_PROXY,-5.628309232480534,0.8002355077187737,0.42243116185359303,-157.25,True,
2023-01-18,MNQH23,A,605aa9c1bee52a102446f0283839daf998adc79f20a0c2713c49ab878646f544,2,-1,2023-01-18T13:02:00-05:00,2023-01-18T13:00:00-05:00,2023-01-18T13:01:00-05:00,2023-01-18T16:00:00-05:00,2023-01-18T16:00:00-05:00,session_close_proxy,11513.25,11479.5,11509.75,11479.5,1,60.5,2.24,58.26,EOD_CLOSE_PROXY,-0.36662958843159066,0.18888310167308747,0.0975609756097561,-10.0,True,
2023-01-20,MNQH23,A,605aa9c1bee52a102446f0283839daf998adc79f20a0c2713c49ab878646f544,2,1,2023-01-20T10:32:00-05:00,2023-01-20T10:30:00-05:00,2023-01-20T10:31:00-05:00,2023-01-20T16:00:00-05:00,2023-01-20T16:00:00-05:00,session_close_proxy,11487.0,11675.75,11495.25,11675.75,1,361.0,2.24,358.76,EOD_CLOSE_PROXY,0.6576751946607341,0.19365022508327742,0.3089887640449438,55.0,True,
2023-01-23,MNQH23,A,605aa9c1bee52a102446f0283839daf998adc79f20a0c2713c49ab878646f544,2,1,2023-01-23T10:02:00-05:00,2023-01-23T10:00:00-05:00,2023-01-23T10:01:00-05:00,2023-01-23T16:00:00-05:00,2023-01-23T16:00:00-05:00,session_close_proxy,11801.0,11931.75,11824.0,11931.75,1,215.5,2.24,213.26,EOD_CLOSE_PROXY,4.925417130144605,0.9333871819706415,0.38995433789954337,106.75,True,
2023-01-25,MNQH23,A,605aa9c1bee52a102446f0283839daf998adc79f20a0c2713c49ab878646f544,2,-1,2023-01-25T10:02:00-05:00,2023-01-25T10:00:00-05:00,2023-01-25T10:01:00-05:00,2023-01-25T14:18:00-05:00,,intrabar_unknown_within_event_minute,11624.25,11874.25,11633.25,11874.25,1,-482.0,2.24,-484.24,CAT_STOP,-1.8878754171301446,0.46475554086110693,0.25731584258324924,-63.75,True,
2023-01-27,MNQH23,A,605aa9c1bee52a102446f0283839daf998adc79f20a0c2713c49ab878646f544,2,1,2023-01-27T10:32:00-05:00,2023-01-27T10:30:00-05:00,2023-01-27T10:31:00-05:00,2023-01-27T16:00:00-05:00,2023-01-27T16:00:00-05:00,session_close_proxy,12167.25,12223.0,12173.0,12223.0,1,100.0,2.24,97.76,EOD_CLOSE_PROXY,0.1196329254727475,0.004607652837338405,0.26024096385542167,54.0,True,
2023-01-31,MNQH23,A,605aa9c1bee52a102446f0283839daf998adc79f20a0c2713c49ab878646f544,2,1,2023-01-31T10:32:00-05:00,2023-01-31T10:30:00-05:00,2023-01-31T10:31:00-05:00,2023-01-31T16:00:00-05:00,2023-01-31T16:00:00-05:00,session_close_proxy,12059.0,12153.75,12061.75,12153.75,1,184.0,2.24,181.76,EOD_CLOSE_PROXY,1.8441045606229143,0.7318163392959501,0.33767643865363733,77.75,True,
2023-02-01,MNQH23,A,605aa9c1bee52a102446f0283839daf998adc79f20a0c2713c49ab878646f544,2,1,2023-02-01T15:02:00-05:00,2023-02-01T15:00:00-05:00,2023-02-01T15:01:00-05:00,2023-02-01T16:00:00-05:00,2023-02-01T16:00:00-05:00,session_close_proxy,12340.0,12420.25,12357.75,12420.25,1,125.0,2.24,122.76,EOD_CLOSE_PROXY,10.406284760845384,0.7954528444272804,0.33673903788846316,197.75,True,
2023-02-02,MNQH23,A,605aa9c1bee52a102446f0283839daf998adc79f20a0c2713c49ab878646f544,2,1,2023-02-02T11:02:00-05:00,2023-02-02T11:00:00-05:00,2023-02-02T11:01:00-05:00,2023-02-02T16:00:00-05:00,2023-02-02T16:00:00-05:00,session_close_proxy,12804.25,12855.0,12793.75,12855.0,1,122.5,2.24,120.26,EOD_CLOSE_PROXY,0.8624026696329254,0.4473786339293335,0.22748091603053436,37.25,True,
2023-02-07,MNQH23,A,605aa9c1bee52a102446f0283839daf998adc79f20a0c2713c49ab878646f544,2,1,2023-02-07T13:02:00-05:00,2023-02-07T13:00:00-05:00,2023-02-07T13:01:00-05:00,2023-02-07T13:33:00-05:00,,intrabar_unknown_within_event_minute,12742.25,12492.25,12757.0,12492.25,1,-529.5,2.24,-531.74,CAT_STOP,8.873637374860957,0.9148356808908019,0.4662613981762918,191.75,True,
2023-02-07,MNQH23,A,605aa9c1bee52a102446f0283839daf998adc79f20a0c2713c49ab878646f544,2,1,2023-02-07T14:32:00-05:00,2023-02-07T14:30:00-05:00,2023-02-07T14:31:00-05:00,2023-02-07T16:00:00-05:00,2023-02-07T16:00:00-05:00,session_close_proxy,12633.25,12772.25,12632.0,12772.25,1,280.5,2.24,278.26,EOD_CLOSE_PROXY,3.2266407119021134,0.6964933623462108,0.4086629001883239,108.5,True,
2023-02-08,MNQH23,A,605aa9c1bee52a102446f0283839daf998adc79f20a0c2713c49ab878646f544,2,-1,2023-02-08T11:02:00-05:00,2023-02-08T11:00:00-05:00,2023-02-08T11:01:00-05:00,2023-02-08T16:00:00-05:00,2023-02-08T16:00:00-05:00,session_close_proxy,12610.5,12543.5,12599.0,12543.5,1,111.0,2.24,108.76,EOD_CLOSE_PROXY,-0.008008898776418243,4.532281872693059e-05,0.1296043656207367,-23.75,True,
2023-02-13,MNQH23,A,605aa9c1bee52a102446f0283839daf998adc79f20a0c2713c49ab878646f544,2,1,2023-02-13T10:02:00-05:00,2023-02-13T10:00:00-05:00,2023-02-13T10:01:00-05:00,2023-02-13T16:00:00-05:00,2023-02-13T16:00:00-05:00,session_close_proxy,12461.0,12544.5,12463.0,12544.5,1,163.0,2.24,160.76,EOD_CLOSE_PROXY,2.696440489432703,0.7795054231875055,0.2833186231244484,80.25,True,
2023-02-17,MNQH23,A,605aa9c1bee52a102446f0283839daf998adc79f20a0c2713c49ab878646f544,2,-1,2023-02-17T10:02:00-05:00,2023-02-17T10:00:00-05:00,2023-02-17T10:01:00-05:00,2023-02-17T16:00:00-05:00,2023-02-17T16:00:00-05:00,session_close_proxy,12328.75,12391.75,12337.0,12391.75,1,-109.5,2.24,-111.74,EOD_CLOSE_PROXY,-3.532869855394883,0.8256628231357231,0.23686818632309217,-59.75,True,
2023-03-01,MNQH23,A,605aa9c1bee52a102446f0283839daf998adc79f20a0c2713c49ab878646f544,2,-1,2023-03-01T10:32:00-05:00,2023-03-01T10:30:00-05:00,2023-03-01T10:31:00-05:00,2023-03-01T16:00:00-05:00,2023-03-01T16:00:00-05:00,session_close_proxy,11970.5,11965.25,11963.25,11965.25,1,-4.0,2.24,-6.24,EOD_CLOSE_PROXY,-2.007563959955506,0.4828085749444266,0.3910761154855643,-74.5,True,
2023-03-02,MNQH23,A,605aa9c1bee52a102446f0283839daf998adc79f20a0c2713c49ab878646f544,2,1,2023-03-02T15:32:00-05:00,2023-03-02T15:30:00-05:00,2023-03-02T15:31:00-05:00,2023-03-02T16:00:00-05:00,2023-03-02T16:00:00-05:00,session_close_proxy,12051.0,12066.0,12055.25,12066.0,1,21.5,2.24,19.259999999999998,EOD_CLOSE_PROXY,0.7017241379310345,0.40209001048072074,0.09898989898989899,12.25,True,
2023-03-03,MNQH23,A,605aa9c1bee52a102446f0283839daf998adc79f20a0c2713c49ab878646f544,2,1,2023-03-03T10:02:00-05:00,2023-03-03T10:00:00-05:00,2023-03-03T10:01:00-05:00,2023-03-03T16:00:00-05:00,2023-03-03T16:00:00-05:00,session_close_proxy,12189.75,12312.75,12179.5,12312.75,1,266.5,2.24,264.26,EOD_CLOSE_PROXY,2.969243604004449,0.9377909475097372,0.4945054945054945,67.5,True,
2023-03-06,MNQH23,A,605aa9c1bee52a102446f0283839daf998adc79f20a0c2713c49ab878646f544,2,1,2023-03-06T10:32:00-05:00,2023-03-06T10:30:00-05:00,2023-03-06T10:31:00-05:00,2023-03-06T16:00:00-05:00,2023-03-06T16:00:00-05:00,session_close_proxy,12434.0,12323.5,12436.75,12323.5,1,-226.5,2.24,-228.74,EOD_CLOSE_PROXY,2.6765294771968855,0.9375777368472017,0.46886446886446886,64.0,True,
2023-03-07,MNQH23,A,605aa9c1bee52a102446f0283839daf998adc79f20a0c2713c49ab878646f544,2,-1,2023-03-07T10:32:00-05:00,2023-03-07T10:30:00-05:00,2023-03-07T10:31:00-05:00,2023-03-07T16:00:00-05:00,2023-03-07T16:00:00-05:00,session_close_proxy,12238.5,12169.5,12241.0,12169.5,1,143.0,2.24,140.76,EOD_CLOSE_PROXY,-0.13659621802002225,0.003148550000192471,0.14824335904027422,-43.25,True,
2023-03-09,MNQH23,A,605aa9c1bee52a102446f0283839daf998adc79f20a0c2713c49ab878646f544,2,1,2023-03-09T10:02:00-05:00,2023-03-09T10:00:00-05:00,2023-03-09T10:01:00-05:00,2023-03-09T14:02:00-05:00,2023-03-09T14:01:00-05:00,bar_open,12327.0,12115.0,12325.5,12110.75,1,-429.5,2.24,-431.74,REVERSAL,2.882258064516129,0.8618597402068822,0.4556040756914119,78.25,True,
2023-03-09,MNQH23,A,605aa9c1bee52a102446f0283839daf998adc79f20a0c2713c49ab878646f544,2,-1,2023-03-09T14:02:00-05:00,2023-03-09T14:00:00-05:00,2023-03-09T14:01:00-05:00,2023-03-09T16:00:00-05:00,2023-03-09T16:00:00-05:00,session_close_proxy,12115.0,12006.5,12110.75,12006.5,1,208.5,2.24,206.26,EOD_CLOSE_PROXY,-1.6172413793103448,0.7564981622636777,0.33448275862068966,-48.5,True,
2023-03-10,MNQH23,A,605aa9c1bee52a102446f0283839daf998adc79f20a0c2713c49ab878646f544,2,-1,2023-03-10T10:02:00-05:00,2023-03-10T10:00:00-05:00,2023-03-10T10:01:00-05:00,2023-03-10T16:00:00-05:00,2023-03-10T16:00:00-05:00,session_close_proxy,11909.0,11841.0,11949.0,11841.0,1,216.0,2.24,213.76,EOD_CLOSE_PROXY,-3.426140155728587,0.6099814700754257,0.28716216216216217,-85.0,True,
2023-03-13,MNQH23,A,605aa9c1bee52a102446f0283839daf998adc79f20a0c2713c49ab878646f544,2,1,2023-03-13T10:02:00-04:00,2023-03-13T10:00:00-04:00,2023-03-13T10:01:00-04:00,2023-03-13T16:00:00-04:00,2023-03-13T16:00:00-04:00,session_close_proxy,11887.25,11929.75,11874.25,11929.75,1,111.0,2.24,108.76,EOD_CLOSE_PROXY,5.62285873192436,0.5636704290941529,0.1945392491467577,99.75,True,
2023-03-14,MNQH23,A,605aa9c1bee52a102446f0283839daf998adc79f20a0c2713c49ab878646f544,2,1,2023-03-14T10:02:00-04:00,2023-03-14T10:00:00-04:00,2023-03-14T10:01:00-04:00,2023-03-14T16:00:00-04:00,2023-03-14T16:00:00-04:00,session_close_proxy,12129.75,12200.25,12129.0,12200.25,1,142.5,2.24,140.26,EOD_CLOSE_PROXY,1.2125139043381534,0.29838100270898205,0.1994750656167979,38.0,True,
2023-03-16,MNQH23,A,605aa9c1bee52a102446f0283839daf998adc79f20a0c2713c49ab878646f544,2,1,2023-03-16T11:02:00-04:00,2023-03-16T11:00:00-04:00,2023-03-16T11:01:00-04:00,2023-03-16T16:00:00-04:00,2023-03-16T16:00:00-04:00,session_close_proxy,12388.25,12583.25,12392.75,12583.25,1,381.0,2.24,378.76,EOD_CLOSE_PROXY,4.882703003337041,0.9489266349058761,0.5943517329910141,115.75,True,
2023-03-20,MNQM23,A,605aa9c1bee52a102446f0283839daf998adc79f20a0c2713c49ab878646f544,2,-1,2023-03-20T10:02:00-04:00,2023-03-20T10:00:00-04:00,2023-03-20T10:01:00-04:00,2023-03-20T16:00:00-04:00,2023-03-20T16:00:00-04:00,session_close_proxy,12564.25,12692.5,12588.25,12692.5,1,-208.5,2.24,-210.74,EOD_CLOSE_PROXY,-1.4671857619577309,0.4055371808853016,0.21689683184402925,-66.75,True,
2023-03-23,MNQM23,A,605aa9c1bee52a102446f0283839daf998adc79f20a0c2713c49ab878646f544,2,1,2023-03-23T10:32:00-04:00,2023-03-23T10:30:00-04:00,2023-03-23T10:31:00-04:00,2023-03-23T16:00:00-04:00,2023-03-23T16:00:00-04:00,session_close_proxy,12932.25,12847.25,12935.0,12847.25,1,-175.5,2.24,-177.74,EOD_CLOSE_PROXY,1.2326473859844271,0.6340296349593301,0.1490015360983103,24.25,True,
2023-03-27,MNQM23,A,605aa9c1bee52a102446f0283839daf998adc79f20a0c2713c49ab878646f544,2,-1,2023-03-27T12:02:00-04:00,2023-03-27T12:00:00-04:00,2023-03-27T12:01:00-04:00,2023-03-27T16:00:00-04:00,2023-03-27T16:00:00-04:00,session_close_proxy,12782.25,12799.75,12786.25,12799.75,1,-27.0,2.24,-29.240000000000002,EOD_CLOSE_PROXY,-2.328976640711902,0.913966972192427,0.5573770491803278,-68.0,True,
2023-03-28,MNQM23,A,605aa9c1bee52a102446f0283839daf998adc79f20a0c2713c49ab878646f544,2,-1,2023-03-28T10:02:00-04:00,2023-03-28T10:00:00-04:00,2023-03-28T10:01:00-04:00,2023-03-28T16:00:00-04:00,2023-03-28T16:00:00-04:00,session_close_proxy,12692.5,12732.75,12683.5,12732.75,1,-98.5,2.24,-100.74,EOD_CLOSE_PROXY,-1.32880978865406,0.409856875983047,0.3341121495327103,-71.5,True,
2023-03-31,MNQM23,A,605aa9c1bee52a102446f0283839daf998adc79f20a0c2713c49ab878646f544,2,1,2023-03-31T10:02:00-04:00,2023-03-31T10:00:00-04:00,2023-03-31T10:01:00-04:00,2023-03-31T16:00:00-04:00,2023-03-31T16:00:00-04:00,session_close_proxy,13143.0,13301.25,13152.0,13301.25,1,298.5,2.24,296.26,EOD_CLOSE_PROXY,1.5099555061179089,0.7555712392528136,0.47044917257683216,49.75,True,
2023-04-05,MNQM23,A,605aa9c1bee52a102446f0283839daf998adc79f20a0c2713c49ab878646f544,2,-1,2023-04-05T10:02:00-04:00,2023-04-05T10:00:00-04:00,2023-04-05T10:01:00-04:00,2023-04-05T16:00:00-04:00,2023-04-05T16:00:00-04:00,session_close_proxy,13139.5,13079.5,13152.75,13079.5,1,146.5,2.24,144.26,EOD_CLOSE_PROXY,-1.3399888765294772,0.6547264111185338,0.24104234527687296,-37.0,True,
2023-04-06,MNQM23,A,605aa9c1bee52a102446f0283839daf998adc79f20a0c2713c49ab878646f544,2,1,2023-04-06T14:02:00-04:00,2023-04-06T14:00:00-04:00,2023-04-06T14:01:00-04:00,2023-04-06T16:00:00-04:00,2023-04-06T16:00:00-04:00,session_close_proxy,13171.25,13171.5,13171.25,13171.5,1,0.5,2.24,-1.7400000000000002,EOD_CLOSE_PROXY,0.5790322580645161,0.5544042009269959,0.21068249258160238,17.75,True,
2023-04-11,MNQM23,A,605aa9c1bee52a102446f0283839daf998adc79f20a0c2713c49ab878646f544,2,-1,2023-04-11T10:02:00-04:00,2023-04-11T10:00:00-04:00,2023-04-11T10:01:00-04:00,2023-04-11T16:00:00-04:00,2023-04-11T16:00:00-04:00,session_close_proxy,13107.0,13077.0,13109.0,13077.0,1,64.0,2.24,61.76,EOD_CLOSE_PROXY,-1.2414905450500555,0.580622932527548,0.20067453625632378,-29.75,True,
2023-04-12,MNQM23,A,605aa9c1bee52a102446f0283839daf998adc79f20a0c2713c49ab878646f544,2,-1,2023-04-12T11:02:00-04:00,2023-04-12T11:00:00-04:00,2023-04-12T11:01:00-04:00,2023-04-12T16:00:00-04:00,2023-04-12T16:00:00-04:00,session_close_proxy,13009.5,12958.5,13013.5,12958.5,1,110.0,2.24,107.76,EOD_CLOSE_PROXY,-2.300333704115684,0.5910018474031448,0.36380255941499084,-99.5,True,
2023-04-13,MNQM23,A,605aa9c1bee52a102446f0283839daf998adc79f20a0c2713c49ab878646f544,2,1,2023-04-13T10:02:00-04:00,2023-04-13T10:00:00-04:00,2023-04-13T10:01:00-04:00,2023-04-13T16:00:00-04:00,2023-04-13T16:00:00-04:00,session_close_proxy,13067.25,13210.5,13071.25,13210.5,1,278.5,2.24,276.26,EOD_CLOSE_PROXY,0.5417686318131257,0.25273360147748836,0.1509433962264151,32.0,True,
2023-04-21,MNQM23,A,605aa9c1bee52a102446f0283839daf998adc79f20a0c2713c49ab878646f544,2,-1,2023-04-21T10:02:00-04:00,2023-04-21T10:00:00-04:00,2023-04-21T10:01:00-04:00,2023-04-21T16:00:00-04:00,2023-04-21T16:00:00-04:00,session_close_proxy,12996.25,13088.0,12997.5,13088.0,1,-181.0,2.24,-183.24,EOD_CLOSE_PROXY,-1.8512791991101223,0.6451860793004377,0.24195470798569726,-50.75,True,
2023-04-24,MNQM23,A,605aa9c1bee52a102446f0283839daf998adc79f20a0c2713c49ab878646f544,2,-1,2023-04-24T11:32:00-04:00,2023-04-24T11:30:00-04:00,2023-04-24T11:31:00-04:00,2023-04-24T16:00:00-04:00,2023-04-24T16:00:00-04:00,session_close_proxy,12998.25,13059.5,13006.25,13059.5,1,-106.5,2.24,-108.74,EOD_CLOSE_PROXY,-0.7012235817575083,0.6195649709967945,0.2635814889336016,-32.75,True,
2023-04-25,MNQM23,A,605aa9c1bee52a102446f0283839daf998adc79f20a0c2713c49ab878646f544,2,-1,2023-04-25T12:32:00-04:00,2023-04-25T12:30:00-04:00,2023-04-25T12:31:00-04:00,2023-04-25T16:00:00-04:00,2023-04-25T16:00:00-04:00,session_close_proxy,12908.75,12808.75,12907.75,12808.75,1,198.0,2.24,195.76,EOD_CLOSE_PROXY,-0.011790878754171301,0.0005866934929081155,0.12162162162162163,-9.0,True,
2023-04-27,MNQM23,A,605aa9c1bee52a102446f0283839daf998adc79f20a0c2713c49ab878646f544,2,1,2023-04-27T11:32:00-04:00,2023-04-27T11:30:00-04:00,2023-04-27T11:31:00-04:00,2023-04-27T16:00:00-04:00,2023-04-27T16:00:00-04:00,session_close_proxy,13136.25,13231.0,13136.25,13231.0,1,189.5,2.24,187.26,EOD_CLOSE_PROXY,1.811234705228031,0.8743659605917593,0.407098121085595,48.75,True,
2023-04-28,MNQM23,A,605aa9c1bee52a102446f0283839daf998adc79f20a0c2713c49ab878646f544,2,1,2023-04-28T10:32:00-04:00,2023-04-28T10:30:00-04:00,2023-04-28T10:31:00-04:00,2023-04-28T16:00:00-04:00,2023-04-28T16:00:00-04:00,session_close_proxy,13291.25,13323.5,13290.0,13323.5,1,67.0,2.24,64.76,EOD_CLOSE_PROXY,3.03476084538376,0.9178201837692249,0.6961538461538461,90.5,True,
2023-05-02,MNQM23,A,605aa9c1bee52a102446f0283839daf998adc79f20a0c2713c49ab878646f544,2,-1,2023-05-02T10:32:00-04:00,2023-05-02T10:30:00-04:00,2023-05-02T10:31:00-04:00,2023-05-02T16:00:00-04:00,2023-05-02T16:00:00-04:00,session_close_proxy,13211.0,13185.0,13201.0,13185.0,1,32.0,2.24,29.759999999999998,EOD_CLOSE_PROXY,-2.9418242491657396,0.9083214585345463,0.3823163138231631,-76.75,True,
2023-05-03,MNQM23,A,605aa9c1bee52a102446f0283839daf998adc79f20a0c2713c49ab878646f544,2,1,2023-05-03T10:02:00-04:00,2023-05-03T10:00:00-04:00,2023-05-03T10:01:00-04:00,2023-05-03T16:00:00-04:00,2023-05-03T16:00:00-04:00,session_close_proxy,13232.25,13100.25,13240.5,13100.25,1,-280.5,2.24,-282.74,EOD_CLOSE_PROXY,1.3527808676307007,0.7698807374751022,0.19309262166405022,30.75,True,
2023-05-04,MNQM23,A,605aa9c1bee52a102446f0283839daf998adc79f20a0c2713c49ab878646f544,2,-1,2023-05-04T10:02:00-04:00,2023-05-04T10:00:00-04:00,2023-05-04T10:01:00-04:00,2023-05-04T16:00:00-04:00,2023-05-04T16:00:00-04:00,session_close_proxy,13041.0,13048.0,13044.75,13048.0,1,-6.5,2.24,-8.74,EOD_CLOSE_PROXY,-0.8167408231368187,0.30986907733691393,0.13892365456821026,-27.75,True,
2023-05-05,MNQM23,A,605aa9c1bee52a102446f0283839daf998adc79f20a0c2713c49ab878646f544,2,1,2023-05-05T10:02:00-04:00,2023-05-05T10:00:00-04:00,2023-05-05T10:01:00-04:00,2023-05-05T16:00:00-04:00,2023-05-05T16:00:00-04:00,session_close_proxy,13191.0,13323.75,13194.75,13323.75,1,258.0,2.24,255.76,EOD_CLOSE_PROXY,1.4453281423804227,0.8852969792460557,0.5168067226890757,61.5,True,
2023-05-08,MNQM23,A,605aa9c1bee52a102446f0283839daf998adc79f20a0c2713c49ab878646f544,2,-1,2023-05-08T10:02:00-04:00,2023-05-08T10:00:00-04:00,2023-05-08T10:01:00-04:00,2023-05-08T16:00:00-04:00,2023-05-08T16:00:00-04:00,session_close_proxy,13271.0,13354.5,13279.0,13354.5,1,-151.0,2.24,-153.24,EOD_CLOSE_PROXY,-1.2077864293659621,0.8498754676870058,0.23461538461538461,-30.5,True,
2023-05-12,MNQM23,A,605aa9c1bee52a102446f0283839daf998adc79f20a0c2713c49ab878646f544,2,-1,2023-05-12T11:02:00-04:00,2023-05-12T11:00:00-04:00,2023-05-12T11:01:00-04:00,2023-05-12T16:00:00-04:00,2023-05-12T16:00:00-04:00,session_close_proxy,13399.0,13397.25,13399.25,13397.25,1,4.0,2.24,1.7599999999999998,EOD_CLOSE_PROXY,0.21596218020022248,0.10329283331461303,0.02702702702702703,-2.5,True,
2023-05-16,MNQM23,A,605aa9c1bee52a102446f0283839daf998adc79f20a0c2713c49ab878646f544,2,1,2023-05-16T11:02:00-04:00,2023-05-16T11:00:00-04:00,2023-05-16T11:01:00-04:00,2023-05-16T16:00:00-04:00,2023-05-16T16:00:00-04:00,session_close_proxy,13519.0,13482.0,13518.0,13482.0,1,-72.0,2.24,-74.24,EOD_CLOSE_PROXY,0.9167964404894327,0.43445704700992793,0.04526748971193416,5.5,True,
2023-05-17,MNQM23,A,605aa9c1bee52a102446f0283839daf998adc79f20a0c2713c49ab878646f544,2,1,2023-05-17T13:02:00-04:00,2023-05-17T13:00:00-04:00,2023-05-17T13:01:00-04:00,2023-05-17T16:00:00-04:00,2023-05-17T16:00:00-04:00,session_close_proxy,13605.75,13644.75,13608.25,13644.75,1,73.0,2.24,70.76,EOD_CLOSE_PROXY,1.8939377085650724,0.9408149562010418,0.5300261096605744,50.75,True,
2023-05-18,MNQM23,A,605aa9c1bee52a102446f0283839daf998adc79f20a0c2713c49ab878646f544,2,1,2023-05-18T10:02:00-04:00,2023-05-18T10:00:00-04:00,2023-05-18T10:01:00-04:00,2023-05-18T16:00:00-04:00,2023-05-18T16:00:00-04:00,session_close_proxy,13712.75,13889.75,13704.75,13889.75,1,370.0,2.24,367.76,EOD_CLOSE_PROXY,1.3830923248053393,0.7106449110853976,0.3867735470941884,48.25,True,
2023-05-22,MNQM23,A,605aa9c1bee52a102446f0283839daf998adc79f20a0c2713c49ab878646f544,2,1,2023-05-22T10:02:00-04:00,2023-05-22T10:00:00-04:00,2023-05-22T10:01:00-04:00,2023-05-22T16:00:00-04:00,2023-05-22T16:00:00-04:00,session_close_proxy,13928.75,13905.25,13937.75,13905.25,1,-65.0,2.24,-67.24,EOD_CLOSE_PROXY,2.7547274749721913,0.8306700387408312,0.3415233415233415,69.5,True,
2023-05-23,MNQM23,A,605aa9c1bee52a102446f0283839daf998adc79f20a0c2713c49ab878646f544,2,-1,2023-05-23T14:32:00-04:00,2023-05-23T14:30:00-04:00,2023-05-23T14:31:00-04:00,2023-05-23T16:00:00-04:00,2023-05-23T16:00:00-04:00,session_close_proxy,13732.25,13725.25,13733.25,13725.25,1,16.0,2.24,13.76,EOD_CLOSE_PROXY,-2.3948275862068966,0.8321898796839557,0.3151183970856102,-43.25,True,
2023-05-24,MNQM23,A,605aa9c1bee52a102446f0283839daf998adc79f20a0c2713c49ab878646f544,2,-1,2023-05-24T10:32:00-04:00,2023-05-24T10:30:00-04:00,2023-05-24T10:31:00-04:00,2023-05-24T16:00:00-04:00,2023-05-24T16:00:00-04:00,session_close_proxy,13591.25,13653.5,13599.0,13653.5,1,-109.0,2.24,-111.24,EOD_CLOSE_PROXY,-0.9959399332591768,0.44148140910463934,0.34831460674157305,-54.25,True,
2023-05-26,MNQM23,A,605aa9c1bee52a102446f0283839daf998adc79f20a0c2713c49ab878646f544,2,1,2023-05-26T10:02:00-04:00,2023-05-26T10:00:00-04:00,2023-05-26T10:01:00-04:00,2023-05-26T16:00:00-04:00,2023-05-26T16:00:00-04:00,session_close_proxy,14118.75,14332.5,14141.5,14332.5,1,382.0,2.24,379.76,EOD_CLOSE_PROXY,3.4660177975528366,0.9381903339594276,0.5434462444771723,92.25,True,
2023-05-31,MNQM23,A,605aa9c1bee52a102446f0283839daf998adc79f20a0c2713c49ab878646f544,2,-1,2023-05-31T11:32:00-04:00,2023-05-31T11:30:00-04:00,2023-05-31T11:31:00-04:00,2023-05-31T16:00:00-04:00,2023-05-31T16:00:00-04:00,session_close_proxy,14269.0,14302.0,14266.0,14302.0,1,-72.0,2.24,-74.24,EOD_CLOSE_PROXY,-1.0486095661846495,0.7795522617440744,0.27157894736842103,-32.25,True,
2023-06-01,MNQM23,A,605aa9c1bee52a102446f0283839daf998adc79f20a0c2713c49ab878646f544,2,1,2023-06-01T11:32:00-04:00,2023-06-01T11:30:00-04:00,2023-06-01T11:31:00-04:00,2023-06-01T16:00:00-04:00,2023-06-01T16:00:00-04:00,session_close_proxy,14382.5,14473.25,14384.5,14473.25,1,177.5,2.24,175.26,EOD_CLOSE_PROXY,1.3373192436040044,0.5750567494145407,0.16272189349112426,27.5,True,
2023-06-05,MNQM23,A,605aa9c1bee52a102446f0283839daf998adc79f20a0c2713c49ab878646f544,2,1,2023-06-05T11:02:00-04:00,2023-06-05T11:00:00-04:00,2023-06-05T11:01:00-04:00,2023-06-05T16:00:00-04:00,2023-06-05T16:00:00-04:00,session_close_proxy,14664.75,14587.5,14661.25,14587.5,1,-147.5,2.24,-149.74,EOD_CLOSE_PROXY,2.047052280311457,0.8309880864910066,0.33240997229916897,60.0,True,
2023-06-07,MNQM23,A,605aa9c1bee52a102446f0283839daf998adc79f20a0c2713c49ab878646f544,2,-1,2023-06-07T11:02:00-04:00,2023-06-07T11:00:00-04:00,2023-06-07T11:01:00-04:00,2023-06-07T16:00:00-04:00,2023-06-07T16:00:00-04:00,session_close_proxy,14474.5,14331.75,14471.0,14331.75,1,278.5,2.24,276.26,EOD_CLOSE_PROXY,-3.343604004449388,0.8703614340859487,0.36312849162011174,-81.25,True,
2023-06-08,MNQM23,A,605aa9c1bee52a102446f0283839daf998adc79f20a0c2713c49ab878646f544,2,1,2023-06-08T10:32:00-04:00,2023-06-08T10:30:00-04:00,2023-06-08T10:31:00-04:00,2023-06-08T16:00:00-04:00,2023-06-08T16:00:00-04:00,session_close_proxy,14413.75,14499.25,14415.0,14499.25,1,168.5,2.24,166.26,EOD_CLOSE_PROXY,0.9626251390433815,0.6218365682057088,0.2706270627062706,41.0,True,
2023-06-09,MNQM23,A,605aa9c1bee52a102446f0283839daf998adc79f20a0c2713c49ab878646f544,2,1,2023-06-09T10:02:00-04:00,2023-06-09T10:00:00-04:00,2023-06-09T10:01:00-04:00,2023-06-09T16:00:00-04:00,2023-06-09T16:00:00-04:00,session_close_proxy,14654.0,14556.25,14661.0,14556.25,1,-209.5,2.24,-211.74,EOD_CLOSE_PROXY,3.4122914349276976,0.9318216722836533,0.5430183356840621,96.25,True,
2023-06-12,MNQM23,A,605aa9c1bee52a102446f0283839daf998adc79f20a0c2713c49ab878646f544,2,1,2023-06-12T15:02:00-04:00,2023-06-12T15:00:00-04:00,2023-06-12T15:01:00-04:00,2023-06-12T16:00:00-04:00,2023-06-12T16:00:00-04:00,session_close_proxy,14749.25,14802.5,14743.0,14802.5,1,119.0,2.24,116.76,EOD_CLOSE_PROXY,1.2685205784204672,0.8629501507013387,0.562962962962963,38.0,True,
2023-06-14,MNQM23,A,605aa9c1bee52a102446f0283839daf998adc79f20a0c2713c49ab878646f544,2,1,2023-06-14T11:32:00-04:00,2023-06-14T11:30:00-04:00,2023-06-14T11:31:00-04:00,2023-06-14T16:00:00-04:00,2023-06-14T16:00:00-04:00,session_close_proxy,15012.25,15016.25,15014.75,15016.25,1,3.0,2.24,0.7599999999999998,EOD_CLOSE_PROXY,2.5086206896551726,0.9290029506905988,0.43253968253968256,54.5,True,
2023-06-15,MNQM23,A,605aa9c1bee52a102446f0283839daf998adc79f20a0c2713c49ab878646f544,2,1,2023-06-15T10:32:00-04:00,2023-06-15T10:30:00-04:00,2023-06-15T10:31:00-04:00,2023-06-15T16:00:00-04:00,2023-06-15T16:00:00-04:00,session_close_proxy,15081.0,15190.75,15065.5,15190.75,1,250.5,2.24,248.26,EOD_CLOSE_PROXY,1.3682424916573972,0.46152668661576063,0.3644859813084112,78.0,True,
2023-06-21,MNQU23,A,605aa9c1bee52a102446f0283839daf998adc79f20a0c2713c49ab878646f544,2,-1,2023-06-21T10:02:00-04:00,2023-06-21T10:00:00-04:00,2023-06-21T10:01:00-04:00,2023-06-21T16:00:00-04:00,2023-06-21T16:00:00-04:00,session_close_proxy,15127.0,15045.5,15108.5,15045.5,1,126.0,2.24,123.76,EOD_CLOSE_PROXY,-2.9407119021134593,0.8223685800378429,0.2533659730722154,-51.75,True,
2023-06-22,MNQU23,A,605aa9c1bee52a102446f0283839daf998adc79f20a0c2713c49ab878646f544,2,1,2023-06-22T10:32:00-04:00,2023-06-22T10:30:00-04:00,2023-06-22T10:31:00-04:00,2023-06-22T16:00:00-04:00,2023-06-22T16:00:00-04:00,session_close_proxy,15134.75,15212.5,15124.0,15212.5,1,177.0,2.24,174.76,EOD_CLOSE_PROXY,2.0768075639599557,0.6223938068796216,0.1875,45.0,True,
2023-06-26,MNQU23,A,605aa9c1bee52a102446f0283839daf998adc79f20a0c2713c49ab878646f544,2,1,2023-06-26T10:02:00-04:00,2023-06-26T10:00:00-04:00,2023-06-26T10:01:00-04:00,2023-06-26T12:32:00-04:00,2023-06-26T12:31:00-04:00,bar_open,15137.25,14916.0,15129.75,14917.5,1,-424.5,2.24,-426.74,REVERSAL,3.3907119021134595,0.9442751497520083,0.4700854700854701,96.25,True,
2023-06-26,MNQU23,A,605aa9c1bee52a102446f0283839daf998adc79f20a0c2713c49ab878646f544,2,-1,2023-06-26T12:32:00-04:00,2023-06-26T12:30:00-04:00,2023-06-26T12:31:00-04:00,2023-06-26T16:00:00-04:00,2023-06-26T16:00:00-04:00,session_close_proxy,14916.0,14857.75,14917.5,14857.75,1,119.5,2.24,117.26,EOD_CLOSE_PROXY,-2.304783092324805,0.5706306099295836,0.44028103044496486,-94.0,True,
2023-06-27,MNQU23,A,605aa9c1bee52a102446f0283839daf998adc79f20a0c2713c49ab878646f544,2,1,2023-06-27T12:02:00-04:00,2023-06-27T12:00:00-04:00,2023-06-27T12:01:00-04:00,2023-06-27T16:00:00-04:00,2023-06-27T16:00:00-04:00,session_close_proxy,15009.5,15108.75,15012.25,15108.75,1,193.0,2.24,190.76,EOD_CLOSE_PROXY,1.0588987764182425,0.7820256573190482,0.2446351931330472,28.5,True,
2023-06-28,MNQU23,A,605aa9c1bee52a102446f0283839daf998adc79f20a0c2713c49ab878646f544,2,1,2023-06-28T11:02:00-04:00,2023-06-28T11:00:00-04:00,2023-06-28T11:01:00-04:00,2023-06-28T16:00:00-04:00,2023-06-28T16:00:00-04:00,session_close_proxy,15177.5,15139.5,15184.75,15139.5,1,-90.5,2.24,-92.74,EOD_CLOSE_PROXY,1.3005561735261402,0.5249028380853207,0.20689655172413793,33.0,True,
2023-06-30,MNQU23,A,605aa9c1bee52a102446f0283839daf998adc79f20a0c2713c49ab878646f544,2,1,2023-06-30T10:02:00-04:00,2023-06-30T10:00:00-04:00,2023-06-30T10:01:00-04:00,2023-06-30T16:00:00-04:00,2023-06-30T16:00:00-04:00,session_close_proxy,15318.5,15331.0,15318.75,15331.0,1,24.5,2.24,22.259999999999998,EOD_CLOSE_PROXY,2.717352614015573,0.845491038548759,0.35853379152348225,78.25,True,
2023-07-06,MNQU23,A,605aa9c1bee52a102446f0283839daf998adc79f20a0c2713c49ab878646f544,2,-1,2023-07-06T11:02:00-04:00,2023-07-06T11:00:00-04:00,2023-07-06T11:01:00-04:00,2023-07-06T16:00:00-04:00,2023-07-06T16:00:00-04:00,session_close_proxy,15123.5,15235.75,15133.75,15235.75,1,-204.0,2.24,-206.24,EOD_CLOSE_PROXY,-1.1373748609566185,0.6211196480012725,0.3676190476190476,-48.25,True,
2023-07-07,MNQU23,A,605aa9c1bee52a102446f0283839daf998adc79f20a0c2713c49ab878646f544,2,1,2023-07-07T13:02:00-04:00,2023-07-07T13:00:00-04:00,2023-07-07T13:01:00-04:00,2023-07-07T16:00:00-04:00,2023-07-07T16:00:00-04:00,session_close_proxy,15333.25,15183.5,15336.5,15183.5,1,-306.0,2.24,-308.24,EOD_CLOSE_PROXY,0.6102892102335928,0.4033830684789621,0.33163265306122447,32.5,True,
2023-07-10,MNQU23,A,605aa9c1bee52a102446f0283839daf998adc79f20a0c2713c49ab878646f544,2,-1,2023-07-10T10:02:00-04:00,2023-07-10T10:00:00-04:00,2023-07-10T10:01:00-04:00,2023-07-10T16:00:00-04:00,2023-07-10T16:00:00-04:00,session_close_proxy,15115.0,15190.0,15122.75,15190.0,1,-134.5,2.24,-136.74,EOD_CLOSE_PROXY,-4.260789766407119,0.8803375099763218,0.3653444676409186,-87.5,True,
2023-07-13,MNQU23,A,605aa9c1bee52a102446f0283839daf998adc79f20a0c2713c49ab878646f544,2,1,2023-07-13T15:02:00-04:00,2023-07-13T15:00:00-04:00,2023-07-13T15:01:00-04:00,2023-07-13T16:00:00-04:00,2023-07-13T16:00:00-04:00,session_close_proxy,15682.25,15706.0,15680.5,15706.0,1,51.0,2.24,48.76,EOD_CLOSE_PROXY,0.5204671857619577,0.6707243478517679,0.31277533039647576,17.75,True,
2023-07-14,MNQU23,A,605aa9c1bee52a102446f0283839daf998adc79f20a0c2713c49ab878646f544,2,1,2023-07-14T10:02:00-04:00,2023-07-14T10:00:00-04:00,2023-07-14T10:01:00-04:00,2023-07-14T16:00:00-04:00,2023-07-14T16:00:00-04:00,session_close_proxy,15809.5,15703.0,15792.0,15703.0,1,-178.0,2.24,-180.24,EOD_CLOSE_PROXY,1.7189655172413794,0.722406740007456,0.3616398243045388,61.75,True,
2023-07-17,MNQU23,A,605aa9c1bee52a102446f0283839daf998adc79f20a0c2713c49ab878646f544,2,1,2023-07-17T12:02:00-04:00,2023-07-17T12:00:00-04:00,2023-07-17T12:01:00-04:00,2023-07-17T16:00:00-04:00,2023-07-17T16:00:00-04:00,session_close_proxy,15806.75,15844.75,15802.5,15844.75,1,84.5,2.24,82.26,EOD_CLOSE_PROXY,0.7832035595105673,0.7897238377524848,0.3123209169054441,27.25,True,
2023-07-18,MNQU23,A,605aa9c1bee52a102446f0283839daf998adc79f20a0c2713c49ab878646f544,2,1,2023-07-18T13:32:00-04:00,2023-07-18T13:30:00-04:00,2023-07-18T13:31:00-04:00,2023-07-18T16:00:00-04:00,2023-07-18T16:00:00-04:00,session_close_proxy,15936.0,15972.75,15935.0,15972.75,1,75.5,2.24,73.26,EOD_CLOSE_PROXY,0.38020022246941043,0.225907325622709,0.1801566579634465,17.25,True,
2023-07-20,MNQU23,A,605aa9c1bee52a102446f0283839daf998adc79f20a0c2713c49ab878646f544,2,-1,2023-07-20T10:32:00-04:00,2023-07-20T10:30:00-04:00,2023-07-20T10:31:00-04:00,2023-07-20T16:00:00-04:00,2023-07-20T16:00:00-04:00,session_close_proxy,15755.0,15588.0,15741.5,15588.0,1,307.0,2.24,304.76,EOD_CLOSE_PROXY,-2.967853170189099,0.8955049113072319,0.4425,-88.5,True,
2023-07-25,MNQU23,A,605aa9c1bee52a102446f0283839daf998adc79f20a0c2713c49ab878646f544,2,1,2023-07-25T10:02:00-04:00,2023-07-25T10:00:00-04:00,2023-07-25T10:01:00-04:00,2023-07-25T16:00:00-04:00,2023-07-25T16:00:00-04:00,session_close_proxy,15663.0,15667.0,15658.5,15667.0,1,17.0,2.24,14.76,EOD_CLOSE_PROXY,1.6992213570634038,0.7667132014928403,0.3470967741935484,67.25,True,
2023-07-26,MNQU23,A,605aa9c1bee52a102446f0283839daf998adc79f20a0c2713c49ab878646f544,2,-1,2023-07-26T11:02:00-04:00,2023-07-26T11:00:00-04:00,2023-07-26T11:01:00-04:00,2023-07-26T16:00:00-04:00,2023-07-26T16:00:00-04:00,session_close_proxy,15537.75,15613.5,15522.5,15613.5,1,-182.0,2.24,-184.24,EOD_CLOSE_PROXY,-2.479977753058954,0.8497891170215615,0.5361216730038023,-70.5,True,
2023-07-28,MNQU23,A,605aa9c1bee52a102446f0283839daf998adc79f20a0c2713c49ab878646f544,2,1,2023-07-28T10:02:00-04:00,2023-07-28T10:00:00-04:00,2023-07-28T10:01:00-04:00,2023-07-28T16:00:00-04:00,2023-07-28T16:00:00-04:00,session_close_proxy,15789.0,15849.5,15794.75,15849.5,1,109.5,2.24,107.26,EOD_CLOSE_PROXY,3.1548387096774193,0.7663210450950075,0.24634655532359082,59.0,True,
2023-08-02,MNQU23,A,605aa9c1bee52a102446f0283839daf998adc79f20a0c2713c49ab878646f544,2,-1,2023-08-02T10:02:00-04:00,2023-08-02T10:00:00-04:00,2023-08-02T10:01:00-04:00,2023-08-02T16:00:00-04:00,2023-08-02T16:00:00-04:00,session_close_proxy,15602.0,15468.25,15592.75,15468.25,1,249.0,2.24,246.76,EOD_CLOSE_PROXY,-1.1565628476084537,0.40764849412206333,0.19090909090909092,-52.5,True,
2023-08-04,MNQU23,A,605aa9c1bee52a102446f0283839daf998adc79f20a0c2713c49ab878646f544,2,1,2023-08-04T12:32:00-04:00,2023-08-04T12:30:00-04:00,2023-08-04T12:31:00-04:00,2023-08-04T15:51:00-04:00,,intrabar_unknown_within_event_minute,15591.25,15341.25,15590.25,15341.25,1,-498.0,2.24,-500.24,CAT_STOP,0.6389321468298109,0.25496267646767595,0.16455696202531644,19.5,True,
2023-08-08,MNQU23,A,605aa9c1bee52a102446f0283839daf998adc79f20a0c2713c49ab878646f544,2,-1,2023-08-08T10:02:00-04:00,2023-08-08T10:00:00-04:00,2023-08-08T10:01:00-04:00,2023-08-08T16:00:00-04:00,2023-08-08T16:00:00-04:00,session_close_proxy,15293.75,15350.0,15285.5,15350.0,1,-129.0,2.24,-131.24,EOD_CLOSE_PROXY,-3.432035595105673,0.8634132771112243,0.34662236987818384,-78.25,True,
2023-08-09,MNQU23,A,605aa9c1bee52a102446f0283839daf998adc79f20a0c2713c49ab878646f544,2,-1,2023-08-09T10:02:00-04:00,2023-08-09T10:00:00-04:00,2023-08-09T10:01:00-04:00,2023-08-09T16:00:00-04:00,2023-08-09T16:00:00-04:00,session_close_proxy,15279.25,15180.5,15294.0,15180.5,1,227.0,2.24,224.76,EOD_CLOSE_PROXY,-2.920578420467186,0.8678640976096075,0.4298507462686567,-72.0,True,
2023-08-10,MNQU23,A,605aa9c1bee52a102446f0283839daf998adc79f20a0c2713c49ab878646f544,2,1,2023-08-10T10:02:00-04:00,2023-08-10T10:00:00-04:00,2023-08-10T10:01:00-04:00,2023-08-10T13:42:00-04:00,,intrabar_unknown_within_event_minute,15422.75,15172.75,15431.0,15172.75,1,-516.5,2.24,-518.74,CAT_STOP,3.8407675194660733,0.8847156969684903,0.45563139931740615,133.5,True,
2023-08-14,MNQU23,A,605aa9c1bee52a102446f0283839daf998adc79f20a0c2713c49ab878646f544,2,1,2023-08-14T11:02:00-04:00,2023-08-14T11:00:00-04:00,2023-08-14T11:01:00-04:00,2023-08-14T16:00:00-04:00,2023-08-14T16:00:00-04:00,session_close_proxy,15230.0,15272.5,15231.0,15272.5,1,83.0,2.24,80.76,EOD_CLOSE_PROXY,2.7483870967741937,0.8460294794301522,0.5417406749555951,76.25,True,
2023-08-15,MNQU23,A,605aa9c1bee52a102446f0283839daf998adc79f20a0c2713c49ab878646f544,2,-1,2023-08-15T10:32:00-04:00,2023-08-15T10:30:00-04:00,2023-08-15T10:31:00-04:00,2023-08-15T16:00:00-04:00,2023-08-15T16:00:00-04:00,session_close_proxy,15136.5,15105.5,15124.0,15105.5,1,37.0,2.24,34.76,EOD_CLOSE_PROXY,-0.9621802002224694,0.37319112594122306,0.21714285714285714,-38.0,True,
2023-08-16,MNQU23,A,605aa9c1bee52a102446f0283839daf998adc79f20a0c2713c49ab878646f544,2,-1,2023-08-16T15:32:00-04:00,2023-08-16T15:30:00-04:00,2023-08-16T15:31:00-04:00,2023-08-16T16:00:00-04:00,2023-08-16T16:00:00-04:00,session_close_proxy,14966.0,14939.0,14957.75,14939.0,1,37.5,2.24,35.26,EOD_CLOSE_PROXY,-2.1853170189099,0.7351324224747693,0.3301282051282051,-51.5,True,
2023-08-17,MNQU23,A,605aa9c1bee52a102446f0283839daf998adc79f20a0c2713c49ab878646f544,2,-1,2023-08-17T14:32:00-04:00,2023-08-17T14:30:00-04:00,2023-08-17T14:31:00-04:00,2023-08-17T16:00:00-04:00,2023-08-17T16:00:00-04:00,session_close_proxy,14859.0,14772.0,14850.75,14772.0,1,157.5,2.24,155.26,EOD_CLOSE_PROXY,-0.7042269187986652,0.4525039030516686,0.14769975786924938,-15.25,True,
2023-08-21,MNQU23,A,605aa9c1bee52a102446f0283839daf998adc79f20a0c2713c49ab878646f544,2,1,2023-08-21T10:02:00-04:00,2023-08-21T10:00:00-04:00,2023-08-21T10:01:00-04:00,2023-08-21T16:00:00-04:00,2023-08-21T16:00:00-04:00,session_close_proxy,14913.75,14987.0,14910.0,14987.0,1,154.0,2.24,151.76,EOD_CLOSE_PROXY,2.0626807563959955,0.5749249450019406,0.5608391608391609,100.25,True,
2023-08-23,MNQU23,A,605aa9c1bee52a102446f0283839daf998adc79f20a0c2713c49ab878646f544,2,1,2023-08-23T10:02:00-04:00,2023-08-23T10:00:00-04:00,2023-08-23T10:01:00-04:00,2023-08-23T16:00:00-04:00,2023-08-23T16:00:00-04:00,session_close_proxy,15093.75,15198.5,15091.75,15198.5,1,213.5,2.24,211.26,EOD_CLOSE_PROXY,2.838598442714127,0.7886071547557311,0.33796296296296297,73.0,True,
2023-08-24,MNQU23,A,605aa9c1bee52a102446f0283839daf998adc79f20a0c2713c49ab878646f544,2,-1,2023-08-24T10:32:00-04:00,2023-08-24T10:30:00-04:00,2023-08-24T10:31:00-04:00,2023-08-24T16:00:00-04:00,2023-08-24T16:00:00-04:00,session_close_proxy,15073.5,14859.25,15071.25,14859.25,1,424.0,2.24,421.76,EOD_CLOSE_PROXY,-4.830923248053392,0.929028363776241,0.6270491803278688,-153.0,True,
2023-08-25,MNQU23,A,605aa9c1bee52a102446f0283839daf998adc79f20a0c2713c49ab878646f544,2,-1,2023-08-25T11:02:00-04:00,2023-08-25T11:00:00-04:00,2023-08-25T11:01:00-04:00,2023-08-25T15:01:00-04:00,,intrabar_unknown_within_event_minute,14759.75,15009.75,14774.5,15009.75,1,-470.5,2.24,-472.74,CAT_STOP,-4.668075639599555,0.9194836304674959,0.4469565217391304,-128.5,True,
2023-08-29,MNQU23,A,605aa9c1bee52a102446f0283839daf998adc79f20a0c2713c49ab878646f544,2,1,2023-08-29T10:02:00-04:00,2023-08-29T10:00:00-04:00,2023-08-29T10:01:00-04:00,2023-08-29T16:00:00-04:00,2023-08-29T16:00:00-04:00,session_close_proxy,15157.0,15413.25,15202.75,15413.25,1,421.0,2.24,418.76,EOD_CLOSE_PROXY,3.0663515016685206,0.7754322043465506,0.3903345724907063,78.75,True,
2023-08-31,MNQU23,A,605aa9c1bee52a102446f0283839daf998adc79f20a0c2713c49ab878646f544,2,1,2023-08-31T10:02:00-04:00,2023-08-31T10:00:00-04:00,2023-08-31T10:01:00-04:00,2023-08-31T16:00:00-04:00,2023-08-31T16:00:00-04:00,session_close_proxy,15566.5,15532.5,15570.5,15532.5,1,-76.0,2.24,-78.24,EOD_CLOSE_PROXY,0.8913236929922136,0.32443842857094995,0.17690875232774675,47.5,True,
2023-09-06,MNQU23,A,605aa9c1bee52a102446f0283839daf998adc79f20a0c2713c49ab878646f544,2,-1,2023-09-06T10:32:00-04:00,2023-09-06T10:30:00-04:00,2023-09-06T10:31:00-04:00,2023-09-06T16:00:00-04:00,2023-09-06T16:00:00-04:00,session_close_proxy,15387.0,15398.5,15397.5,15398.5,1,-2.0,2.24,-4.24,EOD_CLOSE_PROXY,-0.7431590656284761,0.19323153780001587,0.34914361001317523,-66.25,True,
2023-09-08,MNQU23,A,605aa9c1bee52a102446f0283839daf998adc79f20a0c2713c49ab878646f544,2,1,2023-09-08T10:32:00-04:00,2023-09-08T10:30:00-04:00,2023-09-08T10:31:00-04:00,2023-09-08T16:00:00-04:00,2023-09-08T16:00:00-04:00,session_close_proxy,15375.25,15295.0,15385.25,15295.0,1,-180.5,2.24,-182.74,EOD_CLOSE_PROXY,1.1241379310344828,0.5239327189268415,0.1931216931216931,36.5,True,
2023-09-19,MNQZ23,A,605aa9c1bee52a102446f0283839daf998adc79f20a0c2713c49ab878646f544,2,-1,2023-09-19T10:02:00-04:00,2023-09-19T10:00:00-04:00,2023-09-19T10:01:00-04:00,2023-09-19T16:00:00-04:00,2023-09-19T16:00:00-04:00,session_close_proxy,15304.75,15377.25,15298.25,15377.25,1,-158.0,2.24,-160.24,EOD_CLOSE_PROXY,-1.2332035595105673,0.47144399669703974,0.16121495327102803,-34.5,True,
2023-09-20,MNQZ23,A,605aa9c1bee52a102446f0283839daf998adc79f20a0c2713c49ab878646f544,2,-1,2023-09-20T15:32:00-04:00,2023-09-20T15:30:00-04:00,2023-09-20T15:31:00-04:00,2023-09-20T16:00:00-04:00,2023-09-20T16:00:00-04:00,session_close_proxy,15252.25,15152.0,15240.0,15152.0,1,176.0,2.24,173.76,EOD_CLOSE_PROXY,-2.7052836484983316,0.7393286778363966,0.2840095465393795,-59.5,True,
2023-09-21,MNQZ23,A,605aa9c1bee52a102446f0283839daf998adc79f20a0c2713c49ab878646f544,2,-1,2023-09-21T10:02:00-04:00,2023-09-21T10:00:00-04:00,2023-09-21T10:01:00-04:00,2023-09-21T16:00:00-04:00,2023-09-21T16:00:00-04:00,session_close_proxy,14932.5,14861.5,14930.75,14861.5,1,138.5,2.24,136.26,EOD_CLOSE_PROXY,-2.816685205784205,0.8529299077624393,0.3006993006993007,-75.25,True,
2023-09-22,MNQZ23,A,605aa9c1bee52a102446f0283839daf998adc79f20a0c2713c49ab878646f544,2,1,2023-09-22T11:02:00-04:00,2023-09-22T11:00:00-04:00,2023-09-22T11:01:00-04:00,2023-09-22T16:00:00-04:00,2023-09-22T16:00:00-04:00,session_close_proxy,15009.75,14867.5,15004.0,14867.5,1,-273.0,2.24,-275.24,EOD_CLOSE_PROXY,0.8351501668520579,0.5234212529822073,0.2797319932998325,41.75,True,
2023-09-26,MNQZ23,A,605aa9c1bee52a102446f0283839daf998adc79f20a0c2713c49ab878646f544,2,-1,2023-09-26T10:02:00-04:00,2023-09-26T10:00:00-04:00,2023-09-26T10:01:00-04:00,2023-09-26T16:00:00-04:00,2023-09-26T16:00:00-04:00,session_close_proxy,14770.0,14709.0,14778.75,14709.0,1,139.5,2.24,137.26,EOD_CLOSE_PROXY,-2.0695216907675196,0.611078592847525,0.27650273224043714,-63.25,True,
2023-09-27,MNQZ23,A,605aa9c1bee52a102446f0283839daf998adc79f20a0c2713c49ab878646f544,2,-1,2023-09-27T13:32:00-04:00,2023-09-27T13:30:00-04:00,2023-09-27T13:31:00-04:00,2023-09-27T16:00:00-04:00,2023-09-27T16:00:00-04:00,session_close_proxy,14618.25,14744.0,14624.75,14744.0,1,-238.5,2.24,-240.74,EOD_CLOSE_PROXY,-2.285205784204672,0.8582006831400965,0.3042071197411003,-47.0,True,
2023-09-28,MNQZ23,A,605aa9c1bee52a102446f0283839daf998adc79f20a0c2713c49ab878646f544,2,1,2023-09-28T11:32:00-04:00,2023-09-28T11:30:00-04:00,2023-09-28T11:31:00-04:00,2023-09-28T16:00:00-04:00,2023-09-28T16:00:00-04:00,session_close_proxy,14827.0,14858.5,14836.0,14858.5,1,45.0,2.24,42.76,EOD_CLOSE_PROXY,1.745661846496107,0.6186226487261505,0.259604190919674,55.75,True,
2023-10-02,MNQZ23,A,605aa9c1bee52a102446f0283839daf998adc79f20a0c2713c49ab878646f544,2,1,2023-10-02T10:02:00-04:00,2023-10-02T10:00:00-04:00,2023-10-02T10:01:00-04:00,2023-10-02T16:00:00-04:00,2023-10-02T16:00:00-04:00,session_close_proxy,14924.0,14988.25,14959.5,14988.25,1,57.5,2.24,55.26,EOD_CLOSE_PROXY,0.9555061179087876,0.1473165850624661,0.29045643153526973,70.0,True,
2023-10-03,MNQZ23,A,605aa9c1bee52a102446f0283839daf998adc79f20a0c2713c49ab878646f544,2,-1,2023-10-03T10:32:00-04:00,2023-10-03T10:30:00-04:00,2023-10-03T10:31:00-04:00,2023-10-03T16:00:00-04:00,2023-10-03T16:00:00-04:00,session_close_proxy,14778.0,14719.75,14783.5,14719.75,1,127.5,2.24,125.26,EOD_CLOSE_PROXY,-3.8518909899888767,0.8142800129328385,0.43911439114391143,-119.0,True,
2023-10-04,MNQZ23,A,605aa9c1bee52a102446f0283839daf998adc79f20a0c2713c49ab878646f544,2,1,2023-10-04T10:02:00-04:00,2023-10-04T10:00:00-04:00,2023-10-04T10:01:00-04:00,2023-10-04T16:00:00-04:00,2023-10-04T16:00:00-04:00,session_close_proxy,14800.5,14919.25,14783.0,14919.25,1,272.5,2.24,270.26,EOD_CLOSE_PROXY,0.5100667408231369,0.11311833455062266,0.12652068126520682,26.0,True,
2023-10-05,MNQZ23,A,605aa9c1bee52a102446f0283839daf998adc79f20a0c2713c49ab878646f544,2,-1,2023-10-05T10:02:00-04:00,2023-10-05T10:00:00-04:00,2023-10-05T10:01:00-04:00,2023-10-05T16:00:00-04:00,2023-10-05T16:00:00-04:00,session_close_proxy,14836.75,14865.75,14814.25,14865.75,1,-103.0,2.24,-105.24,EOD_CLOSE_PROXY,-3.204060066740823,0.8682593760452821,0.24739336492890995,-65.25,True,
2023-10-06,MNQZ23,A,605aa9c1bee52a102446f0283839daf998adc79f20a0c2713c49ab878646f544,2,1,2023-10-06T12:02:00-04:00,2023-10-06T12:00:00-04:00,2023-10-06T12:01:00-04:00,2023-10-06T16:00:00-04:00,2023-10-06T16:00:00-04:00,session_close_proxy,15047.75,15113.0,15055.25,15113.0,1,115.5,2.24,113.26,EOD_CLOSE_PROXY,2.8419911012235817,0.86086406143077,0.6061452513966481,108.5,True,
2023-10-10,MNQZ23,A,605aa9c1bee52a102446f0283839daf998adc79f20a0c2713c49ab878646f544,2,1,2023-10-10T10:32:00-04:00,2023-10-10T10:30:00-04:00,2023-10-10T10:31:00-04:00,2023-10-10T16:00:00-04:00,2023-10-10T16:00:00-04:00,session_close_proxy,15289.75,15270.25,15293.75,15270.25,1,-47.0,2.24,-49.24,EOD_CLOSE_PROXY,1.207285873192436,0.613140967640451,0.23333333333333334,35.0,True,
2023-10-13,MNQZ23,A,605aa9c1bee52a102446f0283839daf998adc79f20a0c2713c49ab878646f544,2,-1,2023-10-13T11:02:00-04:00,2023-10-13T11:00:00-04:00,2023-10-13T11:01:00-04:00,2023-10-13T16:00:00-04:00,2023-10-13T16:00:00-04:00,session_close_proxy,15201.0,15121.5,15192.75,15121.5,1,142.5,2.24,140.26,EOD_CLOSE_PROXY,-3.4705784204671857,0.7862401786752371,0.2754237288135593,-65.0,True,
2023-10-16,MNQZ23,A,605aa9c1bee52a102446f0283839daf998adc79f20a0c2713c49ab878646f544,2,1,2023-10-16T10:02:00-04:00,2023-10-16T10:00:00-04:00,2023-10-16T10:01:00-04:00,2023-10-16T16:00:00-04:00,2023-10-16T16:00:00-04:00,session_close_proxy,15227.0,15293.5,15237.5,15293.5,1,112.0,2.24,109.76,EOD_CLOSE_PROXY,-0.5560066740823136,0.06974406701375592,0.20597014925373133,51.75,True,
2023-10-17,MNQZ23,A,605aa9c1bee52a102446f0283839daf998adc79f20a0c2713c49ab878646f544,2,-1,2023-10-17T10:02:00-04:00,2023-10-17T10:00:00-04:00,2023-10-17T10:01:00-04:00,2023-10-17T16:00:00-04:00,2023-10-17T16:00:00-04:00,session_close_proxy,15079.0,15240.75,15086.5,15240.75,1,-308.5,2.24,-310.74,EOD_CLOSE_PROXY,-2.6503337041156843,0.8006235619959159,0.2275711159737418,-52.0,True,
2023-10-19,MNQZ23,A,605aa9c1bee52a102446f0283839daf998adc79f20a0c2713c49ab878646f544,2,-1,2023-10-19T15:02:00-04:00,2023-10-19T15:00:00-04:00,2023-10-19T15:01:00-04:00,2023-10-19T16:00:00-04:00,2023-10-19T16:00:00-04:00,session_close_proxy,14892.75,14885.75,14902.0,14885.75,1,32.5,2.24,30.259999999999998,EOD_CLOSE_PROXY,-1.721523915461624,0.6226661867876024,0.3566958698372966,-71.25,True,
2023-10-20,MNQZ23,A,605aa9c1bee52a102446f0283839daf998adc79f20a0c2713c49ab878646f544,2,-1,2023-10-20T10:32:00-04:00,2023-10-20T10:30:00-04:00,2023-10-20T10:31:00-04:00,2023-10-20T16:00:00-04:00,2023-10-20T16:00:00-04:00,session_close_proxy,14765.25,14661.75,14757.5,14661.75,1,191.5,2.24,189.26,EOD_CLOSE_PROXY,-2.9951612903225806,0.8538370113528014,0.3920595533498759,-79.0,True,
2023-10-23,MNQZ23,A,605aa9c1bee52a102446f0283839daf998adc79f20a0c2713c49ab878646f544,2,1,2023-10-23T12:32:00-04:00,2023-10-23T12:30:00-04:00,2023-10-23T12:31:00-04:00,2023-10-23T16:00:00-04:00,2023-10-23T16:00:00-04:00,session_close_proxy,14783.5,14706.25,14781.0,14706.25,1,-149.5,2.24,-151.74,EOD_CLOSE_PROXY,0.7257508342602892,0.3635950003076251,0.19636363636363635,27.0,True,
2023-10-24,MNQZ23,A,605aa9c1bee52a102446f0283839daf998adc79f20a0c2713c49ab878646f544,2,1,2023-10-24T10:02:00-04:00,2023-10-24T10:00:00-04:00,2023-10-24T10:01:00-04:00,2023-10-24T16:00:00-04:00,2023-10-24T16:00:00-04:00,session_close_proxy,14826.75,14847.25,14827.5,14847.25,1,39.5,2.24,37.26,EOD_CLOSE_PROXY,0.04098998887652948,0.0005460719916994976,0.10402999062792877,27.75,True,
2023-10-25,MNQZ23,A,605aa9c1bee52a102446f0283839daf998adc79f20a0c2713c49ab878646f544,2,-1,2023-10-25T10:02:00-04:00,2023-10-25T10:00:00-04:00,2023-10-25T10:01:00-04:00,2023-10-25T16:00:00-04:00,2023-10-25T16:00:00-04:00,session_close_proxy,14650.25,14476.5,14620.0,14476.5,1,287.0,2.24,284.76,EOD_CLOSE_PROXY,-2.22880978865406,0.49915867449536483,0.345372460496614,-76.5,True,
2023-10-26,MNQZ23,A,605aa9c1bee52a102446f0283839daf998adc79f20a0c2713c49ab878646f544,2,-1,2023-10-26T10:02:00-04:00,2023-10-26T10:00:00-04:00,2023-10-26T10:01:00-04:00,2023-10-26T16:00:00-04:00,2023-10-26T16:00:00-04:00,session_close_proxy,14329.0,14194.25,14325.0,14194.25,1,261.5,2.24,259.26,EOD_CLOSE_PROXY,-4.189488320355951,0.8050433963711309,0.20409468969929623,-79.75,True,
2023-10-30,MNQZ23,A,605aa9c1bee52a102446f0283839daf998adc79f20a0c2713c49ab878646f544,2,1,2023-10-30T10:02:00-04:00,2023-10-30T10:00:00-04:00,2023-10-30T10:01:00-04:00,2023-10-30T16:00:00-04:00,2023-10-30T16:00:00-04:00,session_close_proxy,14450.5,14418.75,14438.0,14418.75,1,-38.5,2.24,-40.74,EOD_CLOSE_PROXY,3.6555617352614016,0.7952652612679444,0.36337488015340363,94.75,True,
2023-10-31,MNQZ23,A,605aa9c1bee52a102446f0283839daf998adc79f20a0c2713c49ab878646f544,2,-1,2023-10-31T10:02:00-04:00,2023-10-31T10:00:00-04:00,2023-10-31T10:01:00-04:00,2023-10-31T16:00:00-04:00,2023-10-31T16:00:00-04:00,session_close_proxy,14337.75,14489.25,14337.0,14489.25,1,-304.5,2.24,-306.74,EOD_CLOSE_PROXY,-1.8726362625139044,0.53420333046172,0.26706827309236947,-66.5,True,
2023-11-01,MNQZ23,A,605aa9c1bee52a102446f0283839daf998adc79f20a0c2713c49ab878646f544,2,1,2023-11-01T10:32:00-04:00,2023-11-01T10:30:00-04:00,2023-11-01T10:31:00-04:00,2023-11-01T16:00:00-04:00,2023-11-01T16:00:00-04:00,session_close_proxy,14631.0,14742.5,14631.25,14742.5,1,222.5,2.24,220.26,EOD_CLOSE_PROXY,3.286818687430478,0.7240841028576154,0.37965260545905705,76.5,True,
2023-11-03,MNQZ23,A,605aa9c1bee52a102446f0283839daf998adc79f20a0c2713c49ab878646f544,2,1,2023-11-03T10:02:00-04:00,2023-11-03T10:00:00-04:00,2023-11-03T10:01:00-04:00,2023-11-03T16:00:00-04:00,2023-11-03T16:00:00-04:00,session_close_proxy,15124.75,15174.5,15124.5,15174.5,1,100.0,2.24,97.76,EOD_CLOSE_PROXY,3.100222469410456,0.8085496056262981,0.3108535300316122,73.75,True,
2023-11-07,MNQZ23,A,605aa9c1bee52a102446f0283839daf998adc79f20a0c2713c49ab878646f544,2,1,2023-11-07T10:32:00-05:00,2023-11-07T10:30:00-05:00,2023-11-07T10:31:00-05:00,2023-11-07T16:00:00-05:00,2023-11-07T16:00:00-05:00,session_close_proxy,15338.5,15375.0,15339.5,15375.0,1,71.0,2.24,68.76,EOD_CLOSE_PROXY,0.9129032258064517,0.2644927079616457,0.1588785046728972,21.25,True,
2023-11-09,MNQZ23,A,605aa9c1bee52a102446f0283839daf998adc79f20a0c2713c49ab878646f544,2,-1,2023-11-09T15:02:00-05:00,2023-11-09T15:00:00-05:00,2023-11-09T15:01:00-05:00,2023-11-09T16:00:00-05:00,2023-11-09T16:00:00-05:00,session_close_proxy,15261.5,15258.5,15243.25,15258.5,1,-30.5,2.24,-32.74,EOD_CLOSE_PROXY,-1.614738598442714,0.6939763629493154,0.35724533715925394,-62.25,True,
2023-11-10,MNQZ23,A,605aa9c1bee52a102446f0283839daf998adc79f20a0c2713c49ab878646f544,2,1,2023-11-10T10:02:00-05:00,2023-11-10T10:00:00-05:00,2023-11-10T10:01:00-05:00,2023-11-10T16:00:00-05:00,2023-11-10T16:00:00-05:00,session_close_proxy,15375.5,15597.25,15368.5,15597.25,1,457.5,2.24,455.26,EOD_CLOSE_PROXY,2.492714126807564,0.8011407082733865,0.4729241877256318,65.5,True,
2023-11-14,MNQZ23,A,605aa9c1bee52a102446f0283839daf998adc79f20a0c2713c49ab878646f544,2,1,2023-11-14T10:02:00-05:00,2023-11-14T10:00:00-05:00,2023-11-14T10:01:00-05:00,2023-11-14T16:00:00-05:00,2023-11-14T16:00:00-05:00,session_close_proxy,15861.25,15878.75,15876.0,15878.75,1,5.5,2.24,3.26,EOD_CLOSE_PROXY,1.7119021134593992,0.7843465219120039,0.24432576769025366,45.75,True,
2023-11-20,MNQZ23,A,605aa9c1bee52a102446f0283839daf998adc79f20a0c2713c49ab878646f544,2,1,2023-11-20T10:02:00-05:00,2023-11-20T10:00:00-05:00,2023-11-20T10:01:00-05:00,2023-11-20T16:00:00-05:00,2023-11-20T16:00:00-05:00,session_close_proxy,15996.0,16088.75,15987.0,16088.75,1,203.5,2.24,201.26,EOD_CLOSE_PROXY,1.5189655172413794,0.591966465144202,0.44954128440366975,73.5,True,
2023-11-21,MNQZ23,A,605aa9c1bee52a102446f0283839daf998adc79f20a0c2713c49ab878646f544,2,-1,2023-11-21T10:32:00-05:00,2023-11-21T10:30:00-05:00,2023-11-21T10:31:00-05:00,2023-11-21T16:00:00-05:00,2023-11-21T16:00:00-05:00,session_close_proxy,15926.75,15988.75,15923.5,15988.75,1,-130.5,2.24,-132.74,EOD_CLOSE_PROXY,-2.231090100111235,0.7477893624959087,0.41846153846153844,-68.0,True,
2023-11-29,MNQZ23,A,605aa9c1bee52a102446f0283839daf998adc79f20a0c2713c49ab878646f544,2,1,2023-11-29T10:02:00-05:00,2023-11-29T10:00:00-05:00,2023-11-29T10:01:00-05:00,2023-11-29T16:00:00-05:00,2023-11-29T16:00:00-05:00,session_close_proxy,16194.5,16025.75,16198.25,16025.75,1,-345.0,2.24,-347.24,EOD_CLOSE_PROXY,0.7557285873192436,0.42830377736089503,0.3098901098901099,35.25,True,
2023-11-30,MNQZ23,A,605aa9c1bee52a102446f0283839daf998adc79f20a0c2713c49ab878646f544,2,-1,2023-11-30T10:02:00-05:00,2023-11-30T10:00:00-05:00,2023-11-30T10:01:00-05:00,2023-11-30T16:00:00-05:00,2023-11-30T16:00:00-05:00,session_close_proxy,15976.0,15980.5,15955.25,15980.5,1,-50.5,2.24,-52.74,EOD_CLOSE_PROXY,-2.4582869855394884,0.5703819829606356,0.24851367419738407,-52.25,True,
2023-12-01,MNQZ23,A,605aa9c1bee52a102446f0283839daf998adc79f20a0c2713c49ab878646f544,2,-1,2023-12-01T10:32:00-05:00,2023-12-01T10:30:00-05:00,2023-12-01T10:31:00-05:00,2023-12-01T16:00:00-05:00,2023-12-01T16:00:00-05:00,session_close_proxy,15880.75,16025.25,15867.75,16025.25,1,-315.0,2.24,-317.24,EOD_CLOSE_PROXY,-2.0985539488320355,0.7885167085087893,0.1828499369482976,-36.25,True,
2023-12-04,MNQZ23,A,605aa9c1bee52a102446f0283839daf998adc79f20a0c2713c49ab878646f544,2,-1,2023-12-04T10:32:00-05:00,2023-12-04T10:30:00-05:00,2023-12-04T10:31:00-05:00,2023-12-04T16:00:00-05:00,2023-12-04T16:00:00-05:00,session_close_proxy,15753.0,15871.25,15754.25,15871.25,1,-234.0,2.24,-236.24,EOD_CLOSE_PROXY,-3.8597886540600665,0.8612501852476849,0.5144827586206897,-93.25,True,
2023-12-05,MNQZ23,A,605aa9c1bee52a102446f0283839daf998adc79f20a0c2713c49ab878646f544,2,1,2023-12-05T11:02:00-05:00,2023-12-05T11:00:00-05:00,2023-12-05T11:01:00-05:00,2023-12-05T16:00:00-05:00,2023-12-05T16:00:00-05:00,session_close_proxy,15951.5,15912.0,15951.25,15912.0,1,-78.5,2.24,-80.74,EOD_CLOSE_PROXY,2.2657397107897665,0.895490269490898,0.31152204836415365,54.75,True,
2023-12-06,MNQZ23,A,605aa9c1bee52a102446f0283839daf998adc79f20a0c2713c49ab878646f544,2,-1,2023-12-06T15:32:00-05:00,2023-12-06T15:30:00-05:00,2023-12-06T15:31:00-05:00,2023-12-06T16:00:00-05:00,2023-12-06T16:00:00-05:00,session_close_proxy,15827.25,15814.75,15826.5,15814.75,1,23.5,2.24,21.259999999999998,EOD_CLOSE_PROXY,-1.6977196885428254,0.9396009818439731,0.4385026737967914,-41.0,True,
2023-12-07,MNQZ23,A,605aa9c1bee52a102446f0283839daf998adc79f20a0c2713c49ab878646f544,2,1,2023-12-07T11:02:00-05:00,2023-12-07T11:00:00-05:00,2023-12-07T11:01:00-05:00,2023-12-07T16:00:00-05:00,2023-12-07T16:00:00-05:00,session_close_proxy,15997.0,16035.25,15998.25,16035.25,1,74.0,2.24,71.76,EOD_CLOSE_PROXY,-0.022803114571746386,0.0013802522992819198,0.014613778705636743,1.75,True,
2023-12-08,MNQZ23,A,605aa9c1bee52a102446f0283839daf998adc79f20a0c2713c49ab878646f544,2,1,2023-12-08T10:32:00-05:00,2023-12-08T10:30:00-05:00,2023-12-08T10:31:00-05:00,2023-12-08T16:00:00-05:00,2023-12-08T16:00:00-05:00,session_close_proxy,16097.75,16098.5,16092.25,16098.5,1,12.5,2.24,10.26,EOD_CLOSE_PROXY,2.6265850945494993,0.7733052276916298,0.3333333333333333,66.25,True,
2023-12-11,MNQZ23,A,605aa9c1bee52a102446f0283839daf998adc79f20a0c2713c49ab878646f544,2,1,2023-12-11T10:02:00-05:00,2023-12-11T10:00:00-05:00,2023-12-11T10:01:00-05:00,2023-12-11T16:00:00-05:00,2023-12-11T16:00:00-05:00,session_close_proxy,16160.0,16234.25,16164.5,16234.25,1,139.5,2.24,137.26,EOD_CLOSE_PROXY,2.1773637374860955,0.6862718805110053,0.3105990783410138,84.25,True,
2023-12-12,MNQZ23,A,605aa9c1bee52a102446f0283839daf998adc79f20a0c2713c49ab878646f544,2,1,2023-12-12T15:02:00-05:00,2023-12-12T15:00:00-05:00,2023-12-12T15:01:00-05:00,2023-12-12T16:00:00-05:00,2023-12-12T16:00:00-05:00,session_close_proxy,16336.0,16365.0,16335.0,16365.0,1,60.0,2.24,57.76,EOD_CLOSE_PROXY,0.5417686318131257,0.912489573900099,0.28421052631578947,13.5,True,
2023-12-13,MNQZ23,A,605aa9c1bee52a102446f0283839daf998adc79f20a0c2713c49ab878646f544,2,1,2023-12-13T15:02:00-05:00,2023-12-13T15:00:00-05:00,2023-12-13T15:01:00-05:00,2023-12-13T16:00:00-05:00,2023-12-13T16:00:00-05:00,session_close_proxy,16558.25,16566.5,16566.75,16566.5,1,-0.5,2.24,-2.74,EOD_CLOSE_PROXY,2.6484427141268077,0.7094797915863907,0.29535864978902954,70.0,True,
2023-12-14,MNQZ23,A,605aa9c1bee52a102446f0283839daf998adc79f20a0c2713c49ab878646f544,2,-1,2023-12-14T13:32:00-05:00,2023-12-14T13:30:00-05:00,2023-12-14T13:31:00-05:00,2023-12-14T16:00:00-05:00,2023-12-14T16:00:00-05:00,session_close_proxy,16475.0,16544.75,16479.75,16544.75,1,-130.0,2.24,-132.24,EOD_CLOSE_PROXY,-0.8421023359288098,0.6621402236842834,0.2025586353944563,-23.75,True,
2023-12-18,MNQH24,A,605aa9c1bee52a102446f0283839daf998adc79f20a0c2713c49ab878646f544,2,1,2023-12-18T12:32:00-05:00,2023-12-18T12:30:00-05:00,2023-12-18T12:31:00-05:00,2023-12-18T16:00:00-05:00,2023-12-18T16:00:00-05:00,session_close_proxy,16928.25,16938.25,16933.75,16938.25,1,9.0,2.24,6.76,EOD_CLOSE_PROXY,0.7895439377085651,0.583022051939223,0.2727272727272727,19.5,True,
2023-12-20,MNQH24,A,605aa9c1bee52a102446f0283839daf998adc79f20a0c2713c49ab878646f544,2,-1,2023-12-20T15:02:00-05:00,2023-12-20T15:00:00-05:00,2023-12-20T15:01:00-05:00,2023-12-20T16:00:00-05:00,2023-12-20T16:00:00-05:00,session_close_proxy,16841.75,16764.0,16844.5,16764.0,1,161.0,2.24,158.76,EOD_CLOSE_PROXY,-5.675639599555061,0.9373677669209299,0.5798764342453663,-164.25,True,
2023-12-29,MNQH24,A,605aa9c1bee52a102446f0283839daf998adc79f20a0c2713c49ab878646f544,2,-1,2023-12-29T11:02:00-05:00,2023-12-29T11:00:00-05:00,2023-12-29T11:01:00-05:00,2023-12-29T16:00:00-05:00,2023-12-29T16:00:00-05:00,session_close_proxy,17019.75,17018.75,17022.5,17018.75,1,7.5,2.24,5.26,EOD_CLOSE_PROXY,-2.97230255839822,0.8316083771693905,0.4398782343987823,-72.25,True,
2024-01-05,MNQH24,A,605aa9c1bee52a102446f0283839daf998adc79f20a0c2713c49ab878646f544,2,1,2024-01-05T10:02:00-05:00,2024-01-05T10:00:00-05:00,2024-01-05T10:01:00-05:00,2024-01-05T16:00:00-05:00,2024-01-05T16:00:00-05:00,session_close_proxy,16479.0,16463.75,16500.0,16463.75,1,-72.5,2.24,-74.74,EOD_CLOSE_PROXY,0.5717463848720801,0.21334956113793824,0.14796747967479676,22.75,True,
2024-01-08,MNQH24,A,605aa9c1bee52a102446f0283839daf998adc79f20a0c2713c49ab878646f544,2,1,2024-01-08T10:02:00-05:00,2024-01-08T10:00:00-05:00,2024-01-08T10:01:00-05:00,2024-01-08T16:00:00-05:00,2024-01-08T16:00:00-05:00,session_close_proxy,16628.5,16801.5,16622.75,16801.5,1,357.5,2.24,355.26,EOD_CLOSE_PROXY,2.603615127919911,0.8782454478058629,0.5719844357976653,110.25,True,
2024-01-10,MNQH24,A,605aa9c1bee52a102446f0283839daf998adc79f20a0c2713c49ab878646f544,2,1,2024-01-10T11:02:00-05:00,2024-01-10T11:00:00-05:00,2024-01-10T11:01:00-05:00,2024-01-10T16:00:00-05:00,2024-01-10T16:00:00-05:00,session_close_proxy,16892.25,16941.25,16894.5,16941.25,1,93.5,2.24,91.26,EOD_CLOSE_PROXY,1.139377085650723,0.7466835814314186,0.2995169082125604,31.0,True,
2024-01-11,MNQH24,A,605aa9c1bee52a102446f0283839daf998adc79f20a0c2713c49ab878646f544,2,-1,2024-01-11T10:32:00-05:00,2024-01-11T10:30:00-05:00,2024-01-11T10:31:00-05:00,2024-01-11T16:00:00-05:00,2024-01-11T16:00:00-05:00,session_close_proxy,16891.25,16965.25,16908.25,16965.25,1,-114.0,2.24,-116.24,EOD_CLOSE_PROXY,-0.44760845383759734,0.017480960639590627,0.1692047377326565,-50.0,True,
2024-01-17,MNQH24,A,605aa9c1bee52a102446f0283839daf998adc79f20a0c2713c49ab878646f544,2,-1,2024-01-17T10:02:00-05:00,2024-01-17T10:00:00-05:00,2024-01-17T10:01:00-05:00,2024-01-17T16:00:00-05:00,2024-01-17T16:00:00-05:00,session_close_proxy,16706.75,16868.75,16690.5,16868.75,1,-356.5,2.24,-358.74,EOD_CLOSE_PROXY,-3.0625139043381533,0.8547081791444725,0.5276836158192091,-116.75,True,
2024-01-18,MNQH24,A,605aa9c1bee52a102446f0283839daf998adc79f20a0c2713c49ab878646f544,2,1,2024-01-18T11:32:00-05:00,2024-01-18T11:30:00-05:00,2024-01-18T11:31:00-05:00,2024-01-18T16:00:00-05:00,2024-01-18T16:00:00-05:00,session_close_proxy,17085.5,17109.0,17091.25,17109.0,1,35.5,2.24,33.26,EOD_CLOSE_PROXY,1.864182424916574,0.9116149166301665,0.3464566929133858,44.0,True,
2024-01-19,MNQH24,A,605aa9c1bee52a102446f0283839daf998adc79f20a0c2713c49ab878646f544,2,1,2024-01-19T12:32:00-05:00,2024-01-19T12:30:00-05:00,2024-01-19T12:31:00-05:00,2024-01-19T16:00:00-05:00,2024-01-19T16:00:00-05:00,session_close_proxy,17288.25,17441.75,17285.5,17441.75,1,312.5,2.24,310.26,EOD_CLOSE_PROXY,0.7521134593993326,0.35359152254291065,0.1969111969111969,25.5,True,
2024-01-24,MNQH24,A,605aa9c1bee52a102446f0283839daf998adc79f20a0c2713c49ab878646f544,2,1,2024-01-24T13:02:00-05:00,2024-01-24T13:00:00-05:00,2024-01-24T13:01:00-05:00,2024-01-24T16:00:00-05:00,2024-01-24T16:00:00-05:00,session_close_proxy,17784.75,17624.5,17775.75,17624.5,1,-302.5,2.24,-304.74,EOD_CLOSE_PROXY,0.49972191323692994,0.4897105971704934,0.1958762886597938,14.25,True,
2024-01-29,MNQH24,A,605aa9c1bee52a102446f0283839daf998adc79f20a0c2713c49ab878646f544,2,1,2024-01-29T15:32:00-05:00,2024-01-29T15:30:00-05:00,2024-01-29T15:31:00-05:00,2024-01-29T16:00:00-05:00,2024-01-29T16:00:00-05:00,session_close_proxy,17704.5,17707.75,17711.25,17707.75,1,-7.0,2.24,-9.24,EOD_CLOSE_PROXY,1.9526696329254727,0.8994327485863761,0.3701067615658363,52.0,True,
2024-01-30,MNQH24,A,605aa9c1bee52a102446f0283839daf998adc79f20a0c2713c49ab878646f544,2,-1,2024-01-30T13:02:00-05:00,2024-01-30T13:00:00-05:00,2024-01-30T13:01:00-05:00,2024-01-30T16:00:00-05:00,2024-01-30T16:00:00-05:00,session_close_proxy,17573.5,17583.75,17566.5,17583.75,1,-34.5,2.24,-36.74,EOD_CLOSE_PROXY,-0.10595105672969966,0.03817255778333323,0.08260869565217391,-9.5,True,
2024-01-31,MNQH24,A,605aa9c1bee52a102446f0283839daf998adc79f20a0c2713c49ab878646f544,2,-1,2024-01-31T10:02:00-05:00,2024-01-31T10:00:00-05:00,2024-01-31T10:01:00-05:00,2024-01-31T16:00:00-05:00,2024-01-31T16:00:00-05:00,session_close_proxy,17369.5,17238.25,17372.25,17238.25,1,268.0,2.24,265.76,EOD_CLOSE_PROXY,-1.1203559510567298,0.34871767964113415,0.10940919037199125,-25.0,True,
2024-02-01,MNQH24,A,605aa9c1bee52a102446f0283839daf998adc79f20a0c2713c49ab878646f544,2,1,2024-02-01T10:32:00-05:00,2024-02-01T10:30:00-05:00,2024-02-01T10:31:00-05:00,2024-02-01T16:00:00-05:00,2024-02-01T16:00:00-05:00,session_close_proxy,17368.25,17440.0,17366.0,17440.0,1,148.0,2.24,145.76,EOD_CLOSE_PROXY,1.5901557285873194,0.4067903379190359,0.39644970414201186,83.75,True,
2024-02-02,MNQH24,A,605aa9c1bee52a102446f0283839daf998adc79f20a0c2713c49ab878646f544,2,1,2024-02-02T10:02:00-05:00,2024-02-02T10:00:00-05:00,2024-02-02T10:01:00-05:00,2024-02-02T16:00:00-05:00,2024-02-02T16:00:00-05:00,session_close_proxy,17589.75,17729.5,17608.0,17729.5,1,243.0,2.24,240.76,EOD_CLOSE_PROXY,3.4742491657397108,0.6654712114680699,0.31521739130434784,87.0,True,
2024-02-05,MNQH24,A,605aa9c1bee52a102446f0283839daf998adc79f20a0c2713c49ab878646f544,2,-1,2024-02-05T10:32:00-05:00,2024-02-05T10:30:00-05:00,2024-02-05T10:31:00-05:00,2024-02-05T16:00:00-05:00,2024-02-05T16:00:00-05:00,session_close_proxy,17626.25,17697.0,17625.25,17697.0,1,-143.5,2.24,-145.74,EOD_CLOSE_PROXY,-2.4378197997775306,0.7684338477061011,0.2641509433962264,-56.0,True,
2024-02-06,MNQH24,A,605aa9c1bee52a102446f0283839daf998adc79f20a0c2713c49ab878646f544,2,-1,2024-02-06T10:02:00-05:00,2024-02-06T10:00:00-05:00,2024-02-06T10:01:00-05:00,2024-02-06T16:00:00-05:00,2024-02-06T16:00:00-05:00,session_close_proxy,17654.25,17661.75,17647.0,17661.75,1,-29.5,2.24,-31.740000000000002,EOD_CLOSE_PROXY,-2.9100111234705226,0.8168212353380516,0.5564005069708492,-109.75,True,
2024-02-07,MNQH24,A,605aa9c1bee52a102446f0283839daf998adc79f20a0c2713c49ab878646f544,2,1,2024-02-07T10:32:00-05:00,2024-02-07T10:30:00-05:00,2024-02-07T10:31:00-05:00,2024-02-07T16:00:00-05:00,2024-02-07T16:00:00-05:00,session_close_proxy,17865.25,17841.25,17857.5,17841.25,1,-32.5,2.24,-34.74,EOD_CLOSE_PROXY,4.67630700778643,0.9198774504313827,0.6078431372549019,116.25,True,
2024-02-09,MNQH24,A,605aa9c1bee52a102446f0283839daf998adc79f20a0c2713c49ab878646f544,2,1,2024-02-09T10:02:00-05:00,2024-02-09T10:00:00-05:00,2024-02-09T10:01:00-05:00,2024-02-09T16:00:00-05:00,2024-02-09T16:00:00-05:00,session_close_proxy,17940.25,18039.0,17942.0,18039.0,1,194.0,2.24,191.76,EOD_CLOSE_PROXY,1.3379866518353727,0.6096761706937769,0.30179445350734097,46.25,True,
2024-02-12,MNQH24,A,605aa9c1bee52a102446f0283839daf998adc79f20a0c2713c49ab878646f544,2,1,2024-02-12T11:32:00-05:00,2024-02-12T11:30:00-05:00,2024-02-12T11:31:00-05:00,2024-02-12T16:00:00-05:00,2024-02-12T16:00:00-05:00,session_close_proxy,18094.0,17963.25,18093.25,17963.25,1,-260.0,2.24,-262.24,EOD_CLOSE_PROXY,0.7793659621802003,0.6259501739810316,0.24307692307692308,19.75,True,
2024-02-15,MNQH24,A,605aa9c1bee52a102446f0283839daf998adc79f20a0c2713c49ab878646f544,2,-1,2024-02-15T10:02:00-05:00,2024-02-15T10:00:00-05:00,2024-02-15T10:01:00-05:00,2024-02-15T16:00:00-05:00,2024-02-15T16:00:00-05:00,session_close_proxy,17817.0,17914.0,17821.75,17914.0,1,-184.5,2.24,-186.74,EOD_CLOSE_PROXY,-2.1738042269187985,0.7870711619612496,0.375,-78.0,True,
2024-02-16,MNQH24,A,605aa9c1bee52a102446f0283839daf998adc79f20a0c2713c49ab878646f544,2,-1,2024-02-16T10:02:00-05:00,2024-02-16T10:00:00-05:00,2024-02-16T10:01:00-05:00,2024-02-16T16:00:00-05:00,2024-02-16T16:00:00-05:00,session_close_proxy,17777.0,17746.75,17753.0,17746.75,1,12.5,2.24,10.26,EOD_CLOSE_PROXY,-5.453670745272525,0.8236958435998597,0.44277821625887925,-140.25,True,
2024-02-21,MNQH24,A,605aa9c1bee52a102446f0283839daf998adc79f20a0c2713c49ab878646f544,2,-1,2024-02-21T14:32:00-05:00,2024-02-21T14:30:00-05:00,2024-02-21T14:31:00-05:00,2024-02-21T16:00:00-05:00,2024-02-21T16:00:00-05:00,session_close_proxy,17411.0,17536.75,17414.75,17536.75,1,-244.0,2.24,-246.24,EOD_CLOSE_PROXY,-1.7951612903225806,0.43811309459887454,0.13221153846153846,-27.5,True,
2024-02-22,MNQH24,A,605aa9c1bee52a102446f0283839daf998adc79f20a0c2713c49ab878646f544,2,1,2024-02-22T12:32:00-05:00,2024-02-22T12:30:00-05:00,2024-02-22T12:31:00-05:00,2024-02-22T16:00:00-05:00,2024-02-22T16:00:00-05:00,session_close_proxy,17988.5,18044.75,17994.0,18044.75,1,101.5,2.24,99.26,EOD_CLOSE_PROXY,1.2654060066740822,0.8136653414332217,0.47733333333333333,44.75,True,
2024-03-01,MNQH24,A,605aa9c1bee52a102446f0283839daf998adc79f20a0c2713c49ab878646f544,2,1,2024-03-01T10:02:00-05:00,2024-03-01T10:00:00-05:00,2024-03-01T10:01:00-05:00,2024-03-01T16:00:00-05:00,2024-03-01T16:00:00-05:00,session_close_proxy,18134.0,18334.75,18147.75,18334.75,1,374.0,2.24,371.76,EOD_CLOSE_PROXY,-0.1934927697441602,0.0472676427155832,0.12857142857142856,22.5,True,
2024-03-05,MNQH24,A,605aa9c1bee52a102446f0283839daf998adc79f20a0c2713c49ab878646f544,2,-1,2024-03-05T10:02:00-05:00,2024-03-05T10:00:00-05:00,2024-03-05T10:01:00-05:00,2024-03-05T16:00:00-05:00,2024-03-05T16:00:00-05:00,session_close_proxy,18041.5,17931.75,18064.25,17931.75,1,265.0,2.24,262.76,EOD_CLOSE_PROXY,-2.3992769744160176,0.7612403299857053,0.3840985442329227,-85.75,True,
2024-03-07,MNQH24,A,605aa9c1bee52a102446f0283839daf998adc79f20a0c2713c49ab878646f544,2,1,2024-03-07T11:02:00-05:00,2024-03-07T11:00:00-05:00,2024-03-07T11:01:00-05:00,2024-03-07T16:00:00-05:00,2024-03-07T16:00:00-05:00,session_close_proxy,18250.5,18308.75,18246.75,18308.75,1,124.0,2.24,121.76,EOD_CLOSE_PROXY,0.7985539488320356,0.24088283634177568,0.21397379912663755,24.5,True,
2024-03-08,MNQH24,A,605aa9c1bee52a102446f0283839daf998adc79f20a0c2713c49ab878646f544,2,1,2024-03-08T10:02:00-05:00,2024-03-08T10:00:00-05:00,2024-03-08T10:01:00-05:00,2024-03-08T11:32:00-05:00,2024-03-08T11:31:00-05:00,bar_open,18387.25,18198.5,18386.75,18189.0,1,-395.5,2.24,-397.74,REVERSAL,2.7230255839822024,0.7395957495689661,0.30089374379344586,75.75,True,
2024-03-08,MNQH24,A,605aa9c1bee52a102446f0283839daf998adc79f20a0c2713c49ab878646f544,2,-1,2024-03-08T11:32:00-05:00,2024-03-08T11:30:00-05:00,2024-03-08T11:31:00-05:00,2024-03-08T16:00:00-05:00,2024-03-08T16:00:00-05:00,session_close_proxy,18198.5,18040.75,18189.0,18040.75,1,296.5,2.24,294.26,EOD_CLOSE_PROXY,-4.405339265850945,0.8701031705704391,0.46835443037974683,-166.5,True,
2024-03-11,MNQH24,A,605aa9c1bee52a102446f0283839daf998adc79f20a0c2713c49ab878646f544,2,-1,2024-03-11T10:02:00-04:00,2024-03-11T10:00:00-04:00,2024-03-11T10:01:00-04:00,2024-03-11T16:00:00-04:00,2024-03-11T16:00:00-04:00,session_close_proxy,17899.25,17970.5,17910.75,17970.5,1,-119.5,2.24,-121.74,EOD_CLOSE_PROXY,-0.7062291434927698,0.05292413124347094,0.24084507042253522,-85.5,True,
2024-03-12,MNQH24,A,605aa9c1bee52a102446f0283839daf998adc79f20a0c2713c49ab878646f544,2,1,2024-03-12T11:02:00-04:00,2024-03-12T11:00:00-04:00,2024-03-12T11:01:00-04:00,2024-03-12T16:00:00-04:00,2024-03-12T16:00:00-04:00,session_close_proxy,18171.0,18226.75,18167.25,18226.75,1,119.0,2.24,116.76,EOD_CLOSE_PROXY,1.2989432703003336,0.6206579666348957,0.15503875968992248,30.0,True,
2024-03-13,MNQH24,A,605aa9c1bee52a102446f0283839daf998adc79f20a0c2713c49ab878646f544,2,-1,2024-03-13T10:02:00-04:00,2024-03-13T10:00:00-04:00,2024-03-13T10:01:00-04:00,2024-03-13T16:00:00-04:00,2024-03-13T16:00:00-04:00,session_close_proxy,18092.75,18079.75,18077.0,18079.75,1,-5.5,2.24,-7.74,EOD_CLOSE_PROXY,-2.3461067853170188,0.8725168728689852,0.4108983799705449,-69.75,True,
2024-03-14,MNQH24,A,605aa9c1bee52a102446f0283839daf998adc79f20a0c2713c49ab878646f544,2,-1,2024-03-14T10:02:00-04:00,2024-03-14T10:00:00-04:00,2024-03-14T10:01:00-04:00,2024-03-14T16:00:00-04:00,2024-03-14T16:00:00-04:00,session_close_proxy,17992.25,18030.0,17966.0,18030.0,1,-128.0,2.24,-130.24,EOD_CLOSE_PROXY,-5.549555061179088,0.7182996763555568,0.36500395882818687,-115.25,True,
2024-03-18,MNQM24,A,605aa9c1bee52a102446f0283839daf998adc79f20a0c2713c49ab878646f544,2,1,2024-03-18T10:32:00-04:00,2024-03-18T10:30:00-04:00,2024-03-18T10:31:00-04:00,2024-03-18T16:00:00-04:00,2024-03-18T16:00:00-04:00,session_close_proxy,18372.25,18229.25,18369.5,18229.25,1,-280.5,2.24,-282.74,EOD_CLOSE_PROXY,2.595773081201335,0.8486863595440933,0.4733893557422969,84.5,True,
2024-03-19,MNQM24,A,605aa9c1bee52a102446f0283839daf998adc79f20a0c2713c49ab878646f544,2,-1,2024-03-19T10:02:00-04:00,2024-03-19T10:00:00-04:00,2024-03-19T10:01:00-04:00,2024-03-19T16:00:00-04:00,2024-03-19T16:00:00-04:00,session_close_proxy,18090.25,18270.0,18099.25,18270.0,1,-341.5,2.24,-343.74,EOD_CLOSE_PROXY,-1.2338153503893214,0.22839471542229173,0.18210197710718,-43.75,True,
2024-03-20,MNQM24,A,605aa9c1bee52a102446f0283839daf998adc79f20a0c2713c49ab878646f544,2,1,2024-03-20T15:32:00-04:00,2024-03-20T15:30:00-04:00,2024-03-20T15:31:00-04:00,2024-03-20T16:00:00-04:00,2024-03-20T16:00:00-04:00,session_close_proxy,18486.25,18484.5,18491.0,18484.5,1,-13.0,2.24,-15.24,EOD_CLOSE_PROXY,1.6924916573971078,0.5552515070206766,0.2214765100671141,57.75,True,
2024-04-02,MNQM24,A,605aa9c1bee52a102446f0283839daf998adc79f20a0c2713c49ab878646f544,2,-1,2024-04-02T11:02:00-04:00,2024-04-02T11:00:00-04:00,2024-04-02T11:01:00-04:00,2024-04-02T16:00:00-04:00,2024-04-02T16:00:00-04:00,session_close_proxy,18216.25,18330.75,18222.25,18330.75,1,-217.0,2.24,-219.24,EOD_CLOSE_PROXY,-0.9544493882091213,0.6058223530448079,0.16317991631799164,-19.5,True,
2024-04-03,MNQM24,A,605aa9c1bee52a102446f0283839daf998adc79f20a0c2713c49ab878646f544,2,1,2024-04-03T10:32:00-04:00,2024-04-03T10:30:00-04:00,2024-04-03T10:31:00-04:00,2024-04-03T16:00:00-04:00,2024-04-03T16:00:00-04:00,session_close_proxy,18409.5,18370.75,18416.5,18370.75,1,-91.5,2.24,-93.74,EOD_CLOSE_PROXY,2.8649054505005562,0.8718749195293579,0.4837837837837838,89.5,True,
2024-04-04,MNQM24,A,605aa9c1bee52a102446f0283839daf998adc79f20a0c2713c49ab878646f544,2,-1,2024-04-04T15:02:00-04:00,2024-04-04T15:00:00-04:00,2024-04-04T15:01:00-04:00,2024-04-04T16:00:00-04:00,2024-04-04T16:00:00-04:00,session_close_proxy,18226.0,18075.75,18188.25,18075.75,1,225.0,2.24,222.76,EOD_CLOSE_PROXY,-2.5899888765294774,0.6392955257605217,0.16968477531857815,-63.25,True,
2024-04-05,MNQM24,A,605aa9c1bee52a102446f0283839daf998adc79f20a0c2713c49ab878646f544,2,1,2024-04-05T10:02:00-04:00,2024-04-05T10:00:00-04:00,2024-04-05T10:01:00-04:00,2024-04-05T16:00:00-04:00,2024-04-05T16:00:00-04:00,session_close_proxy,18206.0,18293.25,18206.5,18293.25,1,173.5,2.24,171.26,EOD_CLOSE_PROXY,3.56412680756396,0.7474830553578486,0.24733268671193018,63.75,True,
2024-04-09,MNQM24,A,605aa9c1bee52a102446f0283839daf998adc79f20a0c2713c49ab878646f544,2,-1,2024-04-09T11:02:00-04:00,2024-04-09T11:00:00-04:00,2024-04-09T11:01:00-04:00,2024-04-09T16:00:00-04:00,2024-04-09T16:00:00-04:00,session_close_proxy,18216.5,18362.25,18216.25,18362.25,1,-292.0,2.24,-294.24,EOD_CLOSE_PROXY,-2.4670745272525028,0.6223337850679377,0.10433979686057249,-28.25,True,
2024-04-11,MNQM24,A,605aa9c1bee52a102446f0283839daf998adc79f20a0c2713c49ab878646f544,2,1,2024-04-11T13:32:00-04:00,2024-04-11T13:30:00-04:00,2024-04-11T13:31:00-04:00,2024-04-11T16:00:00-04:00,2024-04-11T16:00:00-04:00,session_close_proxy,18412.25,18481.75,18418.25,18481.75,1,127.0,2.24,124.76,EOD_CLOSE_PROXY,3.5172413793103448,0.846023906148227,0.5376756066411239,105.25,True,
2024-04-12,MNQM24,A,605aa9c1bee52a102446f0283839daf998adc79f20a0c2713c49ab878646f544,2,-1,2024-04-12T11:02:00-04:00,2024-04-12T11:00:00-04:00,2024-04-12T11:01:00-04:00,2024-04-12T16:00:00-04:00,2024-04-12T16:00:00-04:00,session_close_proxy,18198.5,18180.75,18208.5,18180.75,1,55.5,2.24,53.26,EOD_CLOSE_PROXY,-2.35706340378198,0.7742348417304526,0.5863309352517986,-81.5,True,
2024-04-15,MNQM24,A,605aa9c1bee52a102446f0283839daf998adc79f20a0c2713c49ab878646f544,2,-1,2024-04-15T13:32:00-04:00,2024-04-15T13:30:00-04:00,2024-04-15T13:31:00-04:00,2024-04-15T16:00:00-04:00,2024-04-15T16:00:00-04:00,session_close_proxy,17951.0,17876.25,17915.75,17876.25,1,79.0,2.24,76.76,EOD_CLOSE_PROXY,-5.5622914349276975,0.7981934760430928,0.6226012793176973,-146.0,True,
2024-04-17,MNQM24,A,605aa9c1bee52a102446f0283839daf998adc79f20a0c2713c49ab878646f544,2,-1,2024-04-17T11:32:00-04:00,2024-04-17T11:30:00-04:00,2024-04-17T11:31:00-04:00,2024-04-17T16:00:00-04:00,2024-04-17T16:00:00-04:00,session_close_proxy,17767.0,17654.5,17747.5,17654.5,1,186.0,2.24,183.76,EOD_CLOSE_PROXY,-2.0657397107897664,0.8091147046945995,0.2337962962962963,-50.5,True,
2024-04-18,MNQM24,A,605aa9c1bee52a102446f0283839daf998adc79f20a0c2713c49ab878646f544,2,-1,2024-04-18T10:02:00-04:00,2024-04-18T10:00:00-04:00,2024-04-18T10:01:00-04:00,2024-04-18T16:00:00-04:00,2024-04-18T16:00:00-04:00,session_close_proxy,17610.5,17545.0,17601.75,17545.0,1,113.5,2.24,111.26,EOD_CLOSE_PROXY,-0.22091212458286985,0.00643006185462654,0.22586359610274578,-63.75,True,
2024-04-19,MNQM24,A,605aa9c1bee52a102446f0283839daf998adc79f20a0c2713c49ab878646f544,2,-1,2024-04-19T10:02:00-04:00,2024-04-19T10:00:00-04:00,2024-04-19T10:01:00-04:00,2024-04-19T16:00:00-04:00,2024-04-19T16:00:00-04:00,session_close_proxy,17454.75,17182.25,17459.5,17182.25,1,554.5,2.24,552.26,EOD_CLOSE_PROXY,-0.15978865406006673,0.006130145492614904,0.05325443786982249,-15.75,True,
2024-04-23,MNQM24,A,605aa9c1bee52a102446f0283839daf998adc79f20a0c2713c49ab878646f544,2,1,2024-04-23T10:02:00-04:00,2024-04-23T10:00:00-04:00,2024-04-23T10:01:00-04:00,2024-04-23T16:00:00-04:00,2024-04-23T16:00:00-04:00,session_close_proxy,17500.5,17608.0,17495.25,17608.0,1,225.5,2.24,223.26,EOD_CLOSE_PROXY,2.72880978865406,0.6835785023175769,0.2309899569583931,80.5,True,
2024-04-26,MNQM24,A,605aa9c1bee52a102446f0283839daf998adc79f20a0c2713c49ab878646f544,2,1,2024-04-26T10:02:00-04:00,2024-04-26T10:00:00-04:00,2024-04-26T10:01:00-04:00,2024-04-26T16:00:00-04:00,2024-04-26T16:00:00-04:00,session_close_proxy,17787.0,17839.25,17794.5,17839.25,1,89.5,2.24,87.26,EOD_CLOSE_PROXY,3.5705784204671858,0.812845398749258,0.2714285714285714,95.0,True,
2024-04-30,MNQM24,A,605aa9c1bee52a102446f0283839daf998adc79f20a0c2713c49ab878646f544,2,-1,2024-04-30T13:02:00-04:00,2024-04-30T13:00:00-04:00,2024-04-30T13:01:00-04:00,2024-04-30T16:00:00-04:00,2024-04-30T16:00:00-04:00,session_close_proxy,17704.5,17564.25,17694.25,17564.25,1,260.0,2.24,257.76,EOD_CLOSE_PROXY,-1.460344827586207,0.5334596997562001,0.3141831238779174,-43.75,True,
2024-05-01,MNQM24,A,605aa9c1bee52a102446f0283839daf998adc79f20a0c2713c49ab878646f544,2,1,2024-05-01T15:02:00-04:00,2024-05-01T15:00:00-04:00,2024-05-01T15:01:00-04:00,2024-05-01T15:53:00-04:00,,intrabar_unknown_within_event_minute,17751.0,17501.0,17775.75,17501.0,1,-549.5,2.24,-551.74,CAT_STOP,8.612680756395996,0.8627222880893527,0.3770803613884926,198.25,True,
2024-05-10,MNQM24,A,605aa9c1bee52a102446f0283839daf998adc79f20a0c2713c49ab878646f544,2,1,2024-05-10T10:02:00-04:00,2024-05-10T10:00:00-04:00,2024-05-10T10:01:00-04:00,2024-05-10T16:00:00-04:00,2024-05-10T16:00:00-04:00,session_close_proxy,18328.75,18254.0,18307.75,18254.0,1,-107.5,2.24,-109.74,EOD_CLOSE_PROXY,1.7278086763070077,0.6692452864508748,0.4037626628075253,69.75,True,
2024-05-14,MNQM24,A,605aa9c1bee52a102446f0283839daf998adc79f20a0c2713c49ab878646f544,2,1,2024-05-14T10:32:00-04:00,2024-05-14T10:30:00-04:00,2024-05-14T10:31:00-04:00,2024-05-14T16:00:00-04:00,2024-05-14T16:00:00-04:00,session_close_proxy,18364.25,18411.25,18369.5,18411.25,1,83.5,2.24,81.26,EOD_CLOSE_PROXY,2.3300889877641824,0.6111913061403044,0.43567251461988304,74.5,True,
2024-05-15,MNQM24,A,605aa9c1bee52a102446f0283839daf998adc79f20a0c2713c49ab878646f544,2,1,2024-05-15T11:02:00-04:00,2024-05-15T11:00:00-04:00,2024-05-15T11:01:00-04:00,2024-05-15T16:00:00-04:00,2024-05-15T16:00:00-04:00,session_close_proxy,18571.5,18693.25,18580.75,18693.25,1,225.0,2.24,222.76,EOD_CLOSE_PROXY,0.9338153503893215,0.6295780422523932,0.4294117647058823,36.5,True,
2024-05-16,MNQM24,A,605aa9c1bee52a102446f0283839daf998adc79f20a0c2713c49ab878646f544,2,1,2024-05-16T11:02:00-04:00,2024-05-16T11:00:00-04:00,2024-05-16T11:01:00-04:00,2024-05-16T16:00:00-04:00,2024-05-16T16:00:00-04:00,session_close_proxy,18748.25,18650.75,18753.25,18650.75,1,-205.0,2.24,-207.24,EOD_CLOSE_PROXY,0.992992213570634,0.8331503014391158,0.4022140221402214,27.25,True,
2024-05-17,MNQM24,A,605aa9c1bee52a102446f0283839daf998adc79f20a0c2713c49ab878646f544,2,-1,2024-05-17T14:32:00-04:00,2024-05-17T14:30:00-04:00,2024-05-17T14:31:00-04:00,2024-05-17T16:00:00-04:00,2024-05-17T16:00:00-04:00,session_close_proxy,18571.0,18638.5,18580.25,18638.5,1,-116.5,2.24,-118.74,EOD_CLOSE_PROXY,-1.6328142380422692,0.7881160490057331,0.3025210084033613,-36.0,True,
2024-05-20,MNQM24,A,605aa9c1bee52a102446f0283839daf998adc79f20a0c2713c49ab878646f544,2,1,2024-05-20T10:02:00-04:00,2024-05-20T10:00:00-04:00,2024-05-20T10:01:00-04:00,2024-05-20T16:00:00-04:00,2024-05-20T16:00:00-04:00,session_close_proxy,18749.5,18766.25,18743.0,18766.25,1,46.5,2.24,44.26,EOD_CLOSE_PROXY,2.8911012235817575,0.8595458075104518,0.6136363636363636,108.0,True,
2024-05-22,MNQM24,A,605aa9c1bee52a102446f0283839daf998adc79f20a0c2713c49ab878646f544,2,-1,2024-05-22T14:32:00-04:00,2024-05-22T14:30:00-04:00,2024-05-22T14:31:00-04:00,2024-05-22T16:00:00-04:00,2024-05-22T16:00:00-04:00,session_close_proxy,18692.5,18793.75,18705.0,18793.75,1,-177.5,2.24,-179.74,EOD_CLOSE_PROXY,-1.560901001112347,0.4969613402622037,0.2979683972911964,-66.0,True,
2024-05-23,MNQM24,A,605aa9c1bee52a102446f0283839daf998adc79f20a0c2713c49ab878646f544,2,-1,2024-05-23T14:02:00-04:00,2024-05-23T14:00:00-04:00,2024-05-23T14:01:00-04:00,2024-05-23T16:00:00-04:00,2024-05-23T16:00:00-04:00,session_close_proxy,18716.5,18696.5,18713.75,18696.5,1,34.5,2.24,32.26,EOD_CLOSE_PROXY,-4.211679644048943,0.9349421966075071,0.5471698113207547,-123.25,True,
2024-05-24,MNQM24,A,605aa9c1bee52a102446f0283839daf998adc79f20a0c2713c49ab878646f544,2,1,2024-05-24T10:32:00-04:00,2024-05-24T10:30:00-04:00,2024-05-24T10:31:00-04:00,2024-05-24T16:00:00-04:00,2024-05-24T16:00:00-04:00,session_close_proxy,18833.25,18874.0,18831.0,18874.0,1,86.0,2.24,83.76,EOD_CLOSE_PROXY,1.7670745272525028,0.8401955627323936,0.23120567375886525,40.75,True,
2024-05-30,MNQM24,A,605aa9c1bee52a102446f0283839daf998adc79f20a0c2713c49ab878646f544,2,-1,2024-05-30T11:02:00-04:00,2024-05-30T11:00:00-04:00,2024-05-30T11:01:00-04:00,2024-05-30T16:00:00-04:00,2024-05-30T16:00:00-04:00,session_close_proxy,18658.5,18604.25,18654.25,18604.25,1,100.0,2.24,97.76,EOD_CLOSE_PROXY,-1.4404338153503893,0.5820891891065813,0.44665461121157324,-61.75,True,
2024-05-31,MNQM24,A,605aa9c1bee52a102446f0283839daf998adc79f20a0c2713c49ab878646f544,2,-1,2024-05-31T10:02:00-04:00,2024-05-31T10:00:00-04:00,2024-05-31T10:01:00-04:00,2024-05-31T16:00:00-04:00,2024-05-31T16:00:00-04:00,session_close_proxy,18543.5,18598.75,18518.5,18598.75,1,-160.5,2.24,-162.74,EOD_CLOSE_PROXY,-2.4182424916573972,0.5731044637004329,0.23282442748091603,-61.0,True,
2024-06-03,MNQM24,A,605aa9c1bee52a102446f0283839daf998adc79f20a0c2713c49ab878646f544,2,-1,2024-06-03T12:32:00-04:00,2024-06-03T12:30:00-04:00,2024-06-03T12:31:00-04:00,2024-06-03T16:00:00-04:00,2024-06-03T16:00:00-04:00,session_close_proxy,18503.0,18652.5,18513.5,18652.5,1,-278.0,2.24,-280.24,EOD_CLOSE_PROXY,-3.9710233592880977,0.8827880009901565,0.5085324232081911,-111.75,True,
2024-06-05,MNQM24,A,605aa9c1bee52a102446f0283839daf998adc79f20a0c2713c49ab878646f544,2,1,2024-06-05T11:32:00-04:00,2024-06-05T11:30:00-04:00,2024-06-05T11:31:00-04:00,2024-06-05T16:00:00-04:00,2024-06-05T16:00:00-04:00,session_close_proxy,18964.5,19077.0,18967.5,19077.0,1,219.0,2.24,216.76,EOD_CLOSE_PROXY,1.5161846496106786,0.7253836281317972,0.2849557522123894,40.25,True,
2024-06-06,MNQM24,A,605aa9c1bee52a102446f0283839daf998adc79f20a0c2713c49ab878646f544,2,-1,2024-06-06T10:02:00-04:00,2024-06-06T10:00:00-04:00,2024-06-06T10:01:00-04:00,2024-06-06T16:00:00-04:00,2024-06-06T16:00:00-04:00,session_close_proxy,19034.0,19065.5,19047.75,19065.5,1,-35.5,2.24,-37.74,EOD_CLOSE_PROXY,-2.210567296996663,0.7773498254962051,0.2772511848341232,-58.5,True,
2024-06-12,MNQM24,A,605aa9c1bee52a102446f0283839daf998adc79f20a0c2713c49ab878646f544,2,1,2024-06-12T10:02:00-04:00,2024-06-12T10:00:00-04:00,2024-06-12T10:01:00-04:00,2024-06-12T16:00:00-04:00,2024-06-12T16:00:00-04:00,session_close_proxy,19491.0,19491.75,19490.0,19491.75,1,3.5,2.24,1.2599999999999998,EOD_CLOSE_PROXY,3.5309232480533925,0.8380721759182793,0.5586380832282472,110.75,True,
2024-06-14,MNQM24,A,605aa9c1bee52a102446f0283839daf998adc79f20a0c2713c49ab878646f544,2,1,2024-06-14T10:02:00-04:00,2024-06-14T10:00:00-04:00,2024-06-14T10:01:00-04:00,2024-06-14T16:00:00-04:00,2024-06-14T16:00:00-04:00,session_close_proxy,19639.0,19687.25,19613.5,19687.25,1,147.5,2.24,145.26,EOD_CLOSE_PROXY,2.3378754171301446,0.8888742880342724,0.37404580152671757,61.25,True,
2024-06-17,MNQM24,A,605aa9c1bee52a102446f0283839daf998adc79f20a0c2713c49ab878646f544,2,1,2024-06-17T12:32:00-04:00,2024-06-17T12:30:00-04:00,2024-06-17T12:31:00-04:00,2024-06-17T16:00:00-04:00,2024-06-17T16:00:00-04:00,session_close_proxy,19818.0,19925.5,19813.25,19925.5,1,224.5,2.24,222.26,EOD_CLOSE_PROXY,1.813793103448276,0.7124536969174141,0.5311827956989247,61.75,True,
2024-06-24,MNQU24,A,605aa9c1bee52a102446f0283839daf998adc79f20a0c2713c49ab878646f544,2,-1,2024-06-24T13:32:00-04:00,2024-06-24T13:30:00-04:00,2024-06-24T13:31:00-04:00,2024-06-24T16:00:00-04:00,2024-06-24T16:00:00-04:00,session_close_proxy,19818.0,19745.0,19810.25,19745.0,1,130.5,2.24,128.26,EOD_CLOSE_PROXY,-1.285372636262514,0.4585749294078909,0.22571819425444598,-41.25,True,
2024-06-25,MNQU24,A,605aa9c1bee52a102446f0283839daf998adc79f20a0c2713c49ab878646f544,2,1,2024-06-25T10:32:00-04:00,2024-06-25T10:30:00-04:00,2024-06-25T10:31:00-04:00,2024-06-25T16:00:00-04:00,2024-06-25T16:00:00-04:00,session_close_proxy,19880.75,19966.75,19872.0,19966.75,1,189.5,2.24,187.26,EOD_CLOSE_PROXY,0.3575639599555061,0.060747263230994754,0.19440124416796267,31.25,True,
2024-06-27,MNQU24,A,605aa9c1bee52a102446f0283839daf998adc79f20a0c2713c49ab878646f544,2,1,2024-06-27T10:02:00-04:00,2024-06-27T10:00:00-04:00,2024-06-27T10:01:00-04:00,2024-06-27T16:00:00-04:00,2024-06-27T16:00:00-04:00,session_close_proxy,20059.75,20047.75,20070.25,20047.75,1,-45.0,2.24,-47.24,EOD_CLOSE_PROXY,-0.17736373748609566,0.004711747057980061,0.1546572934973638,44.0,True,
2024-06-28,MNQU24,A,605aa9c1bee52a102446f0283839daf998adc79f20a0c2713c49ab878646f544,2,1,2024-06-28T10:02:00-04:00,2024-06-28T10:00:00-04:00,2024-06-28T10:01:00-04:00,2024-06-28T16:00:00-04:00,2024-06-28T16:00:00-04:00,session_close_proxy,20149.75,19932.5,20168.0,19932.5,1,-471.0,2.24,-473.24,EOD_CLOSE_PROXY,3.618798665183537,0.9314593552916983,0.5465587044534413,101.25,True,
2024-07-01,MNQU24,A,605aa9c1bee52a102446f0283839daf998adc79f20a0c2713c49ab878646f544,2,-1,2024-07-01T10:02:00-04:00,2024-07-01T10:00:00-04:00,2024-07-01T10:01:00-04:00,2024-07-01T16:00:00-04:00,2024-07-01T16:00:00-04:00,session_close_proxy,19889.75,20049.0,19913.75,20049.0,1,-270.5,2.24,-272.74,EOD_CLOSE_PROXY,-4.153503893214683,0.7662590871335127,0.23353293413173654,-78.0,True,
2024-07-02,MNQU24,A,605aa9c1bee52a102446f0283839daf998adc79f20a0c2713c49ab878646f544,2,1,2024-07-02T11:02:00-04:00,2024-07-02T11:00:00-04:00,2024-07-02T11:01:00-04:00,2024-07-02T16:00:00-04:00,2024-07-02T16:00:00-04:00,session_close_proxy,20111.25,20256.25,20113.0,20256.25,1,286.5,2.24,284.26,EOD_CLOSE_PROXY,1.2739154616240267,0.5920259227581111,0.20937042459736457,35.75,True,
2024-07-10,MNQU24,A,605aa9c1bee52a102446f0283839daf998adc79f20a0c2713c49ab878646f544,2,1,2024-07-10T13:02:00-04:00,2024-07-10T13:00:00-04:00,2024-07-10T13:01:00-04:00,2024-07-10T16:00:00-04:00,2024-07-10T16:00:00-04:00,session_close_proxy,20847.5,20894.0,20845.75,20894.0,1,96.5,2.24,94.26,EOD_CLOSE_PROXY,0.8753615127919911,0.7428131678152099,0.35083532219570407,36.75,True,
2024-07-11,MNQU24,A,605aa9c1bee52a102446f0283839daf998adc79f20a0c2713c49ab878646f544,2,-1,2024-07-11T10:32:00-04:00,2024-07-11T10:30:00-04:00,2024-07-11T10:31:00-04:00,2024-07-11T16:00:00-04:00,2024-07-11T16:00:00-04:00,session_close_proxy,20691.75,20429.5,20720.5,20429.5,1,582.0,2.24,579.76,EOD_CLOSE_PROXY,-7.87007786429366,0.8792358380925074,0.5235772357723577,-161.0,True,
2024-07-12,MNQU24,A,605aa9c1bee52a102446f0283839daf998adc79f20a0c2713c49ab878646f544,2,1,2024-07-12T10:02:00-04:00,2024-07-12T10:00:00-04:00,2024-07-12T10:01:00-04:00,2024-07-12T16:00:00-04:00,2024-07-12T16:00:00-04:00,session_close_proxy,20543.25,20540.25,20569.25,20540.25,1,-58.0,2.24,-60.24,EOD_CLOSE_PROXY,3.4689655172413794,0.8385480986128705,0.3700440528634361,84.0,True,
2024-07-15,MNQU24,A,605aa9c1bee52a102446f0283839daf998adc79f20a0c2713c49ab878646f544,2,1,2024-07-15T10:32:00-04:00,2024-07-15T10:30:00-04:00,2024-07-15T10:31:00-04:00,2024-07-15T16:00:00-04:00,2024-07-15T16:00:00-04:00,session_close_proxy,20681.25,20593.5,20693.25,20593.5,1,-199.5,2.24,-201.74,EOD_CLOSE_PROXY,0.8653503893214683,0.5459771133602207,0.3333333333333333,43.25,True,
2024-07-16,MNQU24,A,605aa9c1bee52a102446f0283839daf998adc79f20a0c2713c49ab878646f544,2,-1,2024-07-16T10:32:00-04:00,2024-07-16T10:30:00-04:00,2024-07-16T10:31:00-04:00,2024-07-16T16:00:00-04:00,2024-07-16T16:00:00-04:00,session_close_proxy,20523.75,20599.5,20534.0,20599.5,1,-131.0,2.24,-133.24,EOD_CLOSE_PROXY,-0.8545606229143493,0.16687946661417774,0.17229729729729729,-51.0,True,
2024-07-17,MNQU24,A,605aa9c1bee52a102446f0283839daf998adc79f20a0c2713c49ab878646f544,2,-1,2024-07-17T10:02:00-04:00,2024-07-17T10:00:00-04:00,2024-07-17T10:01:00-04:00,2024-07-17T16:00:00-04:00,2024-07-17T16:00:00-04:00,session_close_proxy,20209.0,19992.5,20179.5,19992.5,1,374.0,2.24,371.76,EOD_CLOSE_PROXY,-1.289710789766407,0.503401137077907,0.138801261829653,-44.0,True,
2024-07-18,MNQU24,A,605aa9c1bee52a102446f0283839daf998adc79f20a0c2713c49ab878646f544,2,-1,2024-07-18T11:32:00-04:00,2024-07-18T11:30:00-04:00,2024-07-18T11:31:00-04:00,2024-07-18T16:00:00-04:00,2024-07-18T16:00:00-04:00,session_close_proxy,19821.75,19891.5,19832.5,19891.5,1,-118.0,2.24,-120.24,EOD_CLOSE_PROXY,-6.5829254727474975,0.9151054168657383,0.623725671918443,-168.25,True,
2024-07-19,MNQU24,A,605aa9c1bee52a102446f0283839daf998adc79f20a0c2713c49ab878646f544,2,-1,2024-07-19T11:32:00-04:00,2024-07-19T11:30:00-04:00,2024-07-19T11:31:00-04:00,2024-07-19T16:00:00-04:00,2024-07-19T16:00:00-04:00,session_close_proxy,19746.5,19712.75,19742.75,19712.75,1,60.0,2.24,57.76,EOD_CLOSE_PROXY,-2.9586206896551723,0.6539968610788083,0.39184397163120566,-110.5,True,
2024-07-24,MNQU24,A,605aa9c1bee52a102446f0283839daf998adc79f20a0c2713c49ab878646f544,2,-1,2024-07-24T10:02:00-04:00,2024-07-24T10:00:00-04:00,2024-07-24T10:01:00-04:00,2024-07-24T16:00:00-04:00,2024-07-24T16:00:00-04:00,session_close_proxy,19511.75,19204.75,19502.75,19204.75,1,596.0,2.24,593.76,EOD_CLOSE_PROXY,-3.3306451612903225,0.686122816498439,0.49385245901639346,-120.5,True,
2024-07-25,MNQU24,A,605aa9c1bee52a102446f0283839daf998adc79f20a0c2713c49ab878646f544,2,-1,2024-07-25T10:02:00-04:00,2024-07-25T10:00:00-04:00,2024-07-25T10:01:00-04:00,2024-07-25T12:15:00-04:00,,intrabar_unknown_within_event_minute,19031.75,19281.75,19007.0,19281.75,1,-549.5,2.24,-551.74,CAT_STOP,-4.079699666295884,0.6474904142966046,0.33266932270916333,-167.0,True,
2024-07-29,MNQU24,A,605aa9c1bee52a102446f0283839daf998adc79f20a0c2713c49ab878646f544,2,1,2024-07-29T10:02:00-04:00,2024-07-29T10:00:00-04:00,2024-07-29T10:01:00-04:00,2024-07-29T16:00:00-04:00,2024-07-29T16:00:00-04:00,session_close_proxy,19358.5,19209.0,19376.0,19209.0,1,-334.0,2.24,-336.24,EOD_CLOSE_PROXY,3.090100111234705,0.6621634582653789,0.2768512341561041,103.75,True,
2024-07-30,MNQU24,A,605aa9c1bee52a102446f0283839daf998adc79f20a0c2713c49ab878646f544,2,-1,2024-07-30T11:02:00-04:00,2024-07-30T11:00:00-04:00,2024-07-30T11:01:00-04:00,2024-07-30T16:00:00-04:00,2024-07-30T16:00:00-04:00,session_close_proxy,19107.75,18939.25,19090.75,18939.25,1,303.0,2.24,300.76,EOD_CLOSE_PROXY,-1.0868186874304784,0.29867631827379904,0.22296650717703348,-58.25,True,
2024-07-31,MNQU24,A,605aa9c1bee52a102446f0283839daf998adc79f20a0c2713c49ab878646f544,2,1,2024-07-31T15:02:00-04:00,2024-07-31T15:00:00-04:00,2024-07-31T15:01:00-04:00,2024-07-31T16:00:00-04:00,2024-07-31T16:00:00-04:00,session_close_proxy,19554.75,19496.0,19557.75,19496.0,1,-123.5,2.24,-125.74,EOD_CLOSE_PROXY,2.7981646273637373,0.651425966893414,0.18998272884283246,55.0,True,
2024-08-01,MNQU24,A,605aa9c1bee52a102446f0283839daf998adc79f20a0c2713c49ab878646f544,2,1,2024-08-01T10:02:00-04:00,2024-08-01T10:00:00-04:00,2024-08-01T10:01:00-04:00,2024-08-01T10:44:00-04:00,,intrabar_unknown_within_event_minute,19640.5,19390.5,19627.75,19390.5,1,-474.5,2.24,-476.74,CAT_STOP,4.705728587319244,0.7989264694366635,0.2959459459459459,109.5,True,
2024-08-01,MNQU24,A,605aa9c1bee52a102446f0283839daf998adc79f20a0c2713c49ab878646f544,2,-1,2024-08-01T11:02:00-04:00,2024-08-01T11:00:00-04:00,2024-08-01T11:01:00-04:00,2024-08-01T16:00:00-04:00,2024-08-01T16:00:00-04:00,session_close_proxy,19342.25,19028.0,19322.5,19028.0,1,589.0,2.24,586.76,EOD_CLOSE_PROXY,-3.7563959955506117,0.7519841982133334,0.3075528700906344,-127.25,True,
2024-08-02,MNQU24,A,605aa9c1bee52a102446f0283839daf998adc79f20a0c2713c49ab878646f544,2,-1,2024-08-02T10:02:00-04:00,2024-08-02T10:00:00-04:00,2024-08-02T10:01:00-04:00,2024-08-02T16:00:00-04:00,2024-08-02T16:00:00-04:00,session_close_proxy,18574.25,18561.25,18584.25,18561.25,1,46.0,2.24,43.76,EOD_CLOSE_PROXY,-1.4551724137931035,0.056276101175452606,0.08353386043313854,-60.75,True,
2024-08-06,MNQU24,A,605aa9c1bee52a102446f0283839daf998adc79f20a0c2713c49ab878646f544,2,1,2024-08-06T11:02:00-04:00,2024-08-06T11:00:00-04:00,2024-08-06T11:01:00-04:00,2024-08-06T16:00:00-04:00,2024-08-06T16:00:00-04:00,session_close_proxy,18302.25,18171.0,18306.5,18171.0,1,-271.0,2.24,-273.24,EOD_CLOSE_PROXY,6.146996662958843,0.8141348311196334,0.47038327526132406,168.75,True,
2024-08-08,MNQU24,A,605aa9c1bee52a102446f0283839daf998adc79f20a0c2713c49ab878646f544,2,1,2024-08-08T10:32:00-04:00,2024-08-08T10:30:00-04:00,2024-08-08T10:31:00-04:00,2024-08-08T16:00:00-04:00,2024-08-08T16:00:00-04:00,session_close_proxy,18381.25,18519.0,18386.25,18519.0,1,265.5,2.24,263.26,EOD_CLOSE_PROXY,4.269354838709678,0.8592332797818929,0.41044282881692,155.25,True,
2024-08-13,MNQU24,A,605aa9c1bee52a102446f0283839daf998adc79f20a0c2713c49ab878646f544,2,1,2024-08-13T13:02:00-04:00,2024-08-13T13:00:00-04:00,2024-08-13T13:01:00-04:00,2024-08-13T16:00:00-04:00,2024-08-13T16:00:00-04:00,session_close_proxy,19074.0,19101.25,19071.0,19101.25,1,60.5,2.24,58.26,EOD_CLOSE_PROXY,2.742714126807564,0.9584425912462476,0.5668549905838042,75.25,True,
2024-08-15,MNQU24,A,605aa9c1bee52a102446f0283839daf998adc79f20a0c2713c49ab878646f544,2,1,2024-08-15T10:02:00-04:00,2024-08-15T10:00:00-04:00,2024-08-15T10:01:00-04:00,2024-08-15T16:00:00-04:00,2024-08-15T16:00:00-04:00,session_close_proxy,19460.25,19587.25,19455.25,19587.25,1,264.0,2.24,261.76,EOD_CLOSE_PROXY,3.57741935483871,0.8642483904592766,0.38533834586466165,102.5,True,
2024-08-22,MNQU24,A,605aa9c1bee52a102446f0283839daf998adc79f20a0c2713c49ab878646f544,2,-1,2024-08-22T12:02:00-04:00,2024-08-22T12:00:00-04:00,2024-08-22T12:01:00-04:00,2024-08-22T16:00:00-04:00,2024-08-22T16:00:00-04:00,session_close_proxy,19710.75,19584.75,19707.25,19584.75,1,245.0,2.24,242.76,EOD_CLOSE_PROXY,-3.874082313681869,0.6489686865862678,0.28292682926829266,-87.0,True,
2024-08-23,MNQU24,A,605aa9c1bee52a102446f0283839daf998adc79f20a0c2713c49ab878646f544,2,1,2024-08-23T10:32:00-04:00,2024-08-23T10:30:00-04:00,2024-08-23T10:31:00-04:00,2024-08-23T10:52:00-04:00,,intrabar_unknown_within_event_minute,19882.25,19632.25,19884.5,19632.25,1,-504.5,2.24,-506.74,CAT_STOP,1.239043381535039,0.15928253494456726,0.14301310043668122,65.5,True,
2024-08-26,MNQU24,A,605aa9c1bee52a102446f0283839daf998adc79f20a0c2713c49ab878646f544,2,-1,2024-08-26T10:32:00-04:00,2024-08-26T10:30:00-04:00,2024-08-26T10:31:00-04:00,2024-08-26T16:00:00-04:00,2024-08-26T16:00:00-04:00,session_close_proxy,19617.0,19593.25,19614.25,19593.25,1,42.0,2.24,39.76,EOD_CLOSE_PROXY,-3.5238042269187986,0.7701345625594616,0.4168421052631579,-99.0,True,
2024-08-28,MNQU24,A,605aa9c1bee52a102446f0283839daf998adc79f20a0c2713c49ab878646f544,2,-1,2024-08-28T10:02:00-04:00,2024-08-28T10:00:00-04:00,2024-08-28T10:01:00-04:00,2024-08-28T16:00:00-04:00,2024-08-28T16:00:00-04:00,session_close_proxy,19557.5,19421.5,19539.75,19421.5,1,236.5,2.24,234.26,EOD_CLOSE_PROXY,-3.682258064516129,0.853874898677244,0.3770812928501469,-96.25,True,
2024-08-29,MNQU24,A,605aa9c1bee52a102446f0283839daf998adc79f20a0c2713c49ab878646f544,2,1,2024-08-29T10:02:00-04:00,2024-08-29T10:00:00-04:00,2024-08-29T10:01:00-04:00,2024-08-29T14:44:00-04:00,,intrabar_unknown_within_event_minute,19644.0,19394.0,19665.25,19394.0,1,-542.5,2.24,-544.74,CAT_STOP,2.5831479421579533,0.40189074093937677,0.34868421052631576,159.0,True,
2024-09-05,MNQU24,A,605aa9c1bee52a102446f0283839daf998adc79f20a0c2713c49ab878646f544,2,1,2024-09-05T10:02:00-04:00,2024-09-05T10:00:00-04:00,2024-09-05T10:01:00-04:00,2024-09-05T16:00:00-04:00,2024-09-05T16:00:00-04:00,session_close_proxy,19052.25,18975.25,19094.25,18975.25,1,-238.0,2.24,-240.24,EOD_CLOSE_PROXY,4.461735261401557,0.7812264755803734,0.45574250182882226,155.75,True,
2024-09-06,MNQU24,A,605aa9c1bee52a102446f0283839daf998adc79f20a0c2713c49ab878646f544,2,-1,2024-09-06T10:02:00-04:00,2024-09-06T10:00:00-04:00,2024-09-06T10:01:00-04:00,2024-09-06T16:00:00-04:00,2024-09-06T16:00:00-04:00,session_close_proxy,18747.0,18458.25,18731.5,18458.25,1,546.5,2.24,544.26,EOD_CLOSE_PROXY,-4.837931034482758,0.6765853019987275,0.43402061855670104,-210.5,True,
2024-09-11,MNQU24,A,605aa9c1bee52a102446f0283839daf998adc79f20a0c2713c49ab878646f544,2,-1,2024-09-11T10:32:00-04:00,2024-09-11T10:30:00-04:00,2024-09-11T10:31:00-04:00,2024-09-11T12:21:00-04:00,,intrabar_unknown_within_event_minute,18655.25,18905.25,18624.0,18905.25,1,-562.5,2.24,-564.74,CAT_STOP,-5.414349276974416,0.7522969850664306,0.25485122897800777,-98.5,True,
2024-09-11,MNQU24,A,605aa9c1bee52a102446f0283839daf998adc79f20a0c2713c49ab878646f544,2,1,2024-09-11T14:32:00-04:00,2024-09-11T14:30:00-04:00,2024-09-11T14:31:00-04:00,2024-09-11T16:00:00-04:00,2024-09-11T16:00:00-04:00,session_close_proxy,19120.0,19255.25,19131.25,19255.25,1,248.0,2.24,245.76,EOD_CLOSE_PROXY,1.7014460511679643,0.476897297437922,0.38461538461538464,77.5,True,
2024-09-12,MNQU24,A,605aa9c1bee52a102446f0283839daf998adc79f20a0c2713c49ab878646f544,2,1,2024-09-12T13:32:00-04:00,2024-09-12T13:30:00-04:00,2024-09-12T13:31:00-04:00,2024-09-12T16:00:00-04:00,2024-09-12T16:00:00-04:00,session_close_proxy,19404.25,19451.75,19405.5,19451.75,1,92.5,2.24,90.26,EOD_CLOSE_PROXY,1.267630700778643,0.8735320294488693,0.22267206477732793,27.5,True,
2024-09-27,MNQZ24,A,605aa9c1bee52a102446f0283839daf998adc79f20a0c2713c49ab878646f544,2,-1,2024-09-27T14:32:00-04:00,2024-09-27T14:30:00-04:00,2024-09-27T14:31:00-04:00,2024-09-27T16:00:00-04:00,2024-09-27T16:00:00-04:00,session_close_proxy,20200.75,20223.0,20200.25,20223.0,1,-45.5,2.24,-47.74,EOD_CLOSE_PROXY,-1.6799221357063403,0.7471792047296371,0.6130198915009042,-84.75,True,
2024-10-01,MNQZ24,A,605aa9c1bee52a102446f0283839daf998adc79f20a0c2713c49ab878646f544,2,-1,2024-10-01T10:02:00-04:00,2024-10-01T10:00:00-04:00,2024-10-01T10:01:00-04:00,2024-10-01T16:00:00-04:00,2024-10-01T16:00:00-04:00,session_close_proxy,20040.0,19978.5,20045.0,19978.5,1,133.0,2.24,130.76,EOD_CLOSE_PROXY,-7.261512791991101,0.8203525194856206,0.5289052890528906,-215.0,True,
2024-10-07,MNQZ24,A,605aa9c1bee52a102446f0283839daf998adc79f20a0c2713c49ab878646f544,2,-1,2024-10-07T15:02:00-04:00,2024-10-07T15:00:00-04:00,2024-10-07T15:01:00-04:00,2024-10-07T16:00:00-04:00,2024-10-07T16:00:00-04:00,session_close_proxy,19970.5,19999.0,19970.75,19999.0,1,-56.5,2.24,-58.74,EOD_CLOSE_PROXY,-3.6739710789766407,0.8173811676457438,0.4162062615101289,-113.0,True,
2024-10-08,MNQZ24,A,605aa9c1bee52a102446f0283839daf998adc79f20a0c2713c49ab878646f544,2,1,2024-10-08T11:02:00-04:00,2024-10-08T11:00:00-04:00,2024-10-08T11:01:00-04:00,2024-10-08T16:00:00-04:00,2024-10-08T16:00:00-04:00,session_close_proxy,20239.75,20300.0,20253.75,20300.0,1,92.5,2.24,90.26,EOD_CLOSE_PROXY,2.1986095661846496,0.6039017980598551,0.20232558139534884,43.5,True,
2024-10-09,MNQZ24,A,605aa9c1bee52a102446f0283839daf998adc79f20a0c2713c49ab878646f544,2,1,2024-10-09T12:02:00-04:00,2024-10-09T12:00:00-04:00,2024-10-09T12:01:00-04:00,2024-10-09T16:00:00-04:00,2024-10-09T16:00:00-04:00,session_close_proxy,20445.5,20458.5,20437.5,20458.5,1,42.0,2.24,39.76,EOD_CLOSE_PROXY,1.8020022246941045,0.9011021618693198,0.3794466403162055,48.0,True,
2024-10-14,MNQZ24,A,605aa9c1bee52a102446f0283839daf998adc79f20a0c2713c49ab878646f544,2,1,2024-10-14T10:02:00-04:00,2024-10-14T10:00:00-04:00,2024-10-14T10:01:00-04:00,2024-10-14T16:00:00-04:00,2024-10-14T16:00:00-04:00,session_close_proxy,20670.75,20621.5,20668.0,20621.5,1,-93.0,2.24,-95.24,EOD_CLOSE_PROXY,3.6975528364849835,0.9381956496344143,0.6955223880597015,116.5,True,
2024-10-15,MNQZ24,A,605aa9c1bee52a102446f0283839daf998adc79f20a0c2713c49ab878646f544,2,-1,2024-10-15T10:32:00-04:00,2024-10-15T10:30:00-04:00,2024-10-15T10:31:00-04:00,2024-10-15T16:00:00-04:00,2024-10-15T16:00:00-04:00,session_close_proxy,20514.25,20343.75,20480.0,20343.75,1,272.5,2.24,270.26,EOD_CLOSE_PROXY,-3.7646273637374863,0.8809904887152318,0.4589178356713427,-114.5,True,
2024-10-16,MNQZ24,A,605aa9c1bee52a102446f0283839daf998adc79f20a0c2713c49ab878646f544,2,-1,2024-10-16T10:02:00-04:00,2024-10-16T10:00:00-04:00,2024-10-16T10:01:00-04:00,2024-10-16T16:00:00-04:00,2024-10-16T16:00:00-04:00,session_close_proxy,20223.5,20346.5,20220.5,20346.5,1,-252.0,2.24,-254.24,EOD_CLOSE_PROXY,-3.703281423804227,0.8732629887639776,0.3815580286168522,-120.0,True,
2024-10-23,MNQZ24,A,605aa9c1bee52a102446f0283839daf998adc79f20a0c2713c49ab878646f544,2,-1,2024-10-23T11:32:00-04:00,2024-10-23T11:30:00-04:00,2024-10-23T11:31:00-04:00,2024-10-23T16:00:00-04:00,2024-10-23T16:00:00-04:00,session_close_proxy,20309.5,20218.5,20307.0,20218.5,1,177.0,2.24,174.76,EOD_CLOSE_PROXY,-3.2665183537263625,0.8058572912283057,0.37485843714609285,-82.75,True,
2024-10-25,MNQZ24,A,605aa9c1bee52a102446f0283839daf998adc79f20a0c2713c49ab878646f544,2,1,2024-10-25T10:02:00-04:00,2024-10-25T10:00:00-04:00,2024-10-25T10:01:00-04:00,2024-10-25T16:00:00-04:00,2024-10-25T16:00:00-04:00,session_close_proxy,20648.25,20495.0,20665.5,20495.0,1,-341.0,2.24,-343.24,EOD_CLOSE_PROXY,4.806062291434928,0.9606128696123187,0.6475,129.5,True,
2024-10-29,MNQZ24,A,605aa9c1bee52a102446f0283839daf998adc79f20a0c2713c49ab878646f544,2,1,2024-10-29T11:02:00-04:00,2024-10-29T11:00:00-04:00,2024-10-29T11:01:00-04:00,2024-10-29T16:00:00-04:00,2024-10-29T16:00:00-04:00,session_close_proxy,20599.25,20695.5,20591.25,20695.5,1,208.5,2.24,206.26,EOD_CLOSE_PROXY,0.985650723025584,0.6886700301784943,0.3357142857142857,47.0,True,
2024-10-31,MNQZ24,A,605aa9c1bee52a102446f0283839daf998adc79f20a0c2713c49ab878646f544,2,-1,2024-10-31T10:02:00-04:00,2024-10-31T10:00:00-04:00,2024-10-31T10:01:00-04:00,2024-10-31T16:00:00-04:00,2024-10-31T16:00:00-04:00,session_close_proxy,20166.0,20011.5,20153.75,20011.5,1,284.5,2.24,282.26,EOD_CLOSE_PROXY,-5.77258064516129,0.859655935091314,0.41475511469311843,-167.25,True,
2024-11-01,MNQZ24,A,605aa9c1bee52a102446f0283839daf998adc79f20a0c2713c49ab878646f544,2,1,2024-11-01T10:02:00-04:00,2024-11-01T10:00:00-04:00,2024-11-01T10:01:00-04:00,2024-11-01T16:00:00-04:00,2024-11-01T16:00:00-04:00,session_close_proxy,20168.0,20146.75,20164.25,20146.75,1,-35.0,2.24,-37.24,EOD_CLOSE_PROXY,3.0208008898776417,0.8344545031309597,0.33847637415621984,87.75,True,
2024-11-05,MNQZ24,A,605aa9c1bee52a102446f0283839daf998adc79f20a0c2713c49ab878646f544,2,1,2024-11-05T10:02:00-05:00,2024-11-05T10:00:00-05:00,2024-11-05T10:01:00-05:00,2024-11-05T16:00:00-05:00,2024-11-05T16:00:00-05:00,session_close_proxy,20293.75,20341.5,20303.75,20341.5,1,75.5,2.24,73.26,EOD_CLOSE_PROXY,3.2005561735261403,0.8389027878602643,0.4045936395759717,114.5,True,
2024-11-06,MNQZ24,A,605aa9c1bee52a102446f0283839daf998adc79f20a0c2713c49ab878646f544,2,1,2024-11-06T10:32:00-05:00,2024-11-06T10:30:00-05:00,2024-11-06T10:31:00-05:00,2024-11-06T16:00:00-05:00,2024-11-06T16:00:00-05:00,session_close_proxy,20795.25,20893.5,20798.5,20893.5,1,190.0,2.24,187.76,EOD_CLOSE_PROXY,3.746607341490545,0.813692268602181,0.3281519861830743,95.0,True,
2024-11-07,MNQZ24,A,605aa9c1bee52a102446f0283839daf998adc79f20a0c2713c49ab878646f544,2,1,2024-11-07T10:02:00-05:00,2024-11-07T10:00:00-05:00,2024-11-07T10:01:00-05:00,2024-11-07T16:00:00-05:00,2024-11-07T16:00:00-05:00,session_close_proxy,21109.25,21221.75,21106.25,21221.75,1,231.0,2.24,228.76,EOD_CLOSE_PROXY,1.918242491657397,0.6249155434772603,0.3943139678615575,79.75,True,
2024-11-12,MNQZ24,A,605aa9c1bee52a102446f0283839daf998adc79f20a0c2713c49ab878646f544,2,-1,2024-11-12T13:02:00-05:00,2024-11-12T13:00:00-05:00,2024-11-12T13:01:00-05:00,2024-11-12T16:00:00-05:00,2024-11-12T16:00:00-05:00,session_close_proxy,21066.75,21185.25,21064.75,21185.25,1,-241.0,2.24,-243.24,EOD_CLOSE_PROXY,-2.9906006674082315,0.8554437683740377,0.6125827814569537,-92.5,True,
2024-11-15,MNQZ24,A,605aa9c1bee52a102446f0283839daf998adc79f20a0c2713c49ab878646f544,2,-1,2024-11-15T10:02:00-05:00,2024-11-15T10:00:00-05:00,2024-11-15T10:01:00-05:00,2024-11-15T16:00:00-05:00,2024-11-15T16:00:00-05:00,session_close_proxy,20690.0,20491.75,20689.75,20491.75,1,396.0,2.24,393.76,EOD_CLOSE_PROXY,-1.1736929922135706,0.25669578029677836,0.24324324324324326,-69.75,True,
2024-11-18,MNQZ24,A,605aa9c1bee52a102446f0283839daf998adc79f20a0c2713c49ab878646f544,2,1,2024-11-18T10:32:00-05:00,2024-11-18T10:30:00-05:00,2024-11-18T10:31:00-05:00,2024-11-18T16:00:00-05:00,2024-11-18T16:00:00-05:00,session_close_proxy,20651.75,20631.25,20665.25,20631.25,1,-68.0,2.24,-70.24,EOD_CLOSE_PROXY,2.9476084538375975,0.8918806362164082,0.48886532343584305,115.25,True,
2024-11-19,MNQZ24,A,605aa9c1bee52a102446f0283839daf998adc79f20a0c2713c49ab878646f544,2,1,2024-11-19T14:02:00-05:00,2024-11-19T14:00:00-05:00,2024-11-19T14:01:00-05:00,2024-11-19T16:00:00-05:00,2024-11-19T16:00:00-05:00,session_close_proxy,20784.5,20765.25,20786.5,20765.25,1,-42.5,2.24,-44.74,EOD_CLOSE_PROXY,2.6268631813125696,0.9579437261517478,0.6180904522613065,61.5,True,
2024-11-20,MNQZ24,A,605aa9c1bee52a102446f0283839daf998adc79f20a0c2713c49ab878646f544,2,-1,2024-11-20T10:02:00-05:00,2024-11-20T10:00:00-05:00,2024-11-20T10:01:00-05:00,2024-11-20T16:00:00-05:00,2024-11-20T16:00:00-05:00,session_close_proxy,20614.5,20751.75,20634.75,20751.75,1,-234.0,2.24,-236.24,EOD_CLOSE_PROXY,-3.43698553948832,0.7652192690175484,0.4390681003584229,-122.5,True,
2024-11-21,MNQZ24,A,605aa9c1bee52a102446f0283839daf998adc79f20a0c2713c49ab878646f544,2,-1,2024-11-21T10:02:00-05:00,2024-11-21T10:00:00-05:00,2024-11-21T10:01:00-05:00,2024-11-21T16:00:00-05:00,2024-11-21T16:00:00-05:00,session_close_proxy,20668.5,20823.75,20643.0,20823.75,1,-361.5,2.24,-363.74,EOD_CLOSE_PROXY,-3.960622914349277,0.28430306485117407,0.3133716160787531,-191.0,True,
2024-11-27,MNQZ24,A,605aa9c1bee52a102446f0283839daf998adc79f20a0c2713c49ab878646f544,2,-1,2024-11-27T10:02:00-05:00,2024-11-27T10:00:00-05:00,2024-11-27T10:01:00-05:00,2024-11-27T16:00:00-05:00,2024-11-27T16:00:00-05:00,session_close_proxy,20859.25,20816.5,20846.0,20816.5,1,59.0,2.24,56.76,EOD_CLOSE_PROXY,-1.0884315906562847,0.4501687816301878,0.1738562091503268,-33.25,True,
2024-12-04,MNQZ24,A,605aa9c1bee52a102446f0283839daf998adc79f20a0c2713c49ab878646f544,2,1,2024-12-04T15:32:00-05:00,2024-12-04T15:30:00-05:00,2024-12-04T15:31:00-05:00,2024-12-04T16:00:00-05:00,2024-12-04T16:00:00-05:00,session_close_proxy,21520.75,21537.25,21520.25,21537.25,1,34.0,2.24,31.759999999999998,EOD_CLOSE_PROXY,0.39093437152391547,0.7137066601149568,0.2714285714285714,9.5,True,
2024-12-06,MNQZ24,A,605aa9c1bee52a102446f0283839daf998adc79f20a0c2713c49ab878646f544,2,1,2024-12-06T10:02:00-05:00,2024-12-06T10:00:00-05:00,2024-12-06T10:01:00-05:00,2024-12-06T16:00:00-05:00,2024-12-06T16:00:00-05:00,session_close_proxy,21609.25,21658.25,21610.25,21658.25,1,96.0,2.24,93.76,EOD_CLOSE_PROXY,4.104616240266964,0.9118470460271766,0.5886889460154242,114.5,True,
2024-12-09,MNQZ24,A,605aa9c1bee52a102446f0283839daf998adc79f20a0c2713c49ab878646f544,2,-1,2024-12-09T11:02:00-05:00,2024-12-09T11:00:00-05:00,2024-12-09T11:01:00-05:00,2024-12-09T16:00:00-05:00,2024-12-09T16:00:00-05:00,session_close_proxy,21508.5,21485.75,21522.25,21485.75,1,73.0,2.24,70.76,EOD_CLOSE_PROXY,-1.9243047830923248,0.6424494866765809,0.24467005076142131,-60.25,True,
2024-12-11,MNQZ24,A,605aa9c1bee52a102446f0283839daf998adc79f20a0c2713c49ab878646f544,2,1,2024-12-11T10:02:00-05:00,2024-12-11T10:00:00-05:00,2024-12-11T10:01:00-05:00,2024-12-11T16:00:00-05:00,2024-12-11T16:00:00-05:00,session_close_proxy,21695.75,21791.5,21698.0,21791.5,1,187.0,2.24,184.76,EOD_CLOSE_PROXY,4.14860956618465,0.8933874248589477,0.5031446540880503,120.0,True,
2024-12-13,MNQZ24,A,605aa9c1bee52a102446f0283839daf998adc79f20a0c2713c49ab878646f544,2,1,2024-12-13T10:02:00-05:00,2024-12-13T10:00:00-05:00,2024-12-13T10:01:00-05:00,2024-12-13T16:00:00-05:00,2024-12-13T16:00:00-05:00,session_close_proxy,21880.5,21798.0,21877.75,21798.0,1,-159.5,2.24,-161.74,EOD_CLOSE_PROXY,3.2299221357063406,0.7014524012392391,0.3253536452665941,74.75,True,
2024-12-16,MNQZ24,A,605aa9c1bee52a102446f0283839daf998adc79f20a0c2713c49ab878646f544,2,1,2024-12-16T10:02:00-05:00,2024-12-16T10:00:00-05:00,2024-12-16T10:01:00-05:00,2024-12-16T16:00:00-05:00,2024-12-16T16:00:00-05:00,session_close_proxy,21971.5,22111.5,21982.75,22111.5,1,257.5,2.24,255.26,EOD_CLOSE_PROXY,1.817408231368187,0.7048814507534256,0.17832167832167833,51.0,True,
2024-12-17,MNQZ24,A,605aa9c1bee52a102446f0283839daf998adc79f20a0c2713c49ab878646f544,2,-1,2024-12-17T10:32:00-05:00,2024-12-17T10:30:00-05:00,2024-12-17T10:31:00-05:00,2024-12-17T16:00:00-05:00,2024-12-17T16:00:00-05:00,session_close_proxy,21947.25,22015.75,21970.75,22015.75,1,-90.0,2.24,-92.24,EOD_CLOSE_PROXY,-1.7235261401557287,0.6718000129212905,0.1860986547085202,-41.5,True,
2024-12-18,MNQZ24,A,605aa9c1bee52a102446f0283839daf998adc79f20a0c2713c49ab878646f544,2,-1,2024-12-18T14:32:00-05:00,2024-12-18T14:30:00-05:00,2024-12-18T14:31:00-05:00,2024-12-18T16:00:00-05:00,2024-12-18T16:00:00-05:00,session_close_proxy,21790.25,21211.75,21746.5,21211.75,1,1069.5,2.24,1067.26,EOD_CLOSE_PROXY,-3.2778642936596216,0.38593899856317904,0.33667223149693937,-151.25,True,
2024-12-23,MNQH25,A,605aa9c1bee52a102446f0283839daf998adc79f20a0c2713c49ab878646f544,2,1,2024-12-23T13:32:00-05:00,2024-12-23T13:30:00-05:00,2024-12-23T13:31:00-05:00,2024-12-23T16:00:00-05:00,2024-12-23T16:00:00-05:00,session_close_proxy,21720.25,21755.75,21728.5,21755.75,1,54.5,2.24,52.26,EOD_CLOSE_PROXY,0.2599555061179088,0.07317266098133729,0.08177570093457943,17.5,True,
2024-12-27,MNQH25,A,605aa9c1bee52a102446f0283839daf998adc79f20a0c2713c49ab878646f544,2,-1,2024-12-27T10:02:00-05:00,2024-12-27T10:00:00-05:00,2024-12-27T10:01:00-05:00,2024-12-27T16:00:00-05:00,2024-12-27T16:00:00-05:00,session_close_proxy,21695.75,21703.0,21655.5,21703.0,1,-95.0,2.24,-97.24,EOD_CLOSE_PROXY,-3.54154616240267,0.5583748643823002,0.38253382533825336,-155.5,True,
2024-12-30,MNQH25,A,605aa9c1bee52a102446f0283839daf998adc79f20a0c2713c49ab878646f544,2,-1,2024-12-30T10:02:00-05:00,2024-12-30T10:00:00-05:00,2024-12-30T10:01:00-05:00,2024-12-30T12:45:00-05:00,,intrabar_unknown_within_event_minute,21289.0,21539.0,21265.5,21539.0,1,-547.0,2.24,-549.24,CAT_STOP,-2.4603448275862068,0.595286334612475,0.2780298120544394,-107.25,True,
2024-12-31,MNQH25,A,605aa9c1bee52a102446f0283839daf998adc79f20a0c2713c49ab878646f544,2,-1,2024-12-31T11:32:00-05:00,2024-12-31T11:30:00-05:00,2024-12-31T11:31:00-05:00,2024-12-31T16:00:00-05:00,2024-12-31T16:00:00-05:00,session_close_proxy,21299.5,21220.75,21303.5,21220.75,1,165.5,2.24,163.26,EOD_CLOSE_PROXY,-1.6838153503893214,0.6317175332034921,0.26258992805755393,-73.0,True,
2025-01-03,MNQH25,A,605aa9c1bee52a102446f0283839daf998adc79f20a0c2713c49ab878646f544,2,1,2025-01-03T10:02:00-05:00,2025-01-03T10:00:00-05:00,2025-01-03T10:01:00-05:00,2025-01-03T16:00:00-05:00,2025-01-03T16:00:00-05:00,session_close_proxy,21383.5,21508.25,21368.0,21508.25,1,280.5,2.24,278.26,EOD_CLOSE_PROXY,0.9195773081201335,0.05817323031420602,0.1664779161947905,73.5,True,
2025-01-06,MNQH25,A,605aa9c1bee52a102446f0283839daf998adc79f20a0c2713c49ab878646f544,2,1,2025-01-06T10:02:00-05:00,2025-01-06T10:00:00-05:00,2025-01-06T10:01:00-05:00,2025-01-06T16:00:00-05:00,2025-01-06T16:00:00-05:00,session_close_proxy,21818.75,21750.0,21816.25,21750.0,1,-132.5,2.24,-134.74,EOD_CLOSE_PROXY,2.5709677419354837,0.6946176168009052,0.19875776397515527,64.0,True,
2025-01-07,MNQH25,A,605aa9c1bee52a102446f0283839daf998adc79f20a0c2713c49ab878646f544,2,-1,2025-01-07T10:32:00-05:00,2025-01-07T10:30:00-05:00,2025-01-07T10:31:00-05:00,2025-01-07T16:00:00-05:00,2025-01-07T16:00:00-05:00,session_close_proxy,21578.0,21359.5,21549.0,21359.5,1,379.0,2.24,376.76,EOD_CLOSE_PROXY,-0.9129032258064517,0.07304588166585685,0.15867158671586715,-75.25,True,
2025-01-08,MNQH25,A,605aa9c1bee52a102446f0283839daf998adc79f20a0c2713c49ab878646f544,2,-1,2025-01-08T12:32:00-05:00,2025-01-08T12:30:00-05:00,2025-01-08T12:31:00-05:00,2025-01-08T16:00:00-05:00,2025-01-08T16:00:00-05:00,session_close_proxy,21191.0,21360.25,21181.25,21360.25,1,-358.0,2.24,-360.24,EOD_CLOSE_PROXY,-5.43131256952169,0.9515899813617767,0.7408123791102514,-191.5,True,
2025-01-14,MNQH25,A,605aa9c1bee52a102446f0283839daf998adc79f20a0c2713c49ab878646f544,2,-1,2025-01-14T12:02:00-05:00,2025-01-14T12:00:00-05:00,2025-01-14T12:01:00-05:00,2025-01-14T16:00:00-05:00,2025-01-14T16:00:00-05:00,session_close_proxy,20823.0,20923.75,20810.5,20923.75,1,-226.5,2.24,-228.74,EOD_CLOSE_PROXY,-3.184983314794216,0.8264818002383153,0.4875,-97.5,True,
2025-01-15,MNQH25,A,605aa9c1bee52a102446f0283839daf998adc79f20a0c2713c49ab878646f544,2,1,2025-01-15T10:02:00-05:00,2025-01-15T10:00:00-05:00,2025-01-15T10:01:00-05:00,2025-01-15T16:00:00-05:00,2025-01-15T16:00:00-05:00,session_close_proxy,21327.25,21396.0,21355.0,21396.0,1,82.0,2.24,79.76,EOD_CLOSE_PROXY,3.5911568409343717,0.6922158216101084,0.26515704894083275,90.75,True,
2025-01-22,MNQH25,A,605aa9c1bee52a102446f0283839daf998adc79f20a0c2713c49ab878646f544,2,1,2025-01-22T10:02:00-05:00,2025-01-22T10:00:00-05:00,2025-01-22T10:01:00-05:00,2025-01-22T16:00:00-05:00,2025-01-22T16:00:00-05:00,session_close_proxy,22014.0,21997.25,22020.5,21997.25,1,-46.5,2.24,-48.74,EOD_CLOSE_PROXY,2.8783092324805337,0.7520273037129893,0.3695852534562212,100.25,True,
2025-01-24,MNQH25,A,605aa9c1bee52a102446f0283839daf998adc79f20a0c2713c49ab878646f544,2,-1,2025-01-24T14:02:00-05:00,2025-01-24T14:00:00-05:00,2025-01-24T14:01:00-05:00,2025-01-24T16:00:00-05:00,2025-01-24T16:00:00-05:00,session_close_proxy,21867.75,21908.5,21876.5,21908.5,1,-64.0,2.24,-66.24,EOD_CLOSE_PROXY,-2.06357063403782,0.849136391268474,0.43605546995377503,-70.75,True,
2025-01-28,MNQH25,A,605aa9c1bee52a102446f0283839daf998adc79f20a0c2713c49ab878646f544,2,1,2025-01-28T10:32:00-05:00,2025-01-28T10:30:00-05:00,2025-01-28T10:31:00-05:00,2025-01-28T16:00:00-05:00,2025-01-28T16:00:00-05:00,session_close_proxy,21467.25,21575.75,21469.25,21575.75,1,213.0,2.24,210.76,EOD_CLOSE_PROXY,4.737430478309233,0.7960707253097545,0.5481727574750831,165.0,True,
2025-01-29,MNQH25,A,605aa9c1bee52a102446f0283839daf998adc79f20a0c2713c49ab878646f544,2,-1,2025-01-29T14:32:00-05:00,2025-01-29T14:30:00-05:00,2025-01-29T14:31:00-05:00,2025-01-29T16:00:00-05:00,2025-01-29T16:00:00-05:00,session_close_proxy,21400.25,21530.0,21409.75,21530.0,1,-240.5,2.24,-242.74,EOD_CLOSE_PROXY,-1.3549499443826474,0.41793575744581485,0.046661880832735106,-16.25,True,
2025-01-31,MNQH25,A,605aa9c1bee52a102446f0283839daf998adc79f20a0c2713c49ab878646f544,2,1,2025-01-31T10:02:00-05:00,2025-01-31T10:00:00-05:00,2025-01-31T10:01:00-05:00,2025-01-31T14:46:00-05:00,,intrabar_unknown_within_event_minute,21866.75,21616.75,21881.5,21616.75,1,-529.5,2.24,-531.74,CAT_STOP,2.0576195773081203,0.5793062098284328,0.2102706453851492,75.75,True,
2025-02-04,MNQH25,A,605aa9c1bee52a102446f0283839daf998adc79f20a0c2713c49ab878646f544,2,1,2025-02-04T10:02:00-05:00,2025-02-04T10:00:00-05:00,2025-02-04T10:01:00-05:00,2025-02-04T16:00:00-05:00,2025-02-04T16:00:00-05:00,session_close_proxy,21559.25,21668.0,21587.0,21668.0,1,162.0,2.24,159.76,EOD_CLOSE_PROXY,4.430255839822024,0.8971770524523675,0.5490981963927856,137.0,True,
2025-02-07,MNQH25,A,605aa9c1bee52a102446f0283839daf998adc79f20a0c2713c49ab878646f544,2,-1,2025-02-07T10:32:00-05:00,2025-02-07T10:30:00-05:00,2025-02-07T10:31:00-05:00,2025-02-07T16:00:00-05:00,2025-02-07T16:00:00-05:00,session_close_proxy,21745.0,21588.25,21749.75,21588.25,1,323.0,2.24,320.76,EOD_CLOSE_PROXY,-1.4253615127919912,0.15137121860208108,0.21185019564002236,-94.75,True,
2025-02-13,MNQH25,A,605aa9c1bee52a102446f0283839daf998adc79f20a0c2713c49ab878646f544,2,1,2025-02-13T11:02:00-05:00,2025-02-13T11:00:00-05:00,2025-02-13T11:01:00-05:00,2025-02-13T16:00:00-05:00,2025-02-13T16:00:00-05:00,session_close_proxy,22038.0,22109.0,22030.0,22109.0,1,158.0,2.24,155.76,EOD_CLOSE_PROXY,1.8731368186874304,0.49317293484092617,0.4614003590664273,64.25,True,
2025-02-20,MNQH25,A,605aa9c1bee52a102446f0283839daf998adc79f20a0c2713c49ab878646f544,2,-1,2025-02-20T10:02:00-05:00,2025-02-20T10:00:00-05:00,2025-02-20T10:01:00-05:00,2025-02-20T16:00:00-05:00,2025-02-20T16:00:00-05:00,session_close_proxy,22010.25,22145.25,21978.5,22145.25,1,-333.5,2.24,-335.74,EOD_CLOSE_PROXY,-6.329477196885429,0.8106691115781657,0.6614626129827444,-201.25,True,
2025-02-21,MNQH25,A,605aa9c1bee52a102446f0283839daf998adc79f20a0c2713c49ab878646f544,2,-1,2025-02-21T10:32:00-05:00,2025-02-21T10:30:00-05:00,2025-02-21T10:31:00-05:00,2025-02-21T16:00:00-05:00,2025-02-21T16:00:00-05:00,session_close_proxy,22004.25,21682.0,22010.75,21682.0,1,657.5,2.24,655.26,EOD_CLOSE_PROXY,-2.975361512791991,0.7168344699772603,0.3470225872689938,-84.5,True,
2025-02-24,MNQH25,A,605aa9c1bee52a102446f0283839daf998adc79f20a0c2713c49ab878646f544,2,-1,2025-02-24T10:02:00-05:00,2025-02-24T10:00:00-05:00,2025-02-24T10:01:00-05:00,2025-02-24T16:00:00-05:00,2025-02-24T16:00:00-05:00,session_close_proxy,21567.5,21421.75,21570.5,21421.75,1,297.5,2.24,295.26,EOD_CLOSE_PROXY,-6.238264738598443,0.8501976837537625,0.5048951048951049,-180.5,True,
2025-02-25,MNQH25,A,605aa9c1bee52a102446f0283839daf998adc79f20a0c2713c49ab878646f544,2,-1,2025-02-25T10:02:00-05:00,2025-02-25T10:00:00-05:00,2025-02-25T10:01:00-05:00,2025-02-25T16:00:00-05:00,2025-02-25T16:00:00-05:00,session_close_proxy,21260.75,21150.25,21214.5,21150.25,1,128.5,2.24,126.26,EOD_CLOSE_PROXY,-4.714071190211346,0.7791825856128775,0.21884200196270853,-111.5,True,
2025-02-26,MNQH25,A,605aa9c1bee52a102446f0283839daf998adc79f20a0c2713c49ab878646f544,2,1,2025-02-26T12:32:00-05:00,2025-02-26T12:30:00-05:00,2025-02-26T12:31:00-05:00,2025-02-26T13:53:00-05:00,,intrabar_unknown_within_event_minute,21376.75,21126.75,21379.5,21126.75,1,-505.5,2.24,-507.74,CAT_STOP,-0.019410456062291435,0.0001521169997123427,0.11542857142857142,25.25,True,
2025-02-27,MNQH25,A,605aa9c1bee52a102446f0283839daf998adc79f20a0c2713c49ab878646f544,2,-1,2025-02-27T10:02:00-05:00,2025-02-27T10:00:00-05:00,2025-02-27T10:01:00-05:00,2025-02-27T16:00:00-05:00,2025-02-27T16:00:00-05:00,session_close_proxy,21006.0,20608.5,20929.75,20608.5,1,642.5,2.24,640.26,EOD_CLOSE_PROXY,-12.981535038932147,0.9409423083553233,0.594513501928847,-346.75,True,
2025-02-28,MNQH25,A,605aa9c1bee52a102446f0283839daf998adc79f20a0c2713c49ab878646f544,2,1,2025-02-28T10:32:00-05:00,2025-02-28T10:30:00-05:00,2025-02-28T10:31:00-05:00,2025-02-28T13:17:00-05:00,,intrabar_unknown_within_event_minute,20756.0,20506.0,20755.75,20506.0,1,-499.5,2.24,-501.74,CAT_STOP,4.539210233592881,0.7420210858843406,0.2654690618762475,133.0,True,
2025-03-03,MNQH25,A,605aa9c1bee52a102446f0283839daf998adc79f20a0c2713c49ab878646f544,2,-1,2025-03-03T13:32:00-05:00,2025-03-03T13:30:00-05:00,2025-03-03T13:31:00-05:00,2025-03-03T16:00:00-05:00,2025-03-03T16:00:00-05:00,session_close_proxy,20685.0,20473.25,20706.0,20473.25,1,465.5,2.24,463.26,EOD_CLOSE_PROXY,-3.7046162402669633,0.6529512609557072,0.4958263772954925,-148.5,True,
2025-03-04,MNQH25,A,605aa9c1bee52a102446f0283839daf998adc79f20a0c2713c49ab878646f544,2,-1,2025-03-04T10:02:00-05:00,2025-03-04T10:00:00-05:00,2025-03-04T10:01:00-05:00,2025-03-04T13:13:00-05:00,,intrabar_unknown_within_event_minute,20231.0,20481.0,20207.25,20481.0,1,-547.5,2.24,-549.74,CAT_STOP,-1.2567296996662958,0.07420667552910723,0.13746630727762804,-102.0,True,
2025-03-05,MNQH25,A,605aa9c1bee52a102446f0283839daf998adc79f20a0c2713c49ab878646f544,2,1,2025-03-05T13:02:00-05:00,2025-03-05T13:00:00-05:00,2025-03-05T13:01:00-05:00,2025-03-05T16:00:00-05:00,2025-03-05T16:00:00-05:00,session_close_proxy,20570.5,20658.0,20558.0,20658.0,1,200.0,2.24,197.76,EOD_CLOSE_PROXY,3.075695216907675,0.6003980715783929,0.3049962714392245,102.25,True,
2025-03-06,MNQH25,A,605aa9c1bee52a102446f0283839daf998adc79f20a0c2713c49ab878646f544,2,-1,2025-03-06T12:32:00-05:00,2025-03-06T12:30:00-05:00,2025-03-06T12:31:00-05:00,2025-03-06T16:00:00-05:00,2025-03-06T16:00:00-05:00,session_close_proxy,20156.0,20094.0,20199.25,20094.0,1,210.5,2.24,208.26,EOD_CLOSE_PROXY,-2.1512235817575083,0.3883464886904945,0.22174840085287847,-104.0,True,
2025-03-07,MNQH25,A,605aa9c1bee52a102446f0283839daf998adc79f20a0c2713c49ab878646f544,2,-1,2025-03-07T11:32:00-05:00,2025-03-07T11:30:00-05:00,2025-03-07T11:31:00-05:00,2025-03-07T13:21:00-05:00,,intrabar_unknown_within_event_minute,19873.0,20123.0,19857.25,20123.0,1,-531.5,2.24,-533.74,CAT_STOP,-4.719410456062292,0.8537634843050512,0.43086816720257237,-134.0,True,
2025-03-10,MNQH25,A,605aa9c1bee52a102446f0283839daf998adc79f20a0c2713c49ab878646f544,2,-1,2025-03-10T10:32:00-04:00,2025-03-10T10:30:00-04:00,2025-03-10T10:31:00-04:00,2025-03-10T16:00:00-04:00,2025-03-10T16:00:00-04:00,session_close_proxy,19668.25,19464.0,19670.25,19464.0,1,412.5,2.24,410.26,EOD_CLOSE_PROXY,-1.5186874304783093,0.409785202185039,0.32081632653061226,-98.25,True,
2025-03-11,MNQH25,A,605aa9c1bee52a102446f0283839daf998adc79f20a0c2713c49ab878646f544,2,-1,2025-03-11T13:32:00-04:00,2025-03-11T13:30:00-04:00,2025-03-11T13:31:00-04:00,2025-03-11T14:09:00-04:00,,intrabar_unknown_within_event_minute,19209.0,19459.0,19229.25,19459.0,1,-459.5,2.24,-461.74,CAT_STOP,-3.1493882091212457,0.6487918187927922,0.3197893152746426,-106.25,True,
2025-03-13,MNQH25,A,605aa9c1bee52a102446f0283839daf998adc79f20a0c2713c49ab878646f544,2,-1,2025-03-13T10:02:00-04:00,2025-03-13T10:00:00-04:00,2025-03-13T10:01:00-04:00,2025-03-13T16:00:00-04:00,2025-03-13T16:00:00-04:00,session_close_proxy,19367.5,19252.0,19363.25,19252.0,1,222.5,2.24,220.26,EOD_CLOSE_PROXY,-6.4706340378198,0.8559673475702598,0.33525733525733525,-174.25,True,
2025-03-14,MNQH25,A,605aa9c1bee52a102446f0283839daf998adc79f20a0c2713c49ab878646f544,2,1,2025-03-14T11:32:00-04:00,2025-03-14T11:30:00-04:00,2025-03-14T11:31:00-04:00,2025-03-14T16:00:00-04:00,2025-03-14T16:00:00-04:00,session_close_proxy,19644.75,19705.0,19641.0,19705.0,1,128.0,2.24,125.76,EOD_CLOSE_PROXY,0.8370967741935483,0.3111840877398002,0.10649350649350649,20.5,True,
2025-03-18,MNQH25,A,605aa9c1bee52a102446f0283839daf998adc79f20a0c2713c49ab878646f544,2,-1,2025-03-18T10:02:00-04:00,2025-03-18T10:00:00-04:00,2025-03-18T10:01:00-04:00,2025-03-18T16:00:00-04:00,2025-03-18T16:00:00-04:00,session_close_proxy,19469.25,19501.75,19446.75,19501.75,1,-110.0,2.24,-112.24,EOD_CLOSE_PROXY,-6.6922135706340375,0.8929771781139894,0.4363207547169811,-185.0,True,
2025-03-26,MNQM25,A,605aa9c1bee52a102446f0283839daf998adc79f20a0c2713c49ab878646f544,2,-1,2025-03-26T10:02:00-04:00,2025-03-26T10:00:00-04:00,2025-03-26T10:01:00-04:00,2025-03-26T16:00:00-04:00,2025-03-26T16:00:00-04:00,session_close_proxy,20316.0,20112.5,20334.0,20112.5,1,443.0,2.24,440.76,EOD_CLOSE_PROXY,-4.405061179087875,0.7433056571138684,0.43485617597292725,-128.5,True,
2025-03-28,MNQM25,A,605aa9c1bee52a102446f0283839daf998adc79f20a0c2713c49ab878646f544,2,-1,2025-03-28T10:32:00-04:00,2025-03-28T10:30:00-04:00,2025-03-28T10:31:00-04:00,2025-03-28T16:00:00-04:00,2025-03-28T16:00:00-04:00,session_close_proxy,19639.0,19461.25,19652.75,19461.25,1,383.0,2.24,380.76,EOD_CLOSE_PROXY,-7.3472191323692995,0.9229110432037747,0.7454545454545455,-215.25,True,
2025-04-01,MNQM25,A,605aa9c1bee52a102446f0283839daf998adc79f20a0c2713c49ab878646f544,2,1,2025-04-01T12:02:00-04:00,2025-04-01T12:00:00-04:00,2025-04-01T12:01:00-04:00,2025-04-01T16:00:00-04:00,2025-04-01T16:00:00-04:00,session_close_proxy,19592.5,19603.25,19584.25,19603.25,1,38.0,2.24,35.76,EOD_CLOSE_PROXY,1.0729699666295884,0.3541722119485542,0.12648221343873517,32.0,True,
2025-04-02,MNQM25,A,605aa9c1bee52a102446f0283839daf998adc79f20a0c2713c49ab878646f544,2,1,2025-04-02T12:32:00-04:00,2025-04-02T12:30:00-04:00,2025-04-02T12:31:00-04:00,2025-04-02T16:00:00-04:00,2025-04-02T16:00:00-04:00,session_close_proxy,19767.75,19745.75,19765.75,19745.75,1,-40.0,2.24,-42.24,EOD_CLOSE_PROXY,3.4053392658509454,0.8964347306231112,0.4355697550585729,102.25,True,
2025-04-03,MNQM25,A,605aa9c1bee52a102446f0283839daf998adc79f20a0c2713c49ab878646f544,2,-1,2025-04-03T11:02:00-04:00,2025-04-03T11:00:00-04:00,2025-04-03T11:01:00-04:00,2025-04-03T16:00:00-04:00,2025-04-03T16:00:00-04:00,session_close_proxy,18766.5,18686.0,18783.25,18686.0,1,194.5,2.24,192.26,EOD_CLOSE_PROXY,-5.750611790878754,0.9000925186892097,0.42913645352669744,-162.75,True,
2025-04-04,MNQM25,A,605aa9c1bee52a102446f0283839daf998adc79f20a0c2713c49ab878646f544,2,-1,2025-04-04T10:32:00-04:00,2025-04-04T10:30:00-04:00,2025-04-04T10:31:00-04:00,2025-04-04T16:00:00-04:00,2025-04-04T16:00:00-04:00,session_close_proxy,17915.5,17535.75,17950.75,17535.75,1,830.0,2.24,827.76,EOD_CLOSE_PROXY,-6.870300333704115,0.75916143156178,0.5251368840219014,-263.75,True,
2025-04-07,MNQM25,A,605aa9c1bee52a102446f0283839daf998adc79f20a0c2713c49ab878646f544,2,1,2025-04-07T14:02:00-04:00,2025-04-07T14:00:00-04:00,2025-04-07T14:01:00-04:00,2025-04-07T14:56:00-04:00,,intrabar_unknown_within_event_minute,17783.25,17533.25,17777.0,17533.25,1,-487.5,2.24,-489.74,CAT_STOP,7.107675194660734,0.8117976015128074,0.22288438617401668,187.0,True,
2025-04-08,MNQM25,A,605aa9c1bee52a102446f0283839daf998adc79f20a0c2713c49ab878646f544,2,1,2025-04-08T10:02:00-04:00,2025-04-08T10:00:00-04:00,2025-04-08T10:01:00-04:00,2025-04-08T11:19:00-04:00,,intrabar_unknown_within_event_minute,18248.5,17998.5,18264.25,17998.5,1,-531.5,2.24,-533.74,CAT_STOP,4.029032258064516,0.4579949193035033,0.1262433052792655,82.5,True,
2025-04-08,MNQM25,A,605aa9c1bee52a102446f0283839daf998adc79f20a0c2713c49ab878646f544,2,-1,2025-04-08T15:32:00-04:00,2025-04-08T15:30:00-04:00,2025-04-08T15:31:00-04:00,2025-04-08T16:00:00-04:00,2025-04-08T16:00:00-04:00,session_close_proxy,17270.0,17238.25,17250.75,17238.25,1,25.0,2.24,22.759999999999998,EOD_CLOSE_PROXY,-5.637986651835373,0.44884588901826256,0.30542089026002645,-173.25,True,
2025-04-09,MNQM25,A,605aa9c1bee52a102446f0283839daf998adc79f20a0c2713c49ab878646f544,2,1,2025-04-09T10:02:00-04:00,2025-04-09T10:00:00-04:00,2025-04-09T10:01:00-04:00,2025-04-09T16:00:00-04:00,2025-04-09T16:00:00-04:00,session_close_proxy,17446.25,19272.0,17543.75,19272.0,1,3456.5,2.24,3454.26,EOD_CLOSE_PROXY,6.799221357063404,0.5454925206537167,0.19563636363636364,201.75,True,
2025-04-10,MNQM25,A,605aa9c1bee52a102446f0283839daf998adc79f20a0c2713c49ab878646f544,2,-1,2025-04-10T10:02:00-04:00,2025-04-10T10:00:00-04:00,2025-04-10T10:01:00-04:00,2025-04-10T16:00:00-04:00,2025-04-10T16:00:00-04:00,session_close_proxy,18659.5,18483.25,18645.25,18483.25,1,324.0,2.24,321.76,EOD_CLOSE_PROXY,-3.331813125695217,0.34900086758102855,0.195276023070585,-177.75,True,
2025-04-22,MNQM25,A,605aa9c1bee52a102446f0283839daf998adc79f20a0c2713c49ab878646f544,2,1,2025-04-22T11:02:00-04:00,2025-04-22T11:00:00-04:00,2025-04-22T11:01:00-04:00,2025-04-22T16:00:00-04:00,2025-04-22T16:00:00-04:00,session_close_proxy,18340.5,18379.75,18348.25,18379.75,1,63.0,2.24,60.76,EOD_CLOSE_PROXY,2.3121245828698553,0.7532123950790693,0.4204946996466431,89.25,True,
2025-04-24,MNQM25,A,605aa9c1bee52a102446f0283839daf998adc79f20a0c2713c49ab878646f544,2,1,2025-04-24T10:02:00-04:00,2025-04-24T10:00:00-04:00,2025-04-24T10:01:00-04:00,2025-04-24T16:00:00-04:00,2025-04-24T16:00:00-04:00,session_close_proxy,19051.25,19319.25,19066.25,19319.25,1,506.0,2.24,503.76,EOD_CLOSE_PROXY,6.567964404894327,0.9586382574073781,0.5171448565430371,184.75,True,
2025-04-28,MNQM25,A,605aa9c1bee52a102446f0283839daf998adc79f20a0c2713c49ab878646f544,2,-1,2025-04-28T11:32:00-04:00,2025-04-28T11:30:00-04:00,2025-04-28T11:31:00-04:00,2025-04-28T15:53:00-04:00,,intrabar_unknown_within_event_minute,19320.25,19570.25,19337.75,19570.25,1,-465.0,2.24,-467.24,CAT_STOP,-5.745328142380423,0.9146019430090097,0.5048701298701299,-155.5,True,
2025-04-30,MNQM25,A,605aa9c1bee52a102446f0283839daf998adc79f20a0c2713c49ab878646f544,2,-1,2025-04-30T10:02:00-04:00,2025-04-30T10:00:00-04:00,2025-04-30T10:01:00-04:00,2025-04-30T11:01:00-04:00,,intrabar_unknown_within_event_minute,19124.5,19374.5,19166.0,19374.5,1,-417.0,2.24,-419.24,CAT_STOP,-4.464293659621802,0.6664041828904078,0.24577656675749318,-112.75,True,
2025-05-08,MNQM25,A,605aa9c1bee52a102446f0283839daf998adc79f20a0c2713c49ab878646f544,2,1,2025-05-08T13:02:00-04:00,2025-05-08T13:00:00-04:00,2025-05-08T13:01:00-04:00,2025-05-08T16:00:00-04:00,2025-05-08T16:00:00-04:00,session_close_proxy,20331.0,20152.75,20323.5,20152.75,1,-341.5,2.24,-343.74,EOD_CLOSE_PROXY,1.9125695216907674,0.9285438342475932,0.5012106537530266,51.75,True,
2025-05-13,MNQM25,A,605aa9c1bee52a102446f0283839daf998adc79f20a0c2713c49ab878646f544,2,1,2025-05-13T10:02:00-04:00,2025-05-13T10:00:00-04:00,2025-05-13T10:01:00-04:00,2025-05-13T16:00:00-04:00,2025-05-13T16:00:00-04:00,session_close_proxy,21125.5,21270.5,21123.0,21270.5,1,295.0,2.24,292.76,EOD_CLOSE_PROXY,3.6800889877641825,0.8273815549788173,0.5075022065313327,143.75,True,
2025-05-21,MNQM25,A,605aa9c1bee52a102446f0283839daf998adc79f20a0c2713c49ab878646f544,2,-1,2025-05-21T15:32:00-04:00,2025-05-21T15:30:00-04:00,2025-05-21T15:31:00-04:00,2025-05-21T16:00:00-04:00,2025-05-21T16:00:00-04:00,session_close_proxy,21098.25,21148.75,21112.25,21148.75,1,-73.0,2.24,-75.24,EOD_CLOSE_PROXY,-3.466796440489433,0.7193394682444915,0.2564102564102564,-90.0,True,
2025-05-22,MNQM25,A,605aa9c1bee52a102446f0283839daf998adc79f20a0c2713c49ab878646f544,2,1,2025-05-22T10:02:00-04:00,2025-05-22T10:00:00-04:00,2025-05-22T10:01:00-04:00,2025-05-22T16:00:00-04:00,2025-05-22T16:00:00-04:00,session_close_proxy,21286.5,21183.75,21290.25,21183.75,1,-213.0,2.24,-215.24,EOD_CLOSE_PROXY,4.068854282536151,0.6299651475011052,0.19545454545454546,107.5,True,
2025-05-30,MNQM25,A,605aa9c1bee52a102446f0283839daf998adc79f20a0c2713c49ab878646f544,2,-1,2025-05-30T10:02:00-04:00,2025-05-30T10:00:00-04:00,2025-05-30T10:01:00-04:00,2025-05-30T16:00:00-04:00,2025-05-30T16:00:00-04:00,session_close_proxy,21260.0,21369.5,21299.75,21369.5,1,-139.5,2.24,-141.74,EOD_CLOSE_PROXY,-3.3802558398220244,0.8174226354003001,0.26671358198451794,-94.75,True,
2025-06-02,MNQM25,A,605aa9c1bee52a102446f0283839daf998adc79f20a0c2713c49ab878646f544,2,1,2025-06-02T14:32:00-04:00,2025-06-02T14:30:00-04:00,2025-06-02T14:31:00-04:00,2025-06-02T16:00:00-04:00,2025-06-02T16:00:00-04:00,session_close_proxy,21508.25,21533.25,21507.25,21533.25,1,52.0,2.24,49.76,EOD_CLOSE_PROXY,2.615183537263626,0.8535146563094719,0.4895238095238095,64.25,True,
2025-06-03,MNQM25,A,605aa9c1bee52a102446f0283839daf998adc79f20a0c2713c49ab878646f544,2,1,2025-06-03T11:02:00-04:00,2025-06-03T11:00:00-04:00,2025-06-03T11:01:00-04:00,2025-06-03T16:00:00-04:00,2025-06-03T16:00:00-04:00,session_close_proxy,21661.25,21704.0,21665.25,21704.0,1,77.5,2.24,75.26,EOD_CLOSE_PROXY,2.0387652947719688,0.8774220116084307,0.4358974358974359,51.0,True,
2025-06-05,MNQM25,A,605aa9c1bee52a102446f0283839daf998adc79f20a0c2713c49ab878646f544,2,1,2025-06-05T11:32:00-04:00,2025-06-05T11:30:00-04:00,2025-06-05T11:31:00-04:00,2025-06-05T13:01:00-04:00,,intrabar_unknown_within_event_minute,21920.0,21670.0,21919.5,21670.0,1,-499.0,2.24,-501.24,CAT_STOP,2.5123470522803113,0.8333081799729362,0.4555765595463138,60.25,True,
2025-06-05,MNQM25,A,605aa9c1bee52a102446f0283839daf998adc79f20a0c2713c49ab878646f544,2,-1,2025-06-05T15:32:00-04:00,2025-06-05T15:30:00-04:00,2025-06-05T15:31:00-04:00,2025-06-05T16:00:00-04:00,2025-06-05T16:00:00-04:00,session_close_proxy,21576.0,21587.5,21597.75,21587.5,1,20.5,2.24,18.259999999999998,EOD_CLOSE_PROXY,-6.164015572858732,0.7564567680173327,0.3441358024691358,-111.5,True,
2025-06-16,MNQM25,A,605aa9c1bee52a102446f0283839daf998adc79f20a0c2713c49ab878646f544,2,1,2025-06-16T10:02:00-04:00,2025-06-16T10:00:00-04:00,2025-06-16T10:01:00-04:00,2025-06-16T16:00:00-04:00,2025-06-16T16:00:00-04:00,session_close_proxy,21927.75,21948.5,21942.5,21948.5,1,12.0,2.24,9.76,EOD_CLOSE_PROXY,3.031646273637375,0.7527794156682038,0.3011216566005177,87.25,True,
2025-06-17,MNQM25,A,605aa9c1bee52a102446f0283839daf998adc79f20a0c2713c49ab878646f544,2,-1,2025-06-17T14:32:00-04:00,2025-06-17T14:30:00-04:00,2025-06-17T14:31:00-04:00,2025-06-17T16:00:00-04:00,2025-06-17T16:00:00-04:00,session_close_proxy,21711.25,21730.5,21728.0,21730.5,1,-5.0,2.24,-7.24,EOD_CLOSE_PROXY,-0.6230812013348165,0.22036562604447632,0.07738095238095238,-13.0,True,
2025-06-18,MNQM25,A,605aa9c1bee52a102446f0283839daf998adc79f20a0c2713c49ab878646f544,2,1,2025-06-18T10:32:00-04:00,2025-06-18T10:30:00-04:00,2025-06-18T10:31:00-04:00,2025-06-18T16:00:00-04:00,2025-06-18T16:00:00-04:00,session_close_proxy,21849.0,21723.75,21845.75,21723.75,1,-244.0,2.24,-246.24,EOD_CLOSE_PROXY,2.7632369299221358,0.9023140876516828,0.45479082321187586,84.25,True,
2025-06-23,MNQU25,A,605aa9c1bee52a102446f0283839daf998adc79f20a0c2713c49ab878646f544,2,1,2025-06-23T10:02:00-04:00,2025-06-23T10:00:00-04:00,2025-06-23T10:01:00-04:00,2025-06-23T16:00:00-04:00,2025-06-23T16:00:00-04:00,session_close_proxy,21925.25,22073.0,21931.25,22073.0,1,283.5,2.24,281.26,EOD_CLOSE_PROXY,4.27964404894327,0.8332904435360772,0.26244725738396624,77.75,True,
2025-06-24,MNQU25,A,605aa9c1bee52a102446f0283839daf998adc79f20a0c2713c49ab878646f544,2,1,2025-06-24T11:32:00-04:00,2025-06-24T11:30:00-04:00,2025-06-24T11:31:00-04:00,2025-06-24T16:00:00-04:00,2025-06-24T16:00:00-04:00,session_close_proxy,22373.25,22405.25,22366.5,22405.25,1,77.5,2.24,75.26,EOD_CLOSE_PROXY,1.1792547274749723,0.8245940054377195,0.41013824884792627,44.5,True,
2025-06-26,MNQU25,A,605aa9c1bee52a102446f0283839daf998adc79f20a0c2713c49ab878646f544,2,1,2025-06-26T13:32:00-04:00,2025-06-26T13:30:00-04:00,2025-06-26T13:31:00-04:00,2025-06-26T16:00:00-04:00,2025-06-26T16:00:00-04:00,session_close_proxy,22635.0,22673.5,22639.0,22673.5,1,69.0,2.24,66.76,EOD_CLOSE_PROXY,0.9226918798665183,0.8670128281990521,0.5615384615384615,36.5,True,
2025-06-27,MNQU25,A,605aa9c1bee52a102446f0283839daf998adc79f20a0c2713c49ab878646f544,2,1,2025-06-27T10:02:00-04:00,2025-06-27T10:00:00-04:00,2025-06-27T10:01:00-04:00,2025-06-27T16:00:00-04:00,2025-06-27T16:00:00-04:00,session_close_proxy,22764.5,22752.0,22789.5,22752.0,1,-75.0,2.24,-77.24,EOD_CLOSE_PROXY,1.6486651835372637,0.7991689995232447,0.3289036544850498,49.5,True,
2025-07-01,MNQU25,A,605aa9c1bee52a102446f0283839daf998adc79f20a0c2713c49ab878646f544,2,-1,2025-07-01T11:02:00-04:00,2025-07-01T11:00:00-04:00,2025-07-01T11:01:00-04:00,2025-07-01T16:00:00-04:00,2025-07-01T16:00:00-04:00,session_close_proxy,22688.25,22693.0,22677.75,22693.0,1,-30.5,2.24,-32.74,EOD_CLOSE_PROXY,-2.489710789766407,0.7641465205340265,0.3502645502645503,-82.75,True,
2025-07-02,MNQU25,A,605aa9c1bee52a102446f0283839daf998adc79f20a0c2713c49ab878646f544,2,1,2025-07-02T10:32:00-04:00,2025-07-02T10:30:00-04:00,2025-07-02T10:31:00-04:00,2025-07-02T16:00:00-04:00,2025-07-02T16:00:00-04:00,session_close_proxy,22790.75,22844.5,22795.5,22844.5,1,98.0,2.24,95.76,EOD_CLOSE_PROXY,2.088542825361513,0.9130015115380123,0.6417233560090703,70.75,True,
2025-07-09,MNQU25,A,605aa9c1bee52a102446f0283839daf998adc79f20a0c2713c49ab878646f544,2,1,2025-07-09T10:02:00-04:00,2025-07-09T10:00:00-04:00,2025-07-09T10:01:00-04:00,2025-07-09T16:00:00-04:00,2025-07-09T16:00:00-04:00,session_close_proxy,23085.25,23051.25,23103.75,23051.25,1,-105.0,2.24,-107.24,EOD_CLOSE_PROXY,2.8600111234705228,0.8452188735531461,0.5109717868338558,81.5,True,
2025-07-10,MNQU25,A,605aa9c1bee52a102446f0283839daf998adc79f20a0c2713c49ab878646f544,2,-1,2025-07-10T10:02:00-04:00,2025-07-10T10:00:00-04:00,2025-07-10T10:01:00-04:00,2025-07-10T16:00:00-04:00,2025-07-10T16:00:00-04:00,session_close_proxy,22960.25,23015.0,22931.0,23015.0,1,-168.0,2.24,-170.24,EOD_CLOSE_PROXY,-3.389766407119021,0.881871155062406,0.5167930660888408,-119.25,True,
2025-07-14,MNQU25,A,605aa9c1bee52a102446f0283839daf998adc79f20a0c2713c49ab878646f544,2,1,2025-07-14T13:02:00-04:00,2025-07-14T13:00:00-04:00,2025-07-14T13:01:00-04:00,2025-07-14T16:00:00-04:00,2025-07-14T16:00:00-04:00,session_close_proxy,23033.5,23034.5,23038.5,23034.5,1,-8.0,2.24,-10.24,EOD_CLOSE_PROXY,1.070967741935484,0.8244163375201415,0.2698412698412698,21.25,True,
2025-07-16,MNQU25,A,605aa9c1bee52a102446f0283839daf998adc79f20a0c2713c49ab878646f544,2,-1,2025-07-16T10:02:00-04:00,2025-07-16T10:00:00-04:00,2025-07-16T10:01:00-04:00,2025-07-16T16:00:00-04:00,2025-07-16T16:00:00-04:00,session_close_proxy,22967.75,23074.5,22977.25,23074.5,1,-194.5,2.24,-196.74,EOD_CLOSE_PROXY,-3.2189655172413794,0.8938072562869395,0.32727272727272727,-99.0,True,
2025-07-17,MNQU25,A,605aa9c1bee52a102446f0283839daf998adc79f20a0c2713c49ab878646f544,2,1,2025-07-17T11:02:00-04:00,2025-07-17T11:00:00-04:00,2025-07-17T11:01:00-04:00,2025-07-17T16:00:00-04:00,2025-07-17T16:00:00-04:00,session_close_proxy,23194.25,23257.75,23204.0,23257.75,1,107.5,2.24,105.26,EOD_CLOSE_PROXY,1.2302558398220245,0.8175603461180755,0.3522975929978118,40.25,True,
2025-07-18,MNQU25,A,605aa9c1bee52a102446f0283839daf998adc79f20a0c2713c49ab878646f544,2,-1,2025-07-18T10:32:00-04:00,2025-07-18T10:30:00-04:00,2025-07-18T10:31:00-04:00,2025-07-18T16:00:00-04:00,2025-07-18T16:00:00-04:00,session_close_proxy,23194.0,23226.75,23196.0,23226.75,1,-61.5,2.24,-63.74,EOD_CLOSE_PROXY,-2.1938264738598443,0.8345567862525449,0.3478760045924225,-75.75,True,
2025-07-21,MNQU25,A,605aa9c1bee52a102446f0283839daf998adc79f20a0c2713c49ab878646f544,2,1,2025-07-21T10:02:00-04:00,2025-07-21T10:00:00-04:00,2025-07-21T10:01:00-04:00,2025-07-21T16:00:00-04:00,2025-07-21T16:00:00-04:00,session_close_proxy,23375.5,23344.25,23400.0,23344.25,1,-111.5,2.24,-113.74,EOD_CLOSE_PROXY,3.603281423804227,0.8773001902160555,0.5019973368841545,94.25,True,
2025-07-22,MNQU25,A,605aa9c1bee52a102446f0283839daf998adc79f20a0c2713c49ab878646f544,2,-1,2025-07-22T10:02:00-04:00,2025-07-22T10:00:00-04:00,2025-07-22T10:01:00-04:00,2025-07-22T16:00:00-04:00,2025-07-22T16:00:00-04:00,session_close_proxy,23142.0,23222.0,23123.75,23222.0,1,-196.5,2.24,-198.74,EOD_CLOSE_PROXY,-6.912180200222469,0.8875644781111233,0.4933519944016795,-176.25,True,
2025-07-25,MNQU25,A,605aa9c1bee52a102446f0283839daf998adc79f20a0c2713c49ab878646f544,2,1,2025-07-25T12:32:00-04:00,2025-07-25T12:30:00-04:00,2025-07-25T12:31:00-04:00,2025-07-25T16:00:00-04:00,2025-07-25T16:00:00-04:00,session_close_proxy,23463.75,23422.5,23469.25,23422.5,1,-93.5,2.24,-95.74,EOD_CLOSE_PROXY,1.6201334816462736,0.8800847924042039,0.4339622641509434,40.25,True,
2025-07-31,MNQU25,A,605aa9c1bee52a102446f0283839daf998adc79f20a0c2713c49ab878646f544,2,-1,2025-07-31T14:02:00-04:00,2025-07-31T14:00:00-04:00,2025-07-31T14:01:00-04:00,2025-07-31T16:00:00-04:00,2025-07-31T16:00:00-04:00,session_close_proxy,23388.75,23354.0,23407.25,23354.0,1,106.5,2.24,104.26,EOD_CLOSE_PROXY,-2.6369299221357063,0.40530311136114766,0.16863406408094436,-50.0,True,
2025-08-01,MNQU25,A,605aa9c1bee52a102446f0283839daf998adc79f20a0c2713c49ab878646f544,2,-1,2025-08-01T10:02:00-04:00,2025-08-01T10:00:00-04:00,2025-08-01T10:01:00-04:00,2025-08-01T16:00:00-04:00,2025-08-01T16:00:00-04:00,session_close_proxy,22870.25,22880.75,22826.75,22880.75,1,-108.0,2.24,-110.24,EOD_CLOSE_PROXY,-6.928086763070078,0.8474320056809139,0.3366238894373149,-170.5,True,
2025-08-04,MNQU25,A,605aa9c1bee52a102446f0283839daf998adc79f20a0c2713c49ab878646f544,2,1,2025-08-04T10:02:00-04:00,2025-08-04T10:00:00-04:00,2025-08-04T10:01:00-04:00,2025-08-04T16:00:00-04:00,2025-08-04T16:00:00-04:00,session_close_proxy,23246.5,23297.0,23253.5,23297.0,1,87.0,2.24,84.76,EOD_CLOSE_PROXY,4.653058954393771,0.9067215603102394,0.6210526315789474,147.5,True,
2025-08-05,MNQU25,A,605aa9c1bee52a102446f0283839daf998adc79f20a0c2713c49ab878646f544,2,-1,2025-08-05T11:02:00-04:00,2025-08-05T11:00:00-04:00,2025-08-05T11:01:00-04:00,2025-08-05T16:00:00-04:00,2025-08-05T16:00:00-04:00,session_close_proxy,23180.75,23133.75,23163.75,23133.75,1,60.0,2.24,57.76,EOD_CLOSE_PROXY,-4.101557285873192,0.7504810785347649,0.3918918918918919,-101.5,True,
2025-08-06,MNQU25,A,605aa9c1bee52a102446f0283839daf998adc79f20a0c2713c49ab878646f544,2,1,2025-08-06T11:02:00-04:00,2025-08-06T11:00:00-04:00,2025-08-06T11:01:00-04:00,2025-08-06T16:00:00-04:00,2025-08-06T16:00:00-04:00,session_close_proxy,23282.25,23424.75,23287.25,23424.75,1,275.0,2.24,272.76,EOD_CLOSE_PROXY,2.4374304783092327,0.6541689381851937,0.30180567497850386,87.75,True,
2025-08-08,MNQU25,A,605aa9c1bee52a102446f0283839daf998adc79f20a0c2713c49ab878646f544,2,1,2025-08-08T10:02:00-04:00,2025-08-08T10:00:00-04:00,2025-08-08T10:01:00-04:00,2025-08-08T16:00:00-04:00,2025-08-08T16:00:00-04:00,session_close_proxy,23643.5,23713.75,23638.0,23713.75,1,151.5,2.24,149.26,EOD_CLOSE_PROXY,3.539098998887653,0.861049037154282,0.34029227557411273,81.5,True,
2025-08-12,MNQU25,A,605aa9c1bee52a102446f0283839daf998adc79f20a0c2713c49ab878646f544,2,1,2025-08-12T11:32:00-04:00,2025-08-12T11:30:00-04:00,2025-08-12T11:31:00-04:00,2025-08-12T16:00:00-04:00,2025-08-12T16:00:00-04:00,session_close_proxy,23833.25,23934.0,23824.0,23934.0,1,220.0,2.24,217.76,EOD_CLOSE_PROXY,2.475305895439377,0.7580039130848932,0.31129476584022037,56.5,True,
2025-08-15,MNQU25,A,605aa9c1bee52a102446f0283839daf998adc79f20a0c2713c49ab878646f544,2,-1,2025-08-15T10:02:00-04:00,2025-08-15T10:00:00-04:00,2025-08-15T10:01:00-04:00,2025-08-15T16:00:00-04:00,2025-08-15T16:00:00-04:00,session_close_proxy,23803.75,23805.75,23794.5,23805.75,1,-22.5,2.24,-24.740000000000002,EOD_CLOSE_PROXY,-3.128476084538376,0.7453876432107561,0.20318021201413428,-57.5,True,
2025-08-19,MNQU25,A,605aa9c1bee52a102446f0283839daf998adc79f20a0c2713c49ab878646f544,2,-1,2025-08-19T10:02:00-04:00,2025-08-19T10:00:00-04:00,2025-08-19T10:01:00-04:00,2025-08-19T16:00:00-04:00,2025-08-19T16:00:00-04:00,session_close_proxy,23677.75,23471.0,23674.0,23471.0,1,406.0,2.24,403.76,EOD_CLOSE_PROXY,-1.0730255839822025,0.1328801152192754,0.23391370174110523,-77.25,True,
2025-08-20,MNQU25,A,605aa9c1bee52a102446f0283839daf998adc79f20a0c2713c49ab878646f544,2,-1,2025-08-20T10:02:00-04:00,2025-08-20T10:00:00-04:00,2025-08-20T10:01:00-04:00,2025-08-20T16:00:00-04:00,2025-08-20T16:00:00-04:00,session_close_proxy,23174.25,23324.75,23189.0,23324.75,1,-271.5,2.24,-273.74,EOD_CLOSE_PROXY,-8.653225806451612,0.9195565380253424,0.45240641711229945,-211.5,True,
2025-08-22,MNQU25,A,605aa9c1bee52a102446f0283839daf998adc79f20a0c2713c49ab878646f544,2,1,2025-08-22T10:32:00-04:00,2025-08-22T10:30:00-04:00,2025-08-22T10:31:00-04:00,2025-08-22T16:00:00-04:00,2025-08-22T16:00:00-04:00,session_close_proxy,23554.25,23565.0,23568.75,23565.0,1,-7.5,2.24,-9.74,EOD_CLOSE_PROXY,1.9021134593993325,0.16960231709087475,0.16069941715237301,96.5,True,
2025-08-28,MNQU25,A,605aa9c1bee52a102446f0283839daf998adc79f20a0c2713c49ab878646f544,2,1,2025-08-28T12:32:00-04:00,2025-08-28T12:30:00-04:00,2025-08-28T12:31:00-04:00,2025-08-28T16:00:00-04:00,2025-08-28T16:00:00-04:00,session_close_proxy,23754.5,23766.5,23740.5,23766.5,1,52.0,2.24,49.76,EOD_CLOSE_PROXY,2.3112347052280313,0.9385606987107706,0.5864978902953587,69.5,True,
2025-09-04,MNQU25,A,605aa9c1bee52a102446f0283839daf998adc79f20a0c2713c49ab878646f544,2,1,2025-09-04T15:02:00-04:00,2025-09-04T15:00:00-04:00,2025-09-04T15:01:00-04:00,2025-09-04T16:00:00-04:00,2025-09-04T16:00:00-04:00,session_close_proxy,23620.0,23666.0,23620.5,23666.0,1,91.0,2.24,88.76,EOD_CLOSE_PROXY,0.510734149054505,0.5223679230271839,0.24705882352941178,21.0,True,
2025-09-08,MNQU25,A,605aa9c1bee52a102446f0283839daf998adc79f20a0c2713c49ab878646f544,2,1,2025-09-08T10:02:00-04:00,2025-09-08T10:00:00-04:00,2025-09-08T10:01:00-04:00,2025-09-08T16:00:00-04:00,2025-09-08T16:00:00-04:00,session_close_proxy,23845.5,23803.0,23847.0,23803.0,1,-88.0,2.24,-90.24,EOD_CLOSE_PROXY,2.318298109010011,0.7257932102198913,0.17267267267267267,57.5,True,
2025-09-15,MNQU25,A,605aa9c1bee52a102446f0283839daf998adc79f20a0c2713c49ab878646f544,2,1,2025-09-15T10:02:00-04:00,2025-09-15T10:00:00-04:00,2025-09-15T10:01:00-04:00,2025-09-15T16:00:00-04:00,2025-09-15T16:00:00-04:00,session_close_proxy,24260.75,24311.5,24259.0,24311.5,1,105.0,2.24,102.76,EOD_CLOSE_PROXY,2.032814238042269,0.8512602931252975,0.3397358943577431,70.75,True,
2025-09-17,MNQU25,A,605aa9c1bee52a102446f0283839daf998adc79f20a0c2713c49ab878646f544,2,-1,2025-09-17T10:02:00-04:00,2025-09-17T10:00:00-04:00,2025-09-17T10:01:00-04:00,2025-09-17T16:00:00-04:00,2025-09-17T16:00:00-04:00,session_close_proxy,24237.0,24231.5,24236.0,24231.5,1,9.0,2.24,6.76,EOD_CLOSE_PROXY,-0.47636262513904337,0.06208249246711843,0.3218884120171674,-56.25,True,
2025-09-18,MNQU25,A,605aa9c1bee52a102446f0283839daf998adc79f20a0c2713c49ab878646f544,2,1,2025-09-18T10:32:00-04:00,2025-09-18T10:30:00-04:00,2025-09-18T10:31:00-04:00,2025-09-18T16:00:00-04:00,2025-09-18T16:00:00-04:00,session_close_proxy,24540.75,24456.5,24556.75,24456.5,1,-200.5,2.24,-202.74,EOD_CLOSE_PROXY,2.5706340378198,0.8890361678306843,0.4657534246575342,85.0,True,
2025-09-22,MNQZ25,A,605aa9c1bee52a102446f0283839daf998adc79f20a0c2713c49ab878646f544,2,1,2025-09-22T12:32:00-04:00,2025-09-22T12:30:00-04:00,2025-09-22T12:31:00-04:00,2025-09-22T16:00:00-04:00,2025-09-22T16:00:00-04:00,session_close_proxy,24972.75,24998.75,24977.25,24998.75,1,43.0,2.24,40.76,EOD_CLOSE_PROXY,1.9621245828698555,0.8773860078479229,0.4153846153846154,54.0,True,
2025-09-23,MNQZ25,A,605aa9c1bee52a102446f0283839daf998adc79f20a0c2713c49ab878646f544,2,-1,2025-09-23T10:02:00-04:00,2025-09-23T10:00:00-04:00,2025-09-23T10:01:00-04:00,2025-09-23T16:00:00-04:00,2025-09-23T16:00:00-04:00,session_close_proxy,24940.25,24830.5,24932.75,24830.5,1,204.5,2.24,202.26,EOD_CLOSE_PROXY,-1.825027808676307,0.7316992599969091,0.31877729257641924,-54.75,True,
2025-09-24,MNQZ25,A,605aa9c1bee52a102446f0283839daf998adc79f20a0c2713c49ab878646f544,2,-1,2025-09-24T12:02:00-04:00,2025-09-24T12:00:00-04:00,2025-09-24T12:01:00-04:00,2025-09-24T16:00:00-04:00,2025-09-24T16:00:00-04:00,session_close_proxy,24679.75,24739.75,24677.25,24739.75,1,-125.0,2.24,-127.24,EOD_CLOSE_PROXY,-3.4746384872080087,0.913216070320547,0.5232558139534884,-112.5,True,
2025-09-25,MNQZ25,A,605aa9c1bee52a102446f0283839daf998adc79f20a0c2713c49ab878646f544,2,-1,2025-09-25T10:02:00-04:00,2025-09-25T10:00:00-04:00,2025-09-25T10:01:00-04:00,2025-09-25T16:00:00-04:00,2025-09-25T16:00:00-04:00,session_close_proxy,24453.0,24631.75,24453.25,24631.75,1,-357.0,2.24,-359.24,EOD_CLOSE_PROXY,-2.574860956618465,0.4086952902691399,0.2575976845151954,-89.0,True,
2025-09-26,MNQZ25,A,605aa9c1bee52a102446f0283839daf998adc79f20a0c2713c49ab878646f544,2,1,2025-09-26T10:02:00-04:00,2025-09-26T10:00:00-04:00,2025-09-26T10:01:00-04:00,2025-09-26T16:00:00-04:00,2025-09-26T16:00:00-04:00,session_close_proxy,24706.5,24725.75,24722.25,24725.75,1,7.0,2.24,4.76,EOD_CLOSE_PROXY,1.2365406006674082,0.2789006817263238,0.3114241001564945,99.5,True,
2025-09-29,MNQZ25,A,605aa9c1bee52a102446f0283839daf998adc79f20a0c2713c49ab878646f544,2,1,2025-09-29T10:02:00-04:00,2025-09-29T10:00:00-04:00,2025-09-29T10:01:00-04:00,2025-09-29T16:00:00-04:00,2025-09-29T16:00:00-04:00,session_close_proxy,24941.25,24837.0,24939.5,24837.0,1,-205.0,2.24,-207.24,EOD_CLOSE_PROXY,3.3015016685205785,0.8413389380043039,0.43434343434343436,86.0,True,
2025-10-01,MNQZ25,A,605aa9c1bee52a102446f0283839daf998adc79f20a0c2713c49ab878646f544,2,1,2025-10-01T13:32:00-04:00,2025-10-01T13:30:00-04:00,2025-10-01T13:31:00-04:00,2025-10-01T16:00:00-04:00,2025-10-01T16:00:00-04:00,session_close_proxy,24984.0,25011.5,24976.75,25011.5,1,69.5,2.24,67.26,EOD_CLOSE_PROXY,0.6306451612903226,0.5851620848724434,0.3117206982543641,31.25,True,
2025-10-03,MNQZ25,A,605aa9c1bee52a102446f0283839daf998adc79f20a0c2713c49ab878646f544,2,-1,2025-10-03T14:02:00-04:00,2025-10-03T14:00:00-04:00,2025-10-03T14:01:00-04:00,2025-10-03T16:00:00-04:00,2025-10-03T16:00:00-04:00,session_close_proxy,24974.0,24996.25,24957.0,24996.25,1,-78.5,2.24,-80.74,EOD_CLOSE_PROXY,-3.589043381535039,0.812411879058377,0.21961620469083157,-51.5,True,
2025-10-07,MNQZ25,A,605aa9c1bee52a102446f0283839daf998adc79f20a0c2713c49ab878646f544,2,-1,2025-10-07T11:32:00-04:00,2025-10-07T11:30:00-04:00,2025-10-07T11:31:00-04:00,2025-10-07T16:00:00-04:00,2025-10-07T16:00:00-04:00,session_close_proxy,25074.75,25045.0,25063.25,25045.0,1,36.5,2.24,34.26,EOD_CLOSE_PROXY,-2.032258064516129,0.3193061442522003,0.34177215189873417,-114.75,True,
2025-10-08,MNQZ25,A,605aa9c1bee52a102446f0283839daf998adc79f20a0c2713c49ab878646f544,2,1,2025-10-08T10:02:00-04:00,2025-10-08T10:00:00-04:00,2025-10-08T10:01:00-04:00,2025-10-08T16:00:00-04:00,2025-10-08T16:00:00-04:00,session_close_proxy,25174.0,25329.25,25187.5,25329.25,1,283.5,2.24,281.26,EOD_CLOSE_PROXY,2.307230255839822,0.8634245125968022,0.37032842582106457,81.75,True,
2025-10-09,MNQZ25,A,605aa9c1bee52a102446f0283839daf998adc79f20a0c2713c49ab878646f544,2,-1,2025-10-09T11:32:00-04:00,2025-10-09T11:30:00-04:00,2025-10-09T11:31:00-04:00,2025-10-09T16:00:00-04:00,2025-10-09T16:00:00-04:00,session_close_proxy,25228.0,25294.75,25228.0,25294.75,1,-133.5,2.24,-135.74,EOD_CLOSE_PROXY,-0.9628476084538375,0.4870315691364924,0.25734024179620035,-37.25,True,
2025-10-10,MNQZ25,A,605aa9c1bee52a102446f0283839daf998adc79f20a0c2713c49ab878646f544,2,-1,2025-10-10T11:02:00-04:00,2025-10-10T11:00:00-04:00,2025-10-10T11:01:00-04:00,2025-10-10T16:00:00-04:00,2025-10-10T16:00:00-04:00,session_close_proxy,25194.0,24402.5,25108.25,24402.5,1,1411.5,2.24,1409.26,EOD_CLOSE_PROXY,-1.8696329254727475,0.20541674249477673,0.5175438596491229,-147.5,True,
2025-10-13,MNQZ25,A,605aa9c1bee52a102446f0283839daf998adc79f20a0c2713c49ab878646f544,2,1,2025-10-13T10:02:00-04:00,2025-10-13T10:00:00-04:00,2025-10-13T10:01:00-04:00,2025-10-13T16:00:00-04:00,2025-10-13T16:00:00-04:00,session_close_proxy,24888.25,24921.25,24902.0,24921.25,1,38.5,2.24,36.26,EOD_CLOSE_PROXY,3.99944382647386,0.5584776272269397,0.13537996980372421,67.25,True,
2025-10-14,MNQZ25,A,605aa9c1bee52a102446f0283839daf998adc79f20a0c2713c49ab878646f544,2,-1,2025-10-14T10:02:00-04:00,2025-10-14T10:00:00-04:00,2025-10-14T10:01:00-04:00,2025-10-14T11:54:00-04:00,,intrabar_unknown_within_event_minute,24575.75,24825.75,24565.25,24825.75,1,-521.0,2.24,-523.24,CAT_STOP,-0.6789766407119021,0.015485429634491637,0.06659267480577137,-30.0,True,
2025-10-15,MNQZ25,A,605aa9c1bee52a102446f0283839daf998adc79f20a0c2713c49ab878646f544,2,1,2025-10-15T10:32:00-04:00,2025-10-15T10:30:00-04:00,2025-10-15T10:31:00-04:00,2025-10-15T13:01:00-04:00,,intrabar_unknown_within_event_minute,25101.25,24851.25,25109.25,24851.25,1,-516.0,2.24,-518.24,CAT_STOP,2.3096774193548386,0.6867855292408387,0.3602080624187256,69.25,True,
2025-10-16,MNQZ25,A,605aa9c1bee52a102446f0283839daf998adc79f20a0c2713c49ab878646f544,2,-1,2025-10-16T14:32:00-04:00,2025-10-16T14:30:00-04:00,2025-10-16T14:31:00-04:00,2025-10-16T16:00:00-04:00,2025-10-16T16:00:00-04:00,session_close_proxy,24697.75,24831.0,24701.25,24831.0,1,-259.5,2.24,-261.74,EOD_CLOSE_PROXY,-5.010066740823137,0.7320124921886878,0.37082818294190356,-150.0,True,
2025-10-17,MNQZ25,A,605aa9c1bee52a102446f0283839daf998adc79f20a0c2713c49ab878646f544,2,1,2025-10-17T10:32:00-04:00,2025-10-17T10:30:00-04:00,2025-10-17T10:31:00-04:00,2025-10-17T16:00:00-04:00,2025-10-17T16:00:00-04:00,session_close_proxy,24908.75,24988.25,24889.0,24988.25,1,198.5,2.24,196.26,EOD_CLOSE_PROXY,3.482536151279199,0.5316173332886069,0.2448780487804878,125.5,True,
2025-10-20,MNQZ25,A,605aa9c1bee52a102446f0283839daf998adc79f20a0c2713c49ab878646f544,2,1,2025-10-20T10:02:00-04:00,2025-10-20T10:00:00-04:00,2025-10-20T10:01:00-04:00,2025-10-20T16:00:00-04:00,2025-10-20T16:00:00-04:00,session_close_proxy,25221.75,25300.25,25228.75,25300.25,1,143.0,2.24,140.76,EOD_CLOSE_PROXY,1.2578420467185762,0.5299689576728258,0.26558265582655827,49.0,True,
2025-10-21,MNQZ25,A,605aa9c1bee52a102446f0283839daf998adc79f20a0c2713c49ab878646f544,2,-1,2025-10-21T10:02:00-04:00,2025-10-21T10:00:00-04:00,2025-10-21T10:01:00-04:00,2025-10-21T16:00:00-04:00,2025-10-21T16:00:00-04:00,session_close_proxy,25234.75,25291.25,25222.5,25291.25,1,-137.5,2.24,-139.74,EOD_CLOSE_PROXY,-1.7531701890989988,0.5931933061204674,0.1824561403508772,-52.0,True,
2025-10-22,MNQZ25,A,605aa9c1bee52a102446f0283839daf998adc79f20a0c2713c49ab878646f544,2,-1,2025-10-22T10:32:00-04:00,2025-10-22T10:30:00-04:00,2025-10-22T10:31:00-04:00,2025-10-22T16:00:00-04:00,2025-10-22T16:00:00-04:00,session_close_proxy,25125.25,25040.0,25110.75,25040.0,1,141.5,2.24,139.26,EOD_CLOSE_PROXY,-3.82119021134594,0.7908546772504631,0.536178107606679,-144.5,True,
2025-10-23,MNQZ25,A,605aa9c1bee52a102446f0283839daf998adc79f20a0c2713c49ab878646f544,2,1,2025-10-23T10:02:00-04:00,2025-10-23T10:00:00-04:00,2025-10-23T10:01:00-04:00,2025-10-23T16:00:00-04:00,2025-10-23T16:00:00-04:00,session_close_proxy,25160.5,25252.25,25140.5,25252.25,1,223.5,2.24,221.26,EOD_CLOSE_PROXY,5.608342602892102,0.9353329679541093,0.4896302975653742,135.75,True,
2025-10-30,MNQZ25,A,605aa9c1bee52a102446f0283839daf998adc79f20a0c2713c49ab878646f544,2,-1,2025-10-30T10:32:00-04:00,2025-10-30T10:30:00-04:00,2025-10-30T10:31:00-04:00,2025-10-30T16:00:00-04:00,2025-10-30T16:00:00-04:00,session_close_proxy,26020.25,25871.75,26043.25,25871.75,1,343.0,2.24,340.76,EOD_CLOSE_PROXY,-4.439043381535039,0.8762338786160951,0.28404255319148936,-133.5,True,
2025-11-05,MNQZ25,A,605aa9c1bee52a102446f0283839daf998adc79f20a0c2713c49ab878646f544,2,1,2025-11-05T10:02:00-05:00,2025-11-05T10:00:00-05:00,2025-11-05T10:01:00-05:00,2025-11-05T16:00:00-05:00,2025-11-05T16:00:00-05:00,session_close_proxy,25686.75,25740.75,25682.75,25740.75,1,116.0,2.24,113.76,EOD_CLOSE_PROXY,6.336929922135706,0.7997368257761452,0.26960503720664,117.75,True,
2025-11-06,MNQZ25,A,605aa9c1bee52a102446f0283839daf998adc79f20a0c2713c49ab878646f544,2,-1,2025-11-06T10:02:00-05:00,2025-11-06T10:00:00-05:00,2025-11-06T10:01:00-05:00,2025-11-06T16:00:00-05:00,2025-11-06T16:00:00-05:00,session_close_proxy,25513.5,25258.75,25485.5,25258.75,1,453.5,2.24,451.26,EOD_CLOSE_PROXY,-3.9408787541713015,0.6347134404588665,0.29133858267716534,-138.75,True,
2025-11-07,MNQZ25,A,605aa9c1bee52a102446f0283839daf998adc79f20a0c2713c49ab878646f544,2,-1,2025-11-07T10:02:00-05:00,2025-11-07T10:00:00-05:00,2025-11-07T10:01:00-05:00,2025-11-07T16:00:00-05:00,2025-11-07T16:00:00-05:00,session_close_proxy,25025.0,25164.5,24972.75,25164.5,1,-383.5,2.24,-385.74,EOD_CLOSE_PROXY,-0.9595661846496106,0.037071719917868055,0.03540191586838817,-21.25,True,
2025-11-10,MNQZ25,A,605aa9c1bee52a102446f0283839daf998adc79f20a0c2713c49ab878646f544,2,1,2025-11-10T10:02:00-05:00,2025-11-10T10:00:00-05:00,2025-11-10T10:01:00-05:00,2025-11-10T16:00:00-05:00,2025-11-10T16:00:00-05:00,session_close_proxy,25638.25,25713.25,25634.5,25713.25,1,157.5,2.24,155.26,EOD_CLOSE_PROXY,1.8295328142380423,0.5204850619627599,0.2835538752362949,75.0,True,
2025-11-13,MNQZ25,A,605aa9c1bee52a102446f0283839daf998adc79f20a0c2713c49ab878646f544,2,-1,2025-11-13T10:02:00-05:00,2025-11-13T10:00:00-05:00,2025-11-13T10:01:00-05:00,2025-11-13T16:00:00-05:00,2025-11-13T16:00:00-05:00,session_close_proxy,25381.25,25100.0,25396.75,25100.0,1,593.5,2.24,591.26,EOD_CLOSE_PROXY,-2.145606229143493,0.15117333722369086,0.18469015795868773,-76.0,True,
2025-11-14,MNQZ25,A,605aa9c1bee52a102446f0283839daf998adc79f20a0c2713c49ab878646f544,2,1,2025-11-14T11:32:00-05:00,2025-11-14T11:30:00-05:00,2025-11-14T11:31:00-05:00,2025-11-14T16:00:00-05:00,2025-11-14T16:00:00-05:00,session_close_proxy,25241.0,25105.5,25229.25,25105.5,1,-247.5,2.24,-249.74,EOD_CLOSE_PROXY,5.506562847608454,0.7603601995368859,0.23780854906682722,98.75,True,
2025-11-17,MNQZ25,A,605aa9c1bee52a102446f0283839daf998adc79f20a0c2713c49ab878646f544,2,-1,2025-11-17T15:02:00-05:00,2025-11-17T15:00:00-05:00,2025-11-17T15:01:00-05:00,2025-11-17T16:00:00-05:00,2025-11-17T16:00:00-05:00,session_close_proxy,24756.0,24887.25,24754.25,24887.25,1,-266.0,2.24,-268.24,EOD_CLOSE_PROXY,-2.513403781979978,0.7566994968346206,0.3796889295516926,-103.75,True,
2025-11-18,MNQZ25,A,605aa9c1bee52a102446f0283839daf998adc79f20a0c2713c49ab878646f544,2,-1,2025-11-18T10:02:00-05:00,2025-11-18T10:00:00-05:00,2025-11-18T10:01:00-05:00,2025-11-18T12:59:00-05:00,,intrabar_unknown_within_event_minute,24523.25,24773.25,24533.5,24773.25,1,-479.5,2.24,-481.74,CAT_STOP,-8.359677419354838,0.8463830714348182,0.2670222780043928,-212.75,True,
2025-11-19,MNQZ25,A,605aa9c1bee52a102446f0283839daf998adc79f20a0c2713c49ab878646f544,2,1,2025-11-19T10:02:00-05:00,2025-11-19T10:00:00-05:00,2025-11-19T10:01:00-05:00,2025-11-19T12:05:00-05:00,,intrabar_unknown_within_event_minute,24894.25,24644.25,24897.5,24644.25,1,-506.5,2.24,-508.74,CAT_STOP,9.901724137931035,0.9737380601170926,0.6587301587301587,290.5,True,
2025-11-20,MNQZ25,A,605aa9c1bee52a102446f0283839daf998adc79f20a0c2713c49ab878646f544,2,-1,2025-11-20T12:32:00-05:00,2025-11-20T12:30:00-05:00,2025-11-20T12:31:00-05:00,2025-11-20T16:00:00-05:00,2025-11-20T16:00:00-05:00,session_close_proxy,24450.75,24137.75,24478.25,24137.75,1,681.0,2.24,678.76,EOD_CLOSE_PROXY,-6.017352614015572,0.612100591710219,0.12316790948830034,-119.75,True,
2025-11-21,MNQZ25,A,605aa9c1bee52a102446f0283839daf998adc79f20a0c2713c49ab878646f544,2,1,2025-11-21T14:02:00-05:00,2025-11-21T14:00:00-05:00,2025-11-21T14:01:00-05:00,2025-11-21T16:00:00-05:00,2025-11-21T16:00:00-05:00,session_close_proxy,24477.25,24313.5,24498.5,24313.5,1,-370.0,2.24,-372.24,EOD_CLOSE_PROXY,8.012569521690768,0.7982982847101475,0.3534971644612476,187.0,True,
2025-11-24,MNQZ25,A,605aa9c1bee52a102446f0283839daf998adc79f20a0c2713c49ab878646f544,2,1,2025-11-24T10:02:00-05:00,2025-11-24T10:00:00-05:00,2025-11-24T10:01:00-05:00,2025-11-24T16:00:00-05:00,2025-11-24T16:00:00-05:00,session_close_proxy,24683.75,24935.5,24703.5,24935.5,1,464.0,2.24,461.76,EOD_CLOSE_PROXY,0.23743047830923247,0.003704182971488191,0.21172886519421172,139.0,True,
2025-12-05,MNQZ25,A,605aa9c1bee52a102446f0283839daf998adc79f20a0c2713c49ab878646f544,2,1,2025-12-05T10:32:00-05:00,2025-12-05T10:30:00-05:00,2025-12-05T10:31:00-05:00,2025-12-05T16:00:00-05:00,2025-12-05T16:00:00-05:00,session_close_proxy,25837.0,25726.0,25846.0,25726.0,1,-240.0,2.24,-242.24,EOD_CLOSE_PROXY,1.6634037819799778,0.47516320107168064,0.3070063694267516,60.25,True,
2025-12-11,MNQZ25,A,605aa9c1bee52a102446f0283839daf998adc79f20a0c2713c49ab878646f544,2,-1,2025-12-11T10:02:00-05:00,2025-12-11T10:00:00-05:00,2025-12-11T10:01:00-05:00,2025-12-11T13:38:00-05:00,,intrabar_unknown_within_event_minute,25414.25,25664.25,25405.0,25664.25,1,-518.5,2.24,-520.74,CAT_STOP,-7.635650723025584,0.8666042520084168,0.4149738827626233,-178.75,True,
2025-12-12,MNQZ25,A,605aa9c1bee52a102446f0283839daf998adc79f20a0c2713c49ab878646f544,2,-1,2025-12-12T10:32:00-05:00,2025-12-12T10:30:00-05:00,2025-12-12T10:31:00-05:00,2025-12-12T16:00:00-05:00,2025-12-12T16:00:00-05:00,session_close_proxy,25320.0,25209.75,25320.25,25209.75,1,221.0,2.24,218.76,EOD_CLOSE_PROXY,-5.575973303670745,0.8769969038196375,0.6285266457680251,-200.5,True,
2025-12-15,MNQZ25,A,605aa9c1bee52a102446f0283839daf998adc79f20a0c2713c49ab878646f544,2,-1,2025-12-15T10:32:00-05:00,2025-12-15T10:30:00-05:00,2025-12-15T10:31:00-05:00,2025-12-15T16:00:00-05:00,2025-12-15T16:00:00-05:00,session_close_proxy,25068.0,25084.5,25083.0,25084.5,1,-3.0,2.24,-5.24,EOD_CLOSE_PROXY,-5.170967741935484,0.8262715574227285,0.3278008298755187,-138.25,True,
2025-12-17,MNQZ25,A,605aa9c1bee52a102446f0283839daf998adc79f20a0c2713c49ab878646f544,2,-1,2025-12-17T11:02:00-05:00,2025-12-17T11:00:00-05:00,2025-12-17T11:01:00-05:00,2025-12-17T16:00:00-05:00,2025-12-17T16:00:00-05:00,session_close_proxy,24830.0,24662.0,24837.75,24662.0,1,351.5,2.24,349.26,EOD_CLOSE_PROXY,-8.757508342602891,0.9488248498252371,0.5691428571428572,-249.0,True,
2025-12-31,MNQH26,A,605aa9c1bee52a102446f0283839daf998adc79f20a0c2713c49ab878646f544,2,-1,2025-12-31T15:32:00-05:00,2025-12-31T15:30:00-05:00,2025-12-31T15:31:00-05:00,2025-12-31T16:00:00-05:00,2025-12-31T16:00:00-05:00,session_close_proxy,25477.5,25454.75,25487.25,25454.75,1,65.0,2.24,62.76,EOD_CLOSE_PROXY,-1.1812013348164627,0.6717651760169533,0.27017543859649124,-38.5,True,
2026-01-06,MNQH26,A,605aa9c1bee52a102446f0283839daf998adc79f20a0c2713c49ab878646f544,2,1,2026-01-06T10:02:00-05:00,2026-01-06T10:00:00-05:00,2026-01-06T10:01:00-05:00,2026-01-06T16:00:00-05:00,2026-01-06T16:00:00-05:00,session_close_proxy,25753.0,25813.5,25762.25,25813.5,1,102.5,2.24,100.26,EOD_CLOSE_PROXY,4.306952169076752,0.7167696460307973,0.2857142857142857,83.0,True,
2026-01-07,MNQH26,A,605aa9c1bee52a102446f0283839daf998adc79f20a0c2713c49ab878646f544,2,1,2026-01-07T12:02:00-05:00,2026-01-07T12:00:00-05:00,2026-01-07T12:01:00-05:00,2026-01-07T16:00:00-05:00,2026-01-07T16:00:00-05:00,session_close_proxy,25970.0,25834.25,25972.75,25834.25,1,-277.0,2.24,-279.24,EOD_CLOSE_PROXY,2.853003337041157,0.8831752367835731,0.5714285714285714,78.0,True,
2026-01-08,MNQH26,A,605aa9c1bee52a102446f0283839daf998adc79f20a0c2713c49ab878646f544,2,-1,2026-01-08T10:02:00-05:00,2026-01-08T10:00:00-05:00,2026-01-08T10:01:00-05:00,2026-01-08T16:00:00-05:00,2026-01-08T16:00:00-05:00,session_close_proxy,25603.5,25682.75,25590.5,25682.75,1,-184.5,2.24,-186.74,EOD_CLOSE_PROXY,-4.148164627363737,0.7381994220624464,0.387806411062225,-154.25,True,
2026-01-09,MNQH26,A,605aa9c1bee52a102446f0283839daf998adc79f20a0c2713c49ab878646f544,2,1,2026-01-09T10:32:00-05:00,2026-01-09T10:30:00-05:00,2026-01-09T10:31:00-05:00,2026-01-09T16:00:00-05:00,2026-01-09T16:00:00-05:00,session_close_proxy,25853.5,25932.75,25848.0,25932.75,1,169.5,2.24,167.26,EOD_CLOSE_PROXY,5.6267519466073415,0.6850225868023153,0.350920245398773,143.0,True,
2026-01-13,MNQH26,A,605aa9c1bee52a102446f0283839daf998adc79f20a0c2713c49ab878646f544,2,-1,2026-01-13T10:32:00-05:00,2026-01-13T10:30:00-05:00,2026-01-13T10:31:00-05:00,2026-01-13T16:00:00-05:00,2026-01-13T16:00:00-05:00,session_close_proxy,25842.5,25904.0,25830.5,25904.0,1,-147.0,2.24,-149.24,EOD_CLOSE_PROXY,-4.520522803114572,0.8908807161172732,0.3511988716502116,-124.5,True,
2026-01-14,MNQH26,A,605aa9c1bee52a102446f0283839daf998adc79f20a0c2713c49ab878646f544,2,-1,2026-01-14T10:02:00-05:00,2026-01-14T10:00:00-05:00,2026-01-14T10:01:00-05:00,2026-01-14T16:00:00-05:00,2026-01-14T16:00:00-05:00,session_close_proxy,25585.25,25637.25,25539.25,25637.25,1,-196.0,2.24,-198.24,EOD_CLOSE_PROXY,-4.6482758620689655,0.7470429622792015,0.2903543307086614,-147.5,True,
2026-01-21,MNQH26,A,605aa9c1bee52a102446f0283839daf998adc79f20a0c2713c49ab878646f544,2,1,2026-01-21T10:02:00-05:00,2026-01-21T10:00:00-05:00,2026-01-21T10:01:00-05:00,2026-01-21T16:00:00-05:00,2026-01-21T16:00:00-05:00,session_close_proxy,25325.0,25471.25,25328.75,25471.25,1,285.0,2.24,282.76,EOD_CLOSE_PROXY,5.9520022246941044,0.7787433127962834,0.2554410080183276,111.5,True,
2026-01-23,MNQH26,A,605aa9c1bee52a102446f0283839daf998adc79f20a0c2713c49ab878646f544,2,1,2026-01-23T11:02:00-05:00,2026-01-23T11:00:00-05:00,2026-01-23T11:01:00-05:00,2026-01-23T16:00:00-05:00,2026-01-23T16:00:00-05:00,session_close_proxy,25826.5,25734.75,25833.75,25734.75,1,-198.0,2.24,-200.24,EOD_CLOSE_PROXY,2.4560622914349275,0.9245642771634436,0.4931506849315068,72.0,True,
2026-01-26,MNQH26,A,605aa9c1bee52a102446f0283839daf998adc79f20a0c2713c49ab878646f544,2,1,2026-01-26T11:02:00-05:00,2026-01-26T11:00:00-05:00,2026-01-26T11:01:00-05:00,2026-01-26T16:00:00-05:00,2026-01-26T16:00:00-05:00,session_close_proxy,25881.5,25844.25,25890.5,25844.25,1,-92.5,2.24,-94.74,EOD_CLOSE_PROXY,1.3045606229143494,0.5032863079522942,0.1794871794871795,29.75,True,
2026-01-29,MNQH26,A,605aa9c1bee52a102446f0283839daf998adc79f20a0c2713c49ab878646f544,2,-1,2026-01-29T10:02:00-05:00,2026-01-29T10:00:00-05:00,2026-01-29T10:01:00-05:00,2026-01-29T16:00:00-05:00,2026-01-29T16:00:00-05:00,session_close_proxy,25864.0,25992.75,25808.75,25992.75,1,-368.0,2.24,-370.24,EOD_CLOSE_PROXY,-7.7540600667408235,0.8638717865859448,0.5118549511854951,-275.25,True,
2026-01-30,MNQH26,A,605aa9c1bee52a102446f0283839daf998adc79f20a0c2713c49ab878646f544,2,-1,2026-01-30T13:02:00-05:00,2026-01-30T13:00:00-05:00,2026-01-30T13:01:00-05:00,2026-01-30T16:00:00-05:00,2026-01-30T16:00:00-05:00,session_close_proxy,25679.75,25677.0,25673.5,25677.0,1,-7.0,2.24,-9.24,EOD_CLOSE_PROXY,-2.0167408231368187,0.5179342110873292,0.3208114199849737,-106.75,True,
2026-02-02,MNQH26,A,605aa9c1bee52a102446f0283839daf998adc79f20a0c2713c49ab878646f544,2,1,2026-02-02T10:32:00-05:00,2026-02-02T10:30:00-05:00,2026-02-02T10:31:00-05:00,2026-02-02T16:00:00-05:00,2026-02-02T16:00:00-05:00,session_close_proxy,25865.5,25856.25,25852.0,25856.25,1,8.5,2.24,6.26,EOD_CLOSE_PROXY,4.55817575083426,0.7777699432796434,0.43800178412132024,122.75,True,
2026-02-03,MNQH26,A,605aa9c1bee52a102446f0283839daf998adc79f20a0c2713c49ab878646f544,2,-1,2026-02-03T10:02:00-05:00,2026-02-03T10:00:00-05:00,2026-02-03T10:01:00-05:00,2026-02-03T16:00:00-05:00,2026-02-03T16:00:00-05:00,session_close_proxy,25631.25,25446.0,25610.25,25446.0,1,328.5,2.24,326.26,EOD_CLOSE_PROXY,-8.059343715239155,0.8653683403617152,0.6132215096201282,-310.75,True,
2026-02-04,MNQH26,A,605aa9c1bee52a102446f0283839daf998adc79f20a0c2713c49ab878646f544,2,-1,2026-02-04T10:02:00-05:00,2026-02-04T10:00:00-05:00,2026-02-04T10:01:00-05:00,2026-02-04T16:00:00-05:00,2026-02-04T16:00:00-05:00,session_close_proxy,25200.75,24996.75,25153.0,24996.75,1,312.5,2.24,310.26,EOD_CLOSE_PROXY,-2.3568409343715238,0.20943049025808178,0.14959016393442623,-109.5,True,
2026-02-05,MNQH26,A,605aa9c1bee52a102446f0283839daf998adc79f20a0c2713c49ab878646f544,2,-1,2026-02-05T10:32:00-05:00,2026-02-05T10:30:00-05:00,2026-02-05T10:31:00-05:00,2026-02-05T11:52:00-05:00,,intrabar_unknown_within_event_minute,24578.0,24828.0,24609.5,24828.0,1,-437.0,2.24,-439.24,CAT_STOP,-4.587486095661847,0.7226489777170607,0.2992405063291139,-147.75,True,
2026-02-06,MNQH26,A,605aa9c1bee52a102446f0283839daf998adc79f20a0c2713c49ab878646f544,2,1,2026-02-06T11:32:00-05:00,2026-02-06T11:30:00-05:00,2026-02-06T11:31:00-05:00,2026-02-06T16:00:00-05:00,2026-02-06T16:00:00-05:00,session_close_proxy,25006.25,25146.25,25016.5,25146.25,1,259.5,2.24,257.26,EOD_CLOSE_PROXY,2.6022803114571746,0.5758313675496716,0.36428009441384734,115.75,True,
2026-02-09,MNQH26,A,605aa9c1bee52a102446f0283839daf998adc79f20a0c2713c49ab878646f544,2,1,2026-02-09T11:32:00-05:00,2026-02-09T11:30:00-05:00,2026-02-09T11:31:00-05:00,2026-02-09T16:00:00-05:00,2026-02-09T16:00:00-05:00,session_close_proxy,25356.0,25338.5,25354.75,25338.5,1,-32.5,2.24,-34.74,EOD_CLOSE_PROXY,1.0319243604004449,0.5993152591125882,0.19692307692307692,32.0,True,
2026-02-12,MNQH26,A,605aa9c1bee52a102446f0283839daf998adc79f20a0c2713c49ab878646f544,2,-1,2026-02-12T11:02:00-05:00,2026-02-12T11:00:00-05:00,2026-02-12T11:01:00-05:00,2026-02-12T16:00:00-05:00,2026-02-12T16:00:00-05:00,session_close_proxy,25010.75,24763.75,25015.0,24763.75,1,502.5,2.24,500.26,EOD_CLOSE_PROXY,-6.165406006674083,0.874802119031753,0.611749680715198,-239.5,True,
2026-02-18,MNQH26,A,605aa9c1bee52a102446f0283839daf998adc79f20a0c2713c49ab878646f544,2,1,2026-02-18T10:02:00-05:00,2026-02-18T10:00:00-05:00,2026-02-18T10:01:00-05:00,2026-02-18T16:00:00-05:00,2026-02-18T16:00:00-05:00,session_close_proxy,24941.25,24957.75,24954.5,24957.75,1,6.5,2.24,4.26,EOD_CLOSE_PROXY,4.977919911012235,0.6937017786600784,0.30523390458545624,164.75,True,
2026-02-20,MNQH26,A,605aa9c1bee52a102446f0283839daf998adc79f20a0c2713c49ab878646f544,2,1,2026-02-20T11:02:00-05:00,2026-02-20T11:00:00-05:00,2026-02-20T11:01:00-05:00,2026-02-20T16:00:00-05:00,2026-02-20T16:00:00-05:00,session_close_proxy,25118.75,25073.75,25103.5,25073.75,1,-59.5,2.24,-61.74,EOD_CLOSE_PROXY,6.9278642936596215,0.8990612452623415,0.3235294117647059,154.0,True,
2026-02-23,MNQH26,A,605aa9c1bee52a102446f0283839daf998adc79f20a0c2713c49ab878646f544,2,-1,2026-02-23T11:02:00-05:00,2026-02-23T11:00:00-05:00,2026-02-23T11:01:00-05:00,2026-02-23T16:00:00-05:00,2026-02-23T16:00:00-05:00,session_close_proxy,24744.0,24768.5,24751.5,24768.5,1,-34.0,2.24,-36.24,EOD_CLOSE_PROXY,-3.9730255839822024,0.8451982615520922,0.4586206896551724,-133.0,True,
2026-02-24,MNQH26,A,605aa9c1bee52a102446f0283839daf998adc79f20a0c2713c49ab878646f544,2,1,2026-02-24T10:32:00-05:00,2026-02-24T10:30:00-05:00,2026-02-24T10:31:00-05:00,2026-02-24T16:00:00-05:00,2026-02-24T16:00:00-05:00,session_close_proxy,25012.0,25030.0,25016.5,25030.0,1,27.0,2.24,24.759999999999998,EOD_CLOSE_PROXY,4.86384872080089,0.7538480749564156,0.4713541666666667,181.0,True,
2026-02-25,MNQH26,A,605aa9c1bee52a102446f0283839daf998adc79f20a0c2713c49ab878646f544,2,1,2026-02-25T10:02:00-05:00,2026-02-25T10:00:00-05:00,2026-02-25T10:01:00-05:00,2026-02-25T16:00:00-05:00,2026-02-25T16:00:00-05:00,session_close_proxy,25343.25,25384.0,25343.0,25384.0,1,82.0,2.24,79.76,EOD_CLOSE_PROXY,5.156229143492769,0.9160633174854872,0.45236051502145924,131.75,True,
2026-02-26,MNQH26,A,605aa9c1bee52a102446f0283839daf998adc79f20a0c2713c49ab878646f544,2,-1,2026-02-26T10:02:00-05:00,2026-02-26T10:00:00-05:00,2026-02-26T10:01:00-05:00,2026-02-26T16:00:00-05:00,2026-02-26T16:00:00-05:00,session_close_proxy,25193.25,25082.75,25176.0,25082.75,1,186.5,2.24,184.26,EOD_CLOSE_PROXY,-3.2309788654060068,0.7952677637418462,0.22086570477247502,-99.5,True,
2026-03-04,MNQH26,A,605aa9c1bee52a102446f0283839daf998adc79f20a0c2713c49ab878646f544,2,1,2026-03-04T10:32:00-05:00,2026-03-04T10:30:00-05:00,2026-03-04T10:31:00-05:00,2026-03-04T16:00:00-05:00,2026-03-04T16:00:00-05:00,session_close_proxy,25139.25,25118.75,25126.0,25118.75,1,-14.5,2.24,-16.740000000000002,EOD_CLOSE_PROXY,6.737652947719688,0.8767251424852247,0.4188034188034188,171.5,True,
2026-03-09,MNQH26,A,605aa9c1bee52a102446f0283839daf998adc79f20a0c2713c49ab878646f544,2,1,2026-03-09T15:32:00-04:00,2026-03-09T15:30:00-04:00,2026-03-09T15:31:00-04:00,2026-03-09T16:00:00-04:00,2026-03-09T16:00:00-04:00,session_close_proxy,24953.5,24991.75,24904.5,24991.75,1,174.5,2.24,172.26,EOD_CLOSE_PROXY,10.745328142380423,0.7850807494307723,0.7230769230769231,293.75,True,
2026-03-12,MNQH26,A,605aa9c1bee52a102446f0283839daf998adc79f20a0c2713c49ab878646f544,2,-1,2026-03-12T10:02:00-04:00,2026-03-12T10:00:00-04:00,2026-03-12T10:01:00-04:00,2026-03-12T16:00:00-04:00,2026-03-12T16:00:00-04:00,session_close_proxy,24657.75,24555.75,24699.25,24555.75,1,287.0,2.24,284.76,EOD_CLOSE_PROXY,-5.8597330367074525,0.7627175273614006,0.2965186074429772,-123.5,True,
2026-03-18,MNQH26,A,605aa9c1bee52a102446f0283839daf998adc79f20a0c2713c49ab878646f544,2,-1,2026-03-18T15:02:00-04:00,2026-03-18T15:00:00-04:00,2026-03-18T15:01:00-04:00,2026-03-18T16:00:00-04:00,2026-03-18T16:00:00-04:00,session_close_proxy,24527.25,24434.25,24534.75,24434.25,1,201.0,2.24,198.76,EOD_CLOSE_PROXY,-2.902725250278087,0.7475098210606455,0.36334913112164297,-115.0,True,
2026-03-23,MNQM26,A,605aa9c1bee52a102446f0283839daf998adc79f20a0c2713c49ab878646f544,2,1,2026-03-23T10:02:00-04:00,2026-03-23T10:00:00-04:00,2026-03-23T10:01:00-04:00,2026-03-23T12:26:00-04:00,,intrabar_unknown_within_event_minute,24600.0,24350.0,24590.75,24350.0,1,-481.5,2.24,-483.74,CAT_STOP,4.384760845383759,0.8048420459343789,0.2236105127100388,129.75,True,
2026-03-26,MNQM26,A,605aa9c1bee52a102446f0283839daf998adc79f20a0c2713c49ab878646f544,2,-1,2026-03-26T12:32:00-04:00,2026-03-26T12:30:00-04:00,2026-03-26T12:31:00-04:00,2026-03-26T16:00:00-04:00,2026-03-26T16:00:00-04:00,session_close_proxy,24007.75,23787.0,24003.25,23787.0,1,432.5,2.24,430.26,EOD_CLOSE_PROXY,-2.861624026696329,0.8425714955673629,0.2953549517966696,-84.25,True,
2026-03-27,MNQM26,A,605aa9c1bee52a102446f0283839daf998adc79f20a0c2713c49ab878646f544,2,-1,2026-03-27T10:02:00-04:00,2026-03-27T10:00:00-04:00,2026-03-27T10:01:00-04:00,2026-03-27T16:00:00-04:00,2026-03-27T16:00:00-04:00,session_close_proxy,23479.25,23308.5,23506.0,23308.5,1,395.0,2.24,392.76,EOD_CLOSE_PROXY,-3.6194660734149053,0.4169963444968704,0.39987973541791944,-166.25,True,
2026-03-30,MNQM26,A,605aa9c1bee52a102446f0283839daf998adc79f20a0c2713c49ab878646f544,2,-1,2026-03-30T13:32:00-04:00,2026-03-30T13:30:00-04:00,2026-03-30T13:31:00-04:00,2026-03-30T16:00:00-04:00,2026-03-30T16:00:00-04:00,session_close_proxy,23197.0,23135.75,23197.5,23135.75,1,123.5,2.24,121.26,EOD_CLOSE_PROXY,-3.5085094549499445,0.9303943176577776,0.5210191082802548,-102.25,True,
2026-03-31,MNQM26,A,605aa9c1bee52a102446f0283839daf998adc79f20a0c2713c49ab878646f544,2,1,2026-03-31T10:02:00-04:00,2026-03-31T10:00:00-04:00,2026-03-31T10:01:00-04:00,2026-03-31T16:00:00-04:00,2026-03-31T16:00:00-04:00,session_close_proxy,23577.5,23910.0,23570.75,23910.0,1,678.5,2.24,676.26,EOD_CLOSE_PROXY,5.5479421579532815,0.852275574566493,0.2906097018246551,163.25,True,
2026-04-01,MNQM26,A,605aa9c1bee52a102446f0283839daf998adc79f20a0c2713c49ab878646f544,2,1,2026-04-01T10:32:00-04:00,2026-04-01T10:30:00-04:00,2026-04-01T10:31:00-04:00,2026-04-01T16:00:00-04:00,2026-04-01T16:00:00-04:00,session_close_proxy,24186.5,24199.75,24204.75,24199.75,1,-10.0,2.24,-12.24,EOD_CLOSE_PROXY,1.817630700778643,0.6626987887426067,0.1717171717171717,63.75,True,
2026-04-07,MNQM26,A,605aa9c1bee52a102446f0283839daf998adc79f20a0c2713c49ab878646f544,2,-1,2026-04-07T10:02:00-04:00,2026-04-07T10:00:00-04:00,2026-04-07T10:01:00-04:00,2026-04-07T16:00:00-04:00,,intrabar_unknown_within_event_minute,24120.25,24370.25,24104.25,24370.25,1,-532.0,2.24,-534.24,CAT_STOP,-3.1216907675194663,0.7159699216283745,0.3796095444685466,-131.25,True,
2026-04-09,MNQM26,A,605aa9c1bee52a102446f0283839daf998adc79f20a0c2713c49ab878646f544,2,1,2026-04-09T12:32:00-04:00,2026-04-09T12:30:00-04:00,2026-04-09T12:31:00-04:00,2026-04-09T16:00:00-04:00,2026-04-09T16:00:00-04:00,session_close_proxy,25216.0,25248.75,25214.25,25248.75,1,69.0,2.24,66.76,EOD_CLOSE_PROXY,-0.407119021134594,0.09195111863633232,0.07234886025768088,18.25,True,
2026-04-14,MNQM26,A,605aa9c1bee52a102446f0283839daf998adc79f20a0c2713c49ab878646f544,2,1,2026-04-14T10:32:00-04:00,2026-04-14T10:30:00-04:00,2026-04-14T10:31:00-04:00,2026-04-14T16:00:00-04:00,2026-04-14T16:00:00-04:00,session_close_proxy,25803.25,26001.0,25807.0,26001.0,1,388.0,2.24,385.76,EOD_CLOSE_PROXY,2.818242491657397,0.9220253030068966,0.43209876543209874,78.75,True,
2026-04-15,MNQM26,A,605aa9c1bee52a102446f0283839daf998adc79f20a0c2713c49ab878646f544,2,1,2026-04-15T11:02:00-04:00,2026-04-15T11:00:00-04:00,2026-04-15T11:01:00-04:00,2026-04-15T16:00:00-04:00,2026-04-15T16:00:00-04:00,session_close_proxy,26163.0,26364.0,26157.0,26364.0,1,414.0,2.24,411.76,EOD_CLOSE_PROXY,1.2259176863181314,0.5586230646523171,0.15281501340482573,28.5,True,
2026-04-20,MNQM26,A,605aa9c1bee52a102446f0283839daf998adc79f20a0c2713c49ab878646f544,2,-1,2026-04-20T11:02:00-04:00,2026-04-20T11:00:00-04:00,2026-04-20T11:01:00-04:00,2026-04-20T16:00:00-04:00,2026-04-20T16:00:00-04:00,session_close_proxy,26637.75,26745.25,26638.75,26745.25,1,-213.0,2.24,-215.24,EOD_CLOSE_PROXY,-3.2937152391546163,0.837474573499868,0.3526570048309179,-91.25,True,
2026-04-24,MNQM26,A,605aa9c1bee52a102446f0283839daf998adc79f20a0c2713c49ab878646f544,2,1,2026-04-24T12:02:00-04:00,2026-04-24T12:00:00-04:00,2026-04-24T12:01:00-04:00,2026-04-24T16:00:00-04:00,2026-04-24T16:00:00-04:00,session_close_proxy,27396.0,27433.5,27393.25,27433.5,1,80.5,2.24,78.26,EOD_CLOSE_PROXY,3.13615127919911,0.7294081006359632,0.2345679012345679,61.75,True,
2026-04-28,MNQM26,A,605aa9c1bee52a102446f0283839daf998adc79f20a0c2713c49ab878646f544,2,-1,2026-04-28T11:32:00-04:00,2026-04-28T11:30:00-04:00,2026-04-28T11:31:00-04:00,2026-04-28T16:00:00-04:00,2026-04-28T16:00:00-04:00,session_close_proxy,27046.75,27169.5,27039.0,27169.5,1,-261.0,2.24,-263.24,EOD_CLOSE_PROXY,-1.0957174638487208,0.22814447416516545,0.1614654002713704,-59.5,True,
2026-04-29,MNQM26,A,605aa9c1bee52a102446f0283839daf998adc79f20a0c2713c49ab878646f544,2,1,2026-04-29T11:02:00-04:00,2026-04-29T11:00:00-04:00,2026-04-29T11:01:00-04:00,2026-04-29T16:00:00-04:00,2026-04-29T16:00:00-04:00,session_close_proxy,27302.5,27336.5,27306.5,27336.5,1,60.0,2.24,57.76,EOD_CLOSE_PROXY,0.7114571746384872,0.2957129453793128,0.20759493670886076,41.0,True,
2026-04-30,MNQM26,A,605aa9c1bee52a102446f0283839daf998adc79f20a0c2713c49ab878646f544,2,-1,2026-04-30T10:02:00-04:00,2026-04-30T10:00:00-04:00,2026-04-30T10:01:00-04:00,2026-04-30T13:31:00-04:00,,intrabar_unknown_within_event_minute,27247.25,27497.25,27258.75,27497.25,1,-477.0,2.24,-479.24,CAT_STOP,-5.043270300333704,0.7120854469119953,0.351981351981352,-188.75,True,
2026-05-01,MNQM26,A,605aa9c1bee52a102446f0283839daf998adc79f20a0c2713c49ab878646f544,2,1,2026-05-01T10:02:00-04:00,2026-05-01T10:00:00-04:00,2026-05-01T10:01:00-04:00,2026-05-01T16:00:00-04:00,2026-05-01T16:00:00-04:00,session_close_proxy,27871.25,27837.0,27867.0,27837.0,1,-60.0,2.24,-62.24,EOD_CLOSE_PROXY,4.786206896551724,0.8372144402042235,0.5894134477825465,206.0,True,
2026-05-04,MNQM26,A,605aa9c1bee52a102446f0283839daf998adc79f20a0c2713c49ab878646f544,2,-1,2026-05-04T13:02:00-04:00,2026-05-04T13:00:00-04:00,2026-05-04T13:01:00-04:00,2026-05-04T16:00:00-04:00,2026-05-04T16:00:00-04:00,session_close_proxy,27705.5,27779.75,27716.75,27779.75,1,-126.0,2.24,-128.24,EOD_CLOSE_PROXY,-0.7619577308120133,0.4814658190820635,0.08062575210589651,-16.75,True,
2026-05-05,MNQM26,A,605aa9c1bee52a102446f0283839daf998adc79f20a0c2713c49ab878646f544,2,1,2026-05-05T10:02:00-04:00,2026-05-05T10:00:00-04:00,2026-05-05T10:01:00-04:00,2026-05-05T16:00:00-04:00,2026-05-05T16:00:00-04:00,session_close_proxy,28080.5,28135.0,28072.25,28135.0,1,125.5,2.24,123.26,EOD_CLOSE_PROXY,2.982703003337041,0.7033217279197611,0.23111443530291698,77.25,True,
2026-05-06,MNQM26,A,605aa9c1bee52a102446f0283839daf998adc79f20a0c2713c49ab878646f544,2,1,2026-05-06T10:02:00-04:00,2026-05-06T10:00:00-04:00,2026-05-06T10:01:00-04:00,2026-05-06T16:00:00-04:00,2026-05-06T16:00:00-04:00,session_close_proxy,28469.25,28710.5,28466.25,28710.5,1,488.5,2.24,486.26,EOD_CLOSE_PROXY,3.0335928809788655,0.6432302417672525,0.2737556561085973,121.0,True,
2026-05-07,MNQM26,A,605aa9c1bee52a102446f0283839daf998adc79f20a0c2713c49ab878646f544,2,1,2026-05-07T10:32:00-04:00,2026-05-07T10:30:00-04:00,2026-05-07T10:31:00-04:00,2026-05-07T13:20:00-04:00,,intrabar_unknown_within_event_minute,28874.75,28624.75,28867.25,28624.75,1,-485.0,2.24,-487.24,CAT_STOP,3.10706340378198,0.8983782559708259,0.35714285714285715,82.5,True,
2026-05-08,MNQM26,A,605aa9c1bee52a102446f0283839daf998adc79f20a0c2713c49ab878646f544,2,1,2026-05-08T10:02:00-04:00,2026-05-08T10:00:00-04:00,2026-05-08T10:01:00-04:00,2026-05-08T16:00:00-04:00,2026-05-08T16:00:00-04:00,session_close_proxy,29110.75,29339.75,29103.5,29339.75,1,472.5,2.24,470.26,EOD_CLOSE_PROXY,5.995606229143493,0.8650189189489611,0.5562539283469516,221.25,True,
2026-05-12,MNQM26,A,605aa9c1bee52a102446f0283839daf998adc79f20a0c2713c49ab878646f544,2,-1,2026-05-12T10:02:00-04:00,2026-05-12T10:00:00-04:00,2026-05-12T10:01:00-04:00,2026-05-12T16:00:00-04:00,2026-05-12T16:00:00-04:00,session_close_proxy,29129.5,29174.0,29120.5,29174.0,1,-107.0,2.24,-109.24,EOD_CLOSE_PROXY,-0.15611790878754173,0.0010184118371426604,0.06759259259259259,-36.5,True,
2026-05-13,MNQM26,A,605aa9c1bee52a102446f0283839daf998adc79f20a0c2713c49ab878646f544,2,1,2026-05-13T12:32:00-04:00,2026-05-13T12:30:00-04:00,2026-05-13T12:31:00-04:00,2026-05-13T16:00:00-04:00,2026-05-13T16:00:00-04:00,session_close_proxy,29437.0,29475.75,29433.5,29475.75,1,84.5,2.24,82.26,EOD_CLOSE_PROXY,3.4957174638487207,0.9080187126197311,0.4910242872228089,116.25,True,
2026-05-14,MNQM26,A,605aa9c1bee52a102446f0283839daf998adc79f20a0c2713c49ab878646f544,2,1,2026-05-14T10:32:00-04:00,2026-05-14T10:30:00-04:00,2026-05-14T10:31:00-04:00,2026-05-14T16:00:00-04:00,2026-05-14T16:00:00-04:00,session_close_proxy,29622.25,29687.0,29623.75,29687.0,1,126.5,2.24,124.26,EOD_CLOSE_PROXY,2.000166852057842,0.3802371372258942,0.09036144578313253,30.0,True,
2026-05-15,MNQM26,A,605aa9c1bee52a102446f0283839daf998adc79f20a0c2713c49ab878646f544,2,-1,2026-05-15T10:02:00-04:00,2026-05-15T10:00:00-04:00,2026-05-15T10:01:00-04:00,2026-05-15T13:24:00-04:00,,intrabar_unknown_within_event_minute,29143.0,29393.0,29156.0,29393.0,1,-474.0,2.24,-476.24,CAT_STOP,-0.882202447163515,0.03181251298722334,0.1382946670683941,-114.75,True,
2026-05-18,MNQM26,A,605aa9c1bee52a102446f0283839daf998adc79f20a0c2713c49ab878646f544,2,-1,2026-05-18T11:02:00-04:00,2026-05-18T11:00:00-04:00,2026-05-18T11:01:00-04:00,2026-05-18T16:00:00-04:00,2026-05-18T16:00:00-04:00,session_close_proxy,29082.25,29099.5,29110.5,29099.5,1,22.0,2.24,19.759999999999998,EOD_CLOSE_PROXY,0.08081201334816462,0.0004350499931853071,0.08011623080116231,-48.25,True,
2026-05-19,MNQM26,A,605aa9c1bee52a102446f0283839daf998adc79f20a0c2713c49ab878646f544,2,-1,2026-05-19T10:32:00-04:00,2026-05-19T10:30:00-04:00,2026-05-19T10:31:00-04:00,2026-05-19T12:39:00-04:00,,intrabar_unknown_within_event_minute,28711.5,28961.5,28739.25,28961.5,1,-444.5,2.24,-446.74,CAT_STOP,-7.423804226918799,0.7738876452248753,0.3402575820523473,-204.75,True,
2026-05-20,MNQM26,A,605aa9c1bee52a102446f0283839daf998adc79f20a0c2713c49ab878646f544,2,1,2026-05-20T10:32:00-04:00,2026-05-20T10:30:00-04:00,2026-05-20T10:31:00-04:00,2026-05-20T16:00:00-04:00,2026-05-20T16:00:00-04:00,session_close_proxy,29208.5,29395.25,29239.5,29395.25,1,311.5,2.24,309.26,EOD_CLOSE_PROXY,5.218131256952169,0.5863975210566683,0.1857638888888889,107.0,True,
2026-05-27,MNQM26,A,605aa9c1bee52a102446f0283839daf998adc79f20a0c2713c49ab878646f544,2,-1,2026-05-27T10:32:00-04:00,2026-05-27T10:30:00-04:00,2026-05-27T10:31:00-04:00,2026-05-27T16:00:00-04:00,2026-05-27T16:00:00-04:00,session_close_proxy,29916.0,30047.5,29929.75,30047.5,1,-235.5,2.24,-237.74,EOD_CLOSE_PROXY,-5.411957730812014,0.7342058165378206,0.2511233150274588,-125.75,True,
2026-05-28,MNQM26,A,605aa9c1bee52a102446f0283839daf998adc79f20a0c2713c49ab878646f544,2,1,2026-05-28T11:32:00-04:00,2026-05-28T11:30:00-04:00,2026-05-28T11:31:00-04:00,2026-05-28T16:00:00-04:00,2026-05-28T16:00:00-04:00,session_close_proxy,30263.5,30305.75,30265.5,30305.75,1,80.5,2.24,78.26,EOD_CLOSE_PROXY,1.3061179087875416,0.5438298376281281,0.24361948955916474,52.5,True,
2026-05-29,MNQM26,A,605aa9c1bee52a102446f0283839daf998adc79f20a0c2713c49ab878646f544,2,1,2026-05-29T10:02:00-04:00,2026-05-29T10:00:00-04:00,2026-05-29T10:01:00-04:00,2026-05-29T16:00:00-04:00,2026-05-29T16:00:00-04:00,session_close_proxy,30517.5,30397.25,30526.5,30397.25,1,-258.5,2.24,-260.74,EOD_CLOSE_PROXY,4.532091212458287,0.9296588973023333,0.38811445341159206,132.25,True,
2026-06-01,MNQM26,A,605aa9c1bee52a102446f0283839daf998adc79f20a0c2713c49ab878646f544,2,1,2026-06-01T14:02:00-04:00,2026-06-01T14:00:00-04:00,2026-06-01T14:01:00-04:00,2026-06-01T16:00:00-04:00,2026-06-01T16:00:00-04:00,session_close_proxy,30670.5,30571.25,30671.0,30571.25,1,-199.5,2.24,-201.74,EOD_CLOSE_PROXY,4.293993325917686,0.811257619492382,0.2667398463227223,60.75,True,
2026-06-03,MNQM26,A,605aa9c1bee52a102446f0283839daf998adc79f20a0c2713c49ab878646f544,2,-1,2026-06-03T10:02:00-04:00,2026-06-03T10:00:00-04:00,2026-06-03T10:01:00-04:00,2026-06-03T16:00:00-04:00,2026-06-03T16:00:00-04:00,session_close_proxy,30562.25,30635.75,30610.0,30635.75,1,-51.5,2.24,-53.74,EOD_CLOSE_PROXY,-8.258954393770857,0.7387545176879287,0.3067461796496459,-205.75,True,
2026-06-05,MNQM26,A,605aa9c1bee52a102446f0283839daf998adc79f20a0c2713c49ab878646f544,2,-1,2026-06-05T10:02:00-04:00,2026-06-05T10:00:00-04:00,2026-06-05T10:01:00-04:00,2026-06-05T16:00:00-04:00,2026-06-05T16:00:00-04:00,session_close_proxy,29774.0,29016.25,29786.0,29016.25,1,1539.5,2.24,1537.26,EOD_CLOSE_PROXY,-9.361012235817576,0.9295250108094891,0.45370796867802854,-246.25,True,
2026-06-08,MNQM26,A,605aa9c1bee52a102446f0283839daf998adc79f20a0c2713c49ab878646f544,2,1,2026-06-08T11:02:00-04:00,2026-06-08T11:00:00-04:00,2026-06-08T11:01:00-04:00,2026-06-08T15:16:00-04:00,,intrabar_unknown_within_event_minute,29676.0,29426.0,29675.0,29426.0,1,-498.0,2.24,-500.24,CAT_STOP,4.872691879866518,0.7987402963842211,0.3488087965791081,142.75,True,
2026-06-09,MNQM26,A,605aa9c1bee52a102446f0283839daf998adc79f20a0c2713c49ab878646f544,2,-1,2026-06-09T11:02:00-04:00,2026-06-09T11:00:00-04:00,2026-06-09T11:01:00-04:00,2026-06-09T16:00:00-04:00,2026-06-09T16:00:00-04:00,session_close_proxy,29239.25,29115.75,29233.0,29115.75,1,234.5,2.24,232.26,EOD_CLOSE_PROXY,-12.509121245828698,0.6875133585969916,0.1621837549933422,-152.25,True,
2026-06-10,MNQM26,A,605aa9c1bee52a102446f0283839daf998adc79f20a0c2713c49ab878646f544,2,-1,2026-06-10T15:02:00-04:00,2026-06-10T15:00:00-04:00,2026-06-10T15:01:00-04:00,2026-06-10T16:00:00-04:00,2026-06-10T16:00:00-04:00,session_close_proxy,28607.5,28528.75,28582.75,28528.75,1,108.0,2.24,105.76,EOD_CLOSE_PROXY,-3.3662958843159068,0.8181388426579537,0.27530364372469635,-102.0,True,
2026-06-11,MNQM26,A,605aa9c1bee52a102446f0283839daf998adc79f20a0c2713c49ab878646f544,2,1,2026-06-11T10:02:00-04:00,2026-06-11T10:00:00-04:00,2026-06-11T10:01:00-04:00,2026-06-11T10:59:00-04:00,,intrabar_unknown_within_event_minute,28900.75,28650.75,28961.75,28650.75,1,-622.0,2.24,-624.24,CAT_STOP,10.949777530589543,0.7214363281999754,0.11880483756224805,125.25,True,
2026-06-11,MNQM26,A,605aa9c1bee52a102446f0283839daf998adc79f20a0c2713c49ab878646f544,2,1,2026-06-11T13:32:00-04:00,2026-06-11T13:30:00-04:00,2026-06-11T13:31:00-04:00,2026-06-11T16:00:00-04:00,2026-06-11T16:00:00-04:00,session_close_proxy,29087.0,29457.25,29184.75,29457.25,1,545.0,2.24,542.76,EOD_CLOSE_PROXY,1.9295884315906562,0.05262123416763244,0.42105263157894735,308.0,True,
2026-06-12,MNQM26,A,605aa9c1bee52a102446f0283839daf998adc79f20a0c2713c49ab878646f544,2,1,2026-06-12T11:02:00-04:00,2026-06-12T11:00:00-04:00,2026-06-12T11:01:00-04:00,2026-06-12T16:00:00-04:00,2026-06-12T16:00:00-04:00,session_close_proxy,29632.5,29650.5,29664.5,29650.5,1,-28.0,2.24,-30.240000000000002,EOD_CLOSE_PROXY,1.0221357063403782,0.011277298729823807,0.10657133129043242,78.25,True,
2026-06-15,MNQM26,A,605aa9c1bee52a102446f0283839daf998adc79f20a0c2713c49ab878646f544,2,1,2026-06-15T10:32:00-04:00,2026-06-15T10:30:00-04:00,2026-06-15T10:31:00-04:00,2026-06-15T16:00:00-04:00,2026-06-15T16:00:00-04:00,session_close_proxy,30457.75,30567.0,30447.25,30567.0,1,239.5,2.24,237.26,EOD_CLOSE_PROXY,-0.1971635150166852,0.010001399840367721,0.15811373092926492,57.0,True,
2026-06-16,MNQM26,A,605aa9c1bee52a102446f0283839daf998adc79f20a0c2713c49ab878646f544,2,-1,2026-06-16T10:32:00-04:00,2026-06-16T10:30:00-04:00,2026-06-16T10:31:00-04:00,2026-06-16T16:00:00-04:00,2026-06-16T16:00:00-04:00,session_close_proxy,30374.25,29991.25,30340.25,29991.25,1,698.0,2.24,695.76,EOD_CLOSE_PROXY,-5.425583982202447,0.7593706274812224,0.33073424301494475,-127.25,True,
2026-06-24,MNQU26,A,605aa9c1bee52a102446f0283839daf998adc79f20a0c2713c49ab878646f544,2,1,2026-06-24T11:02:00-04:00,2026-06-24T11:00:00-04:00,2026-06-24T11:01:00-04:00,2026-06-24T12:41:00-04:00,,intrabar_unknown_within_event_minute,29892.0,29642.0,29884.25,29642.0,1,-484.5,2.24,-486.74,CAT_STOP,4.288153503893215,0.5947537499696134,0.2612187057156353,138.25,True,
2026-06-24,MNQU26,A,605aa9c1bee52a102446f0283839daf998adc79f20a0c2713c49ab878646f544,2,-1,2026-06-24T14:02:00-04:00,2026-06-24T14:00:00-04:00,2026-06-24T14:01:00-04:00,2026-06-24T16:00:00-04:00,2026-06-24T16:00:00-04:00,session_close_proxy,29389.25,29513.75,29398.75,29513.75,1,-230.0,2.24,-232.24,EOD_CLOSE_PROXY,0.31301446051167964,0.017610478015390767,0.09703660662405578,-41.75,True,
2026-06-25,MNQU26,A,605aa9c1bee52a102446f0283839daf998adc79f20a0c2713c49ab878646f544,2,-1,2026-06-25T10:02:00-04:00,2026-06-25T10:00:00-04:00,2026-06-25T10:01:00-04:00,2026-06-25T10:08:00-04:00,,intrabar_unknown_within_event_minute,29318.5,29568.5,29382.0,29568.5,1,-373.0,2.24,-375.24,CAT_STOP,-30.295105672969967,0.9624135910241813,0.6890126365388735,-804.25,True,
2026-06-29,MNQU26,A,605aa9c1bee52a102446f0283839daf998adc79f20a0c2713c49ab878646f544,2,1,2026-06-29T13:32:00-04:00,2026-06-29T13:30:00-04:00,2026-06-29T13:31:00-04:00,2026-06-29T16:00:00-04:00,2026-06-29T16:00:00-04:00,session_close_proxy,30011.5,30046.25,30017.5,30046.25,1,57.5,2.24,55.26,EOD_CLOSE_PROXY,1.9754727474972191,0.5613206862365692,0.4051948051948052,78.0,True,
2026-06-30,MNQU26,A,605aa9c1bee52a102446f0283839daf998adc79f20a0c2713c49ab878646f544,2,1,2026-06-30T10:02:00-04:00,2026-06-30T10:00:00-04:00,2026-06-30T10:01:00-04:00,2026-06-30T16:00:00-04:00,2026-06-30T16:00:00-04:00,session_close_proxy,30366.0,30513.5,30316.25,30513.5,1,394.5,2.24,392.26,EOD_CLOSE_PROXY,6.543437152391546,0.7851987232658425,0.42455340174838463,279.25,True,
2026-07-02,MNQU26,A,605aa9c1bee52a102446f0283839daf998adc79f20a0c2713c49ab878646f544,2,1,2026-07-02T10:02:00-04:00,2026-07-02T10:00:00-04:00,2026-07-02T10:01:00-04:00,2026-07-02T10:28:00-04:00,,intrabar_unknown_within_event_minute,30258.0,30008.0,30248.0,30008.0,1,-480.0,2.24,-482.24,CAT_STOP,6.185094549499444,0.7554761174559522,0.2894419911682055,180.25,True,
2026-07-02,MNQU26,A,605aa9c1bee52a102446f0283839daf998adc79f20a0c2713c49ab878646f544,2,-1,2026-07-02T11:02:00-04:00,2026-07-02T11:00:00-04:00,2026-07-02T11:01:00-04:00,2026-07-02T16:00:00-04:00,2026-07-02T16:00:00-04:00,session_close_proxy,29840.0,29538.5,29842.5,29538.5,1,608.0,2.24,605.76,EOD_CLOSE_PROXY,-6.91440489432703,0.712913697421847,0.15251989389920426,-115.0,True,
2026-07-07,MNQU26,A,605aa9c1bee52a102446f0283839daf998adc79f20a0c2713c49ab878646f544,2,-1,2026-07-07T10:32:00-04:00,2026-07-07T10:30:00-04:00,2026-07-07T10:31:00-04:00,2026-07-07T12:31:00-04:00,,intrabar_unknown_within_event_minute,29303.75,29553.75,29309.5,29553.75,1,-488.5,2.24,-490.74,CAT_STOP,-7.435372636262514,0.918671912845734,0.44819129368485594,-182.75,True,
2026-07-15,MNQU26,A,605aa9c1bee52a102446f0283839daf998adc79f20a0c2713c49ab878646f544,2,-1,2026-07-15T11:02:00-04:00,2026-07-15T11:00:00-04:00,2026-07-15T11:01:00-04:00,2026-07-15T16:00:00-04:00,2026-07-15T16:00:00-04:00,session_close_proxy,29631.25,29700.75,29616.5,29700.75,1,-168.5,2.24,-170.74,EOD_CLOSE_PROXY,-2.3380422691879867,0.27416200236762955,0.14919735599622286,-79.0,True,
2026-07-16,MNQU26,A,605aa9c1bee52a102446f0283839daf998adc79f20a0c2713c49ab878646f544,2,-1,2026-07-16T15:32:00-04:00,2026-07-16T15:30:00-04:00,2026-07-16T15:31:00-04:00,2026-07-16T16:00:00-04:00,2026-07-16T16:00:00-04:00,session_close_proxy,29147.75,29217.25,29147.75,29217.25,1,-139.0,2.24,-141.24,EOD_CLOSE_PROXY,-3.391879866518354,0.8764491260789674,0.29315068493150687,-80.25,True,
2026-07-23,MNQU26,A,605aa9c1bee52a102446f0283839daf998adc79f20a0c2713c49ab878646f544,2,-1,2026-07-23T11:02:00-04:00,2026-07-23T11:00:00-04:00,2026-07-23T11:01:00-04:00,2026-07-23T16:00:00-04:00,2026-07-23T16:00:00-04:00,session_close_proxy,28598.75,28614.25,28586.5,28614.25,1,-55.5,2.24,-57.74,EOD_CLOSE_PROXY,-4.744327030033371,0.6355818746794732,0.22686181661644425,-131.75,True,
2026-07-24,MNQU26,A,605aa9c1bee52a102446f0283839daf998adc79f20a0c2713c49ab878646f544,2,-1,2026-07-24T10:02:00-04:00,2026-07-24T10:00:00-04:00,2026-07-24T10:01:00-04:00,2026-07-24T11:41:00-04:00,,intrabar_unknown_within_event_minute,28324.0,28574.0,28373.75,28574.0,1,-400.5,2.24,-402.74,CAT_STOP,-9.121913236929922,0.8779335787842608,0.36641559592379264,-206.75,True,
2026-07-24,MNQU26,A,605aa9c1bee52a102446f0283839daf998adc79f20a0c2713c49ab878646f544,2,-1,2026-07-24T14:32:00-04:00,2026-07-24T14:30:00-04:00,2026-07-24T14:31:00-04:00,2026-07-24T16:00:00-04:00,2026-07-24T16:00:00-04:00,session_close_proxy,28337.5,28283.5,28333.25,28283.5,1,99.5,2.24,97.26,EOD_CLOSE_PROXY,-4.5058398220244715,0.9468842259712494,0.7237851662404092,-141.5,True,
2026-07-27,MNQU26,A,605aa9c1bee52a102446f0283839daf998adc79f20a0c2713c49ab878646f544,2,-1,2026-07-27T10:32:00-04:00,2026-07-27T10:30:00-04:00,2026-07-27T10:31:00-04:00,2026-07-27T16:00:00-04:00,2026-07-27T16:00:00-04:00,session_close_proxy,28086.25,28193.0,28075.25,28193.0,1,-235.5,2.24,-237.74,EOD_CLOSE_PROXY,-7.218409343715239,0.8662995110998148,0.4698293799417395,-282.25,True,
2026-07-28,MNQU26,A,605aa9c1bee52a102446f0283839daf998adc79f20a0c2713c49ab878646f544,2,-1,2026-07-28T10:02:00-04:00,2026-07-28T10:00:00-04:00,2026-07-28T10:01:00-04:00,2026-07-28T11:19:00-04:00,,intrabar_unknown_within_event_minute,27665.5,27915.5,27726.0,27915.5,1,-379.0,2.24,-381.24,CAT_STOP,-8.92741935483871,0.8337100055965841,0.3708236850810453,-280.25,True,
2026-07-29,MNQU26,A,605aa9c1bee52a102446f0283839daf998adc79f20a0c2713c49ab878646f544,2,-1,2026-07-29T10:02:00-04:00,2026-07-29T10:00:00-04:00,2026-07-29T10:01:00-04:00,2026-07-29T14:45:00-04:00,,intrabar_unknown_within_event_minute,27733.75,27983.75,27752.75,27983.75,1,-462.0,2.24,-464.24,CAT_STOP,-8.175472747497219,0.7384191306713767,0.1883656509695291,-136.0,True,
2026-07-29,MNQU26,A,605aa9c1bee52a102446f0283839daf998adc79f20a0c2713c49ab878646f544,2,-1,2026-07-29T15:32:00-04:00,2026-07-29T15:30:00-04:00,2026-07-29T15:31:00-04:00,2026-07-29T16:00:00-04:00,2026-07-29T16:00:00-04:00,session_close_proxy,27711.25,27336.5,27726.5,27336.5,1,780.0,2.24,777.76,EOD_CLOSE_PROXY,-13.59032258064516,0.9174272444053285,0.4751824817518248,-325.5,True,
2026-07-30,MNQU26,A,605aa9c1bee52a102446f0283839daf998adc79f20a0c2713c49ab878646f544,2,1,2026-07-30T10:02:00-04:00,2026-07-30T10:00:00-04:00,2026-07-30T10:01:00-04:00,2026-07-30T16:00:00-04:00,2026-07-30T16:00:00-04:00,session_close_proxy,28151.25,28230.25,28155.5,28230.25,1,149.5,2.24,147.26,EOD_CLOSE_PROXY,11.34888765294772,0.9317844414177786,0.5561904761904762,292.0,True,
2026-08-03,MNQU26,A,605aa9c1bee52a102446f0283839daf998adc79f20a0c2713c49ab878646f544,2,1,2026-08-03T10:02:00-04:00,2026-08-03T10:00:00-04:00,2026-08-03T10:01:00-04:00,2026-08-03T16:00:00-04:00,2026-08-03T16:00:00-04:00,session_close_proxy,28629.25,28900.75,28602.25,28900.75,1,597.0,2.24,594.76,EOD_CLOSE_PROXY,6.907119021134594,0.7252624007511939,0.4335719968178202,272.5,True,
2026-08-04,MNQU26,A,605aa9c1bee52a102446f0283839daf998adc79f20a0c2713c49ab878646f544,2,1,2026-08-04T10:02:00-04:00,2026-08-04T10:00:00-04:00,2026-08-04T10:01:00-04:00,2026-08-04T16:00:00-04:00,2026-08-04T16:00:00-04:00,session_close_proxy,29467.0,29874.75,29456.75,29874.75,1,836.0,2.24,833.76,EOD_CLOSE_PROXY,5.208231368186874,0.7607882963465409,0.3424083769633508,163.5,True,
2026-08-13,MNQU26,A,605aa9c1bee52a102446f0283839daf998adc79f20a0c2713c49ab878646f544,2,1,2026-08-13T10:02:00-04:00,2026-08-13T10:00:00-04:00,2026-08-13T10:01:00-04:00,2026-08-13T16:00:00-04:00,2026-08-13T16:00:00-04:00,session_close_proxy,30176.0,30194.75,30181.75,30194.75,1,26.0,2.24,23.759999999999998,EOD_CLOSE_PROXY,9.903948832035596,0.8853989461034223,0.530621785881253,283.75,True,
2026-08-24,MNQU26,A,605aa9c1bee52a102446f0283839daf998adc79f20a0c2713c49ab878646f544,2,-1,2026-08-24T10:02:00-04:00,2026-08-24T10:00:00-04:00,2026-08-24T10:01:00-04:00,2026-08-24T16:00:00-04:00,2026-08-24T16:00:00-04:00,session_close_proxy,29021.75,29099.75,29013.0,29099.75,1,-173.5,2.24,-175.74,EOD_CLOSE_PROXY,-5.272191323692992,0.6373353800622767,0.20770676691729323,-110.5,True,
2026-08-27,MNQU26,A,605aa9c1bee52a102446f0283839daf998adc79f20a0c2713c49ab878646f544,2,1,2026-08-27T12:32:00-04:00,2026-08-27T12:30:00-04:00,2026-08-27T12:31:00-04:00,2026-08-27T16:00:00-04:00,2026-08-27T16:00:00-04:00,session_close_proxy,29603.25,29691.5,29603.75,29691.5,1,175.5,2.24,173.26,EOD_CLOSE_PROXY,-0.8899332591768632,0.3858540649562269,0.0350076103500761,5.75,True,
