contract,date,p_prior,p1530,p1559,move_usd,r_rod,r_lh,dir,gross,net3,net2,yr
MNQH21,2020-12-21,12705.0,12666.5,12674.5,16.0,-0.00303030303030305,0.000631587257727162,-1,-16.0,-19.0,-18.0,2020
MNQH21,2020-12-22,12674.5,12688.0,12708.75,41.5,0.0010651307743896332,0.0016354035308954185,1,41.5,38.5,39.5,2020
MNQH21,2020-12-23,12708.75,12694.5,12670.75,-47.5,-0.0011212747123044986,-0.0018708889676631868,-1,47.5,44.5,45.5,2020
MNQH21,2020-12-28,12670.75,12841.0,12836.75,-8.5,0.013436457983939443,-0.00033097110816915354,1,-8.5,-11.5,-10.5,2020
MNQH21,2020-12-29,12836.75,12858.5,12834.5,-48.0,0.0016943541005316476,-0.001866469650425806,1,-48.0,-51.0,-50.0,2020
MNQH21,2020-12-30,12834.5,12837.0,12844.75,15.5,0.00019478748685175518,0.0006037236114357913,1,15.5,12.5,13.5,2020
MNQH21,2020-12-31,12844.75,12842.0,12883.5,83.0,-0.00021409525292437337,0.003231583865441534,-1,-83.0,-86.0,-85.0,2020
MNQH21,2021-01-04,12883.5,12650.0,12684.25,68.5,-0.018123956999262614,0.002707509881422876,-1,-68.5,-71.5,-70.5,2021
MNQH21,2021-01-05,12684.25,12759.0,12792.0,66.0,0.005893135187338583,0.0025864095932282005,1,66.0,63.0,64.0,2021
MNQH21,2021-01-06,12792.0,12655.5,12617.5,-76.0,-0.010670731707317027,-0.0030026470704437314,-1,76.0,73.0,74.0,2021
MNQH21,2021-01-07,12617.5,12946.75,12938.75,-16.0,0.026094709728551546,-0.0006179156931276353,1,-16.0,-19.0,-18.0,2021
MNQH21,2021-01-08,12938.75,13056.0,13094.25,76.5,0.009061926383924224,0.0029296875,1,76.5,73.5,74.5,2021
MNQH21,2021-01-11,13094.25,12874.25,12892.25,36.0,-0.01680126773201973,0.0013981396974580562,-1,-36.0,-39.0,-38.0,2021
MNQH21,2021-01-12,12892.25,12877.5,12901.25,47.5,-0.001144098198530119,0.0018443020772664909,-1,-47.5,-50.5,-49.5,2021
MNQH21,2021-01-13,12901.25,12963.5,12973.5,20.0,0.004825113845557505,0.0007713966135689532,1,20.0,17.0,18.0,2021
MNQH21,2021-01-14,12973.5,12913.25,12896.0,-34.5,-0.004644082167495234,-0.00133583722145858,-1,34.5,31.5,32.5,2021
MNQH21,2021-01-15,12896.0,12824.0,12799.75,-48.5,-0.005583126550868456,-0.0018909856519027102,-1,48.5,45.5,46.5,2021
MNQH21,2021-01-19,12799.75,12989.0,12986.25,-5.5,0.01478544502822321,-0.00021171760720606336,1,-5.5,-8.5,-7.5,2021
MNQH21,2021-01-20,12986.25,13310.5,13295.75,-29.5,0.02496871691211866,-0.00110814770294132,1,-29.5,-32.5,-31.5,2021
MNQH21,2021-01-21,13295.75,13402.5,13397.25,-10.5,0.008028881409472888,-0.0003917179630665846,1,-10.5,-13.5,-12.5,2021
MNQH21,2021-01-22,13397.25,13387.0,13374.0,-26.0,-0.0007650823863106782,-0.0009710913572869018,-1,26.0,23.0,24.0,2021
MNQH21,2021-01-25,13374.0,13398.5,13476.5,156.0,0.0018319126663675078,0.005821547188118004,1,156.0,153.0,154.0,2021
MNQH21,2021-01-26,13476.5,13503.75,13477.5,-52.5,0.0020220383630764616,-0.001943904470980251,1,-52.5,-55.5,-54.5,2021
MNQH21,2021-01-27,13477.5,13073.75,13113.25,79.0,-0.029957336301242865,0.0030213213500334124,-1,-79.0,-82.0,-81.0,2021
MNQH21,2021-01-28,13113.25,13258.75,13195.75,-126.0,0.011095647532076258,-0.004751579145847118,1,-126.0,-129.0,-128.0,2021
MNQH21,2021-01-29,13195.75,12975.75,12928.5,-94.5,-0.016672034556580728,-0.00364140801109758,-1,94.5,91.5,92.5,2021
MNQH21,2021-02-01,12928.5,13248.75,13250.75,4.0,0.024770855087597132,0.00015095763751293845,1,4.0,1.0,2.0,2021
MNQH21,2021-02-02,13250.75,13481.0,13444.5,-73.0,0.017376374922174254,-0.0027075142793561158,1,-73.0,-76.0,-75.0,2021
MNQH21,2021-02-03,13444.5,13414.25,13404.0,-20.5,-0.0022499907025177457,-0.0007641127905025913,-1,20.5,17.5,18.5,2021
MNQH21,2021-02-04,13404.0,13515.75,13532.5,33.5,0.008337063563115477,0.0012392948966946093,1,33.5,30.5,31.5,2021
MNQH21,2021-02-05,13532.5,13571.0,13601.0,60.0,0.002845002771106664,0.0022105961240881378,1,60.0,57.0,58.0,2021
MNQH21,2021-02-08,13601.0,13646.5,13673.5,54.0,0.0033453422542459865,0.001978529293225284,1,54.0,51.0,52.0,2021
MNQH21,2021-02-09,13673.5,13691.25,13674.75,-33.0,0.0012981314220938955,-0.0012051492741714798,1,-33.0,-36.0,-35.0,2021
MNQH21,2021-02-10,13674.75,13663.0,13641.25,-43.5,-0.0008592478838735929,-0.0015918905072092038,-1,43.5,40.5,41.5,2021
MNQH21,2021-02-11,13641.25,13704.0,13722.0,36.0,0.004600018326766264,0.0013134851138354442,1,36.0,33.0,34.0,2021
MNQH21,2021-02-12,13722.0,13749.0,13805.0,112.0,0.0019676432006996425,0.004073023492617622,1,112.0,109.0,110.0,2021
MNQH21,2021-02-16,13805.0,13768.75,13771.0,4.5,-0.002625860195581309,0.00016341352700854905,-1,-4.5,-7.5,-6.5,2021
MNQH21,2021-02-17,13771.0,13685.25,13696.25,22.0,-0.006226853532786292,0.0008037850970936677,-1,-22.0,-25.0,-24.0,2021
MNQH21,2021-02-18,13696.25,13653.0,13637.75,-30.5,-0.00315779866751853,-0.0011169706291657144,-1,30.5,27.5,28.5,2021
MNQH21,2021-02-19,13637.75,13596.25,13573.25,-46.0,-0.0030430239592308395,-0.0016916429162452395,-1,46.0,43.0,44.0,2021
MNQH21,2021-02-22,13573.25,13254.0,13232.75,-42.5,-0.023520527508150257,-0.0016032895729590768,-1,42.5,39.5,40.5,2021
MNQH21,2021-02-23,13232.75,13249.0,13205.75,-86.5,0.0012280138293250253,-0.003264397313004763,1,-86.5,-89.5,-88.5,2021
MNQH21,2021-02-24,13205.75,13274.0,13294.0,40.0,0.005168203244798608,0.0015067048365224878,1,40.0,37.0,38.0,2021
MNQH21,2021-02-25,13294.0,12826.5,12843.0,33.0,-0.03516624040920713,0.001286399251549497,-1,-33.0,-36.0,-35.0,2021
MNQH21,2021-02-26,12843.0,12962.25,12949.25,-26.0,0.00928521373510871,-0.0010029123030338427,1,-26.0,-29.0,-28.0,2021
MNQH21,2021-03-01,12949.25,13272.0,13259.0,-26.0,0.02492422341062217,-0.000979505726341201,1,-26.0,-29.0,-28.0,2021
MNQH21,2021-03-02,13259.0,13112.5,13060.75,-103.5,-0.011049098725394058,-0.003946615824594879,-1,103.5,100.5,101.5,2021
MNQH21,2021-03-03,13060.75,12717.0,12689.0,-56.0,-0.026319315506383667,-0.002201777148698625,-1,56.0,53.0,54.0,2021
MNQH21,2021-03-04,12689.0,12461.25,12465.5,8.5,-0.01794861691228622,0.00034105727756039705,-1,-8.5,-11.5,-10.5,2021
MNQH21,2021-03-05,12465.5,12656.0,12668.0,24.0,0.015282178813525338,0.0009481668773703156,1,24.0,21.0,22.0,2021
MNQH21,2021-03-08,12668.0,12341.25,12318.5,-45.5,-0.025793337543416506,-0.0018434113238123828,-1,45.5,42.5,43.5,2021
MNQH21,2021-03-09,12318.5,12848.75,12788.75,-120.0,0.043045013597434734,-0.004669714952816428,1,-120.0,-123.0,-122.0,2021
MNQH21,2021-03-10,12788.75,12774.25,12759.0,-30.5,-0.001133809011826803,-0.0011938078556471554,-1,30.5,27.5,28.5,2021
MNQH21,2021-03-11,12759.0,13085.0,13044.5,-81.0,0.02555059173916452,-0.0030951471150172383,1,-81.0,-84.0,-83.0,2021
MNQH21,2021-03-12,13044.5,12908.25,12938.25,60.0,-0.010445015140480685,0.002324095055487696,-1,-60.0,-63.0,-62.0,2021
MNQH21,2021-03-15,12938.25,13006.75,13074.25,135.0,0.005294379069812338,0.005189613085513356,1,135.0,132.0,133.0,2021
MNQH21,2021-03-16,13074.25,13161.75,13156.5,-10.5,0.006692544505420894,-0.0003988831272436766,1,-10.5,-13.5,-12.5,2021
MNQH21,2021-03-17,13156.5,13227.75,13195.5,-64.5,0.00541557405084947,-0.0024380563587911297,1,-64.5,-67.5,-66.5,2021
MNQH21,2021-03-18,13195.5,12861.0,12805.5,-111.0,-0.025349550983289726,-0.004315372055050171,-1,111.0,108.0,109.0,2021
MNQH22,2021-12-20,15812.5,15616.25,15635.0,37.5,-0.012411067193675906,0.0012006723765307648,-1,-37.5,-40.5,-39.5,2021
MNQH22,2021-12-21,15635.0,15940.75,15971.5,61.5,0.01955548448992639,0.001929018396248594,1,61.5,58.5,59.5,2021
MNQH22,2021-12-22,15971.5,16120.5,16163.25,85.5,0.009329117490530114,0.00265190285661121,1,85.5,82.5,83.5,2021
MNQH22,2021-12-23,16163.25,16314.5,16314.0,-1.0,0.009357647750297682,-3.064758343807039e-05,1,-1.0,-4.0,-3.0,2021
MNQH22,2021-12-27,16314.0,16537.75,16557.75,40.0,0.01371521392668873,0.0012093543559432707,1,40.0,37.0,38.0,2021
MNQH22,2021-12-28,16557.75,16498.0,16474.75,-46.5,-0.0036085820839184546,-0.0014092617286943776,-1,46.5,43.5,44.5,2021
MNQH22,2021-12-29,16474.75,16486.25,16498.5,24.5,0.0006980379064933651,0.0007430434452952994,1,24.5,21.5,22.5,2021
MNQH22,2021-12-30,16498.5,16495.25,16420.75,-149.0,-0.00019698760493380707,-0.004516451705794067,-1,149.0,146.0,147.0,2021
MNQH22,2021-12-31,16420.75,16381.25,16322.75,-117.0,-0.002405493049952079,-0.0035711560473101756,-1,117.0,114.0,115.0,2021
MNQH22,2022-01-03,16322.75,16481.5,16477.25,-8.5,0.009725689604999088,-0.0002578648788035265,1,-8.5,-11.5,-10.5,2022
MNQH22,2022-01-04,16477.25,16285.5,16288.5,6.0,-0.011637257430699877,0.00018421295017034822,-1,-6.0,-9.0,-8.0,2022
MNQH22,2022-01-05,16288.5,15834.0,15784.0,-100.0,-0.027903121834423006,-0.0031577617784513956,-1,100.0,97.0,98.0,2022
MNQH22,2022-01-06,15784.0,15803.25,15761.5,-83.5,0.0012195894576787492,-0.0026418616423836694,1,-83.5,-86.5,-85.5,2022
MNQH22,2022-01-07,15761.5,15613.5,15598.0,-31.0,-0.009389969228817074,-0.0009927306497582444,-1,31.0,28.0,29.0,2022
MNQH22,2022-01-10,15598.0,15473.75,15601.25,255.0,-0.00796576484164635,0.008239760885370373,-1,-255.0,-258.0,-257.0,2022
MNQH22,2022-01-11,15601.25,15819.0,15821.75,5.5,0.01395721496674951,0.00017384158290667528,1,5.5,2.5,3.5,2022
MNQH22,2022-01-12,15821.75,15873.5,15890.5,34.0,0.003270813911229853,0.0010709673354962757,1,34.0,31.0,32.0,2022
MNQH22,2022-01-13,15890.5,15582.5,15482.0,-201.0,-0.019382650011012914,-0.006449542756297166,-1,201.0,198.0,199.0,2022
MNQH22,2022-01-14,15482.0,15562.75,15601.0,76.5,0.005215734401240235,0.00245779184270134,1,76.5,73.5,74.5,2022
MNQH22,2022-01-18,15601.0,15245.75,15198.0,-95.5,-0.022770976219473105,-0.003132020399127633,-1,95.5,92.5,93.5,2022
MNQH22,2022-01-19,15198.0,15134.5,15037.75,-193.5,-0.004178181339649978,-0.006392678978492827,-1,193.5,190.5,191.5,2022
MNQH22,2022-01-20,15037.75,14970.5,14826.75,-287.5,-0.004472078602184459,-0.009602217694799742,-1,287.5,284.5,285.5,2022
MNQH22,2022-01-21,14826.75,14464.75,14484.0,38.5,-0.02441533039944699,0.001330821479804456,-1,-38.5,-41.5,-40.5,2022
MNQH22,2022-01-24,14484.0,14262.0,14502.25,480.5,-0.015327257663628857,0.016845463469359112,-1,-480.5,-483.5,-482.5,2022
MNQH22,2022-01-25,14502.25,14218.25,14151.75,-133.0,-0.01958316812908345,-0.004677087545935654,-1,133.0,130.0,131.0,2022
MNQH22,2022-01-26,14151.75,14165.0,14149.5,-31.0,0.0009362799653753751,-0.001094246381927233,1,-31.0,-34.0,-33.0,2022
MNQH22,2022-01-27,14149.5,13998.75,14002.25,7.0,-0.01065408671684509,0.0002500223234216392,-1,-7.0,-10.0,-9.0,2022
MNQH22,2022-01-28,14002.25,14253.75,14420.5,333.5,0.017961399060865135,0.01169867578707362,1,333.5,330.5,331.5,2022
MNQH22,2022-01-31,14420.5,14769.0,14901.5,265.0,0.024166984501230893,0.008971494346265763,1,265.0,262.0,263.0,2022
MNQH22,2022-02-01,14901.5,14944.75,15008.25,127.0,0.0029023923766062776,0.0042489837568375766,1,127.0,124.0,125.0,2022
MNQH22,2022-02-02,15008.25,15107.75,15115.5,15.5,0.006629687005480278,0.0005129817477784737,1,15.5,12.5,13.5,2022
MNQH22,2022-02-03,15115.5,14596.75,14510.0,-173.5,-0.03431907644470911,-0.005943103773100145,-1,173.5,170.5,171.5,2022
MNQH22,2022-02-04,14510.0,14776.75,14697.0,-159.5,0.018383873190902733,-0.005396991896052916,1,-159.5,-162.5,-161.5,2022
MNQH22,2022-02-07,14697.0,14640.25,14544.75,-191.0,-0.0038613322446757747,-0.006523112651764862,-1,191.0,188.0,189.0,2022
MNQH22,2022-02-08,14544.75,14699.25,14734.0,69.5,0.01062238952199257,0.0023640661938533203,1,69.5,66.5,67.5,2022
MNQH22,2022-02-09,14734.0,15005.75,15023.75,36.0,0.018443735577575726,0.0011995401762656677,1,36.0,33.0,34.0,2022
MNQH22,2022-02-10,15023.75,14722.25,14717.75,-9.0,-0.020068225309925913,-0.0003056598006418998,-1,9.0,6.0,7.0,2022
MNQH22,2022-02-11,14717.75,14260.0,14264.25,8.5,-0.03110190076608177,0.0002980364656381962,-1,-8.5,-11.5,-10.5,2022
MNQH22,2022-02-14,14264.25,14243.5,14266.75,46.5,-0.0014546856652120077,0.001632323515989853,-1,-46.5,-49.5,-48.5,2022
MNQH22,2022-02-15,14266.75,14582.25,14594.25,24.0,0.02211435680866347,0.0008229182739289964,1,24.0,21.0,22.0,2022
MNQH22,2022-02-16,14594.25,14635.5,14604.5,-62.0,0.002826455624646673,-0.002118137405623277,1,-62.0,-65.0,-64.0,2022
MNQH22,2022-02-17,14604.5,14197.5,14169.5,-56.0,-0.027868122838850984,-0.00197217820038742,-1,56.0,53.0,54.0,2022
MNQH22,2022-02-18,14169.5,14014.25,13997.75,-33.0,-0.010956632202971162,-0.0011773730310219443,-1,33.0,30.0,31.0,2022
MNQH22,2022-02-22,13997.75,13962.0,13860.25,-203.5,-0.0025539818899465994,-0.007287637874230035,-1,203.5,200.5,201.5,2022
MNQH22,2022-02-23,13860.25,13579.75,13514.75,-130.0,-0.020237730199671677,-0.004786538780168992,-1,130.0,127.0,128.0,2022
MNQH22,2022-02-24,13514.75,13812.5,13948.75,272.5,0.022031484119203082,0.009864253393665257,1,272.5,269.5,270.5,2022
MNQH22,2022-02-25,13948.75,14134.5,14175.0,81.0,0.013316605430594208,0.002865329512893977,1,81.0,78.0,79.0,2022
MNQH22,2022-02-28,14175.0,14106.75,14228.75,244.0,-0.004814814814814827,0.008648342105729512,-1,-244.0,-247.0,-246.0,2022
MNQH22,2022-03-01,14228.75,13980.25,14001.5,42.5,-0.017464640253008867,0.0015200014305896126,-1,-42.5,-45.5,-44.5,2022
MNQH22,2022-03-02,14001.5,14263.0,14239.5,-47.0,0.018676570367460732,-0.001647619715347437,1,-47.0,-50.0,-49.0,2022
MNQH22,2022-03-03,14239.5,14043.0,14015.0,-56.0,-0.013799641841356736,-0.001993875952431834,-1,56.0,53.0,54.0,2022
MNQH22,2022-03-04,14015.0,13789.25,13837.75,97.0,-0.016107741705315703,0.0035172326268650966,-1,-97.0,-100.0,-99.0,2022
MNQH22,2022-03-07,13837.75,13414.5,13336.75,-155.5,-0.030586619934599213,-0.005795967050579609,-1,155.5,152.5,153.5,2022
MNQH22,2022-03-08,13336.75,13349.75,13254.75,-190.0,0.0009747502202559488,-0.007116238131800179,1,-190.0,-193.0,-192.0,2022
MNQH22,2022-03-09,13254.75,13770.5,13721.75,-97.5,0.038910579226315134,-0.0035401764641807,1,-97.5,-100.5,-99.5,2022
MNQH22,2022-03-10,13721.75,13584.0,13603.0,38.0,-0.010038807003479921,0.0013987043580683256,-1,-38.0,-41.0,-40.0,2022
MNQH22,2022-03-11,13603.0,13370.5,13302.25,-136.5,-0.01709181798132764,-0.005104521147301866,-1,136.5,133.5,134.5,2022
MNQH22,2022-03-14,13302.25,13075.5,13052.75,-45.5,-0.017045988460598793,-0.0017398952238920629,-1,45.5,42.5,43.5,2022
MNQH22,2022-03-15,13052.75,13437.5,13453.25,31.5,0.02947654708777847,0.0011720930232557158,1,31.5,28.5,29.5,2022
MNQH22,2022-03-16,13453.25,13850.5,13926.75,152.5,0.029528180922825387,0.005505216418179915,1,152.5,149.5,150.5,2022
MNQH22,2022-03-17,13926.75,14056.5,14092.75,72.5,0.00931660294038461,0.002578878099100068,1,72.5,69.5,70.5,2022
MNQH23,2022-12-19,11352.25,11151.0,11197.5,93.0,-0.01772776321874514,0.00417002959375834,-1,-93.0,-96.0,-95.0,2022
MNQH23,2022-12-20,11197.5,11191.5,11175.5,-32.0,-0.0005358338914935867,-0.0014296564356878205,-1,32.0,29.0,30.0,2022
MNQH23,2022-12-21,11175.5,11324.5,11335.25,21.5,0.013332736790300226,0.0009492692834121019,1,21.5,18.5,19.5,2022
MNQH23,2022-12-22,11335.25,11041.0,11048.75,15.5,-0.025958845195297897,0.0007019291730820942,-1,-15.5,-18.5,-17.5,2022
MNQH23,2022-12-23,11048.75,11053.5,11072.5,38.0,0.00042991288607319156,0.0017189125616321466,1,38.0,35.0,36.0,2022
MNQH23,2022-12-27,11072.5,10940.25,10914.25,-52.0,-0.01194400541883045,-0.002376545325746715,-1,52.0,49.0,50.0,2022
MNQH23,2022-12-28,10914.25,10773.25,10769.5,-7.5,-0.012918890441395381,-0.0003480843756527019,-1,7.5,4.5,5.5,2022
MNQH23,2022-12-29,10769.5,11047.5,11038.75,-17.5,0.025813640373276492,-0.0007920343969223254,1,-17.5,-20.5,-19.5,2022
MNQH23,2022-12-30,11038.75,10942.75,11019.75,154.0,-0.00869663684746913,0.007036622421237704,-1,-154.0,-157.0,-156.0,2022
MNQH23,2023-01-03,11019.75,10943.5,10948.25,9.5,-0.006919394723110761,0.00043404760816923016,-1,-9.5,-12.5,-11.5,2023
MNQH23,2023-01-04,10948.25,10957.0,10988.5,63.0,0.000799214486333355,0.0028748745094460126,1,63.0,60.0,61.0,2023
MNQH23,2023-01-05,10988.5,10836.5,10821.75,-29.5,-0.013832643217909668,-0.0013611405896737372,-1,29.5,26.5,27.5,2023
MNQH23,2023-01-06,10821.75,11133.25,11112.75,-41.0,0.028784623559036104,-0.0018413311476882521,1,-41.0,-44.0,-43.0,2023
MNQH23,2023-01-09,11112.75,11215.25,11181.5,-67.5,0.009223639513171733,-0.0030092953790598065,1,-67.5,-70.5,-69.5,2023
MNQH23,2023-01-10,11181.5,11242.5,11277.75,70.5,0.005455439788937033,0.0031354236157439264,1,70.5,67.5,68.5,2023
MNQH23,2023-01-11,11277.75,11441.75,11471.0,58.5,0.01454190773868902,0.002556427119977167,1,58.5,55.5,56.5,2023
MNQH23,2023-01-12,11471.0,11516.75,11532.0,30.5,0.003988318368058685,0.0013241582911844851,1,30.5,27.5,28.5,2023
MNQH23,2023-01-13,11532.0,11598.25,11609.75,23.0,0.005744883801595657,0.0009915288944453149,1,23.0,20.0,21.0,2023
MNQH23,2023-01-17,11609.75,11627.5,11623.25,-8.5,0.0015288873576089212,-0.00036551279294771977,1,-8.5,-11.5,-10.5,2023
MNQH23,2023-01-18,11623.25,11517.5,11473.5,-88.0,-0.009098143806594572,-0.0038202734968526553,-1,88.0,85.0,86.0,2023
MNQH23,2023-01-19,11473.5,11418.0,11362.25,-111.5,-0.004837233625310522,-0.004882641443335056,-1,111.5,108.5,109.5,2023
MNQH23,2023-01-20,11362.25,11656.0,11671.25,30.5,0.02585315408479838,0.0013083390528483285,1,30.5,27.5,28.5,2023
MNQH23,2023-01-23,11671.25,11903.5,11929.0,51.0,0.01989932526507454,0.0021422270760700357,1,51.0,48.0,49.0,2023
MNQH23,2023-01-24,11929.0,11905.0,11909.5,9.0,-0.0020119037639366733,0.00037799244015124245,-1,-9.0,-12.0,-11.0,2023
MNQH23,2023-01-25,11909.5,11868.0,11871.0,6.0,-0.003484613123976632,0.00025278058645095136,-1,-6.0,-9.0,-8.0,2023
MNQH23,2023-01-26,11871.0,12078.5,12097.25,37.5,0.01747957206638029,0.0015523450759613588,1,37.5,34.5,35.5,2023
MNQH23,2023-01-27,12097.25,12292.25,12225.25,-134.0,0.016119365971605015,-0.005450588785616994,1,-134.0,-137.0,-136.0,2023
MNQH23,2023-01-30,12225.25,11972.0,11961.5,-21.0,-0.020715322795034852,-0.0008770464416972823,-1,21.0,18.0,19.0,2023
MNQH23,2023-01-31,11961.5,12077.0,12144.25,134.5,0.009655979601220555,0.005568435869835131,1,134.5,131.5,132.5,2023
MNQH23,2023-02-01,12144.25,12431.0,12415.5,-31.0,0.02361199744735165,-0.0012468827930174342,1,-31.0,-34.0,-33.0,2023
MNQH23,2023-02-02,12415.5,12782.0,12833.0,102.0,0.029519552172687424,0.003989985917696837,1,102.0,99.0,100.0,2023
MNQH23,2023-02-03,12833.0,12629.0,12634.5,11.0,-0.015896516792643922,0.0004355055823896947,-1,-11.0,-14.0,-13.0,2023
MNQH23,2023-02-06,12634.5,12485.0,12510.75,51.5,-0.011832680359333603,0.0020624749699640343,-1,-51.5,-54.5,-53.5,2023
MNQH23,2023-02-07,12510.75,12749.25,12787.5,76.5,0.0190636052994424,0.0030001764809695075,1,76.5,73.5,74.5,2023
MNQH23,2023-02-08,12787.5,12533.5,12542.25,17.5,-0.01986314760508312,0.0006981290142418217,-1,-17.5,-20.5,-19.5,2023
MNQH23,2023-02-09,12542.25,12404.5,12422.5,36.0,-0.010982877872789953,0.001451086299326887,-1,-36.0,-39.0,-38.0,2023
MNQH23,2023-02-10,12422.5,12311.0,12352.0,82.0,-0.008975649023948429,0.0033303549671026556,-1,-82.0,-85.0,-84.0,2023
MNQH23,2023-02-13,12352.0,12526.0,12528.5,5.0,0.014086787564766778,0.0001995848634839259,1,5.0,2.0,3.0,2023
MNQH23,2023-02-14,12528.5,12629.0,12635.75,13.5,0.008021710500059953,0.0005344841238419384,1,13.5,10.5,11.5,2023
MNQH23,2023-02-15,12635.75,12680.5,12718.25,75.5,0.0035415388876798293,0.0029770119474783474,1,75.5,72.5,73.5,2023
MNQH23,2023-02-16,12718.25,12513.0,12485.0,-56.0,-0.016138226564189284,-0.0022376728202668783,-1,56.0,53.0,54.0,2023
MNQH23,2023-02-17,12485.0,12360.5,12388.75,56.5,-0.009971966359631601,0.0022855062497471046,-1,-56.5,-59.5,-58.5,2023
MNQH23,2023-02-21,12388.75,12110.25,12095.0,-30.5,-0.022480072646554383,-0.0012592638467413542,-1,30.5,27.5,28.5,2023
MNQH23,2023-02-22,12095.0,12073.25,12085.5,24.5,-0.0017982637453493044,0.0010146398028700876,-1,-24.5,-27.5,-26.5,2023
MNQH23,2023-02-23,12085.5,12242.0,12215.25,-53.5,0.012949402176161584,-0.002185100473778845,1,-53.5,-56.5,-55.5,2023
MNQH23,2023-02-24,12215.25,11976.5,11992.25,31.5,-0.019545240580422063,0.0013150753559052486,-1,-31.5,-34.5,-33.5,2023
MNQH23,2023-02-27,11992.25,12088.0,12080.5,-15.0,0.007984323208738875,-0.000620450033090636,1,-15.0,-18.0,-17.0,2023
MNQH23,2023-02-28,12080.5,12091.5,12093.25,3.5,0.0009105583378170579,0.00014472976884594146,1,3.5,0.5,1.5,2023
MNQH23,2023-03-01,12093.25,11945.5,11960.5,30.0,-0.01221755938230007,0.0012557029843873746,-1,-30.0,-33.0,-32.0,2023
MNQH23,2023-03-02,11960.5,12051.0,12061.75,21.5,0.007566573303791735,0.000892042154178041,1,21.5,18.5,19.5,2023
MNQH23,2023-03-03,12061.75,12307.25,12311.75,9.0,0.020353597114846522,0.0003656381401206943,1,9.0,6.0,7.0,2023
MNQH23,2023-03-06,12311.75,12317.75,12322.25,9.0,0.00048733933031464005,0.00036532645978359923,1,9.0,6.0,7.0,2023
MNQH23,2023-03-07,12322.25,12154.0,12166.75,25.5,-0.01365416218628901,0.0010490373539575604,-1,-25.5,-28.5,-27.5,2023
MNQH23,2023-03-08,12166.75,12169.75,12224.75,110.0,0.00024657365360503114,0.0045194026171448964,1,110.0,107.0,108.0,2023
MNQH23,2023-03-09,12224.75,11997.75,12019.0,42.5,-0.01856888688930247,0.0017711654268508514,-1,-42.5,-45.5,-44.5,2023
MNQH23,2023-03-10,12019.0,11864.25,11840.75,-47.0,-0.012875447208586355,-0.001980740459784691,-1,47.0,44.0,45.0,2023
MNQH23,2023-03-13,11840.75,11967.25,11930.5,-73.5,0.01068344488313655,-0.0030708809459149,1,-73.5,-76.5,-75.5,2023
MNQH23,2023-03-14,11930.5,12076.5,12197.5,242.0,0.012237542433259252,0.010019459280420584,1,242.0,239.0,240.0,2023
MNQH23,2023-03-15,12197.5,12258.0,12235.25,-45.5,0.00496003279360524,-0.0018559308206885783,1,-45.5,-48.5,-47.5,2023
MNQH23,2023-03-16,12235.25,12594.0,12585.25,-17.5,0.029321019186367314,-0.0006947752898205373,1,-17.5,-20.5,-19.5,2023
MNQH24,2023-12-18,16839.5,16970.0,16941.75,-56.5,0.00774963627186076,-0.0016647024160282298,1,-56.5,-59.5,-58.5,2023
MNQH24,2023-12-19,16941.75,16996.75,17017.5,41.5,0.0032464178730060578,0.001220821627664126,1,41.5,38.5,39.5,2023
MNQH24,2023-12-20,17017.5,16793.75,16774.0,-39.5,-0.013148229763478736,-0.0011760327502791101,-1,39.5,36.5,37.5,2023
MNQH24,2023-12-21,16774.0,16939.5,16954.25,29.5,0.009866459997615262,0.0008707458897843079,1,29.5,26.5,27.5,2023
MNQH24,2023-12-22,16954.25,16990.0,16971.75,-36.5,0.0021086158337879635,-0.0010741612713360826,1,-36.5,-39.5,-38.5,2023
MNQH24,2023-12-26,16971.75,17100.5,17081.75,-37.5,0.00758613578446532,-0.0010964591678606084,1,-37.5,-40.5,-39.5,2023
MNQH24,2023-12-27,17081.75,17083.5,17096.0,25.0,0.00010244851961882517,0.0007317001785347443,1,25.0,22.0,23.0,2023
MNQH24,2023-12-28,17096.0,17100.25,17089.5,-21.5,0.0002485961628451161,-0.0006286457800324108,1,-21.5,-24.5,-23.5,2023
MNQH24,2023-12-29,17089.5,17034.5,17006.5,-56.0,-0.003218350449106122,-0.00164372303266902,-1,56.0,53.0,54.0,2023
MNQH24,2024-01-02,17006.5,16645.75,16723.75,156.0,-0.021212477582100986,0.004685880780379348,-1,-156.0,-159.0,-158.0,2024
MNQH24,2024-01-03,16723.75,16558.25,16539.5,-37.5,-0.009896105837506552,-0.0011323660410973435,-1,37.5,34.5,35.5,2024
MNQH24,2024-01-04,16539.5,16484.75,16448.0,-73.5,-0.0033102572629160054,-0.0022293331715677045,-1,73.5,70.5,71.5,2024
MNQH24,2024-01-05,16448.0,16418.75,16465.0,92.5,-0.0017783317120622089,0.0028169014084507005,-1,-92.5,-95.5,-94.5,2024
MNQH24,2024-01-08,16465.0,16778.0,16809.75,63.5,0.019010021257212184,0.0018923590416020097,1,63.5,60.5,61.5,2024
MNQH24,2024-01-09,16809.75,16826.25,16832.0,11.5,0.0009815731941285044,0.00034172795483256024,1,11.5,8.5,9.5,2024
MNQH24,2024-01-10,16832.0,16939.0,16946.25,14.5,0.00635693916349811,0.00042800637581907885,1,14.5,11.5,12.5,2024
MNQH24,2024-01-11,16946.25,16947.0,16970.25,46.5,4.425757911041828e-05,0.0013719242343777083,1,46.5,43.5,44.5,2024
MNQH24,2024-01-12,16970.25,16954.0,16975.75,43.5,-0.0009575580795804228,0.0012828830954347836,-1,-43.5,-46.5,-45.5,2024
MNQH24,2024-01-16,16975.75,16928.5,16965.0,73.0,-0.0027833821775179457,0.002156127241043304,-1,-73.0,-76.0,-75.0,2024
MNQH24,2024-01-17,16965.0,16804.5,16879.5,150.0,-0.0094606542882405,0.004463090243684631,-1,-150.0,-153.0,-152.0,2024
MNQH24,2024-01-18,16879.5,17108.75,17114.0,10.5,0.013581563434935884,0.000306860524585284,1,10.5,7.5,8.5,2024
MNQH24,2024-01-19,17114.0,17430.0,17434.25,8.5,0.01846441509874963,0.0002438324727480623,1,8.5,5.5,6.5,2024
MNQH24,2024-01-22,17434.25,17485.25,17458.5,-53.5,0.0029252763956006955,-0.001529860882743983,1,-53.5,-56.5,-55.5,2024
MNQH24,2024-01-23,17458.5,17509.75,17533.75,48.0,0.0029355328350086918,0.0013706649152613881,1,48.0,45.0,46.0,2024
MNQH24,2024-01-24,17533.75,17616.75,17616.75,0.0,0.004733727810650956,0.0,1,0.0,-3.0,-2.0,2024
MNQH24,2024-01-25,17616.75,17598.0,17627.0,58.0,-0.0010643279833113528,0.001647914535742645,-1,-58.0,-61.0,-60.0,2024
MNQH24,2024-01-26,17627.0,17539.0,17529.75,-18.5,-0.004992341294604907,-0.0005273960887165474,-1,18.5,15.5,16.5,2024
MNQH24,2024-01-29,17529.75,17704.5,17705.5,2.0,0.009968767381166366,5.6482815103509054e-05,1,2.0,-1.0,0.0,2024
MNQH24,2024-01-30,17705.5,17599.0,17590.25,-17.5,-0.006015080059868394,-0.0004971873401897753,-1,17.5,14.5,15.5,2024
MNQH24,2024-01-31,17590.25,17298.5,17258.5,-80.0,-0.01658589275308764,-0.002312339220163606,-1,80.0,77.0,78.0,2024
MNQH24,2024-02-01,17258.5,17438.5,17430.25,-16.5,0.010429643364139318,-0.00047309114889471093,1,-16.5,-19.5,-18.5,2024
MNQH24,2024-02-02,17430.25,17766.25,17742.75,-47.0,0.01927683194446428,-0.0013227327094913477,1,-47.0,-50.0,-49.0,2024
MNQH24,2024-02-05,17742.75,17715.0,17715.75,1.5,-0.0015640191063955866,4.233700254019368e-05,-1,-1.5,-4.5,-3.5,2024
MNQH24,2024-02-06,17715.75,17635.5,17653.25,35.5,-0.004529867490792094,0.0010064925859771812,-1,-35.5,-38.5,-37.5,2024
MNQH24,2024-02-07,17653.25,17855.75,17838.5,-34.5,0.011470975599393807,-0.0009660753538776046,1,-34.5,-37.5,-36.5,2024
MNQH24,2024-02-08,17838.5,17870.75,17856.5,-28.5,0.0018078874344815699,-0.0007973923870010502,1,-28.5,-31.5,-30.5,2024
MNQH24,2024-02-09,17856.5,18042.0,18040.25,-3.5,0.010388373981463417,-9.699589845912904e-05,1,-3.5,-6.5,-5.5,2024
MNQH24,2024-02-12,18040.25,17973.5,17958.0,-31.0,-0.00370005958897468,-0.0008623807271816997,-1,31.0,28.0,29.0,2024
MNQH24,2024-02-13,17958.0,17574.0,17676.75,205.5,-0.02138322753090549,0.005846705360191162,-1,-205.5,-208.5,-207.5,2024
MNQH24,2024-02-14,17676.75,17837.0,17875.75,77.5,0.009065580494151959,0.0021724505241913494,1,77.5,74.5,75.5,2024
MNQH24,2024-02-15,17875.75,17896.0,17908.25,24.5,0.001132819601974644,0.0006845105051407341,1,24.5,21.5,22.5,2024
MNQH24,2024-02-16,17908.25,17788.25,17742.75,-91.0,-0.006700822246729854,-0.0025578682557305665,-1,91.0,88.0,89.0,2024
MNQH24,2024-02-20,17742.75,17586.5,17596.75,20.5,-0.008806413887362474,0.0005828334233644039,-1,-20.5,-23.5,-22.5,2024
MNQH24,2024-02-21,17596.75,17421.5,17535.5,228.0,-0.009959225425149487,0.006543638607467761,-1,-228.0,-231.0,-230.0,2024
MNQH24,2024-02-22,17535.5,18059.25,18053.5,-11.5,0.029867982093467527,-0.0003183963896618014,1,-11.5,-14.5,-13.5,2024
MNQH24,2024-02-23,18053.5,17972.75,18000.75,56.0,-0.004472816905309207,0.0015579140643473544,-1,-56.0,-59.0,-58.0,2024
MNQH24,2024-02-26,18000.75,18014.25,17982.75,-63.0,0.0007499687513019548,-0.0017486156792538843,1,-63.0,-66.0,-65.0,2024
MNQH24,2024-02-27,17982.75,18025.75,18019.0,-13.5,0.0023911804368075273,-0.0003744643080038079,1,-13.5,-16.5,-15.5,2024
MNQH24,2024-02-28,18019.0,17925.0,17916.0,-18.0,-0.005216715688994955,-0.0005020920502092352,-1,18.0,15.0,16.0,2024
MNQH24,2024-02-29,17916.0,18049.75,18105.75,112.0,0.007465394061174413,0.003102536046205584,1,112.0,109.0,110.0,2024
MNQH24,2024-03-01,18105.75,18344.5,18341.0,-7.0,0.013186418679148826,-0.00019079288069989708,1,-7.0,-10.0,-9.0,2024
MNQH24,2024-03-04,18341.0,18321.0,18262.0,-118.0,-0.00109045308325606,-0.0032203482342666456,-1,118.0,115.0,116.0,2024
MNQH24,2024-03-05,18262.0,17841.5,17934.0,185.0,-0.023025955536085885,0.005184541658492803,-1,-185.0,-188.0,-187.0,2024
MNQH24,2024-03-06,17934.0,18019.0,18048.0,58.0,0.004739600758336016,0.0016094122870302652,1,58.0,55.0,56.0,2024
MNQH24,2024-03-07,18048.0,18304.0,18320.25,32.5,0.014184397163120588,0.0008877840909091717,1,32.5,29.5,30.5,2024
MNQH24,2024-03-08,18320.25,18050.5,18053.75,6.5,-0.014724144048252619,0.00018005041411606193,-1,-6.5,-9.5,-8.5,2024
MNQH24,2024-03-11,18053.75,17959.25,17968.5,18.5,-0.0052343695908052545,0.0005150549159904649,-1,-18.5,-21.5,-20.5,2024
MNQH24,2024-03-12,17968.5,18220.25,18230.75,21.0,0.014010629713109068,0.0005762818841672512,1,21.0,18.0,19.0,2024
MNQH24,2024-03-13,18230.75,18064.75,18078.5,27.5,-0.009105494837019834,0.0007611508601004235,-1,-27.5,-30.5,-29.5,2024
MNQH24,2024-03-14,18078.5,17946.0,18011.0,130.0,-0.0073291478828442225,0.0036219770422378783,-1,-130.0,-133.0,-132.0,2024
MNQH25,2024-12-23,21540.75,21707.5,21757.25,99.5,0.007741141789399109,0.0022918346193712136,1,99.5,96.5,97.5,2024
MNQH25,2024-12-26,21757.25,22046.25,22013.75,-65.0,0.013282928678946204,-0.0014741736122922955,1,-65.0,-68.0,-67.0,2024
MNQH25,2024-12-27,22013.75,21648.0,21689.5,83.0,-0.01661461586508428,0.0019170362158167364,-1,-83.0,-86.0,-85.0,2024
MNQH25,2024-12-30,21689.5,21467.75,21434.25,-67.0,-0.01022384102906937,-0.0015604802552666719,-1,67.0,64.0,65.0,2024
MNQH25,2024-12-31,21434.25,21308.75,21216.75,-184.0,-0.00585511506117542,-0.0043174752155804574,-1,184.0,181.0,182.0,2024
MNQH25,2025-01-02,21216.75,21156.5,21161.5,10.0,-0.0028397374715731782,0.00023633398719069554,-1,-10.0,-13.0,-12.0,2025
MNQH25,2025-01-03,21161.5,21522.75,21511.0,-23.5,0.017071096094322336,-0.0005459339536072472,1,-23.5,-26.5,-25.5,2025
MNQH25,2025-01-06,21511.0,21727.5,21734.5,14.0,0.010064618102366252,0.00032217236221376844,1,14.0,11.0,12.0,2025
MNQH25,2025-01-07,21734.5,21326.75,21358.25,63.0,-0.018760495985644887,0.0014770182986156843,-1,-63.0,-66.0,-65.0,2025
MNQH25,2025-01-08,21358.25,21348.25,21357.25,18.0,-0.0004682031533482789,0.00042158022320326616,-1,-18.0,-21.0,-20.0,2025
MNQH25,2025-01-10,21357.25,21010.75,21030.0,38.5,-0.016223998876259804,0.000916197660721263,-1,-38.5,-41.5,-40.5,2025
MNQH25,2025-01-13,21030.0,20883.25,20959.5,152.5,-0.006978126485972402,0.00365125160116353,-1,-152.5,-155.5,-154.5,2025
MNQH25,2025-01-14,20959.5,20835.25,20892.75,115.0,-0.00592809942985284,0.0027597461033583848,-1,-115.0,-118.0,-117.0,2025
MNQH25,2025-01-15,20892.75,21440.25,21401.75,-77.0,0.02620526259109024,-0.0017956880166976052,1,-77.0,-80.0,-79.0,2025
MNQH25,2025-01-16,21401.75,21331.25,21262.0,-138.5,-0.0032941231441354635,-0.003246410782302922,-1,138.5,135.5,136.5,2025
MNQH25,2025-01-17,21262.0,21601.25,21581.0,-40.5,0.01595569560718646,-0.0009374457496672539,1,-40.5,-43.5,-42.5,2025
MNQH25,2025-01-21,21581.0,21743.25,21712.75,-61.0,0.007518187294379253,-0.0014027341818725336,1,-61.0,-64.0,-63.0,2025
MNQH25,2025-01-22,21712.75,22015.5,22006.75,-17.5,0.013943420340583268,-0.00039744725307166995,1,-17.5,-20.5,-19.5,2025
MNQH25,2025-01-23,22006.75,21969.75,22033.0,126.5,-0.0016813023276949224,0.002878958568031109,-1,-126.5,-129.5,-128.5,2025
MNQH25,2025-01-24,22033.0,21864.75,21911.0,92.5,-0.007636272863432159,0.0021152768725918314,-1,-92.5,-95.5,-94.5,2025
MNQH25,2025-01-27,21911.0,21178.0,21254.25,152.5,-0.03345351649856232,0.0036004344130702304,-1,-152.5,-155.5,-154.5,2025
MNQH25,2025-01-28,21254.25,21616.75,21574.5,-84.5,0.017055412446922436,-0.001954502873928732,1,-84.5,-87.5,-86.5,2025
MNQH25,2025-01-29,21574.5,21584.0,21536.0,-96.0,0.00044033465433734875,-0.002223869532987366,1,-96.0,-99.0,-98.0,2025
MNQH25,2025-01-30,21536.0,21690.0,21631.5,-117.0,0.007150817236255547,-0.0026970954356846377,1,-117.0,-120.0,-119.0,2025
MNQH25,2025-01-31,21631.5,21559.25,21589.75,61.0,-0.0033400365208146043,0.0014147059846700838,-1,-61.0,-64.0,-63.0,2025
MNQH25,2025-02-03,21589.75,21457.75,21425.75,-64.0,-0.00611401243645715,-0.0014913026761892434,-1,64.0,61.0,62.0,2025
MNQH25,2025-02-04,21425.75,21629.75,21674.5,89.5,0.009521253631728177,0.002068909719252332,1,89.5,86.5,87.5,2025
MNQH25,2025-02-05,21674.5,21744.0,21764.5,41.0,0.003206533022676483,0.0009427888153052955,1,41.0,38.0,39.0,2025
MNQH25,2025-02-06,21764.5,21790.0,21869.5,159.0,0.0011716327046336072,0.0036484625975217178,1,159.0,156.0,157.0,2025
MNQH25,2025-02-07,21869.5,21574.75,21586.5,23.5,-0.013477674386702887,0.00054461812998996,-1,-23.5,-26.5,-25.5,2025
MNQH25,2025-02-10,21586.5,21862.25,21846.5,-31.5,0.012774187570935513,-0.0007204199018856494,1,-31.5,-34.5,-33.5,2025
MNQH25,2025-02-11,21846.5,21810.75,21785.5,-50.5,-0.001636417732817641,-0.0011576860034615555,-1,50.5,47.5,48.5,2025
MNQH25,2025-02-12,21785.5,21815.5,21807.0,-17.0,0.001377062725207212,-0.0003896312255048384,1,-17.0,-20.0,-19.0,2025
MNQH25,2025-02-13,21807.0,22084.0,22119.0,70.0,0.01270234328426656,0.0015848578156130166,1,70.0,67.0,68.0,2025
MNQH25,2025-02-14,22119.0,22185.25,22210.75,51.0,0.0029951625299515783,0.0011494123347719487,1,51.0,48.0,49.0,2025
MNQH25,2025-02-18,22210.75,22170.0,22231.75,123.5,-0.0018346971624101371,0.002785295444294178,-1,-123.5,-126.5,-125.5,2025
MNQH25,2025-02-19,22231.75,22219.0,22251.25,64.5,-0.0005735041101128102,0.001451460461767029,-1,-64.5,-67.5,-66.5,2025
MNQH25,2025-02-20,22251.25,22102.25,22144.75,85.0,-0.006696253019493281,0.0019228811546336821,-1,-85.0,-88.0,-87.0,2025
MNQH25,2025-02-21,22144.75,21701.75,21693.0,-17.5,-0.02000474153015952,-0.0004031932908636904,-1,17.5,14.5,15.5,2025
MNQH25,2025-02-24,21693.0,21522.25,21419.0,-206.5,-0.007871202692112611,-0.004797360870726797,-1,206.5,203.5,204.5,2025
MNQH25,2025-02-25,21419.0,21226.5,21164.0,-125.0,-0.00898734768196463,-0.0029444326667137366,-1,125.0,122.0,123.0,2025
MNQH25,2025-02-26,21164.0,21148.0,21171.5,47.0,-0.0007560007560007964,0.00111121619065635,-1,-47.0,-50.0,-49.0,2025
MNQH25,2025-02-27,21171.5,20689.5,20613.25,-152.5,-0.022766454903998312,-0.003685444307498953,-1,152.5,149.5,150.5,2025
MNQH25,2025-02-28,20613.25,20766.75,20938.5,343.5,0.007446666585812611,0.008270432301636044,1,343.5,340.5,341.5,2025
MNQH25,2025-03-03,20938.5,20381.25,20466.25,170.0,-0.026613654273228704,0.004170499846672726,-1,-170.0,-173.0,-172.0,2025
MNQH25,2025-03-04,20466.25,20671.5,20394.5,-554.0,0.01002870579612769,-0.013400091913987833,1,-554.0,-557.0,-556.0,2025
MNQH25,2025-03-05,20394.5,20690.0,20664.25,-51.5,0.014489200519747891,-0.0012445625906234437,1,-51.5,-54.5,-53.5,2025
MNQH25,2025-03-06,20664.25,20106.25,20090.75,-31.0,-0.02700315762730321,-0.0007709045694747063,-1,31.0,28.0,29.0,2025
MNQH25,2025-03-07,20090.75,20225.25,20249.5,48.5,0.0066946231474682705,0.0011989963041247886,1,48.5,45.5,46.5,2025
MNQH25,2025-03-10,20249.5,19433.75,19452.5,37.5,-0.04028494530729154,0.0009648163632856033,-1,-37.5,-40.5,-39.5,2025
MNQH25,2025-03-11,19452.5,19551.5,19422.25,-258.5,0.005089320138799591,-0.006610745978569366,1,-258.5,-261.5,-260.5,2025
MNQH25,2025-03-12,19422.25,19619.0,19618.0,-2.0,0.010130134253240497,-5.097099750239753e-05,1,-2.0,-5.0,-4.0,2025
MNQH25,2025-03-13,19618.0,19260.5,19231.5,-58.0,-0.01822306045468447,-0.0015056722307312809,-1,58.0,55.0,56.0,2025
MNQH25,2025-03-14,19231.5,19668.25,19731.5,126.5,0.02271013701479352,0.003215842792317458,1,126.5,123.5,124.5,2025
MNQH25,2025-03-17,19731.5,19917.75,19840.0,-155.5,0.009439221549299326,-0.003903553363206136,1,-155.5,-158.5,-157.5,2025
MNQH25,2025-03-18,19840.0,19503.5,19502.25,-2.5,-0.016960685483870974,-6.409106057891911e-05,-1,2.5,-0.5,0.5,2025
MNQH25,2025-03-19,19502.25,19752.75,19732.0,-41.5,0.012844671768642124,-0.0010504866411006342,1,-41.5,-44.5,-43.5,2025
MNQH25,2025-03-20,19732.0,19633.5,19686.5,106.0,-0.00499189134400968,0.0026994677464537986,-1,-106.0,-109.0,-108.0,2025
MNQH26,2025-12-22,25563.75,25688.5,25698.5,20.0,0.004879956970319288,0.00038927924946952075,1,20.0,17.0,18.0,2025
MNQH26,2025-12-23,25698.5,25798.0,25816.5,37.0,0.0038718213125279455,0.0007171098534770604,1,37.0,34.0,35.0,2025
MNQH26,2025-12-26,25816.5,25873.25,25866.25,-14.0,0.0021982065733154865,-0.0002705496990134115,1,-14.0,-17.0,-16.0,2025
MNQH26,2025-12-29,25866.25,25750.25,25742.0,-16.5,-0.004484608321654648,-0.0003203852389782602,-1,16.5,13.5,14.5,2025
MNQH26,2025-12-30,25742.0,25704.75,25684.5,-40.5,-0.0014470515111491,-0.0007877921395851306,-1,40.5,37.5,38.5,2025
MNQH26,2025-12-31,25684.5,25477.5,25465.0,-25.0,-0.008059335396834677,-0.0004906289863605418,-1,25.0,22.0,23.0,2025
MNQH26,2026-01-02,25465.0,25432.25,25382.25,-100.0,-0.0012860789318672738,-0.0019660077264103126,-1,100.0,97.0,98.0,2026
MNQH26,2026-01-05,25382.25,25600.0,25579.0,-42.0,0.008578829693979051,-0.0008203125000000311,1,-42.0,-45.0,-44.0,2026
MNQH26,2026-01-06,25579.0,25810.0,25830.75,41.5,0.009030845615543903,0.000803951956605875,1,41.5,38.5,39.5,2026
MNQH26,2026-01-07,25830.75,25860.25,25825.5,-69.5,0.0011420496888399079,-0.0013437611778694958,1,-69.5,-72.5,-71.5,2026
MNQH26,2026-01-08,25825.5,25676.0,25692.0,32.0,-0.005788852103541076,0.000623150023368213,-1,-32.0,-35.0,-34.0,2026
MNQH26,2026-01-09,25692.0,25967.5,25950.0,-35.0,0.01072318231356073,-0.0006739193222297102,1,-35.0,-38.0,-37.0,2026
MNQH26,2026-01-12,25950.0,25991.0,25959.0,-64.0,0.0015799614643545734,-0.001231195413797126,1,-64.0,-67.0,-66.0,2026
MNQH26,2026-01-13,25959.0,25827.0,25892.25,130.5,-0.005084941638737961,0.0025264258334301015,-1,-130.5,-133.5,-132.5,2026
MNQH26,2026-01-14,25892.25,25564.25,25624.25,120.0,-0.012667883246917477,0.0023470275873533897,-1,-120.0,-123.0,-122.0,2026
MNQH26,2026-01-15,25624.25,25718.75,25692.75,-52.0,0.003687912816960459,-0.0010109356014580406,1,-52.0,-55.0,-54.0,2026
MNQH26,2026-01-16,25692.75,25711.5,25704.5,-14.0,0.0007297778556207835,-0.00027225171615818944,1,-14.0,-17.0,-16.0,2026
MNQH26,2026-01-20,25704.5,25128.75,25128.75,0.0,-0.02239880176622766,0.0,-1,-0.0,-3.0,-2.0,2026
MNQH26,2026-01-21,25128.75,25486.5,25474.5,-24.0,0.014236681092374193,-0.00047083750220699994,1,-24.0,-27.0,-26.0,2026
MNQH26,2026-01-22,25474.5,25609.25,25650.0,81.5,0.005289603328819004,0.001591221921766639,1,81.5,78.5,79.5,2026
MNQH26,2026-01-23,25650.0,25710.25,25751.75,83.0,0.002348927875243767,0.0016141422195428135,1,83.0,80.0,81.0,2026
MNQH26,2026-01-26,25751.75,25880.75,25846.75,-68.0,0.005009368295358474,-0.0013137177245636789,1,-68.0,-71.0,-70.0,2026
MNQH26,2026-01-27,25846.75,26096.0,26075.5,-41.0,0.009643378761353016,-0.0007855610055180762,1,-41.0,-44.0,-43.0,2026
MNQH26,2026-01-28,26075.5,26174.25,26178.25,8.0,0.003787079825890105,0.000152821952873472,1,8.0,5.0,6.0,2026
MNQH26,2026-01-29,26178.25,25853.25,26013.5,320.5,-0.012414886403789405,0.006198447003761709,-1,-320.5,-323.5,-322.5,2026
MNQH26,2026-01-30,26013.5,25596.0,25665.0,138.0,-0.01604935898668003,0.002695733708391934,-1,-138.0,-141.0,-140.0,2026
MNQH26,2026-02-02,25665.0,25864.75,25856.0,-17.5,0.007782972920319597,-0.0003382982630800724,1,-17.5,-20.5,-19.5,2026
MNQH26,2026-02-03,25856.0,25330.5,25449.75,238.5,-0.020324102722772297,0.0047077633682715,-1,-238.5,-241.5,-240.5,2026
MNQH26,2026-02-04,25449.75,25059.0,25002.25,-113.5,-0.015353785400642472,-0.0022646554132247365,-1,113.5,110.5,111.5,2026
MNQH26,2026-02-05,25002.25,24637.75,24650.5,25.5,-0.014578687918087363,0.0005174985540481458,-1,-25.5,-28.5,-27.5,2026
MNQH26,2026-02-06,24650.5,25110.75,25177.75,134.0,0.018671020871787514,0.002668179962765027,1,134.0,131.0,132.0,2026
MNQH26,2026-02-09,25177.75,25364.0,25375.0,22.0,0.007397404454329681,0.00043368553855849257,1,22.0,19.0,20.0,2026
MNQH26,2026-02-10,25375.0,25254.5,25218.25,-72.5,-0.004748768472906395,-0.0014353877526777081,-1,72.5,69.5,70.5,2026
MNQH26,2026-02-11,25218.25,25285.0,25294.75,19.5,0.002646892627363062,0.0003856041131105048,1,19.5,16.5,17.5,2026
MNQH26,2026-02-12,25294.75,24804.75,24765.25,-79.0,-0.01937160873303745,-0.001592436932442376,-1,79.0,76.0,77.0,2026
MNQH26,2026-02-17,24800.5,24773.0,24759.0,-28.0,-0.0011088486119231744,-0.0005651313930489232,-1,28.0,25.0,26.0,2026
MNQH26,2026-02-18,24759.0,24876.0,24973.75,195.5,0.004725554343874894,0.003929490271747937,1,195.5,192.5,193.5,2026
MNQH26,2026-02-19,24973.75,24788.25,24851.75,127.0,-0.007427799189148598,0.0025616975784898965,-1,-127.0,-130.0,-129.0,2026
MNQH26,2026-02-20,24851.75,25021.25,25061.25,80.0,0.006820445240274919,0.0015986411550181767,1,80.0,77.0,78.0,2026
MNQH26,2026-02-23,25061.25,24706.5,24746.5,80.0,-0.014155319467305083,0.001619007143869089,-1,-80.0,-83.0,-82.0,2026
MNQH26,2026-02-24,24746.5,24999.25,25037.5,76.5,0.010213565554724857,0.001530045901376953,1,76.5,73.5,74.5,2026
MNQH26,2026-02-25,25037.5,25366.75,25374.5,15.5,0.013150274588117794,0.00030551805020362366,1,15.5,12.5,13.5,2026
MNQH26,2026-02-26,25374.5,25029.25,25074.0,89.5,-0.013606179432107068,0.0017879081474674319,-1,-89.5,-92.5,-91.5,2026
MNQH26,2026-02-27,25074.0,24978.75,24996.75,36.0,-0.003798755683177779,0.0007206125206424829,-1,-36.0,-39.0,-38.0,2026
MNQH26,2026-03-02,24996.75,24967.25,25042.0,149.5,-0.0011801534199445962,0.002993922037869634,-1,-149.5,-152.5,-151.5,2026
MNQH26,2026-03-03,25042.0,24782.5,24760.75,-43.5,-0.010362590847376452,-0.0008776354282256094,-1,43.5,40.5,41.5,2026
MNQH26,2026-03-04,24760.75,25151.0,25135.5,-31.0,0.01576083115414506,-0.0006162776827959293,1,-31.0,-34.0,-33.0,2026
MNQH26,2026-03-05,25135.5,24953.75,25048.0,188.5,-0.007230809015137951,0.0037769874267394865,-1,-188.5,-191.5,-190.5,2026
MNQH26,2026-03-06,25048.0,24652.75,24686.0,66.5,-0.01577970297029707,0.0013487339140663135,-1,-66.5,-69.5,-68.5,2026
MNQH26,2026-03-09,24686.0,24953.5,25005.5,104.0,0.010836101434011258,0.002083876009377539,1,104.0,101.0,102.0,2026
MNQH26,2026-03-10,25005.5,24988.75,24971.25,-35.0,-0.0006698526324209197,-0.0007003151418137898,-1,35.0,32.0,33.0,2026
MNQH26,2026-03-11,24971.25,24935.0,24988.0,106.0,-0.0014516694198327684,0.002125526368558228,-1,-106.0,-109.0,-108.0,2026
MNQH26,2026-03-12,24988.0,24615.5,24554.0,-123.0,-0.014907155434608632,-0.0024984257886291328,-1,123.0,120.0,121.0,2026
MNQH26,2026-03-13,24554.0,24376.75,24398.25,43.0,-0.007218783090331526,0.000881987959838737,-1,-43.0,-46.0,-45.0,2026
MNQH26,2026-03-16,24398.25,24683.5,24671.5,-24.0,0.01169141229391446,-0.0004861547187392512,1,-24.0,-27.0,-26.0,2026
MNQH26,2026-03-17,24671.5,24787.75,24785.5,-4.5,0.004711914557282704,-9.077064275697655e-05,1,-4.5,-7.5,-6.5,2026
MNQH26,2026-03-18,24785.5,24505.25,24437.0,-136.5,-0.011307014181678787,-0.0027851174748267926,-1,136.5,133.5,134.5,2026
MNQH26,2026-03-19,24437.0,24381.5,24372.5,-18.0,-0.0022711462127101845,-0.0003691323339417574,-1,18.0,15.0,16.0,2026
MNQM21,2021-03-22,12849.25,13099.25,13072.0,-54.5,0.019456388505165734,-0.0020802717712846697,1,-54.5,-57.5,-56.5,2021
MNQM21,2021-03-23,13072.0,13010.75,12998.75,-24.0,-0.004685587515299905,-0.0009223142401475481,-1,24.0,21.0,22.0,2021
MNQM21,2021-03-24,12998.75,12861.25,12795.5,-131.5,-0.010577940186556445,-0.005112255807172672,-1,131.5,128.5,129.5,2021
MNQM21,2021-03-25,12795.5,12774.75,12779.25,9.0,-0.0016216638662029936,0.00035225738272770535,-1,-9.0,-12.0,-11.0,2021
MNQM21,2021-03-26,12779.25,12846.25,12941.75,191.0,0.005242874190582336,0.00743407609224489,1,191.0,188.0,189.0,2021
MNQM21,2021-03-29,12941.75,12955.75,12946.75,-18.0,0.0010817702397281082,-0.0006946722497732649,1,-18.0,-21.0,-20.0,2021
MNQM21,2021-03-30,12946.75,12896.5,12853.25,-86.5,-0.0038812829474578203,-0.003353623076028378,-1,86.5,83.5,84.5,2021
MNQM21,2021-03-31,12853.25,13126.75,13099.0,-55.5,0.021278664929103464,-0.0021140038471061384,1,-55.5,-58.5,-57.5,2021
MNQM21,2021-04-01,13099.0,13286.75,13316.75,60.0,0.014333155202687298,0.0022578884979396197,1,60.0,57.0,58.0,2021
MNQM21,2021-04-05,13316.75,13578.5,13580.25,3.5,0.019655696772861164,0.00012888021504586789,1,3.5,0.5,1.5,2021
MNQM21,2021-04-06,13580.25,13599.25,13560.75,-77.0,0.0013990905911158702,-0.0028310384763865493,1,-77.0,-80.0,-79.0,2021
MNQM21,2021-04-07,13560.75,13587.75,13604.0,32.5,0.0019910403185665615,0.0011959301576787151,1,32.5,29.5,30.5,2021
MNQM21,2021-04-08,13604.0,13728.75,13736.0,14.5,0.009170097030285262,0.0005280888646088666,1,14.5,11.5,12.5,2021
MNQM21,2021-04-09,13736.0,13798.0,13829.25,62.5,0.004513686662783956,0.0022648209885489656,1,62.5,59.5,60.5,2021
MNQM21,2021-04-12,13829.25,13790.25,13808.5,36.5,-0.0028201095504094553,0.0013233987781222645,-1,-36.5,-39.5,-38.5,2021
MNQM21,2021-04-13,13808.5,13991.75,13973.5,-36.5,0.013270811456711495,-0.0013043400575338815,1,-36.5,-39.5,-38.5,2021
MNQM21,2021-04-14,13973.5,13830.0,13789.75,-80.5,-0.010269438580169599,-0.00291033984092548,-1,80.5,77.5,78.5,2021
MNQM21,2021-04-15,13789.75,13986.25,14008.0,43.5,0.014249714461828544,0.0015550987577084285,1,43.5,40.5,41.5,2021
MNQM21,2021-04-16,14008.0,14028.75,14035.0,12.5,0.001481296402056076,0.0004455136772698598,1,12.5,9.5,10.5,2021
MNQM21,2021-04-19,14035.0,13863.0,13889.75,53.5,-0.012255076594228753,0.0019295967683763404,-1,-53.5,-56.5,-55.5,2021
MNQM21,2021-04-20,13889.75,13785.75,13803.25,35.0,-0.00748753577278205,0.0012694267631430112,-1,-35.0,-38.0,-37.0,2021
MNQM21,2021-04-21,13803.25,13872.5,13918.25,91.5,0.005016934417618968,0.003297891511984119,1,91.5,88.5,89.5,2021
MNQM21,2021-04-22,13918.25,13735.75,13745.0,18.5,-0.013112280638729712,0.000673425186102028,-1,-18.5,-21.5,-20.5,2021
MNQM21,2021-04-23,13745.0,13964.5,13932.75,-63.5,0.015969443433975883,-0.0022736223996562277,1,-63.5,-66.5,-65.5,2021
MNQM21,2021-04-26,13932.75,13995.0,14006.75,23.5,0.004467890402110042,0.0008395855662737262,1,23.5,20.5,21.5,2021
MNQM21,2021-04-27,14006.75,13962.0,13960.75,-2.5,-0.0031948881789137795,-8.95287208136919e-05,-1,2.5,-0.5,0.5,2021
MNQM21,2021-04-28,13960.75,13931.5,13888.25,-86.5,-0.002095159644001976,-0.0031044754692602927,-1,86.5,83.5,84.5,2021
MNQM21,2021-04-29,13888.25,13947.25,13948.25,2.0,0.004248195416989287,7.169872197021476e-05,1,2.0,-1.0,0.0,2021
MNQM21,2021-04-30,13948.25,13870.5,13840.25,-60.5,-0.005574175971896134,-0.0021808874950434154,-1,60.5,57.5,58.5,2021
MNQM21,2021-05-03,13840.25,13798.5,13780.25,-36.5,-0.0030165640071529998,-0.0013226075298039541,-1,36.5,33.5,34.5,2021
MNQM21,2021-05-04,13780.25,13471.0,13529.25,116.5,-0.022441537707951542,0.004324103630020115,-1,-116.5,-119.5,-118.5,2021
MNQM21,2021-05-05,13529.25,13478.25,13487.0,17.5,-0.0037696102888187255,0.0006491940719306477,-1,-17.5,-20.5,-19.5,2021
MNQM21,2021-05-06,13487.0,13524.75,13587.75,126.0,0.0027989916215616084,0.004658126767592696,1,126.0,123.0,124.0,2021
MNQM21,2021-05-07,13587.75,13730.0,13713.25,-33.5,0.010468988611065155,-0.0012199563000728775,1,-33.5,-36.5,-35.5,2021
MNQM21,2021-05-10,13713.25,13393.75,13356.25,-75.0,-0.023298634532295415,-0.002799813345776947,-1,75.0,72.0,73.0,2021
MNQM21,2021-05-11,13356.25,13356.75,13352.0,-9.5,3.743565746372468e-05,-0.00035562543283362835,1,-9.5,-12.5,-11.5,2021
MNQM21,2021-05-12,13352.0,13002.5,13007.25,9.5,-0.026175853804673466,0.00036531436262254857,-1,-9.5,-12.5,-11.5,2021
MNQM21,2021-05-13,13007.25,13137.0,13103.5,-67.0,0.009975206135039993,-0.0025500494785719585,1,-67.0,-70.0,-69.0,2021
MNQM21,2021-05-14,13103.5,13403.25,13391.5,-23.5,0.022875567596443602,-0.0008766530505660564,1,-23.5,-26.5,-25.5,2021
MNQM21,2021-05-17,13391.5,13253.25,13300.0,93.5,-0.010323712802897345,0.0035274366664779233,-1,-93.5,-96.5,-95.5,2021
MNQM21,2021-05-18,13300.0,13293.0,13225.0,-136.0,-0.000526315789473708,-0.005115474309787094,-1,136.0,133.0,134.0,2021
MNQM21,2021-05-19,13225.0,13211.25,13228.75,35.0,-0.0010396975425330801,0.0013246286309016586,-1,-35.0,-38.0,-37.0,2021
MNQM21,2021-05-20,13228.75,13522.25,13483.5,-77.5,0.022186525559860115,-0.002865647358982426,1,-77.5,-80.5,-79.5,2021
MNQM21,2021-05-21,13483.5,13447.5,13398.5,-98.0,-0.002669929914339786,-0.0036437999628183837,-1,98.0,95.0,96.0,2021
MNQM21,2021-05-24,13398.5,13670.25,13636.25,-68.0,0.020282121132962683,-0.0024871527587279063,1,-68.0,-71.0,-70.0,2021
MNQM21,2021-05-25,13636.25,13651.25,13650.5,-1.5,0.0011000091667430212,-5.4940023807348304e-05,1,-1.5,-4.5,-3.5,2021
MNQM21,2021-05-26,13650.5,13702.0,13691.25,-21.5,0.003772755576718856,-0.0007845569989782808,1,-21.5,-24.5,-23.5,2021
MNQM21,2021-05-27,13691.25,13657.25,13671.5,28.5,-0.0024833378982926924,0.0010434018561569225,-1,-28.5,-31.5,-30.5,2021
MNQM21,2021-05-28,13671.5,13723.5,13685.75,-75.5,0.003803532896902384,-0.002750756002477539,1,-75.5,-78.5,-77.5,2021
MNQM21,2021-06-01,13685.75,13669.75,13646.75,-46.0,-0.0011690992455656302,-0.001682547230198117,-1,46.0,43.0,44.0,2021
MNQM21,2021-06-02,13646.75,13640.5,13669.0,57.0,-0.0004579845018044537,0.002089366225578315,-1,-57.0,-60.0,-59.0,2021
MNQM21,2021-06-03,13669.0,13547.5,13532.0,-31.0,-0.008888726315019357,-0.0011441225318324921,-1,31.0,28.0,29.0,2021
MNQM21,2021-06-04,13532.0,13767.25,13766.0,-2.5,0.017384717706177888,-9.079518422339117e-05,1,-2.5,-5.5,-4.5,2021
MNQM21,2021-06-07,13766.0,13801.0,13804.75,7.5,0.002542496004649175,0.0002717194406203216,1,7.5,4.5,5.5,2021
MNQM21,2021-06-08,13804.75,13819.5,13813.75,-11.5,0.0010684728082726025,-0.00041607872933169254,1,-11.5,-14.5,-13.5,2021
MNQM21,2021-06-09,13813.75,13821.0,13817.5,-7.0,0.0005248393810515228,-0.000253237826495889,1,-7.0,-10.0,-9.0,2021
MNQM21,2021-06-10,13817.5,13946.5,13960.0,27.0,0.009335986973041388,0.0009679847990535784,1,27.0,24.0,25.0,2021
MNQM21,2021-06-11,13960.0,13969.75,13991.5,43.5,0.0006984240687679666,0.0015569355213944647,1,43.5,40.5,41.5,2021
MNQM21,2021-06-14,13991.5,14075.25,14115.25,80.0,0.005985777078940879,0.0028418678176231893,1,80.0,77.0,78.0,2021
MNQM21,2021-06-15,14115.25,14022.75,14025.0,4.5,-0.006553196011406137,0.00016045354869764772,-1,-4.5,-7.5,-6.5,2021
MNQM21,2021-06-16,14025.0,14003.5,13984.25,-38.5,-0.0015329768270945232,-0.0013746563359160469,-1,38.5,35.5,36.5,2021
MNQM21,2021-06-17,13984.25,14193.75,14179.25,-29.0,0.014981139496218931,-0.0010215763980625514,1,-29.0,-32.0,-31.0,2021
MNQM22,2022-03-21,14399.5,14318.25,14364.75,93.0,-0.005642557033230355,0.003247603582840153,-1,-93.0,-96.0,-95.0,2022
MNQM22,2022-03-22,14364.75,14641.0,14648.5,15.0,0.019231103917576098,0.0005122600915237197,1,15.0,12.0,13.0,2022
MNQM22,2022-03-23,14648.5,14501.0,14448.5,-105.0,-0.010069290371027773,-0.0036204399696572187,-1,105.0,102.0,103.0,2022
MNQM22,2022-03-24,14448.5,14725.25,14753.25,56.0,0.019154237464096724,0.001901495730123326,1,56.0,53.0,54.0,2022
MNQM22,2022-03-25,14753.25,14646.0,14737.25,182.5,-0.007269584667785045,0.006230370066912405,-1,-182.5,-185.5,-184.5,2022
MNQM22,2022-03-28,14737.25,14946.5,14981.25,69.5,0.014198714142733548,0.0023249590205065562,1,69.5,66.5,67.5,2022
MNQM22,2022-03-29,14981.25,15257.0,15233.5,-47.0,0.018406341259908254,-0.0015402765943501873,1,-47.0,-50.0,-49.0,2022
MNQM22,2022-03-30,15233.5,15036.0,15060.25,48.5,-0.012964847211737296,0.0016127959563714267,-1,-48.5,-51.5,-50.5,2022
MNQM22,2022-03-31,15060.25,14988.75,14881.0,-215.5,-0.004747597151441685,-0.0071887248769910705,-1,215.5,212.5,213.5,2022
MNQM22,2022-04-01,14881.0,14778.0,14865.5,175.0,-0.006921577850950822,0.005920963594532314,-1,-175.0,-178.0,-177.0,2022
MNQM22,2022-04-04,14865.5,15141.75,15154.0,24.5,0.018583296895496204,0.0008090214143015029,1,24.5,21.5,22.5,2022
MNQM22,2022-04-05,15154.0,14822.75,14812.75,-20.0,-0.02185891513791738,-0.00067463864667483,-1,20.0,17.0,18.0,2022
MNQM22,2022-04-06,14812.75,14490.75,14516.25,51.0,-0.021738029737894737,0.0017597432845091188,-1,-51.0,-54.0,-53.0,2022
MNQM22,2022-04-07,14516.25,14575.75,14542.5,-66.5,0.004098854731766188,-0.002281186216832709,1,-66.5,-69.5,-68.5,2022
MNQM22,2022-04-08,14542.5,14385.5,14323.75,-123.5,-0.010795942925906798,-0.004292516770359023,-1,123.5,120.5,121.5,2022
MNQM22,2022-04-11,14323.75,14044.5,13996.0,-97.0,-0.019495592983680976,-0.0034533091245683156,-1,97.0,94.0,95.0,2022
MNQM22,2022-04-12,13996.0,13901.5,13952.0,101.0,-0.00675192912260647,0.003632701507031655,-1,-101.0,-104.0,-103.0,2022
MNQM22,2022-04-13,13952.0,14244.5,14221.25,-46.5,0.020964736238532122,-0.0016322089227420733,1,-46.5,-49.5,-48.5,2022
MNQM22,2022-04-14,14221.25,13932.5,13889.25,-86.5,-0.020304122352113874,-0.0031042526466893428,-1,86.5,83.5,84.5,2022
MNQM22,2022-04-18,13889.25,13892.0,13894.25,4.5,0.0001979948521337871,0.0001619637201266677,1,4.5,1.5,2.5,2022
MNQM22,2022-04-19,13894.25,14217.75,14208.75,-18.0,0.023283012757075783,-0.0006330115524608715,1,-18.0,-21.0,-20.0,2022
MNQM22,2022-04-20,14208.75,14030.25,14005.0,-50.5,-0.012562681446291912,-0.0017996828281748867,-1,50.5,47.5,48.5,2022
MNQM22,2022-04-21,14005.0,13763.0,13728.0,-70.0,-0.01727954302034984,-0.0025430502070769023,-1,70.0,67.0,68.0,2022
MNQM22,2022-04-22,13728.0,13435.25,13358.25,-154.0,-0.021325029137529095,-0.005731192199624147,-1,154.0,151.0,152.0,2022
MNQM22,2022-04-25,13358.25,13476.0,13532.5,113.0,0.008814777384762218,0.004192638765212253,1,113.0,110.0,111.0,2022
MNQM22,2022-04-26,13532.5,13076.25,13036.75,-79.0,-0.033715130242010005,-0.0030207437147500293,-1,79.0,76.0,77.0,2022
MNQM22,2022-04-27,13036.75,13029.0,13001.75,-54.5,-0.0005944733158187443,-0.002091488218589288,-1,54.5,51.5,52.5,2022
MNQM22,2022-04-28,13001.75,13503.75,13439.5,-128.5,0.038610187090199366,-0.004757937609923157,1,-128.5,-131.5,-130.5,2022
MNQM22,2022-04-29,13439.5,12936.5,12844.5,-184.0,-0.03742698761114627,-0.007111660804699826,-1,184.0,181.0,182.0,2022
MNQM22,2022-05-02,12844.5,12968.75,13075.5,213.5,0.009673401066604415,0.00823132530120474,1,213.5,210.5,211.5,2022
MNQM22,2022-05-03,13075.5,13089.75,13084.0,-11.5,0.0010898244808994484,-0.0004392750052522043,1,-11.5,-14.5,-13.5,2022
MNQM22,2022-05-04,13084.0,13464.75,13531.25,133.0,0.029100428003668632,0.004938821738242449,1,133.0,130.0,131.0,2022
MNQM22,2022-05-05,13531.25,12722.25,12842.5,240.5,-0.05978752886836025,0.009451944428068959,-1,-240.5,-243.5,-242.5,2022
MNQM22,2022-05-06,12842.5,12611.75,12701.0,178.5,-0.017967685419505552,0.007076733998057305,-1,-178.5,-181.5,-180.5,2022
MNQM22,2022-05-09,12701.0,12236.0,12197.75,-76.5,-0.0366112904495709,-0.003126021575678317,-1,76.5,73.5,74.5,2022
MNQM22,2022-05-10,12197.75,12396.5,12357.0,-79.0,0.016293988645446955,-0.0031863832533376435,1,-79.0,-82.0,-81.0,2022
MNQM22,2022-05-11,12357.0,12017.25,11956.25,-122.0,-0.027494537509104133,-0.005076036530820227,-1,122.0,119.0,120.0,2022
MNQM22,2022-05-12,11956.25,11819.75,11947.5,255.5,-0.011416623105070522,0.010808181222107027,-1,-255.5,-258.5,-257.5,2022
MNQM22,2022-05-13,11947.5,12422.5,12373.75,-97.5,0.03975727139568952,-0.0039243308512779684,1,-97.5,-100.5,-99.5,2022
MNQM22,2022-05-16,12373.75,12280.5,12232.0,-97.0,-0.00753611475906657,-0.003949350596474055,-1,97.0,94.0,95.0,2022
MNQM22,2022-05-17,12232.0,12563.25,12552.0,-22.5,0.02708060824068026,-0.000895468927228249,1,-22.5,-25.5,-24.5,2022
MNQM22,2022-05-18,12552.0,11915.25,11938.75,47.0,-0.050728967495219934,0.0019722624367932706,-1,-47.0,-50.0,-49.0,2022
MNQM22,2022-05-19,11938.75,11892.25,11888.0,-8.5,-0.0038948801172652425,-0.0003573756017574148,-1,8.5,5.5,6.5,2022
MNQM22,2022-05-20,11888.0,11675.75,11838.5,325.5,-0.0178541386271871,0.013939147378112748,-1,-325.5,-328.5,-327.5,2022
MNQM22,2022-05-23,11838.5,11986.75,12034.25,95.0,0.012522701355746069,0.0039627088243268105,1,95.0,92.0,93.0,2022
MNQM22,2022-05-24,12034.25,11735.0,11764.0,58.0,-0.02486652678812551,0.00247123988069875,-1,-58.0,-61.0,-60.0,2022
MNQM22,2022-05-25,11764.0,11991.25,11940.5,-101.5,0.01931740904454271,-0.004232252684248983,1,-101.5,-104.5,-103.5,2022
MNQM22,2022-05-26,11940.5,12256.0,12280.5,49.0,0.026422679117289904,0.00199902088772852,1,49.0,46.0,47.0,2022
MNQM22,2022-05-27,12280.5,12653.25,12670.5,34.5,0.030352998656406394,0.001363286112263662,1,34.5,31.5,32.5,2022
MNQM22,2022-05-31,12670.5,12709.5,12652.75,-113.5,0.0030780158636201094,-0.004465163853810128,1,-113.5,-116.5,-115.5,2022
MNQM22,2022-06-01,12652.75,12622.25,12568.25,-108.0,-0.0024105431625536244,-0.00427815959912059,-1,108.0,105.0,106.0,2022
MNQM22,2022-06-02,12568.25,12820.5,12895.75,150.5,0.020070415531199703,0.005869505869505964,1,150.5,147.5,148.5,2022
MNQM22,2022-06-03,12895.75,12551.5,12548.5,-6.0,-0.02669484132369193,-0.00023901525714054017,-1,6.0,3.0,4.0,2022
MNQM22,2022-06-06,12548.5,12564.75,12589.5,49.5,0.0012949754950790648,0.001969796454366346,1,49.5,46.5,47.5,2022
MNQM22,2022-06-07,12589.5,12691.0,12723.0,64.0,0.008062274117319967,0.0025214719092270244,1,64.0,61.0,62.0,2022
MNQM22,2022-06-08,12723.0,12635.75,12603.75,-64.0,-0.006857659357069834,-0.002532497081692786,-1,64.0,61.0,62.0,2022
MNQM22,2022-06-09,12603.75,12365.75,12279.5,-172.5,-0.01888326886839231,-0.0069749105391908595,-1,172.5,169.5,170.5,2022
MNQM22,2022-06-10,12279.5,11946.5,11856.5,-180.0,-0.027118368011726846,-0.0075335872431255835,-1,180.0,177.0,178.0,2022
MNQM22,2022-06-13,11856.5,11301.0,11288.5,-25.0,-0.04685193775566143,-0.0011060968055923714,-1,25.0,22.0,23.0,2022
MNQM22,2022-06-14,11288.5,11274.5,11314.5,80.0,-0.001240200203747155,0.0035478291720254518,-1,-80.0,-83.0,-82.0,2022
MNQM22,2022-06-15,11314.5,11698.5,11591.0,-215.0,0.03393875116001599,-0.009189212292174176,1,-215.0,-218.0,-217.0,2022
MNQM22,2022-06-16,11591.0,11131.25,11121.5,-19.5,-0.039664394789060475,-0.0008759124087591719,-1,19.5,16.5,17.5,2022
MNQM23,2023-03-20,12641.5,12661.0,12689.75,57.5,0.001542538464580856,0.0022707527051575305,1,57.5,54.5,55.5,2023
MNQM23,2023-03-21,12689.75,12859.25,12865.75,13.0,0.01335723714021153,0.0005054727141939885,1,13.0,10.0,11.0,2023
MNQM23,2023-03-22,12865.75,12951.25,12736.0,-430.5,0.006645551172687281,-0.016620017372840468,1,-430.5,-433.5,-432.5,2023
MNQM23,2023-03-23,12736.0,12796.5,12868.0,143.0,0.004750314070351758,0.005587465322549168,1,143.0,140.0,141.0,2023
MNQM23,2023-03-24,12868.0,12882.0,12884.0,4.0,0.0010879701585329027,0.00015525539512495357,1,4.0,1.0,2.0,2023
MNQM23,2023-03-27,12884.0,12841.25,12785.0,-112.5,-0.003318068922694817,-0.004380414679256317,-1,112.5,109.5,110.5,2023
MNQM23,2023-03-28,12785.0,12688.0,12728.25,80.5,-0.007587016034415361,0.003172288776796872,-1,-80.5,-83.5,-82.5,2023
MNQM23,2023-03-29,12728.25,12980.25,12964.5,-31.5,0.019798479759589815,-0.0012133818686080877,1,-31.5,-34.5,-33.5,2023
MNQM23,2023-03-30,12964.5,13080.25,13082.75,5.0,0.008928227081645979,0.00019112784541586159,1,5.0,2.0,3.0,2023
MNQM23,2023-03-31,13082.75,13297.25,13310.5,26.5,0.016395635474193204,0.0009964466337024636,1,26.5,23.5,24.5,2023
MNQM23,2023-04-03,13310.5,13243.75,13271.5,55.5,-0.005014837909920744,0.0020953279848985318,-1,-55.5,-58.5,-57.5,2023
MNQM23,2023-04-04,13271.5,13185.25,13210.25,50.0,-0.006498888595863339,0.0018960580952200878,-1,-50.0,-53.0,-52.0,2023
MNQM23,2023-04-05,13210.25,13054.5,13081.25,53.5,-0.01179008724286068,0.0020491018422765794,-1,-53.5,-56.5,-55.5,2023
MNQM23,2023-04-06,13081.25,13174.0,13173.0,-2.0,0.007090301003344512,-7.590708972216031e-05,1,-2.0,-5.0,-4.0,2023
MNQM23,2023-04-10,13173.0,13137.25,13149.0,23.5,-0.0027138844606391377,0.0008944033188071909,-1,-23.5,-26.5,-25.5,2023
MNQM23,2023-04-11,13149.0,13123.75,13072.5,-102.5,-0.0019202981215301618,-0.003905133822268758,-1,102.5,99.5,100.5,2023
MNQM23,2023-04-12,13072.5,12951.25,12951.25,0.0,-0.009275196022183962,0.0,-1,-0.0,-3.0,-2.0,2023
MNQM23,2023-04-13,12951.25,13219.25,13206.5,-25.5,0.02069298330277003,-0.0009645025247272399,1,-25.5,-28.5,-27.5,2023
MNQM23,2023-04-14,13206.5,13158.25,13180.5,44.5,-0.0036535039563850846,0.0016909543442327202,-1,-44.5,-47.5,-46.5,2023
MNQM23,2023-04-17,13180.5,13174.5,13182.25,15.5,-0.00045521793558667145,0.0005882576188849242,-1,-15.5,-18.5,-17.5,2023
MNQM23,2023-04-18,13182.25,13172.5,13199.0,53.0,-0.0007396309431242365,0.0020117669386980896,-1,-53.0,-56.0,-55.0,2023
MNQM23,2023-04-19,13199.0,13202.25,13184.0,-36.5,0.00024623077505880886,-0.0013823401314170258,1,-36.5,-39.5,-38.5,2023
MNQM23,2023-04-20,13184.0,13026.0,13062.0,72.0,-0.01198422330097082,0.002763703362505865,-1,-72.0,-75.0,-74.0,2023
MNQM23,2023-04-21,13062.0,13075.75,13087.75,24.0,0.0010526718726076023,0.0009177293845477053,1,24.0,21.0,22.0,2023
MNQM23,2023-04-24,13087.75,13049.75,13047.75,-4.0,-0.002903478443582741,-0.00015325964098933387,-1,4.0,1.0,2.0,2023
MNQM23,2023-04-25,13047.75,12842.25,12815.0,-54.5,-0.01574984192676898,-0.002121902314625501,-1,54.5,51.5,52.5,2023
MNQM23,2023-04-26,12815.0,12891.0,12895.0,8.0,0.005930550136558743,0.0003102940035684121,1,8.0,5.0,6.0,2023
MNQM23,2023-04-27,12895.0,13240.0,13233.75,-12.5,0.026754556029468857,-0.000472054380664666,1,-12.5,-15.5,-14.5,2023
MNQM23,2023-04-28,13233.75,13287.25,13316.0,57.5,0.0040426938698403525,0.00216372838623502,1,57.5,54.5,55.5,2023
MNQM23,2023-05-01,13316.0,13307.5,13318.5,22.0,-0.0006383298287774286,0.0008266015404847504,-1,-22.0,-25.0,-24.0,2023
MNQM23,2023-05-02,13318.5,13200.75,13197.0,-7.5,-0.008841085707850027,-0.0002840747684790257,-1,7.5,4.5,5.5,2023
MNQM23,2023-05-03,13197.0,13123.5,13106.25,-34.5,-0.005569447601727617,-0.001314435935535485,-1,34.5,31.5,32.5,2023
MNQM23,2023-05-04,13106.25,13062.25,13046.75,-31.0,-0.003357176919408733,-0.001186625581350853,-1,31.0,28.0,29.0,2023
MNQM23,2023-05-05,13046.75,13340.75,13318.0,-45.5,0.022534347634468377,-0.0017053014260817179,1,-45.5,-48.5,-47.5,2023
MNQM23,2023-05-08,13318.0,13343.0,13350.75,15.5,0.00187715873254235,0.0005808288990480914,1,15.5,12.5,13.5,2023
MNQM23,2023-05-09,13350.75,13263.25,13262.5,-1.5,-0.0065539389172892815,-5.65472263585054e-05,-1,1.5,-1.5,-0.5,2023
MNQM23,2023-05-10,13262.5,13430.75,13408.75,-44.0,0.012686145146088679,-0.0016380321277664756,1,-44.0,-47.0,-46.0,2023
MNQM23,2023-05-11,13408.75,13453.75,13445.0,-17.5,0.003356017525869337,-0.0006503762891386655,1,-17.5,-20.5,-19.5,2023
MNQM23,2023-05-12,13445.0,13359.25,13394.0,69.5,-0.006377835626626971,0.0026011939293000275,-1,-69.5,-72.5,-71.5,2023
MNQM23,2023-05-15,13394.0,13460.0,13465.25,10.5,0.004927579513214875,0.0003900445765230298,1,10.5,7.5,8.5,2023
MNQM23,2023-05-16,13465.25,13536.75,13484.5,-104.5,0.005309964538348755,-0.003859862965630567,1,-104.5,-107.5,-106.5,2023
MNQM23,2023-05-17,13484.5,13638.25,13640.5,4.5,0.011401980051169769,0.00016497717815711077,1,4.5,1.5,2.5,2023
MNQM23,2023-05-18,13640.5,13846.75,13888.25,83.0,0.015120413474579486,0.0029970931807101753,1,83.0,80.0,81.0,2023
MNQM23,2023-05-19,13888.25,13840.0,13864.25,48.5,-0.0034741598113513517,0.0017521676300578104,-1,-48.5,-51.5,-50.5,2023
MNQM23,2023-05-22,13864.25,13904.75,13898.25,-13.0,0.002921182177182402,-0.0004674661536525626,1,-13.0,-16.0,-15.0,2023
MNQM23,2023-05-23,13898.25,13738.75,13727.25,-23.0,-0.011476264997391739,-0.0008370484942225032,-1,23.0,20.0,21.0,2023
MNQM23,2023-05-24,13727.25,13681.0,13649.0,-64.0,-0.00336921087617692,-0.0023390103062641554,-1,64.0,61.0,62.0,2023
MNQM23,2023-05-25,13649.0,14010.5,13978.0,-65.0,0.02648545681002279,-0.0023196888048249154,1,-65.0,-68.0,-67.0,2023
MNQM23,2023-05-26,13978.0,14346.75,14335.25,-23.0,0.02638074116468747,-0.0008015752696604039,1,-23.0,-26.0,-25.0,2023
MNQM23,2023-05-30,14335.25,14416.25,14388.25,-56.0,0.005650407212989039,-0.0019422526662620232,1,-56.0,-59.0,-58.0,2023
MNQM23,2023-05-31,14388.25,14319.25,14314.25,-10.0,-0.0047955797265129,-0.00034918029924746463,-1,10.0,7.0,8.0,2023
MNQM23,2023-06-01,14314.25,14483.5,14463.75,-39.5,0.011823881796112268,-0.0013636206717989596,1,-39.5,-42.5,-41.5,2023
MNQM23,2023-06-02,14463.75,14575.0,14580.25,10.5,0.007691642900354401,0.00036020583190388145,1,10.5,7.5,8.5,2023
MNQM23,2023-06-05,14580.25,14591.25,14586.75,-9.0,0.000754445225561895,-0.00030840400925213896,1,-9.0,-12.0,-11.0,2023
MNQM23,2023-06-06,14586.75,14589.5,14599.75,20.5,0.00018852725932783088,0.0007025600603174365,1,20.5,17.5,18.5,2023
MNQM23,2023-06-07,14599.75,14355.5,14333.5,-44.0,-0.016729738522919924,-0.0015325136707184939,-1,44.0,41.0,42.0,2023
MNQM23,2023-06-08,14333.5,14488.5,14506.5,36.0,0.010813827746189109,0.0012423646340200545,1,36.0,33.0,34.0,2023
MNQM23,2023-06-09,14506.5,14565.0,14546.75,-36.5,0.00403267500775506,-0.001253003776175765,1,-36.5,-39.5,-38.5,2023
MNQM23,2023-06-12,14546.75,14769.5,14787.0,35.0,0.015312698712770967,0.0011848742340634377,1,35.0,32.0,33.0,2023
MNQM23,2023-06-13,14787.0,14884.75,14905.5,41.5,0.006610536281869139,0.001394044239910075,1,41.5,38.5,39.5,2023
MNQM23,2023-06-14,14905.5,14956.75,14998.75,84.0,0.0034383281339103178,0.0028080966787571437,1,84.0,81.0,82.0,2023
MNQM23,2023-06-15,14998.75,15223.25,15181.25,-84.0,0.014967913992832704,-0.00275893780894354,1,-84.0,-87.0,-86.0,2023
MNQM24,2024-03-18,18050.75,18279.5,18220.25,-118.5,0.01267260363142797,-0.0032413359227549954,1,-118.5,-121.5,-120.5,2024
MNQM24,2024-03-19,18220.25,18232.25,18282.5,100.5,0.0006586078676198426,0.002756105253054253,1,100.5,97.5,98.5,2024
MNQM24,2024-03-20,18282.5,18486.25,18476.75,-19.0,0.011144537125666654,-0.0005138954628439718,1,-19.0,-22.0,-21.0,2024
MNQM24,2024-03-21,18476.75,18586.5,18570.5,-32.0,0.005939897438672848,-0.0008608398568853426,1,-32.0,-35.0,-34.0,2024
MNQM24,2024-03-22,18570.5,18572.5,18590.75,36.5,0.00010769769257690243,0.000982635617176042,1,36.5,33.5,34.5,2024
MNQM24,2024-03-25,18590.75,18531.5,18509.5,-44.0,-0.0031870688379973533,-0.0011871677953754212,-1,44.0,41.0,42.0,2024
MNQM24,2024-03-26,18509.5,18512.0,18448.25,-127.5,0.00013506577703337186,-0.003443712186689707,1,-127.5,-130.5,-129.5,2024
MNQM24,2024-03-27,18448.25,18436.75,18502.75,132.0,-0.0006233653598579636,0.003579806636202054,-1,-132.0,-135.0,-134.0,2024
MNQM24,2024-03-28,18502.75,18500.0,18487.5,-25.0,-0.00014862655551206583,-0.0006756756756757243,-1,25.0,22.0,23.0,2024
MNQM24,2024-04-01,18487.5,18469.5,18492.25,45.5,-0.0009736308316430353,0.0012317604699640938,-1,-45.5,-48.5,-47.5,2024
MNQM24,2024-04-02,18492.25,18307.5,18336.5,58.0,-0.009990671767902803,0.0015840502526287548,-1,-58.0,-61.0,-60.0,2024
MNQM24,2024-04-03,18336.5,18334.0,18367.0,66.0,-0.00013634008671226105,0.0017999345478345585,-1,-66.0,-69.0,-68.0,2024
MNQM24,2024-04-04,18367.0,18109.0,18071.75,-74.5,-0.014046931997604428,-0.0020569882378927984,-1,74.5,71.5,72.5,2024
MNQM24,2024-04-05,18071.75,18289.25,18303.25,28.0,0.012035359054878514,0.0007654769878480128,1,28.0,25.0,26.0,2024
MNQM24,2024-04-08,18303.25,18315.25,18292.75,-45.0,0.0006556212694466268,-0.0012284844596716082,1,-45.0,-48.0,-47.0,2024
MNQM24,2024-04-09,18292.75,18328.25,18344.75,33.0,0.001940659550915047,0.0009002496146659489,1,33.0,30.0,31.0,2024
MNQM24,2024-04-10,18344.75,18181.75,18210.75,58.0,-0.008885375924992167,0.0015950059812723794,-1,-58.0,-61.0,-60.0,2024
MNQM24,2024-04-11,18210.75,18502.0,18494.0,-16.0,0.01599330066032434,-0.0004323856880337207,1,-16.0,-19.0,-18.0,2024
MNQM24,2024-04-12,18494.0,18140.0,18172.5,65.0,-0.01914134313831517,0.0017916207276735818,-1,-65.0,-68.0,-67.0,2024
MNQM24,2024-04-15,18172.5,17858.5,17881.25,45.5,-0.017278855413399352,0.0012739031833579606,-1,-45.5,-48.5,-47.5,2024
MNQM24,2024-04-16,17881.25,17944.5,17878.75,-131.5,0.003537224746592127,-0.003664075343419948,1,-131.5,-134.5,-133.5,2024
MNQM24,2024-04-17,17878.75,17655.5,17678.0,45.0,-0.012486890862056899,0.0012743904165841702,-1,-45.0,-48.0,-47.0,2024
MNQM24,2024-04-18,17678.0,17562.25,17541.75,-41.0,-0.006547686389863139,-0.0011672764025110194,-1,41.0,38.0,39.0,2024
MNQM24,2024-04-19,17541.75,17181.75,17190.25,17.0,-0.020522467826756152,0.0004947109578476994,-1,-17.0,-20.0,-19.0,2024
MNQM24,2024-04-22,17190.25,17389.25,17334.0,-110.5,0.011576329605444968,-0.003177250312693225,1,-110.5,-113.5,-112.5,2024
MNQM24,2024-04-23,17334.0,17624.75,17594.75,-60.0,0.016773393331025677,-0.0017021518035716943,1,-60.0,-63.0,-62.0,2024
MNQM24,2024-04-24,17594.75,17669.5,17674.0,9.0,0.004248426377186476,0.00025467613684604373,1,9.0,6.0,7.0,2024
MNQM24,2024-04-25,17674.0,17598.0,17564.75,-66.5,-0.0043001018445173456,-0.001889419252187774,-1,66.5,63.5,64.5,2024
MNQM24,2024-04-26,17564.75,17888.5,17848.5,-80.0,0.01843180233137387,-0.002236073455012977,1,-80.0,-83.0,-82.0,2024
MNQM24,2024-04-29,17848.5,17847.5,17901.5,108.0,-5.6027117124712866e-05,0.003025633842274722,-1,-108.0,-111.0,-110.0,2024
MNQM24,2024-04-30,17901.5,17691.75,17584.75,-214.0,-0.011716895232243063,-0.006048016730962225,-1,214.0,211.0,212.0,2024
MNQM24,2024-05-01,17584.75,17717.75,17452.5,-530.5,0.007563371671476693,-0.014970862553089437,1,-530.5,-533.5,-532.5,2024
MNQM24,2024-05-02,17452.5,17669.5,17633.25,-72.5,0.012433748746597972,-0.0020515577690370934,1,-72.5,-75.5,-74.5,2024
MNQM24,2024-05-03,17633.25,18016.25,17992.75,-47.0,0.021720329491160095,-0.0013043779920904885,1,-47.0,-50.0,-49.0,2024
MNQM24,2024-05-06,17992.75,18140.5,18193.5,106.0,0.00821164079976655,0.0029216394255946465,1,106.0,103.0,104.0,2024
MNQM24,2024-05-07,18193.5,18200.5,18204.0,7.0,0.0003847527963283248,0.00019230240927448072,1,7.0,4.0,5.0,2024
MNQM24,2024-05-08,18204.0,18184.0,18196.5,25.0,-0.001098659635245025,0.0006874175098987578,-1,-25.0,-28.0,-27.0,2024
MNQM24,2024-05-09,18196.5,18208.25,18207.0,-2.5,0.0006457285741763297,-6.865019977209119e-05,1,-2.5,-5.5,-4.5,2024
MNQM24,2024-05-10,18207.0,18261.0,18264.75,7.5,0.002965892239248591,0.00020535567603086058,1,7.5,4.5,5.5,2024
MNQM24,2024-05-13,18264.75,18287.75,18286.75,-2.0,0.001259256217577498,-5.468141242093161e-05,1,-2.0,-5.0,-4.0,2024
MNQM24,2024-05-14,18286.75,18419.0,18425.5,13.0,0.007232012249306141,0.00035289646560610066,1,13.0,10.0,11.0,2024
MNQM24,2024-05-15,18425.5,18694.25,18695.75,3.0,0.014585764294049008,8.023857603278728e-05,1,3.0,0.0,1.0,2024
MNQM24,2024-05-16,18695.75,18689.5,18663.0,-53.0,-0.0003343005763342122,-0.001417908451269434,-1,53.0,50.0,51.0,2024
MNQM24,2024-05-17,18663.0,18629.75,18622.0,-15.5,-0.0017815999571344499,-0.00041600128826202454,-1,15.5,12.5,13.5,2024
MNQM24,2024-05-20,18622.0,18779.0,18748.75,-60.5,0.008430888196756525,-0.0016108418978646455,1,-60.5,-63.5,-62.5,2024
MNQM24,2024-05-21,18748.75,18774.0,18806.0,64.0,0.00134675645042992,0.0017044849259615358,1,64.0,61.0,62.0,2024
MNQM24,2024-05-22,18806.0,18741.25,18771.0,59.5,-0.003443050090396693,0.0015874074568131835,-1,-59.5,-62.5,-61.5,2024
MNQM24,2024-05-23,18771.0,18651.25,18693.0,83.5,-0.006379521602471905,0.0022384558675692112,-1,-83.5,-86.5,-85.5,2024
MNQM24,2024-05-24,18693.0,18862.75,18870.0,14.5,0.00908093938907606,0.00038435540947112656,1,14.5,11.5,12.5,2024
MNQM24,2024-05-28,18870.0,18879.5,18915.25,71.5,0.0005034446210916421,0.001893588283587988,1,71.5,68.5,69.5,2024
MNQM24,2024-05-29,18915.25,18848.0,18794.75,-106.5,-0.00355533233766403,-0.002825233446519526,-1,106.5,103.5,104.5,2024
MNQM24,2024-05-30,18794.75,18635.0,18603.0,-64.0,-0.00849971401588212,-0.0017171988194257803,-1,64.0,61.0,62.0,2024
MNQM24,2024-05-31,18603.0,18410.25,18569.5,318.5,-0.010361232059345249,0.00865007264974671,-1,-318.5,-321.5,-320.5,2024
MNQM24,2024-06-03,18569.5,18588.5,18628.75,80.5,0.0010231831767144595,0.002165317266051625,1,80.5,77.5,78.5,2024
MNQM24,2024-06-04,18628.75,18668.5,18709.0,81.0,0.0021337985640474955,0.002169429788145827,1,81.0,78.0,79.0,2024
MNQM24,2024-06-05,18709.0,19032.75,19071.0,76.5,0.01730450585279808,0.0020096938172360357,1,76.5,73.5,74.5,2024
MNQM24,2024-06-06,19071.0,19063.75,19057.25,-13.0,-0.0003801583556184429,-0.00034096124844273934,-1,13.0,10.0,11.0,2024
MNQM24,2024-06-07,19057.25,19047.25,19044.75,-5.0,-0.0005247346810268727,-0.00013125254301804556,-1,5.0,2.0,3.0,2024
MNQM24,2024-06-10,19044.75,19115.0,19095.75,-38.5,0.0036886806075164813,-0.0010070625163484115,1,-38.5,-41.5,-40.5,2024
MNQM24,2024-06-11,19095.75,19194.5,19234.25,79.5,0.005171307751724807,0.0020709057282033427,1,79.5,76.5,77.5,2024
MNQM24,2024-06-12,19234.25,19466.25,19512.25,92.0,0.012061816811157255,0.002363064277916882,1,92.0,89.0,90.0,2024
MNQM24,2024-06-13,19512.25,19601.75,19626.25,49.0,0.004586862099450251,0.001249888402821142,1,49.0,46.0,47.0,2024
MNQM24,2024-06-14,19626.25,19672.0,19675.75,7.5,0.00233106171581432,0.00019062627084176498,1,7.5,4.5,5.5,2024
MNQM24,2024-06-17,19675.75,19988.5,19925.75,-125.5,0.01589520094532615,-0.003139305100432699,1,-125.5,-128.5,-127.5,2024
MNQM24,2024-06-18,19925.75,19916.75,19927.25,21.0,-0.0004516768503067814,0.0005271944468852041,-1,-21.0,-24.0,-23.0,2024
MNQM24,2024-06-20,19927.25,19760.75,19763.25,5.0,-0.008355392741095757,0.0001265134167478532,-1,-5.0,-8.0,-7.0,2024
MNQM25,2025-03-24,19953.75,20370.5,20387.0,33.0,0.020885798408820433,0.0008099948454873829,1,33.0,30.0,31.0,2025
MNQM25,2025-03-25,20387.0,20437.75,20483.0,90.5,0.0024893314366998265,0.002214040195226863,1,90.5,87.5,88.5,2025
MNQM25,2025-03-26,20483.0,20065.25,20126.75,123.0,-0.020394961675535783,0.00306500043607727,-1,-123.0,-126.0,-125.0,2025
MNQM25,2025-03-27,20126.75,20109.5,20006.0,-207.0,-0.0008570683294620851,-0.005146821154180858,-1,207.0,204.0,205.0,2025
MNQM25,2025-03-28,20006.0,19459.25,19471.0,23.5,-0.027329301209637058,0.0006038259439598015,-1,-23.5,-26.5,-25.5,2025
MNQM25,2025-03-31,19471.0,19365.5,19484.75,238.5,-0.005418314416311465,0.006157858046526021,-1,-238.5,-241.5,-240.5,2025
MNQM25,2025-04-01,19484.75,19475.75,19612.0,272.5,-0.0004618996907838069,0.006995879491161983,-1,-272.5,-275.5,-274.5,2025
MNQM25,2025-04-02,19612.0,19692.5,19776.0,167.0,0.004104629818478589,0.004240192966865619,1,167.0,164.0,165.0,2025
MNQM25,2025-04-03,19776.0,18726.25,18700.75,-51.0,-0.053082018608414216,-0.001361724851478563,-1,51.0,48.0,49.0,2025
MNQM25,2025-04-04,18700.75,17745.0,17551.5,-387.0,-0.05110757589936232,-0.010904480135249361,-1,387.0,384.0,385.0,2025
MNQM25,2025-04-07,17551.5,17434.25,17556.75,245.0,-0.0066803407116200475,0.0070263991855112895,-1,-245.0,-248.0,-247.0,2025
MNQM25,2025-04-08,17556.75,17270.0,17205.25,-129.5,-0.016332749512295797,-0.003749276201505447,-1,129.5,126.5,127.5,2025
MNQM25,2025-04-09,17205.25,19148.0,19281.0,266.0,0.11291611572049232,0.00694589513265087,1,266.0,263.0,264.0,2025
MNQM25,2025-04-10,19281.0,18384.25,18487.5,206.5,-0.046509517141227086,0.00561622040605414,-1,-206.5,-209.5,-208.5,2025
MNQM25,2025-04-11,18487.5,18829.25,18810.5,-37.5,0.018485463150777592,-0.0009957911228540839,1,-37.5,-40.5,-39.5,2025
MNQM25,2025-04-14,18810.5,19039.75,18927.25,-225.0,0.012187342175912441,-0.005908691027980972,1,-225.0,-228.0,-227.0,2025
MNQM25,2025-04-15,18927.25,18962.25,18971.25,18.0,0.0018491856978695154,0.0004746272198710155,1,18.0,15.0,16.0,2025
MNQM25,2025-04-16,18971.25,18135.0,18395.5,521.0,-0.04407985767938327,0.014364488558036959,-1,-521.0,-524.0,-523.0,2025
MNQM25,2025-04-17,18395.5,18375.0,18368.5,-13.0,-0.0011144029789894594,-0.0003537414965986141,-1,13.0,10.0,11.0,2025
MNQM25,2025-04-21,18368.5,17778.0,17942.75,329.5,-0.03214742630046008,0.00926707166160412,-1,-329.5,-332.5,-331.5,2025
MNQM25,2025-04-22,17942.75,18272.75,18399.5,253.5,0.018391829569045948,0.0069365585366187865,1,253.5,250.5,251.5,2025
MNQM25,2025-04-23,18399.5,18775.0,18821.5,93.0,0.020408163265306145,0.0024766977363515075,1,93.0,90.0,91.0,2025
MNQM25,2025-04-24,18821.5,19239.75,19323.25,167.0,0.02222192705151027,0.00433997323250046,1,167.0,164.0,165.0,2025
MNQM25,2025-04-25,19323.25,19487.25,19537.0,99.5,0.008487185126725638,0.0025529512886630634,1,99.5,96.5,97.5,2025
MNQM25,2025-04-28,19537.0,19506.0,19544.25,76.5,-0.0015867328658443203,0.0019609350968932127,-1,-76.5,-79.5,-78.5,2025
MNQM25,2025-04-29,19544.25,19649.0,19649.0,0.0,0.005359632628522348,0.0,1,0.0,-3.0,-2.0,2025
MNQM25,2025-04-30,19649.0,19478.5,19682.0,407.0,-0.008677286375897042,0.010447416382164842,-1,-407.0,-410.0,-409.0,2025
MNQM25,2025-05-01,19682.0,20017.0,19873.25,-287.5,0.017020627984960957,-0.007181395813558478,1,-287.5,-290.5,-289.5,2025
MNQM25,2025-05-02,19873.25,20221.75,20182.25,-79.0,0.017536135257192553,-0.00195334231705957,1,-79.0,-82.0,-81.0,2025
MNQM25,2025-05-05,20182.25,20113.25,20055.0,-116.5,-0.0034188457679396045,-0.002896100829055448,-1,116.5,113.5,114.5,2025
MNQM25,2025-05-06,20055.0,19948.0,19916.5,-63.0,-0.005335327848416838,-0.0015791056747543886,-1,63.0,60.0,61.0,2025
MNQM25,2025-05-07,19916.5,19773.0,19958.0,370.0,-0.007205081214068709,0.009356192788145368,-1,-370.0,-373.0,-372.0,2025
MNQM25,2025-05-08,19958.0,20321.0,20153.25,-335.5,0.01818819520994097,-0.008255007135475667,1,-335.5,-338.5,-337.5,2025
MNQM25,2025-05-09,20153.25,20157.5,20137.5,-40.0,0.0002108841005792339,-0.0009921865310678069,1,-40.0,-43.0,-42.0,2025
MNQM25,2025-05-12,20137.5,20883.5,20936.75,106.5,0.03704531346989448,0.0025498599372710817,1,106.5,103.5,104.5,2025
MNQM25,2025-05-13,20936.75,21321.0,21289.25,-63.5,0.018352896223148285,-0.0014891421603114852,1,-63.5,-66.5,-65.5,2025
MNQM25,2025-05-14,21289.25,21355.25,21393.75,77.0,0.0031001561821106804,0.0018028353683521292,1,77.0,74.0,75.0,2025
MNQM25,2025-05-15,21393.75,21320.0,21398.5,157.0,-0.0034472684779432994,0.003681988742964437,-1,-157.0,-160.0,-159.0,2025
MNQM25,2025-05-16,21398.5,21495.75,21501.25,11.0,0.004544711077879349,0.00025586453136083875,1,11.0,8.0,9.0,2025
MNQM25,2025-05-19,21501.25,21458.75,21510.25,103.0,-0.0019766292657403817,0.0023999533989631505,-1,-103.0,-106.0,-105.0,2025
MNQM25,2025-05-20,21510.25,21377.5,21432.75,110.5,-0.006171476389163266,0.0025844930417495693,-1,-110.5,-113.5,-112.5,2025
MNQM25,2025-05-21,21432.75,21098.25,21172.25,148.0,-0.015606956643454573,0.0035073999028354397,-1,-148.0,-151.0,-150.0,2025
MNQM25,2025-05-22,21172.25,21325.0,21174.25,-301.5,0.007214632360755147,-0.007069167643610763,1,-301.5,-304.5,-303.5,2025
MNQM25,2025-05-23,21174.25,21013.75,20999.75,-28.0,-0.0075799615098527395,-0.0006662304443518785,-1,28.0,25.0,26.0,2025
MNQM25,2025-05-27,20999.75,21437.0,21454.0,34.0,0.02082167644852917,0.0007930214115781098,1,34.0,31.0,32.0,2025
MNQM25,2025-05-28,21454.0,21458.25,21374.25,-168.0,0.0001980982567353351,-0.003914578309041961,1,-168.0,-171.0,-170.0,2025
MNQM25,2025-05-29,21374.25,21370.25,21417.0,93.5,-0.0001871410692773079,0.0021876206408442123,-1,-93.5,-96.5,-95.5,2025
MNQM25,2025-05-30,21417.0,21387.25,21401.75,29.0,-0.0013890834383900597,0.0006779740265812073,-1,-29.0,-32.0,-31.0,2025
MNQM25,2025-06-02,21401.75,21532.25,21525.75,-13.0,0.0060976322029739904,-0.0003018727722370329,1,-13.0,-16.0,-15.0,2025
MNQM25,2025-06-03,21525.75,21713.0,21719.25,12.5,0.008698883894870058,0.00028784599088105267,1,12.5,9.5,10.5,2025
MNQM25,2025-06-04,21719.25,21784.5,21771.5,-26.0,0.003004247384232883,-0.0005967545732057378,1,-26.0,-29.0,-28.0,2025
MNQM25,2025-06-05,21771.5,21576.0,21569.5,-13.0,-0.008979629331924754,-0.000301260659992586,-1,13.0,10.0,11.0,2025
MNQM25,2025-06-06,21569.5,21808.75,21798.75,-20.0,0.011092051276107462,-0.00045853155270247914,1,-20.0,-23.0,-22.0,2025
MNQM25,2025-06-09,21798.75,21856.25,21837.0,-38.5,0.0026377659269454234,-0.0008807549327994879,1,-38.5,-41.5,-40.5,2025
MNQM25,2025-06-10,21837.0,21967.5,21960.0,-15.0,0.005976095617529875,-0.00034141345169003134,1,-15.0,-18.0,-17.0,2025
MNQM25,2025-06-11,21960.0,21850.75,21882.0,62.5,-0.004974954462659387,0.001430156859604459,-1,-62.5,-65.5,-64.5,2025
MNQM25,2025-06-12,21882.0,21935.5,21923.25,-24.5,0.0024449319075039444,-0.0005584554717239509,1,-24.5,-27.5,-26.5,2025
MNQM25,2025-06-13,21923.25,21633.25,21628.0,-10.5,-0.013227965744130099,-0.00024268198259624896,-1,10.5,7.5,8.5,2025
MNQM25,2025-06-16,21628.0,21940.0,21920.25,-39.5,0.014425744405400343,-0.0009001823154056732,1,-39.5,-42.5,-41.5,2025
MNQM25,2025-06-17,21920.25,21761.5,21729.5,-64.0,-0.007242161927897728,-0.0014704868690117445,-1,64.0,61.0,62.0,2025
MNQM25,2025-06-18,21729.5,21696.0,21717.5,43.0,-0.0015416829655537923,0.0009909660766962425,-1,-43.0,-46.0,-45.0,2025
MNQM26,2026-03-23,24103.75,24474.25,24410.0,-128.5,0.015371052222164616,-0.002625208126908918,1,-128.5,-131.5,-130.5,2026
MNQM26,2026-03-24,24410.0,24267.0,24200.5,-133.0,-0.005858254813601027,-0.0027403469732558694,-1,133.0,130.0,131.0,2026
MNQM26,2026-03-25,24200.5,24354.0,24363.75,19.5,0.006342844156112415,0.00040034491254004045,1,19.5,16.5,17.5,2026
MNQM26,2026-03-26,24363.75,23842.5,23787.0,-111.0,-0.02139448976450664,-0.002327776030198181,-1,111.0,108.0,109.0,2026
MNQM26,2026-03-27,23787.0,23331.0,23335.0,8.0,-0.01917013494766051,0.00017144571600025138,-1,-8.0,-11.0,-10.0,2026
MNQM26,2026-03-30,23335.0,23038.0,23140.5,205.0,-0.01272766230983502,0.004449170934976987,-1,-205.0,-208.0,-207.0,2026
MNQM26,2026-03-31,23140.5,23882.25,23904.75,45.0,0.0320541907046088,0.000942122287472813,1,45.0,42.0,43.0,2026
MNQM26,2026-04-01,23904.75,24234.0,24204.75,-58.5,0.013773413233771459,-0.0012069819262193748,1,-58.5,-61.5,-60.5,2026
MNQM26,2026-04-02,24204.75,24146.75,24210.25,127.0,-0.0023962238816761516,0.0026297534864940797,-1,-127.0,-130.0,-129.0,2026
MNQM26,2026-04-06,24210.25,24335.75,24357.25,43.0,0.005183754814592989,0.0008834739015646242,1,43.0,40.0,41.0,2026
MNQM26,2026-04-07,24357.25,24216.5,24339.0,245.0,-0.005778566956450293,0.005058534470299136,-1,-245.0,-248.0,-247.0,2026
MNQM26,2026-04-08,24339.0,24958.0,25050.75,185.5,0.0254324335428735,0.0037162432887249963,1,185.5,182.5,183.5,2026
MNQM26,2026-04-09,25050.75,25222.75,25249.0,52.5,0.006866061894354569,0.001040727121348839,1,52.5,49.5,50.5,2026
MNQM26,2026-04-10,25249.0,25294.75,25285.5,-18.5,0.0018119529486315678,-0.0003656885322053105,1,-18.5,-21.5,-20.5,2026
MNQM26,2026-04-13,25285.5,25459.0,25540.25,162.5,0.0068616400703960245,0.0031914057897011183,1,162.5,159.5,160.5,2026
MNQM26,2026-04-14,25540.25,25988.0,25993.0,10.0,0.017531151809398793,0.00019239649068802933,1,10.0,7.0,8.0,2026
MNQM26,2026-04-15,25993.0,26336.25,26369.0,65.5,0.013205478398030213,0.0012435331529736526,1,65.5,62.5,63.5,2026
MNQM26,2026-04-16,26369.0,26445.25,26492.0,93.5,0.0028916530774774074,0.00176780329170656,1,93.5,90.5,91.5,2026
MNQM26,2026-04-17,26492.0,26778.5,26826.25,95.5,0.010814585535255938,0.001783146927572421,1,95.5,92.5,93.5,2026
MNQM26,2026-04-20,26826.25,26727.75,26742.75,30.0,-0.003671776711243635,0.0005612144681090836,-1,-30.0,-33.0,-32.0,2026
MNQM26,2026-04-21,26742.75,26778.25,26624.75,-307.0,0.0013274625833170628,-0.005732264057584091,1,-307.0,-310.0,-309.0,2026
MNQM26,2026-04-22,26624.75,27045.0,27081.25,72.5,0.015784185767002468,0.001340358661490182,1,72.5,69.5,70.5,2026
MNQM26,2026-04-23,27081.25,26915.25,26937.25,44.0,-0.00612970228479115,0.0008173804813256247,-1,-44.0,-47.0,-46.0,2026
MNQM26,2026-04-24,26937.25,27423.5,27438.5,30.0,0.018051211612172713,0.0005469761336081014,1,30.0,27.0,28.0,2026
MNQM26,2026-04-27,27438.5,27423.25,27444.75,43.0,-0.0005557883995116475,0.0007840062720501084,-1,-43.0,-46.0,-45.0,2026
MNQM26,2026-04-28,27444.75,27187.25,27181.0,-12.5,-0.009382486632233844,-0.00022988717137628623,-1,12.5,9.5,10.5,2026
MNQM26,2026-04-29,27181.0,27310.5,27293.75,-33.5,0.004764357455575574,-0.0006133172223137251,1,-33.5,-36.5,-35.5,2026
MNQM26,2026-04-30,27293.75,27592.5,27587.75,-9.5,0.010945729333638576,-0.00017214822868527602,1,-9.5,-12.5,-11.5,2026
MNQM26,2026-05-01,27587.75,27895.75,27828.25,-135.0,0.01116437549274596,-0.0024197234345734175,1,-135.0,-138.0,-137.0,2026
MNQM26,2026-05-04,27828.25,27778.0,27770.75,-14.5,-0.0018057190085614128,-0.00026099791201672495,-1,14.5,11.5,12.5,2026
MNQM26,2026-05-05,27770.75,28166.0,28139.5,-53.0,0.014232600848014476,-0.0009408506710217868,1,-53.0,-56.0,-55.0,2026
MNQM26,2026-05-06,28139.5,28694.25,28714.0,39.5,0.019714280637537884,0.0006882912081689341,1,39.5,36.5,37.5,2026
MNQM26,2026-05-07,28714.0,28611.5,28683.5,144.0,-0.0035696872605697205,0.0025164706499134493,-1,-144.0,-147.0,-146.0,2026
MNQM26,2026-05-08,28683.5,29262.25,29332.0,139.5,0.020177105304443277,0.002383617117617476,1,139.5,136.5,137.5,2026
MNQM26,2026-05-11,29332.0,29382.0,29423.0,82.0,0.0017046229374062527,0.0013954121571029265,1,82.0,79.0,80.0,2026
MNQM26,2026-05-12,29423.0,29047.25,29177.5,260.5,-0.012770621622540168,0.004484073363227203,-1,-260.5,-263.5,-262.5,2026
MNQM26,2026-05-13,29177.5,29526.0,29480.0,-92.0,0.011944135035558245,-0.0015579489263699564,1,-92.0,-95.0,-94.0,2026
MNQM26,2026-05-14,29480.0,29699.25,29688.25,-22.0,0.007437245590230734,-0.00037037972339371006,1,-22.0,-25.0,-24.0,2026
MNQM26,2026-05-15,29688.25,29290.75,29226.25,-129.0,-0.013389135432367971,-0.0022020603774228764,-1,129.0,126.0,127.0,2026
MNQM26,2026-05-18,29226.25,28923.25,29089.5,332.5,-0.010367392327103153,0.005747970923046353,-1,-332.5,-335.5,-334.5,2026
MNQM26,2026-05-19,29089.5,28977.5,28907.75,-139.5,-0.003850186493408292,-0.00240703994478475,-1,139.5,136.5,137.5,2026
MNQM26,2026-05-20,28907.75,29341.0,29378.25,74.5,0.01498733038717992,0.0012695545482430681,1,74.5,71.5,72.5,2026
MNQM26,2026-05-21,29378.25,29425.75,29451.25,51.0,0.0016168423919056263,0.0008665879374356589,1,51.0,48.0,49.0,2026
MNQM26,2026-05-22,29451.25,29550.75,29573.75,46.0,0.0033784644115275597,0.0007783220392036938,1,46.0,43.0,44.0,2026
MNQM26,2026-05-26,29573.75,30052.75,30071.5,37.5,0.016196796145230064,0.0006239029706101018,1,37.5,34.5,35.5,2026
MNQM26,2026-05-27,30071.5,30026.75,30050.5,47.5,-0.0014881199807126322,0.0007909613927581383,-1,-47.5,-50.5,-49.5,2026
MNQM26,2026-05-28,30050.5,30306.0,30315.0,18.0,0.008502354370143683,0.0002969708968521001,1,18.0,15.0,16.0,2026
MNQM26,2026-05-29,30315.0,30382.0,30404.0,44.0,0.002210126999835138,0.0007241129616220032,1,44.0,41.0,42.0,2026
MNQM26,2026-06-01,30404.0,30624.75,30560.75,-128.0,0.007260557821339386,-0.0020898129780650976,1,-128.0,-131.0,-130.0,2026
MNQM26,2026-06-02,30560.75,30664.0,30714.75,101.5,0.003378516561275413,0.0016550352204538488,1,101.5,98.5,99.5,2026
MNQM26,2026-06-03,30714.75,30635.0,30641.0,12.0,-0.002596472378905923,0.00019585441488501054,-1,-12.0,-15.0,-14.0,2026
MNQM26,2026-06-04,30641.0,30594.75,30499.75,-190.0,-0.0015094154890505918,-0.0031051079024996264,-1,190.0,187.0,188.0,2026
MNQM26,2026-06-05,30499.75,29154.75,29055.0,-199.5,-0.04409872212067312,-0.0034213978854217286,-1,199.5,196.5,197.5,2026
MNQM26,2026-06-08,29055.0,29437.25,29461.25,48.0,0.013156083290311482,0.0008152935481404722,1,48.0,45.0,46.0,2026
MNQM26,2026-06-09,29461.25,28951.75,29107.0,310.5,-0.01729390300818867,0.005362370150336249,-1,-310.5,-313.5,-312.5,2026
MNQM26,2026-06-10,29107.0,28546.5,28617.75,142.5,-0.019256536228398624,0.002495927696915645,-1,-142.5,-145.5,-144.5,2026
MNQM26,2026-06-11,28617.75,29424.0,29485.0,122.0,0.028173074403123888,0.002073137574768902,1,122.0,119.0,120.0,2026
MNQM26,2026-06-12,29485.0,29660.25,29670.0,19.5,0.00594370018653545,0.0003287227855464092,1,19.5,16.5,17.5,2026
MNQM26,2026-06-15,29670.0,30530.0,30538.0,16.0,0.02898550724637672,0.00026203734032104187,1,16.0,13.0,14.0,2026
MNQM26,2026-06-16,30538.0,30127.75,30027.25,-201.0,-0.013434082127185776,-0.003335795072648917,-1,201.0,198.0,199.0,2026
MNQM26,2026-06-17,30027.25,29824.5,29678.75,-291.5,-0.0067522000849228325,-0.004886921826015578,-1,291.5,288.5,289.5,2026
MNQU21,2021-06-21,14061.25,14110.5,14132.5,44.0,0.0035025335585385786,0.0015591226391693525,1,44.0,41.0,42.0,2021
MNQU21,2021-06-22,14132.5,14274.5,14253.75,-41.5,0.010047762250132708,-0.001453641108269954,1,-41.5,-44.5,-43.5,2021
MNQU21,2021-06-23,14253.75,14292.0,14263.75,-56.5,0.0026835043409629833,-0.0019766302826755844,1,-56.5,-59.5,-58.5,2021
MNQU21,2021-06-24,14263.75,14345.0,14352.75,15.5,0.005696257996669951,0.0005402579295921139,1,15.5,12.5,13.5,2021
MNQU21,2021-06-25,14352.75,14341.75,14339.25,-5.0,-0.0007664036508683303,-0.0001743162445307922,-1,5.0,2.0,3.0,2021
MNQU21,2021-06-28,14339.25,14510.5,14512.75,4.5,0.011942744564743535,0.00015506012887223086,1,4.5,1.5,2.5,2021
MNQU21,2021-06-29,14512.75,14556.0,14563.25,14.5,0.002980138154381473,0.0004980763946138556,1,14.5,11.5,12.5,2021
MNQU21,2021-06-30,14563.25,14554.5,14551.25,-6.5,-0.0006008274251969592,-0.0002232986361606626,-1,6.5,3.5,4.5,2021
MNQU21,2021-07-01,14551.25,14535.5,14544.5,18.0,-0.0010823812387251719,0.0006191737470331304,-1,-18.0,-21.0,-20.0,2021
MNQU21,2021-07-02,14544.5,14705.75,14713.5,15.5,0.01108666506239464,0.0005270047430427915,1,15.5,12.5,13.5,2021
MNQU21,2021-07-06,14713.5,14774.5,14777.75,6.5,0.004145852448431686,0.0002199736031676114,1,6.5,3.5,4.5,2021
MNQU21,2021-07-07,14777.75,14800.75,14796.25,-9.0,0.0015563939029961116,-0.00030403864669015235,1,-9.0,-12.0,-11.0,2021
MNQU21,2021-07-08,14796.25,14693.25,14703.25,20.0,-0.006961223282926365,0.0006805846221904499,-1,-20.0,-23.0,-22.0,2021
MNQU21,2021-07-09,14703.25,14815.0,14812.5,-5.0,0.00760036046452317,-0.0001687478906513551,1,-5.0,-8.0,-7.0,2021
MNQU21,2021-07-12,14812.5,14862.25,14864.5,4.5,0.0033586497890294442,0.000151390267287832,1,4.5,1.5,2.5,2021
MNQU21,2021-07-13,14864.5,14875.75,14852.5,-46.5,0.0007568367587205138,-0.0015629464060635812,1,-46.5,-49.5,-48.5,2021
MNQU21,2021-07-14,14852.5,14905.75,14884.5,-42.5,0.0035852550075745615,-0.001425624339600473,1,-42.5,-45.5,-44.5,2021
MNQU21,2021-07-15,14884.5,14769.5,14785.0,31.0,-0.007726158083912749,0.0010494600358847972,-1,-31.0,-34.0,-33.0,2021
MNQU21,2021-07-16,14785.0,14684.0,14671.5,-25.0,-0.00683124788637135,-0.0008512666848270456,-1,25.0,22.0,23.0,2021
MNQU21,2021-07-19,14671.5,14463.5,14532.5,138.0,-0.014177146167740129,0.004770629515677305,-1,-138.0,-141.0,-140.0,2021
MNQU21,2021-07-20,14532.5,14775.0,14726.25,-97.5,0.016686736624806464,-0.003299492385786751,1,-97.5,-100.5,-99.5,2021
MNQU21,2021-07-21,14726.25,14793.5,14819.0,51.0,0.004566675154910493,0.0017237300165613423,1,51.0,48.0,49.0,2021
MNQU21,2021-07-22,14819.0,14928.25,14928.25,0.0,0.00737229232741754,0.0,1,0.0,-3.0,-2.0,2021
MNQU21,2021-07-23,14928.25,15094.75,15100.5,11.5,0.011153350191750455,0.00038092714354331925,1,11.5,8.5,9.5,2021
MNQU21,2021-07-26,15100.5,15122.5,15116.25,-12.5,0.001456905400483377,-0.00041329145313273585,1,-12.5,-15.5,-14.5,2021
MNQU21,2021-07-27,15116.25,14911.25,14942.75,63.0,-0.013561564541470283,0.0021124989521335014,-1,-63.0,-66.0,-65.0,2021
MNQU21,2021-07-28,14942.75,15029.75,15017.5,-24.5,0.005822221478643419,-0.0008150501505347352,1,-24.5,-27.5,-26.5,2021
MNQU21,2021-07-29,15017.5,15033.5,15040.0,13.0,0.0010654236723821597,0.0004323677121096381,1,13.0,10.0,11.0,2021
MNQU21,2021-07-30,15040.0,14948.75,14947.0,-3.5,-0.006067154255319118,-0.00011706664436827996,-1,3.5,0.5,1.5,2021
MNQU21,2021-08-02,14947.0,14958.0,14951.25,-13.5,0.0007359336321670629,-0.0004512635379061436,1,-13.5,-16.5,-15.5,2021
MNQU21,2021-08-03,14951.25,15038.0,15045.0,14.0,0.005802190452303346,0.0004654874318392732,1,14.0,11.0,12.0,2021
MNQU21,2021-08-04,15045.0,15073.75,15079.25,11.0,0.0019109338650713514,0.00036487270917984205,1,11.0,8.0,9.0,2021
MNQU21,2021-08-05,15079.25,15142.5,15164.75,44.5,0.004194505694911976,0.0014693742776952234,1,44.5,41.5,42.5,2021
MNQU21,2021-08-06,15164.75,15092.5,15094.5,4.0,-0.00476433835045087,0.00013251615040577036,-1,-4.0,-7.0,-6.0,2021
MNQU21,2021-08-09,15094.5,15128.0,15126.75,-2.5,0.0022193514193911135,-8.262823902693839e-05,1,-2.5,-5.5,-4.5,2021
MNQU21,2021-08-10,15126.75,15050.0,15037.75,-24.5,-0.005073793114846237,-0.0008139534883720989,-1,24.5,21.5,22.5,2021
MNQU21,2021-08-11,15037.75,15020.5,15021.0,1.0,-0.0011471130987016354,3.328783995204532e-05,-1,-1.0,-4.0,-3.0,2021
MNQU21,2021-08-12,15021.0,15082.25,15081.5,-1.5,0.004077624658811008,-4.972732848218531e-05,1,-1.5,-4.5,-3.5,2021
MNQU21,2021-08-13,15081.5,15111.0,15120.75,19.5,0.001956038855551512,0.0006452253325393009,1,19.5,16.5,17.5,2021
MNQU21,2021-08-16,15120.75,15117.5,15125.25,15.5,-0.00021493642841785565,0.0005126509012733926,-1,-15.5,-18.5,-17.5,2021
MNQU21,2021-08-17,15125.25,14975.0,14996.0,42.0,-0.009933720103799892,0.001402337228714634,-1,-42.0,-45.0,-44.0,2021
MNQU21,2021-08-18,14996.0,14948.0,14857.0,-182.0,-0.003200853560949568,-0.006087770939256054,-1,182.0,179.0,180.0,2021
MNQU21,2021-08-19,14857.0,14971.5,14919.5,-104.0,0.007706804873123696,-0.0034732658718231724,1,-104.0,-107.0,-106.0,2021
MNQU21,2021-08-20,14919.5,15082.5,15090.5,16.0,0.010925299105197794,0.0005304160450854134,1,16.0,13.0,14.0,2021
MNQU21,2021-08-23,15090.5,15320.5,15302.75,-35.5,0.015241377025280833,-0.00115857837537936,1,-35.5,-38.5,-37.5,2021
MNQU21,2021-08-24,15302.75,15369.5,15354.5,-30.0,0.004361961085425747,-0.0009759588795992258,1,-30.0,-33.0,-32.0,2021
MNQU21,2021-08-25,15354.5,15365.75,15365.75,0.0,0.0007326842293791103,0.0,1,0.0,-3.0,-2.0,2021
MNQU21,2021-08-26,15365.75,15287.5,15276.25,-22.5,-0.005092494671591008,-0.0007358953393294954,-1,22.5,19.5,20.5,2021
MNQU21,2021-08-27,15276.25,15437.5,15425.75,-23.5,0.01055560101464681,-0.0007611336032388172,1,-23.5,-26.5,-25.5,2021
MNQU21,2021-08-30,15425.75,15610.25,15598.0,-24.5,0.011960520558157661,-0.0007847407953107677,1,-24.5,-27.5,-26.5,2021
MNQU21,2021-08-31,15598.0,15571.25,15586.5,30.5,-0.0017149634568534022,0.0009793690294612745,-1,-30.5,-33.5,-32.5,2021
MNQU21,2021-09-01,15586.5,15641.25,15605.5,-71.5,0.0035126551823694285,-0.002285622952129751,1,-71.5,-74.5,-73.5,2021
MNQU21,2021-09-02,15605.5,15586.0,15603.25,34.5,-0.0012495594501938934,0.0011067624791478714,-1,-34.5,-37.5,-36.5,2021
MNQU21,2021-09-03,15603.25,15654.5,15653.0,-3.0,0.003284572124397256,-9.581909355138585e-05,1,-3.0,-6.0,-5.0,2021
MNQU21,2021-09-07,15653.0,15679.75,15673.25,-13.0,0.0017089375838497123,-0.0004145474258199222,1,-13.0,-16.0,-15.0,2021
MNQU21,2021-09-08,15673.25,15604.75,15615.75,22.0,-0.004370503884006172,0.0007049135679841889,-1,-22.0,-25.0,-24.0,2021
MNQU21,2021-09-09,15615.75,15587.25,15559.25,-56.0,-0.0018250804476249716,-0.0017963399573369676,-1,56.0,53.0,54.0,2021
MNQU21,2021-09-10,15559.25,15482.5,15442.0,-81.0,-0.004932757041631208,-0.002615856612304235,-1,81.0,78.0,79.0,2021
MNQU21,2021-09-13,15442.0,15425.0,15431.25,12.5,-0.0011008936666234703,0.0004051863857374993,-1,-12.5,-15.5,-14.5,2021
MNQU21,2021-09-14,15431.25,15358.25,15387.5,58.5,-0.004730660186310298,0.0019045138606286205,-1,-58.5,-61.5,-60.5,2021
MNQU21,2021-09-15,15387.5,15506.75,15497.75,-18.0,0.007749796913078866,-0.0005803924097570468,1,-18.0,-21.0,-20.0,2021
MNQU21,2021-09-16,15497.75,15507.0,15511.0,8.0,0.0005968608346373916,0.0002579480234732312,1,8.0,5.0,6.0,2021
MNQU22,2022-06-21,11306.5,11611.25,11564.25,-94.0,0.02695352231017556,-0.004047798471310204,1,-94.0,-97.0,-96.0,2022
MNQU22,2022-06-22,11564.25,11600.75,11575.25,-51.0,0.003156279049657318,-0.0021981337413529145,1,-51.0,-54.0,-53.0,2022
MNQU22,2022-06-23,11575.25,11693.25,11739.5,92.5,0.010194164272909978,0.003955273341457621,1,92.5,89.5,90.5,2022
MNQU22,2022-06-24,11739.5,12054.75,12123.0,136.5,0.02685378423271856,0.005661668636844475,1,136.5,133.5,134.5,2022
MNQU22,2022-06-27,12123.0,12046.25,12027.75,-37.0,-0.006330941186175054,-0.0015357476393068614,-1,37.0,34.0,35.0,2022
MNQU22,2022-06-28,12027.75,11708.5,11676.5,-64.0,-0.026542786472947943,-0.0027330571806807313,-1,64.0,61.0,62.0,2022
MNQU22,2022-06-29,11676.5,11719.0,11701.75,-34.5,0.0036397893204298537,-0.0014719685980032482,1,-34.5,-37.5,-36.5,2022
MNQU22,2022-06-30,11701.75,11553.75,11507.25,-93.0,-0.01264768090242907,-0.004024667315806529,-1,93.0,90.0,91.0,2022
MNQU22,2022-07-01,11507.25,11576.0,11604.75,57.5,0.005974494340524439,0.002483586731167886,1,57.5,54.5,55.5,2022
MNQU22,2022-07-05,11604.75,11791.25,11801.75,21.0,0.01607100540726858,0.0008904908300646497,1,21.0,18.0,19.0,2022
MNQU22,2022-07-06,11801.75,11955.75,11877.5,-156.5,0.013048912237591859,-0.0065449679024737195,1,-156.5,-159.5,-158.5,2022
MNQU22,2022-07-07,11877.5,12142.0,12143.25,2.5,0.02226899600084198,0.00010294844341962595,1,2.5,-0.5,0.5,2022
MNQU22,2022-07-08,12143.25,12156.75,12159.5,5.5,0.0011117287381878782,0.00022621177535109283,1,5.5,2.5,3.5,2022
MNQU22,2022-07-11,12159.5,11898.0,11881.0,-34.0,-0.021505818495826334,-0.0014288115649688793,-1,34.0,31.0,32.0,2022
MNQU22,2022-07-12,11881.0,11751.5,11777.75,52.5,-0.0108997559128019,0.0022337573926731746,-1,-52.5,-55.5,-54.5,2022
MNQU22,2022-07-13,11777.75,11791.75,11775.75,-32.0,0.0011886820487783112,-0.0013568808700998858,1,-32.0,-35.0,-34.0,2022
MNQU22,2022-07-14,11775.75,11825.25,11799.0,-52.5,0.00420355391376348,-0.002219826219318821,1,-52.5,-55.5,-54.5,2022
MNQU22,2022-07-15,11799.0,11976.75,12001.5,49.5,0.015064836003051196,0.002066503851211765,1,49.5,46.5,47.5,2022
MNQU22,2022-07-18,12001.5,11919.0,11905.5,-27.0,-0.00687414073240844,-0.001132645356154094,-1,27.0,24.0,25.0,2022
MNQU22,2022-07-19,11905.5,12260.75,12272.25,23.0,0.02983914997270176,0.0009379524091104319,1,23.0,20.0,21.0,2022
MNQU22,2022-07-20,12272.25,12497.0,12462.25,-69.5,0.018313675161441445,-0.0027806673601664667,1,-69.5,-72.5,-71.5,2022
MNQU22,2022-07-21,12462.25,12610.25,12639.75,59.0,0.011875865112640271,0.00233936678495672,1,59.0,56.0,57.0,2022
MNQU22,2022-07-22,12639.75,12427.0,12413.75,-26.5,-0.016831820249609386,-0.0010662267643035683,-1,26.5,23.5,24.5,2022
MNQU22,2022-07-25,12413.75,12278.5,12345.75,134.5,-0.010895176719363575,0.005477053386000019,-1,-134.5,-137.5,-136.5,2022
MNQU22,2022-07-26,12345.75,12098.75,12104.5,11.5,-0.020006884960411475,0.0004752557082343678,-1,-11.5,-14.5,-13.5,2022
MNQU22,2022-07-27,12104.5,12685.75,12626.75,-118.0,0.04801933165351735,-0.0046508878071852555,1,-118.0,-121.0,-120.0,2022
MNQU22,2022-07-28,12626.75,12748.25,12738.5,-19.5,0.009622428574256991,-0.0007648108563920175,1,-19.5,-22.5,-21.5,2022
MNQU22,2022-07-29,12738.5,12990.75,12970.75,-40.0,0.019802174510342718,-0.0015395569924754327,1,-40.0,-43.0,-42.0,2022
MNQU22,2022-08-01,12970.75,12947.25,12961.0,27.5,-0.0018117687874641408,0.0010620015833477936,-1,-27.5,-30.5,-29.5,2022
MNQU22,2022-08-02,12961.0,12960.25,12922.0,-76.5,-5.786590540857173e-05,-0.0029513319573311048,-1,76.5,73.5,74.5,2022
MNQU22,2022-08-03,12922.0,13272.5,13275.75,6.5,0.027124284166537782,0.0002448672066301949,1,6.5,3.5,4.5,2022
MNQU22,2022-08-04,13275.75,13332.5,13318.25,-28.5,0.004274711409901544,-0.0010688168010500876,1,-28.5,-31.5,-30.5,2022
MNQU22,2022-08-05,13318.25,13187.5,13220.5,66.0,-0.009817355883843581,0.0025023696682464625,-1,-66.0,-69.0,-68.0,2022
MNQU22,2022-08-08,13220.5,13160.5,13180.25,39.5,-0.004538406263000616,0.0015007028608335915,-1,-39.5,-42.5,-41.5,2022
MNQU22,2022-08-09,13180.25,13047.5,13028.5,-38.0,-0.010071887862521556,-0.001456217666219617,-1,38.0,35.0,36.0,2022
MNQU22,2022-08-10,13028.5,13378.5,13392.5,28.0,0.026864182369420897,0.0010464551332360905,1,28.0,25.0,26.0,2022
MNQU22,2022-08-11,13392.5,13319.5,13306.75,-25.5,-0.0054508120216538725,-0.0009572431397575354,-1,25.5,22.5,23.5,2022
MNQU22,2022-08-12,13306.75,13562.25,13577.25,30.0,0.019200781558231794,0.0011060111707128506,1,30.0,27.0,28.0,2022
MNQU22,2022-08-15,13577.25,13701.25,13681.25,-40.0,0.009132924561306544,-0.0014597208283915197,1,-40.0,-43.0,-42.0,2022
MNQU22,2022-08-16,13681.25,13644.0,13662.5,37.0,-0.002722704431247114,0.0013559073585458492,-1,-37.0,-40.0,-39.0,2022
MNQU22,2022-08-17,13662.5,13521.0,13491.25,-59.5,-0.010356816102470301,-0.0022002810443014775,-1,59.5,56.5,57.5,2022
MNQU22,2022-08-18,13491.25,13563.5,13518.25,-90.5,0.005355322894468717,-0.0033361595458399895,1,-90.5,-93.5,-92.5,2022
MNQU22,2022-08-19,13518.25,13271.25,13270.5,-1.5,-0.01827159580567006,-5.651313930488122e-05,-1,1.5,-1.5,-0.5,2022
MNQU22,2022-08-22,13270.5,12905.75,12901.5,-8.5,-0.027485776722806277,-0.00032931057861806945,-1,8.5,5.5,6.5,2022
MNQU22,2022-08-23,12901.5,12927.5,12897.5,-60.0,0.0020152695423012457,-0.0023206343067104784,1,-60.0,-63.0,-62.0,2022
MNQU22,2022-08-24,12897.5,12953.25,12931.75,-43.0,0.004322543128513212,-0.0016598151043174525,1,-43.0,-46.0,-45.0,2022
MNQU22,2022-08-25,12931.75,13087.5,13151.0,127.0,0.012044000231987262,0.0048519579751671316,1,127.0,124.0,125.0,2022
MNQU22,2022-08-26,13151.0,12683.25,12629.75,-107.0,-0.03556763744201963,-0.004218161748763105,-1,107.0,104.0,105.0,2022
MNQU22,2022-08-29,12629.75,12553.0,12508.5,-89.0,-0.0060769215542667565,-0.0035449693300406704,-1,89.0,86.0,87.0,2022
MNQU22,2022-08-30,12508.5,12352.25,12354.5,4.5,-0.012491505776072276,0.00018215304903956842,-1,-4.5,-7.5,-6.5,2022
MNQU22,2022-08-31,12354.5,12335.75,12298.5,-74.5,-0.001517665627908893,-0.0030196785764950995,-1,74.5,71.5,72.5,2022
MNQU22,2022-09-01,12298.5,12195.0,12282.5,175.0,-0.008415660446395856,0.007175071750717521,-1,-175.0,-178.0,-177.0,2022
MNQU22,2022-09-02,12282.5,12110.5,12086.25,-48.5,-0.014003663749236672,-0.002002394616242076,-1,48.5,45.5,46.5,2022
MNQU22,2022-09-06,12086.25,12033.5,12016.0,-35.0,-0.004364463750129333,-0.0014542734865168327,-1,35.0,32.0,33.0,2022
MNQU22,2022-09-07,12016.0,12302.75,12262.75,-80.0,0.023864014647137166,-0.0032513056024059406,1,-80.0,-83.0,-82.0,2022
MNQU22,2022-09-08,12262.75,12277.25,12306.0,57.5,0.0011824427636542012,0.0023417296218615213,1,57.5,54.5,55.5,2022
MNQU22,2022-09-09,12306.0,12594.0,12595.0,2.0,0.023403217942467025,7.940289026531211e-05,1,2.0,-1.0,0.0,2022
MNQU22,2022-09-12,12595.0,12714.5,12734.5,40.0,0.009487892020643152,0.0015730071965078807,1,40.0,37.0,38.0,2022
MNQU22,2022-09-13,12734.5,12075.0,12048.75,-52.5,-0.051788448702344,-0.0021739130434782483,-1,52.5,49.5,50.5,2022
MNQU22,2022-09-14,12048.75,12045.25,12135.75,181.0,-0.00029048656499641723,0.007513335132105947,-1,-181.0,-184.0,-183.0,2022
MNQU22,2022-09-15,12135.75,11875.75,11939.25,127.0,-0.021424304225119983,0.005347030713849676,-1,-127.0,-130.0,-129.0,2022
MNQU23,2023-06-20,15272.25,15251.75,15261.25,19.0,-0.001342303851757265,0.0006228793417148992,-1,-19.0,-22.0,-21.0,2023
MNQU23,2023-06-21,15261.25,15096.25,15041.75,-109.0,-0.010811696289622419,-0.0036101680881013287,-1,109.0,106.0,107.0,2023
MNQU23,2023-06-22,15041.75,15160.5,15214.25,107.5,0.007894693104193218,0.003545397579235443,1,107.5,104.5,105.5,2023
MNQU23,2023-06-23,15214.25,15062.5,15059.0,-7.0,-0.009974201817375183,-0.00023236514522817497,-1,7.0,4.0,5.0,2023
MNQU23,2023-06-26,15059.0,14921.75,14861.25,-121.0,-0.009114151006042848,-0.004054484226045818,-1,121.0,118.0,119.0,2023
MNQU23,2023-06-27,14861.25,15138.75,15107.5,-62.5,0.018672722684834664,-0.00206423912145981,1,-62.5,-65.5,-64.5,2023
MNQU23,2023-06-28,15107.5,15104.25,15113.5,18.5,-0.00021512493794473286,0.0006124104142872788,-1,-18.5,-21.5,-20.5,2023
MNQU23,2023-06-29,15113.5,15079.5,15100.25,41.5,-0.002249644357693481,0.0013760403196392268,-1,-41.5,-44.5,-43.5,2023
MNQU23,2023-06-30,15100.25,15355.75,15341.0,-29.5,0.016920249664740705,-0.0009605522361330054,1,-29.5,-32.5,-31.5,2023
MNQU23,2023-07-05,15341.0,15385.75,15363.0,-45.5,0.00291701975099401,-0.0014786409502298703,1,-45.5,-48.5,-47.5,2023
MNQU23,2023-07-06,15363.0,15236.75,15243.5,13.5,-0.008217796003384792,0.0004430078592876363,-1,-13.5,-16.5,-15.5,2023
MNQU23,2023-07-07,15243.5,15250.75,15180.75,-140.0,0.0004756125561715674,-0.004589938199760613,1,-140.0,-143.0,-142.0,2023
MNQU23,2023-07-10,15180.75,15170.0,15178.5,17.0,-0.0007081336561105545,0.000560316413974915,-1,-17.0,-20.0,-19.0,2023
MNQU23,2023-07-11,15178.5,15218.25,15268.5,100.5,0.002618835853345214,0.003301956532452799,1,100.5,97.5,98.5,2023
MNQU23,2023-07-12,15268.5,15442.25,15439.0,-6.5,0.011379637816419486,-0.0002104615583868874,1,-6.5,-9.5,-8.5,2023
MNQU23,2023-07-13,15439.0,15718.25,15711.5,-13.5,0.018087311354362257,-0.0004294371192722357,1,-13.5,-16.5,-15.5,2023
MNQU23,2023-07-14,15711.5,15679.25,15684.0,9.5,-0.0020526366037615373,0.00030294816397469226,-1,-9.5,-12.5,-11.5,2023
MNQU23,2023-07-17,15684.0,15868.0,15838.0,-60.0,0.011731701096659108,-0.0018905974287874994,1,-60.0,-63.0,-62.0,2023
MNQU23,2023-07-18,15838.0,16008.75,15974.5,-68.5,0.010781032958706804,-0.0021394549855547895,1,-68.5,-71.5,-70.5,2023
MNQU23,2023-07-19,15974.5,15981.5,15963.25,-36.5,0.00043819837866609923,-0.0011419453743390928,1,-36.5,-39.5,-38.5,2023
MNQU23,2023-07-20,15963.25,15552.75,15590.5,75.5,-0.02571531486382783,0.002427223481377805,-1,-75.5,-78.5,-77.5,2023
MNQU23,2023-07-21,15590.5,15551.25,15537.5,-27.5,-0.0025175587697636725,-0.0008841732979664174,-1,27.5,24.5,25.5,2023
MNQU23,2023-07-24,15537.5,15527.25,15558.75,63.0,-0.0006596942880128243,0.0020286914939864342,-1,-63.0,-66.0,-65.0,2023
MNQU23,2023-07-25,15558.75,15702.0,15681.0,-42.0,0.00920703784044341,-0.0013374092472296928,1,-42.0,-45.0,-44.0,2023
MNQU23,2023-07-26,15681.0,15575.75,15601.5,51.5,-0.0067119443913016275,0.0016532109208224899,-1,-51.5,-54.5,-53.5,2023
MNQU23,2023-07-27,15601.5,15572.25,15572.25,0.0,-0.0018748197288722679,0.0,-1,-0.0,-3.0,-2.0,2023
MNQU23,2023-07-28,15572.25,15844.5,15844.5,0.0,0.017483022684583238,0.0,1,0.0,-3.0,-2.0,2023
MNQU23,2023-07-31,15844.5,15829.25,15842.5,26.5,-0.0009624790936918481,0.0008370579781100673,-1,-26.5,-29.5,-28.5,2023
MNQU23,2023-08-01,15842.5,15834.0,15817.75,-32.5,-0.0005365314817736833,-0.0010262725779967008,-1,32.5,29.5,30.5,2023
MNQU23,2023-08-02,15817.75,15435.0,15481.5,93.0,-0.02419749964438689,0.00301263362487858,-1,-93.0,-96.0,-95.0,2023
MNQU23,2023-08-03,15481.5,15440.75,15461.75,42.0,-0.00263217388495951,0.001360037562942118,-1,-42.0,-45.0,-44.0,2023
MNQU23,2023-08-04,15461.75,15378.0,15353.0,-50.0,-0.005416592559057021,-0.0016256990505917335,-1,50.0,47.0,48.0,2023
MNQU23,2023-08-07,15353.0,15445.0,15489.0,88.0,0.005992314205692795,0.0028488183878276896,1,88.0,85.0,86.0,2023
MNQU23,2023-08-08,15489.0,15333.0,15360.25,54.5,-0.010071663761379024,0.0017772125480988166,-1,-54.5,-57.5,-56.5,2023
MNQU23,2023-08-09,15360.25,15249.0,15176.5,-145.0,-0.00724272065884346,-0.004754410125254127,-1,145.0,142.0,143.0,2023
MNQU23,2023-08-10,15176.5,15205.5,15201.5,-8.0,0.001910849009982618,-0.00026306270757292527,1,-8.0,-11.0,-10.0,2023
MNQU23,2023-08-11,15201.5,15116.5,15090.25,-52.5,-0.005591553465118526,-0.0017365130817318386,-1,52.5,49.5,50.5,2023
MNQU23,2023-08-14,15090.25,15224.0,15262.0,76.0,0.008863338910886087,0.002496058854440264,1,76.0,73.0,74.0,2023
MNQU23,2023-08-15,15262.0,15089.0,15113.75,49.5,-0.01133534268116887,0.0016402677447147074,-1,-49.5,-52.5,-51.5,2023
MNQU23,2023-08-16,15113.75,14966.0,14950.0,-32.0,-0.009775866346869555,-0.0010690899371910145,-1,32.0,29.0,30.0,2023
MNQU23,2023-08-17,14950.0,14795.25,14787.75,-15.0,-0.01035117056856183,-0.0005069194504992991,-1,15.0,12.0,13.0,2023
MNQU23,2023-08-18,14787.75,14754.75,14746.75,-16.0,-0.002231576811888236,-0.0005421982751316889,-1,16.0,13.0,14.0,2023
MNQU23,2023-08-21,14746.75,14989.75,14992.75,6.0,0.01647820706257308,0.00020013676011942927,1,6.0,3.0,4.0,2023
MNQU23,2023-08-22,14992.75,14970.0,14969.25,-1.5,-0.0015174000767037565,-5.010020040074892e-05,-1,1.5,-1.5,-0.5,2023
MNQU23,2023-08-23,14969.25,15227.5,15187.5,-80.0,0.01725203333500347,-0.002626826465276677,1,-80.0,-83.0,-82.0,2023
MNQU23,2023-08-24,15187.5,14922.25,14884.75,-75.0,-0.01746502057613164,-0.0025130258506592673,-1,75.0,72.0,73.0,2023
MNQU23,2023-08-25,14884.75,15013.25,14981.25,-64.0,0.008632996859201603,-0.0021314505520123594,1,-64.0,-67.0,-66.0,2023
MNQU23,2023-08-28,14981.25,15045.5,15094.5,98.0,0.004288694201084686,0.0032567877438436366,1,98.0,95.0,96.0,2023
MNQU23,2023-08-29,15094.5,15426.5,15407.5,-38.0,0.021994766305607927,-0.0012316468414740323,1,-38.0,-41.0,-40.0,2023
MNQU23,2023-08-30,15407.5,15493.75,15493.75,0.0,0.005597923089404544,0.0,1,0.0,-3.0,-2.0,2023
MNQU23,2023-08-31,15493.75,15571.0,15540.75,-60.5,0.004985881403791748,-0.0019427140196519588,1,-60.5,-63.5,-62.5,2023
MNQU23,2023-09-01,15540.75,15513.0,15522.75,19.5,-0.0017856281067516466,0.0006285051247341134,-1,-19.5,-22.5,-21.5,2023
MNQU23,2023-09-05,15522.75,15551.0,15538.25,-25.5,0.001819909487687399,-0.0008198829657256601,1,-25.5,-28.5,-27.5,2023
MNQU23,2023-09-06,15538.25,15360.25,15393.5,66.5,-0.011455601499525403,0.002164678309272361,-1,-66.5,-69.5,-68.5,2023
MNQU23,2023-09-07,15393.5,15284.75,15286.0,2.5,-0.0070646701529866185,8.178086000754092e-05,-1,-2.5,-5.5,-4.5,2023
MNQU23,2023-09-08,15286.0,15264.25,15288.5,48.5,-0.001422870600549575,0.0015886794306958496,-1,-48.5,-51.5,-50.5,2023
MNQU23,2023-09-11,15288.5,15491.75,15476.0,-31.5,0.013294306177846105,-0.001016670163151323,1,-31.5,-34.5,-33.5,2023
MNQU23,2023-09-12,15476.0,15297.75,15301.25,7.0,-0.01151783406564999,0.00022879181578994157,-1,-7.0,-10.0,-9.0,2023
MNQU23,2023-09-13,15301.25,15347.0,15359.25,24.5,0.0029899518013234427,0.0007982016029191019,1,24.5,21.5,22.5,2023
MNQU23,2023-09-14,15359.25,15483.0,15480.0,-6.0,0.008057034034864907,-0.0001937608990505435,1,-6.0,-9.0,-8.0,2023
MNQU24,2024-06-24,19976.75,19831.5,19745.5,-172.0,-0.0072709524822606175,-0.004336535309986678,-1,172.0,169.0,170.0,2024
MNQU24,2024-06-25,19745.5,19980.5,19972.5,-16.0,0.01190144589906561,-0.0004003903806211184,1,-16.0,-19.0,-18.0,2024
MNQU24,2024-06-26,19972.5,19959.5,20017.25,115.5,-0.0006508949805983377,0.0028933590520805463,-1,-115.5,-118.5,-117.5,2024
MNQU24,2024-06-27,20017.25,20052.25,20025.25,-54.0,0.0017484919257140241,-0.0013464823149521576,1,-54.0,-57.0,-56.0,2024
MNQU24,2024-06-28,20025.25,19990.75,19949.75,-82.0,-0.001722824933521383,-0.002050948563710686,-1,82.0,79.0,80.0,2024
MNQU24,2024-07-01,19949.75,20007.75,20057.5,99.5,0.00290730460281452,0.0024865364671189383,1,99.5,96.5,97.5,2024
MNQU24,2024-07-02,20057.5,20225.5,20254.0,57.0,0.008375919232207485,0.0014091122592767569,1,57.0,54.0,55.0,2024
MNQU24,2024-07-05,20254.0,20623.0,20631.25,16.5,0.018218623481781382,0.0004000387916403003,1,16.5,13.5,14.5,2024
MNQU24,2024-07-08,20631.25,20624.5,20653.0,57.0,-0.0003271735837624412,0.0013818516812529325,-1,-57.0,-60.0,-59.0,2024
MNQU24,2024-07-09,20653.0,20664.5,20681.5,34.0,0.0005568198324699125,0.0008226668924968816,1,34.0,31.0,32.0,2024
MNQU24,2024-07-10,20681.5,20870.0,20906.5,73.0,0.009114425936223247,0.0017489218974604537,1,73.0,70.0,71.0,2024
MNQU24,2024-07-11,20906.5,20435.75,20443.5,15.5,-0.022516920574940813,0.00037923736589062784,-1,-15.5,-18.5,-17.5,2024
MNQU24,2024-07-12,20443.5,20675.75,20527.5,-296.5,0.011360579157189354,-0.007170235662551594,1,-296.5,-299.5,-298.5,2024
MNQU24,2024-07-15,20527.5,20620.75,20565.0,-111.5,0.00454268663987345,-0.002703587405889718,1,-111.5,-114.5,-113.5,2024
MNQU24,2024-07-16,20565.0,20578.0,20613.0,70.0,0.000632141988816004,0.0017008455632228081,1,70.0,67.0,68.0,2024
MNQU24,2024-07-17,20613.0,20056.25,20010.5,-91.5,-0.027009654101780467,-0.0022810844499844274,-1,91.5,88.5,89.5,2024
MNQU24,2024-07-18,20010.5,19823.75,19882.0,116.5,-0.009332600384797995,0.002938394602433947,-1,-116.5,-119.5,-118.5,2024
MNQU24,2024-07-19,19882.0,19768.75,19698.5,-140.5,-0.00569610703148582,-0.0035535883654758127,-1,140.5,137.5,138.5,2024
MNQU24,2024-07-22,19698.5,19994.25,19998.5,8.5,0.01501383354062491,0.00021256111131950917,1,8.5,5.5,6.5,2024
MNQU24,2024-07-23,19998.5,19987.5,19919.75,-135.5,-0.0005500412530939913,-0.003389618511569714,-1,135.5,132.5,133.5,2024
MNQU24,2024-07-24,19919.75,19217.25,19199.25,-36.0,-0.03526650685877086,-0.0009366584709050718,-1,36.0,33.0,34.0,2024
MNQU24,2024-07-25,19199.25,19215.75,19007.75,-416.0,0.0008594085706472576,-0.010824453898494735,1,-416.0,-419.0,-418.0,2024
MNQU24,2024-07-26,19007.75,19183.75,19152.25,-63.0,0.00925938104194346,-0.0016420147260051143,1,-63.0,-66.0,-65.0,2024
MNQU24,2024-07-29,19152.25,19240.5,19202.25,-76.5,0.004607813703350727,-0.0019879940749980562,1,-76.5,-79.5,-78.5,2024
MNQU24,2024-07-30,19202.25,18936.0,18970.75,69.5,-0.013865562629379324,0.0018351288550908507,-1,-69.5,-72.5,-71.5,2024
MNQU24,2024-07-31,18970.75,19436.75,19508.75,144.0,0.02456413162368376,0.0037043229963857893,1,144.0,141.0,142.0,2024
MNQU24,2024-08-01,19508.75,18976.25,19016.25,80.0,-0.02729544435189335,0.0021078980304327644,-1,-80.0,-83.0,-82.0,2024
MNQU24,2024-08-02,19016.25,18553.25,18548.25,-10.0,-0.02434759744954973,-0.0002694945629472256,-1,10.0,7.0,8.0,2024
MNQU24,2024-08-05,18548.25,17983.25,18004.25,42.0,-0.030461094712439185,0.0011677533260117112,-1,-42.0,-45.0,-44.0,2024
MNQU24,2024-08-06,18004.25,18340.5,18172.25,-336.5,0.018676145909993558,-0.009173686649764146,1,-336.5,-339.5,-338.5,2024
MNQU24,2024-08-07,18172.25,18090.75,17968.0,-245.5,-0.004484860157657922,-0.006785235548553814,-1,245.5,242.5,243.5,2024
MNQU24,2024-08-08,17968.0,18443.25,18489.5,92.5,0.02644979964381111,0.002507692516232174,1,92.5,89.5,90.5,2024
MNQU24,2024-08-09,18489.5,18608.25,18622.5,28.5,0.006422564158035549,0.000765789367619174,1,28.5,25.5,26.5,2024
MNQU24,2024-08-12,18622.5,18620.5,18618.25,-4.5,-0.00010739696603567772,-0.00012083456405576065,-1,4.5,1.5,2.5,2024
MNQU24,2024-08-13,18618.25,19059.75,19100.25,81.0,0.023713292065580704,0.002124896706410029,1,81.0,78.0,79.0,2024
MNQU24,2024-08-14,19100.25,19059.5,19133.0,147.0,-0.0021334799282731742,0.003856344605052575,-1,-147.0,-150.0,-149.0,2024
MNQU24,2024-08-15,19133.0,19581.5,19559.5,-44.0,0.023441174933361175,-0.0011235094349257846,1,-44.0,-47.0,-46.0,2024
MNQU24,2024-08-16,19559.5,19602.5,19597.75,-9.5,0.0021984202050153723,-0.00024231603111846134,1,-9.5,-12.5,-11.5,2024
MNQU24,2024-08-19,19597.75,19784.0,19850.5,133.0,0.009503641999719425,0.0033613020622724754,1,133.0,130.0,131.0,2024
MNQU24,2024-08-20,19850.5,19824.75,19820.0,-9.5,-0.0012971965441676003,-0.00023959949053586893,-1,9.5,6.5,7.5,2024
MNQU24,2024-08-21,19820.0,19871.5,19909.75,76.5,0.0025983854692230857,0.0019248672722240734,1,76.5,73.5,74.5,2024
MNQU24,2024-08-22,19909.75,19582.75,19556.75,-52.0,-0.016424113813583774,-0.001327699122952608,-1,52.0,49.0,50.0,2024
MNQU24,2024-08-23,19556.75,19799.75,19793.25,-13.0,0.012425377427230933,-0.0003282869733203242,1,-13.0,-16.0,-15.0,2024
MNQU24,2024-08-26,19793.25,19586.25,19572.25,-28.0,-0.010458110719563485,-0.0007147871593592425,-1,28.0,25.0,26.0,2024
MNQU24,2024-08-27,19572.25,19648.5,19640.25,-16.5,0.0038958218906870457,-0.000419879380105348,1,-16.5,-19.5,-18.5,2024
MNQU24,2024-08-28,19640.25,19455.5,19422.75,-65.5,-0.009406703071498601,-0.0016833286217264876,-1,65.5,62.5,63.5,2024
MNQU24,2024-08-29,19422.75,19404.25,19387.75,-33.0,-0.0009524912795562113,-0.0008503291804630164,-1,33.0,30.0,31.0,2024
MNQU24,2024-08-30,19387.75,19563.25,19615.5,104.5,0.009052107645291407,0.002670824121759008,1,104.5,101.5,102.5,2024
MNQU24,2024-09-03,19615.5,19036.25,19002.0,-68.5,-0.02953021844969539,-0.0017991988968415473,-1,68.5,65.5,66.5,2024
MNQU24,2024-09-04,19002.0,18966.25,18992.75,53.0,-0.001881380907272967,0.0013972187438213712,-1,-53.0,-56.0,-55.0,2024
MNQU24,2024-09-05,18992.75,18963.25,18936.25,-54.0,-0.001553224256624186,-0.0014238065732403715,-1,54.0,51.0,52.0,2024
MNQU24,2024-09-06,18936.25,18512.0,18457.0,-110.0,-0.022404119083767937,-0.0029710458081244617,-1,110.0,107.0,108.0,2024
MNQU24,2024-09-09,18457.0,18645.0,18689.5,89.0,0.010185837351682325,0.002386698846875923,1,89.0,86.0,87.0,2024
MNQU24,2024-09-10,18689.5,18858.75,18865.5,13.5,0.009055886995371631,0.0003579240405646722,1,13.5,10.5,11.5,2024
MNQU24,2024-09-11,18865.5,19199.5,19281.0,163.0,0.017704274999337466,0.004244902210995161,1,163.0,160.0,161.0,2024
MNQU24,2024-09-12,19281.0,19447.25,19442.0,-10.5,0.008622478087236152,-0.0002699610484773185,1,-10.5,-13.5,-12.5,2024
MNQU24,2024-09-13,19442.0,19529.75,19538.25,17.0,0.004513424544799971,0.00043523342592721725,1,17.0,14.0,15.0,2024
MNQU24,2024-09-16,19538.25,19418.75,19444.75,52.0,-0.006116207951070374,0.0013389121338911458,-1,-52.0,-55.0,-54.0,2024
MNQU24,2024-09-17,19444.75,19415.75,19436.5,41.5,-0.0014914051350621849,0.0010687199824883642,-1,-41.5,-44.5,-43.5,2024
MNQU24,2024-09-18,19436.5,19509.75,19355.25,-309.0,0.00376868263319019,-0.007919117364394768,1,-309.0,-312.0,-311.0,2024
MNQU24,2024-09-19,19355.25,19871.75,19836.5,-70.5,0.02668526627142498,-0.0017738749732660875,1,-70.5,-73.5,-72.5,2024
MNQU25,2025-06-23,21834.5,22055.0,22087.5,65.0,0.010098697016190039,0.0014735887553842808,1,65.0,62.0,63.0,2025
MNQU25,2025-06-24,22087.5,22421.5,22417.75,-7.5,0.01512167515563112,-0.00016725018397523161,1,-7.5,-10.5,-9.5,2025
MNQU25,2025-06-25,22417.75,22440.75,22457.0,32.5,0.0010259727225079285,0.00072412909550712,1,32.5,29.5,30.5,2025
MNQU25,2025-06-26,22457.0,22671.25,22684.5,26.5,0.009540455091953559,0.0005844406461927854,1,26.5,23.5,24.5,2025
MNQU25,2025-06-27,22684.5,22671.25,22756.5,170.5,-0.0005840992748352702,0.0037602690632407842,-1,-170.5,-173.5,-172.5,2025
MNQU25,2025-06-30,22756.5,22877.25,22912.0,69.5,0.005306176257332984,0.0015189762755576375,1,69.5,66.5,67.5,2025
MNQU25,2025-07-01,22912.0,22725.5,22703.25,-44.5,-0.008139839385474912,-0.0009790763679566883,-1,44.5,41.5,42.5,2025
MNQU25,2025-07-02,22703.25,22824.0,22847.0,46.0,0.005318621783224842,0.0010077111812127892,1,46.0,43.0,44.0,2025
MNQU25,2025-07-08,22878.25,22890.5,22895.5,10.0,0.0005354430518067499,0.00021843122692821737,1,10.0,7.0,8.0,2025
MNQU25,2025-07-09,22895.5,23036.5,23053.75,34.5,0.006158415409141638,0.0007488116684393198,1,34.5,31.5,32.5,2025
MNQU25,2025-07-10,23053.75,23028.75,23014.75,-28.0,-0.001084422274033492,-0.0006079357325082801,-1,28.0,25.0,26.0,2025
MNQU25,2025-07-11,23014.75,22980.5,22963.0,-35.0,-0.001488176061004376,-0.0007615151976675394,-1,35.0,32.0,33.0,2025
MNQU25,2025-07-14,22963.0,23042.25,23039.75,-5.0,0.0034512041109611147,-0.00010849634909781969,1,-5.0,-8.0,-7.0,2025
MNQU25,2025-07-15,23039.75,23089.75,23073.75,-32.0,0.0021701624366583516,-0.0006929481696423823,1,-32.0,-35.0,-34.0,2025
MNQU25,2025-07-16,23073.75,23072.0,23081.0,18.0,-7.584376185054698e-05,0.00039008321775302335,-1,-18.0,-21.0,-20.0,2025
MNQU25,2025-07-17,23081.0,23261.75,23263.5,3.5,0.007831116502751145,7.523079733906535e-05,1,3.5,0.5,1.5,2025
MNQU25,2025-07-18,23263.5,23212.5,23215.5,6.0,-0.002192275452962744,0.0001292407108239857,-1,-6.0,-9.0,-8.0,2025
MNQU25,2025-07-21,23215.5,23368.75,23337.5,-62.5,0.006601193168357389,-0.0013372559507889292,1,-62.5,-65.5,-64.5,2025
MNQU25,2025-07-22,23337.5,23239.0,23243.75,9.5,-0.004220674879485853,0.0002043977795946894,-1,-9.5,-12.5,-11.5,2025
MNQU25,2025-07-23,23243.75,23293.0,23302.0,18.0,0.0021188491529982034,0.0003863821749023888,1,18.0,15.0,16.0,2025
MNQU25,2025-07-24,23302.0,23415.5,23389.75,-51.5,0.004870826538494466,-0.0010996989173838179,1,-51.5,-54.5,-53.5,2025
MNQU25,2025-07-25,23389.75,23439.5,23423.0,-33.0,0.00212700007481903,-0.000703939930459252,1,-33.0,-36.0,-35.0,2025
MNQU25,2025-07-28,23423.0,23462.0,23494.0,64.0,0.0016650300986209565,0.001363907595260505,1,64.0,61.0,62.0,2025
MNQU25,2025-07-29,23494.0,23458.5,23439.75,-37.5,-0.0015110240912573625,-0.0007992838416778225,-1,37.5,34.5,35.5,2025
MNQU25,2025-07-30,23439.75,23394.75,23483.75,178.0,-0.0019198156976930614,0.0038042723260560685,-1,-178.0,-181.0,-180.0,2025
MNQU25,2025-07-31,23483.75,23379.0,23349.0,-60.0,-0.004460531218395736,-0.001283202874374445,-1,60.0,57.0,58.0,2025
MNQU25,2025-08-01,23349.0,22877.0,22894.75,35.5,-0.020214998501006498,0.0007758884469117877,-1,-35.5,-38.5,-37.5,2025
MNQU25,2025-08-04,22894.75,23266.5,23301.75,70.5,0.016237346990030543,0.0015150538327637353,1,70.5,67.5,68.5,2025
MNQU25,2025-08-05,23301.75,23171.25,23122.25,-98.0,-0.005600437735363228,-0.0021146895398392873,-1,98.0,95.0,96.0,2025
MNQU25,2025-08-06,23122.25,23430.5,23423.25,-14.5,0.013331315075306271,-0.00030942574849024407,1,-14.5,-17.5,-16.5,2025
MNQU25,2025-08-07,23423.25,23396.0,23475.5,159.0,-0.0011633739980574376,0.0033980167550009543,-1,-159.0,-162.0,-161.0,2025
MNQU25,2025-08-08,23475.5,23707.5,23712.5,10.0,0.009882643607164843,0.00021090372245069489,1,10.0,7.0,8.0,2025
MNQU25,2025-08-11,23712.5,23662.25,23620.5,-83.5,-0.0021191354770691007,-0.0017644137814450955,-1,83.5,80.5,81.5,2025
MNQU25,2025-08-12,23620.5,23923.5,23940.5,34.0,0.01282784022353467,0.0007105983656237047,1,34.0,31.0,32.0,2025
MNQU25,2025-08-13,23940.5,23936.0,23954.75,37.5,-0.00018796599903925237,0.0007833389037432692,-1,-37.5,-40.5,-39.5,2025
MNQU25,2025-08-14,23954.75,23928.25,23939.0,21.5,-0.0011062524134044516,0.0004492597661760467,-1,-21.5,-24.5,-23.5,2025
MNQU25,2025-08-15,23939.0,23807.25,23800.0,-14.5,-0.005503571577760158,-0.00030452908252742716,-1,14.5,11.5,12.5,2025
MNQU25,2025-08-18,23800.0,23791.5,23810.5,38.0,-0.00035714285714283367,0.0007986045436394473,-1,-38.0,-41.0,-40.0,2025
MNQU25,2025-08-19,23810.5,23459.25,23460.5,2.5,-0.014751895172297913,5.3283885887323024e-05,-1,-2.5,-5.5,-4.5,2025
MNQU25,2025-08-20,23460.5,23319.75,23326.75,14.0,-0.005999445877112541,0.00030017474458343685,-1,-14.0,-17.0,-16.0,2025
MNQU25,2025-08-21,23326.75,23236.75,23205.0,-63.5,-0.003858231429581971,-0.0013663700818745683,-1,63.5,60.5,61.5,2025
MNQU25,2025-08-22,23205.0,23575.5,23560.0,-31.0,0.015966386554621792,-0.0006574621959237748,1,-31.0,-34.0,-33.0,2025
MNQU25,2025-08-25,23560.0,23552.75,23512.75,-80.0,-0.0003077249575551555,-0.001698315483329993,-1,80.0,77.0,78.0,2025
MNQU25,2025-08-26,23512.75,23567.25,23587.25,40.0,0.0023178913568171478,0.0008486352883769754,1,40.0,37.0,38.0,2025
MNQU25,2025-08-27,23587.25,23597.5,23644.0,93.0,0.00043455680505366523,0.001970547727513594,1,93.0,90.0,91.0,2025
MNQU25,2025-08-28,23644.0,23777.75,23777.5,-0.5,0.00565682625613273,-1.0514030974295707e-05,1,-0.5,-3.5,-2.5,2025
MNQU25,2025-09-02,23777.5,23233.75,23281.75,96.0,-0.02286825780675006,0.0020659600796255617,-1,-96.0,-99.0,-98.0,2025
MNQU25,2025-09-03,23281.75,23353.75,23437.5,167.5,0.0030925510324610883,0.0035861478349301645,1,167.5,164.5,165.5,2025
MNQU25,2025-09-04,23437.5,23628.75,23671.0,84.5,0.008159999999999945,0.001788075966777658,1,84.5,81.5,82.5,2025
MNQU25,2025-09-05,23671.0,23683.0,23668.75,-28.5,0.0005069494317941903,-0.000601697420090308,1,-28.5,-31.5,-30.5,2025
MNQU25,2025-09-08,23668.75,23770.5,23789.75,38.5,0.004298917348825038,0.0008098273069561124,1,38.5,35.5,36.5,2025
MNQU25,2025-09-09,23789.75,23856.5,23878.75,44.5,0.002805830242015972,0.0009326598620920112,1,44.5,41.5,42.5,2025
MNQU25,2025-09-10,23878.75,23810.0,23887.25,154.5,-0.0028791289326284275,0.0032444351112976832,-1,-154.5,-157.5,-156.5,2025
MNQU25,2025-09-11,23887.25,24032.75,24032.75,0.0,0.0060911155532763495,0.0,1,0.0,-3.0,-2.0,2025
MNQU25,2025-09-12,24032.75,24124.5,24125.0,1.0,0.0038177070872038588,2.072581815171226e-05,1,1.0,-2.0,-1.0,2025
MNQU25,2025-09-15,24125.0,24273.75,24304.0,60.5,0.006165803108808321,0.0012462021731294293,1,60.5,57.5,58.5,2025
MNQU25,2025-09-16,24304.0,24299.25,24296.5,-5.5,-0.00019544107965763224,-0.00011317221724949089,-1,5.5,2.5,3.5,2025
MNQU25,2025-09-17,24296.5,24287.75,24218.0,-139.5,-0.0003601341757043519,-0.0028718180976006202,-1,139.5,136.5,137.5,2025
MNQU25,2025-09-18,24218.0,24476.75,24462.75,-28.0,0.010684201833347062,-0.0005719713605768506,1,-28.0,-31.0,-30.0,2025
MNQU26,2026-06-23,30641.75,29710.75,29697.5,-26.5,-0.03038338215017089,-0.0004459665272670277,-1,26.5,23.5,24.5,2026
MNQU26,2026-06-24,29697.5,29384.5,29467.25,165.5,-0.010539607711086751,0.00281611053446551,-1,-165.5,-168.5,-167.5,2026
MNQU26,2026-06-25,29467.25,29682.75,29686.5,7.5,0.00731320364133059,0.00012633600323419536,1,7.5,4.5,5.5,2026
MNQU26,2026-06-26,29686.5,29451.5,29457.0,11.0,-0.007916056119785075,0.00018674770385218586,-1,-11.0,-14.0,-13.0,2026
MNQU26,2026-06-29,29457.0,30026.0,30042.25,32.5,0.019316291543606035,0.0005411976287217346,1,32.5,29.5,30.5,2026
MNQU26,2026-06-30,30042.25,30575.75,30558.0,-35.5,0.017758323694130773,-0.0005805254163838702,1,-35.5,-38.5,-37.5,2026
MNQU26,2026-07-01,30558.0,30190.25,30081.75,-217.0,-0.012034491786111712,-0.0035938755061650784,-1,217.0,214.0,215.0,2026
MNQU26,2026-07-02,30081.75,29422.25,29574.75,305.0,-0.02192359154636947,0.005183152206238439,-1,-305.0,-308.0,-307.0,2026
MNQU26,2026-07-06,29574.75,30035.75,29957.25,-157.0,0.01558762119713597,-0.0026135521836477826,1,-157.0,-160.0,-159.0,2026
MNQU26,2026-07-07,29957.25,29321.0,29388.5,135.0,-0.02123859833596209,0.002302104293850915,-1,-135.0,-138.0,-137.0,2026
MNQU26,2026-07-08,29388.5,29425.5,29487.75,124.5,0.0012589958657298617,0.002115512055870017,1,124.5,121.5,122.5,2026
MNQU26,2026-07-09,29487.75,29931.5,29937.5,12.0,0.015048621885359159,0.00020045771177512606,1,12.0,9.0,10.0,2026
MNQU26,2026-07-10,29937.5,30047.0,30034.25,-25.5,0.0036576200417537397,-0.00042433520817386494,1,-25.5,-28.5,-27.5,2026
MNQU26,2026-07-13,30034.25,29420.25,29503.0,165.5,-0.02044332720144504,0.002812688539356456,-1,-165.5,-168.5,-167.5,2026
MNQU26,2026-07-14,29503.0,29797.75,29807.75,20.0,0.00999050943971791,0.0003355958084083621,1,20.0,17.0,18.0,2026
MNQU26,2026-07-15,29807.75,29643.75,29696.5,105.5,-0.00550192483498424,0.0017794644739617116,-1,-105.5,-108.5,-107.5,2026
MNQU26,2026-07-16,29696.5,29147.75,29201.0,106.5,-0.018478608590237866,0.001826899160312534,-1,-106.5,-109.5,-108.5,2026
MNQU26,2026-07-17,29201.0,28795.75,28816.0,40.5,-0.013877949385295074,0.0007032287750796673,-1,-40.5,-43.5,-42.5,2026
MNQU26,2026-07-20,28816.0,28855.75,28790.25,-131.0,0.0013794419766797184,-0.002269911542760128,1,-131.0,-134.0,-133.0,2026
MNQU26,2026-07-21,28790.25,29293.75,29335.5,83.5,0.01748855949496786,0.0014252186899936792,1,83.5,80.5,81.5,2026
MNQU26,2026-07-22,29335.5,29253.5,29192.75,-121.5,-0.002795248078266921,-0.002076674585946958,-1,121.5,118.5,119.5,2026
MNQU26,2026-07-23,29192.75,28583.75,28624.5,81.5,-0.020861343998081705,0.0014256351948223056,-1,-81.5,-84.5,-83.5,2026
MNQU26,2026-07-24,28624.5,28253.25,28267.75,29.0,-0.012969658858670075,0.0005132152938156498,-1,-29.0,-32.0,-31.0,2026
MNQU26,2026-07-27,28267.75,28244.0,28190.25,-107.5,-0.0008401800638536683,-0.001903059056790779,-1,107.5,104.5,105.5,2026
MNQU26,2026-07-28,28190.25,28018.75,27938.0,-161.5,-0.006083663678044693,-0.002881998661610541,-1,161.5,158.5,159.5,2026
MNQU26,2026-07-29,27938.0,27711.25,27340.5,-741.5,-0.008116185840074452,-0.013379042807524,-1,741.5,738.5,739.5,2026
MNQU26,2026-07-30,27340.5,28243.75,28239.75,-8.0,0.03303706954883778,-0.00014162425315333849,1,-8.0,-11.0,-10.0,2026
MNQU26,2026-07-31,28239.75,28475.0,28458.25,-33.5,0.008330456183216928,-0.0005882352941176672,1,-33.5,-36.5,-35.5,2026
MNQU26,2026-08-03,28458.25,28913.25,28895.75,-35.0,0.015988333787214648,-0.0006052588346173726,1,-35.0,-38.0,-37.0,2026
MNQU26,2026-08-04,28895.75,29900.5,29875.0,-51.0,0.03477154944931349,-0.0008528285480176034,1,-51.0,-54.0,-53.0,2026
MNQU26,2026-08-05,29875.0,29756.5,29667.5,-178.0,-0.003966527196652692,-0.002990943155277037,-1,178.0,175.0,176.0,2026
MNQU26,2026-08-06,29667.5,29508.5,29514.0,11.0,-0.005359400016853422,0.00018638697324502296,-1,-11.0,-14.0,-13.0,2026
MNQU26,2026-08-07,29514.0,29811.5,29854.0,85.0,0.010079962051907643,0.001425624339600473,1,85.0,82.0,83.0,2026
MNQU26,2026-08-10,29854.0,29781.75,29733.75,-96.0,-0.0024201112078783282,-0.0016117253015689448,-1,96.0,93.0,94.0,2026
MNQU26,2026-08-11,29733.75,29624.25,29635.75,23.0,-0.003682683818892696,0.00038819548174218177,-1,-23.0,-26.0,-25.0,2026
MNQU26,2026-08-12,29635.75,29867.5,29841.0,-53.0,0.007819947192158061,-0.0008872520297982245,1,-53.0,-56.0,-55.0,2026
MNQU26,2026-08-13,29841.0,30222.75,30184.25,-77.0,0.012792801849804025,-0.0012738748128479083,1,-77.0,-80.0,-79.0,2026
MNQU26,2026-08-14,30184.25,30096.25,30122.75,53.0,-0.002915427747914867,0.0008805083689829019,-1,-53.0,-56.0,-55.0,2026
MNQU26,2026-08-17,30122.75,30093.25,30096.75,7.0,-0.0009793262567329153,0.00011630515148741694,-1,-7.0,-10.0,-9.0,2026
MNQU26,2026-08-18,30096.75,29599.75,29588.5,-22.5,-0.01651341091646108,-0.000380070777624808,-1,22.5,19.5,20.5,2026
MNQU26,2026-08-19,29588.5,29556.0,29515.25,-81.5,-0.0010983997161059245,-0.0013787386655840228,-1,81.5,78.5,79.5,2026
MNQU26,2026-08-20,29515.25,29304.75,29305.25,1.0,-0.007131906387376041,1.706208037943746e-05,-1,-1.0,-4.0,-3.0,2026
MNQU26,2026-08-21,29305.25,29393.25,29407.75,29.0,0.0030028749114918707,0.0004933105389843817,1,29.0,26.0,27.0,2026
MNQU26,2026-08-24,29407.75,29158.25,29118.5,-79.5,-0.008484158087578964,-0.0013632505380124504,-1,79.5,76.5,77.5,2026
MNQU26,2026-08-25,29118.5,29225.5,29281.5,112.0,0.003674639833782578,0.0019161348822089863,1,112.0,109.0,110.0,2026
MNQU26,2026-08-26,29281.5,29338.25,29297.0,-82.5,0.0019380837730307299,-0.0014060143328249453,1,-82.5,-85.5,-84.5,2026
MNQU26,2026-08-27,29297.0,29602.5,29692.75,180.5,0.01042768884186085,0.0030487289924836514,1,180.5,177.5,178.5,2026
MNQZ21,2021-09-20,15331.75,14875.25,15003.0,255.5,-0.02977481370358892,0.008588090956454408,-1,-255.5,-258.5,-257.5,2021
MNQZ21,2021-09-21,15003.0,15084.0,15038.25,-91.5,0.005398920215956782,-0.003033015115354032,1,-91.5,-94.5,-93.5,2021
MNQZ21,2021-09-22,15038.25,15193.25,15155.0,-76.5,0.010307050354928293,-0.0025175653661988484,1,-76.5,-79.5,-78.5,2021
MNQZ21,2021-09-23,15155.0,15319.0,15299.75,-38.5,0.010821511052457877,-0.001256609439258427,1,-38.5,-41.5,-40.5,2021
MNQZ21,2021-09-24,15299.75,15307.0,15320.25,26.5,0.00047386395202542175,0.000865617037956401,1,26.5,23.5,24.5,2021
MNQZ21,2021-09-27,15320.25,15213.5,15191.75,-43.5,-0.006967901959824441,-0.0014296512965458197,-1,43.5,40.5,41.5,2021
MNQZ21,2021-09-28,15191.75,14802.75,14764.75,-76.0,-0.0256060032583475,-0.0025670905743865324,-1,76.0,73.0,74.0,2021
MNQZ21,2021-09-29,14764.75,14812.25,14727.75,-169.0,0.003217121861189609,-0.005704737632702628,1,-169.0,-172.0,-171.0,2021
MNQZ21,2021-09-30,14727.75,14775.25,14710.5,-129.5,0.0032252041214713145,-0.0043823285562003544,1,-129.5,-132.5,-131.5,2021
MNQZ21,2021-10-01,14710.5,14780.5,14766.5,-28.0,0.004758505829169701,-0.0009471939379588346,1,-28.0,-31.0,-30.0,2021
MNQZ21,2021-10-04,14766.5,14408.0,14461.75,107.5,-0.02427792638743098,0.003730566352026621,-1,-107.5,-110.5,-109.5,2021
MNQZ21,2021-10-05,14461.75,14706.0,14662.0,-88.0,0.016889380607464588,-0.0029919760641914372,1,-88.0,-91.0,-90.0,2021
MNQZ21,2021-10-06,14662.0,14718.25,14760.25,84.0,0.003836447960714695,0.002853600122297184,1,84.0,81.0,82.0,2021
MNQZ21,2021-10-07,14760.25,14934.75,14871.75,-126.0,0.01182229298284243,-0.004218349821724532,1,-126.0,-129.0,-128.0,2021
MNQZ21,2021-10-08,14871.75,14849.0,14813.25,-71.5,-0.0015297459949232817,-0.002407569533301901,-1,71.5,68.5,69.5,2021
MNQZ21,2021-10-11,14813.25,14755.75,14707.75,-96.0,-0.003881660000337517,-0.0032529691815055273,-1,96.0,93.0,94.0,2021
MNQZ21,2021-10-12,14707.75,14667.5,14667.5,0.0,-0.0027366524451394314,0.0,-1,-0.0,-3.0,-2.0,2021
MNQZ21,2021-10-13,14667.5,14736.25,14753.5,34.5,0.0046872336799046455,0.0011705827466281793,1,34.5,31.5,32.5,2021
MNQZ21,2021-10-14,14753.5,15031.75,15028.5,-6.5,0.018859931541667985,-0.00021620902423202804,1,-6.5,-9.5,-8.5,2021
MNQZ21,2021-10-15,15028.5,15118.75,15135.0,32.5,0.006005256678976556,0.0010748243075651143,1,32.5,29.5,30.5,2021
MNQZ21,2021-10-18,15135.0,15280.0,15290.0,20.0,0.009580442682523893,0.0006544502617800152,1,20.0,17.0,18.0,2021
MNQZ21,2021-10-19,15290.0,15394.0,15392.75,-2.5,0.0068018312622628585,-8.120046771464828e-05,1,-2.5,-5.5,-4.5,2021
MNQZ21,2021-10-20,15392.75,15368.0,15368.5,1.0,-0.001607899822968606,3.253513794887475e-05,-1,-1.0,-4.0,-3.0,2021
MNQZ21,2021-10-21,15368.5,15469.5,15483.5,28.0,0.006571884048540921,0.0009050066259412848,1,28.0,25.0,26.0,2021
MNQZ21,2021-10-22,15483.5,15335.5,15348.0,25.0,-0.009558562340556076,0.0008151022138176423,-1,-25.0,-28.0,-27.0,2021
MNQZ21,2021-10-25,15348.0,15515.0,15489.25,-51.5,0.01088089653375035,-0.0016596841766033377,1,-51.5,-54.5,-53.5,2021
MNQZ21,2021-10-26,15489.25,15555.25,15550.0,-10.5,0.004261019739496774,-0.0003375066295945306,1,-10.5,-13.5,-12.5,2021
MNQZ21,2021-10-27,15550.0,15641.25,15587.0,-108.5,0.0058681672025724385,-0.0034683928714137613,1,-108.5,-111.5,-110.5,2021
MNQZ21,2021-10-28,15587.0,15738.75,15758.25,39.0,0.009735677166869738,0.0012389802239693992,1,39.0,36.0,37.0,2021
MNQZ21,2021-10-29,15758.25,15785.5,15843.5,116.0,0.0017292529310044547,0.0036742580216020393,1,116.0,113.0,114.0,2021
MNQZ21,2021-11-01,15843.5,15851.5,15885.0,67.0,0.0005049389339477628,0.0021133646658044736,1,67.0,64.0,65.0,2021
MNQZ21,2021-11-02,15885.0,15954.5,15960.25,11.5,0.004375196726471575,0.0003603998871790637,1,11.5,8.5,9.5,2021
MNQZ21,2021-11-03,15960.25,16099.5,16136.5,74.0,0.008724800676681133,0.002298208018882475,1,74.0,71.0,72.0,2021
MNQZ21,2021-11-04,16136.5,16330.25,16318.5,-23.5,0.012006940786415843,-0.0007195235835336655,1,-23.5,-26.5,-25.5,2021
MNQZ21,2021-11-05,16318.5,16344.5,16354.75,20.5,0.0015932836964180908,0.0006271222735476645,1,20.5,17.5,18.5,2021
MNQZ21,2021-11-08,16354.75,16353.25,16332.25,-42.0,-9.171647380734615e-05,-0.001284148410866326,-1,42.0,39.0,40.0,2021
MNQZ21,2021-11-09,16332.25,16195.5,16218.0,45.0,-0.008373004331920009,0.0013892747985551068,-1,-45.0,-48.0,-47.0,2021
MNQZ21,2021-11-10,16218.0,15979.25,15994.5,30.5,-0.014721297323960991,0.0009543626891124202,-1,-30.5,-33.5,-32.5,2021
MNQZ21,2021-11-11,15994.5,16029.25,16022.75,-13.0,0.002172621838756994,-0.0004055086794454432,1,-13.0,-16.0,-15.0,2021
MNQZ21,2021-11-12,16022.75,16197.5,16190.25,-14.5,0.010906367508698667,-0.00044759993826204436,1,-14.5,-17.5,-16.5,2021
MNQZ21,2021-11-15,16190.25,16193.0,16178.75,-28.5,0.00016985531415514288,-0.0008800098808127155,1,-28.5,-31.5,-30.5,2021
MNQZ21,2021-11-16,16178.75,16303.25,16299.25,-8.0,0.007695279301553004,-0.00024534985355684213,1,-8.0,-11.0,-10.0,2021
MNQZ21,2021-11-17,16299.25,16314.75,16308.0,-13.5,0.0009509640014111476,-0.0004137360364088183,1,-13.5,-16.5,-15.5,2021
MNQZ21,2021-11-18,16308.0,16475.5,16483.25,15.5,0.010271032622025889,0.00047039543564686426,1,15.5,12.5,13.5,2021
MNQZ21,2021-11-19,16483.25,16577.25,16573.75,-7.0,0.005702758861268364,-0.00021113272708084274,1,-7.0,-10.0,-9.0,2021
MNQZ21,2021-11-22,16573.75,16549.0,16395.75,-306.5,-0.0014933252884833381,-0.009260378270590341,-1,306.5,303.5,304.5,2021
MNQZ21,2021-11-23,16395.75,16244.75,16304.75,120.0,-0.009209703734199381,0.0036935009772387506,-1,-120.0,-123.0,-122.0,2021
MNQZ21,2021-11-24,16304.75,16354.25,16366.0,23.5,0.0030359251138472043,0.0007184676765978892,1,23.5,20.5,21.5,2021
MNQZ21,2021-11-29,16366.0,16413.0,16398.75,-28.5,0.0028718074055968934,-0.0008682142204350374,1,-28.5,-31.5,-30.5,2021
MNQZ21,2021-11-30,16398.75,16120.5,16167.0,93.0,-0.01696775668877204,0.0028845259142085133,-1,-93.0,-96.0,-95.0,2021
MNQZ21,2021-12-01,16167.0,15979.25,15895.5,-167.5,-0.011613162615203843,-0.005241172145125761,-1,167.5,164.5,165.5,2021
MNQZ21,2021-12-02,15895.5,15991.0,15955.0,-72.0,0.006007989682614623,-0.0022512663373147612,1,-72.0,-75.0,-74.0,2021
MNQZ21,2021-12-03,15955.0,15606.5,15712.0,211.0,-0.021842682544656822,0.006760003844551887,-1,-211.0,-214.0,-213.0,2021
MNQZ21,2021-12-06,15712.0,15855.75,15839.75,-32.0,0.00914905804480659,-0.001009097645964352,1,-32.0,-35.0,-34.0,2021
MNQZ21,2021-12-07,15839.75,16265.25,16298.0,65.5,0.026862797708297137,0.002013495027743284,1,65.5,62.5,63.5,2021
MNQZ21,2021-12-08,16298.0,16367.75,16386.75,38.0,0.004279666216713718,0.001160819294038662,1,38.0,35.0,36.0,2021
MNQZ21,2021-12-09,16386.75,16169.75,16162.25,-15.0,-0.013242406212336189,-0.0004638290635291531,-1,15.0,12.0,13.0,2021
MNQZ21,2021-12-10,16162.25,16272.0,16323.75,103.5,0.006790514934492453,0.0031803097345133313,1,103.5,100.5,101.5,2021
MNQZ21,2021-12-13,16323.75,16152.25,16099.75,-105.0,-0.010506164331112622,-0.0032503211626863093,-1,105.0,102.0,103.0,2021
MNQZ21,2021-12-14,16099.75,15941.0,15908.25,-65.5,-0.009860401559030452,-0.0020544507872780615,-1,65.5,62.5,63.5,2021
MNQZ21,2021-12-15,15908.25,16209.25,16275.0,131.5,0.018921000110005748,0.004056325863318833,1,131.5,128.5,129.5,2021
MNQZ21,2021-12-16,16275.0,15889.75,15875.25,-29.0,-0.023671274961597488,-0.000912537956858972,-1,29.0,26.0,27.0,2021
MNQZ22,2022-09-19,11943.5,12010.0,12026.5,33.0,0.005567882111608746,0.0013738551207327365,1,33.0,30.0,31.0,2022
MNQZ22,2022-09-20,12026.5,11928.75,11914.0,-29.5,-0.00812788425560218,-0.0012365084355024925,-1,29.5,26.5,27.5,2022
MNQZ22,2022-09-21,11914.0,11852.25,11727.0,-250.5,-0.005182978009064976,-0.010567613744225768,-1,250.5,247.5,248.5,2022
MNQZ22,2022-09-22,11727.0,11625.25,11591.0,-68.5,-0.008676558369574483,-0.0029461732005763297,-1,68.5,65.5,66.5,2022
MNQZ22,2022-09-23,11591.0,11319.25,11359.25,80.0,-0.023444914157536023,0.003533803034653449,-1,-80.0,-83.0,-82.0,2022
MNQZ22,2022-09-26,11359.25,11378.5,11329.25,-98.5,0.0016946541364966095,-0.0043283385331985835,1,-98.5,-101.5,-100.5,2022
MNQZ22,2022-09-27,11329.25,11311.25,11329.0,35.5,-0.0015888077321976057,0.0015692341695214829,-1,-35.5,-38.5,-37.5,2022
MNQZ22,2022-09-28,11329.0,11562.25,11565.75,7.0,0.02058875452378861,0.0003027092477674298,1,7.0,4.0,5.0,2022
MNQZ22,2022-09-29,11565.75,11159.0,11232.0,146.0,-0.035168493180295246,0.006541804821220465,-1,-146.0,-149.0,-148.0,2022
MNQZ22,2022-09-30,11232.0,11128.5,11027.25,-202.5,-0.009214743589743613,-0.009098261221188841,-1,202.5,199.5,200.5,2022
MNQZ22,2022-10-03,11027.25,11344.25,11286.75,-115.0,0.0287469677390102,-0.005068647111973079,1,-115.0,-118.0,-117.0,2022
MNQZ22,2022-10-04,11286.75,11614.0,11629.5,31.0,0.02899417458524378,0.0013345961770276915,1,31.0,28.0,29.0,2022
MNQZ22,2022-10-05,11629.5,11670.5,11618.75,-103.5,0.0035255170041703643,-0.004434257315453549,1,-103.5,-106.5,-105.5,2022
MNQZ22,2022-10-06,11618.75,11583.25,11533.0,-100.5,-0.0030554061323292414,-0.004338160706192085,-1,100.5,97.5,98.5,2022
MNQZ22,2022-10-07,11533.0,11071.25,11105.0,67.5,-0.04003728431457554,0.0030484362651010954,-1,-67.5,-70.5,-69.5,2022
MNQZ22,2022-10-10,11105.0,11009.75,10986.75,-46.0,-0.008577217469608267,-0.0020890574263721096,-1,46.0,43.0,44.0,2022
MNQZ22,2022-10-11,10986.75,10813.75,10844.5,61.5,-0.015746239788836602,0.0028436018957345155,-1,-61.5,-64.5,-63.5,2022
MNQZ22,2022-10-12,10844.5,10861.75,10842.0,-39.5,0.0015906680805939377,-0.0018183073629940427,1,-39.5,-42.5,-41.5,2022
MNQZ22,2022-10-13,10842.0,11091.0,11095.25,8.5,0.022966242390702885,0.0003831935803804143,1,8.5,5.5,6.5,2022
MNQZ22,2022-10-14,11095.25,10788.25,10731.5,-113.5,-0.02766949820869291,-0.005260352698537751,-1,113.5,110.5,111.5,2022
MNQZ22,2022-10-17,10731.5,11120.5,11098.75,-43.5,0.03624842752644075,-0.0019558473090238726,1,-43.5,-46.5,-45.5,2022
MNQZ22,2022-10-18,11098.75,11152.25,11175.5,46.5,0.004820362653451982,0.0020847810979847115,1,46.5,43.5,44.5,2022
MNQZ22,2022-10-19,11175.5,11116.5,11148.75,64.5,-0.005279405843139018,0.002901092969909591,-1,-64.5,-67.5,-66.5,2022
MNQZ22,2022-10-20,11148.75,11082.25,11095.25,26.0,-0.005964794259446071,0.0011730469895554485,-1,-26.0,-29.0,-28.0,2022
MNQZ22,2022-10-21,11095.25,11362.25,11355.25,-14.0,0.024064351862283395,-0.0006160751611696824,1,-14.0,-17.0,-16.0,2022
MNQZ22,2022-10-24,11355.25,11501.75,11468.25,-67.0,0.012901521322736142,-0.002912600256482656,1,-67.0,-70.0,-69.0,2022
MNQZ22,2022-10-25,11468.25,11712.5,11704.25,-16.5,0.021297931244958823,-0.0007043756670224166,1,-16.5,-19.5,-18.5,2022
MNQZ22,2022-10-26,11704.25,11467.75,11440.25,-55.0,-0.02020633530555138,-0.0023980292559568905,-1,55.0,52.0,53.0,2022
MNQZ22,2022-10-27,11440.25,11268.75,11223.75,-90.0,-0.014990931142239039,-0.00399334442595678,-1,90.0,87.0,88.0,2022
MNQZ22,2022-10-28,11223.75,11584.25,11580.75,-7.0,0.03211938968704753,-0.0003021343634675988,1,-7.0,-10.0,-9.0,2022
MNQZ22,2022-10-31,11580.75,11453.0,11437.75,-30.5,-0.011031237182393183,-0.0013315288570679984,-1,30.5,27.5,28.5,2022
MNQZ22,2022-11-01,11437.75,11337.75,11334.5,-6.5,-0.00874297829555637,-0.0002866529955237729,-1,6.5,3.5,4.5,2022
MNQZ22,2022-11-02,11334.5,11020.25,10964.25,-112.0,-0.027725087123384395,-0.00508155441119762,-1,112.0,109.0,110.0,2022
MNQZ22,2022-11-03,10964.25,10795.0,10728.75,-132.5,-0.015436532366554956,-0.006137100509495119,-1,132.5,129.5,130.5,2022
MNQZ22,2022-11-04,10728.75,10836.25,10874.0,75.5,0.010019806594430802,0.003483677471449953,1,75.5,72.5,73.5,2022
MNQZ22,2022-11-07,10874.0,11024.75,11015.5,-18.5,0.013863343755747604,-0.000839021292999842,1,-18.5,-21.5,-20.5,2022
MNQZ22,2022-11-08,11015.5,11112.75,11090.5,-44.5,0.008828468975534465,-0.0020022046748104927,1,-44.5,-47.5,-46.5,2022
MNQZ22,2022-11-09,11090.5,10873.25,10838.25,-70.0,-0.01958883729317884,-0.0032189087899202606,-1,70.0,67.0,68.0,2022
MNQZ22,2022-11-10,10838.25,11577.25,11632.25,110.0,0.06818443936982455,0.004750696408905464,1,110.0,107.0,108.0,2022
MNQZ22,2022-11-11,11632.25,11836.25,11844.5,16.5,0.01753744976251359,0.0006970113000317468,1,16.5,13.5,14.5,2022
MNQZ22,2022-11-14,11844.5,11824.25,11743.5,-161.5,-0.001709654269914318,-0.006829185783453484,-1,161.5,158.5,159.5,2022
MNQZ22,2022-11-15,11743.5,11929.5,11893.75,-71.5,0.01583854898454473,-0.002996772706316264,1,-71.5,-74.5,-73.5,2022
MNQZ22,2022-11-16,11893.75,11726.75,11745.0,36.5,-0.014040987913820246,0.001556270919052638,-1,-36.5,-39.5,-38.5,2022
MNQZ22,2022-11-17,11745.0,11638.75,11701.25,125.0,-0.009046402724563696,0.005369992482010533,-1,-125.0,-128.0,-127.0,2022
MNQZ22,2022-11-18,11701.25,11708.75,11702.0,-13.5,0.0006409571626961874,-0.0005764919397885926,1,-13.5,-16.5,-15.5,2022
MNQZ22,2022-11-21,11702.0,11586.25,11587.25,2.0,-0.009891471543325925,8.630920271879283e-05,-1,-2.0,-5.0,-4.0,2022
MNQZ22,2022-11-22,11587.25,11727.75,11752.75,50.0,0.012125396448682713,0.002131696190659005,1,50.0,47.0,48.0,2022
MNQZ22,2022-11-23,11752.75,11871.5,11860.0,-23.0,0.010104018208504373,-0.0009687065661457828,1,-23.0,-26.0,-25.0,2022
MNQZ22,2022-11-28,11860.0,11581.25,11617.0,71.5,-0.023503372681281665,0.0030868861305990425,-1,-71.5,-74.5,-73.5,2022
MNQZ22,2022-11-29,11617.0,11514.25,11528.0,27.5,-0.008844796419041012,0.001194172438500063,-1,-27.5,-30.5,-29.5,2022
MNQZ22,2022-11-30,11528.0,11972.75,12024.75,104.0,0.038579979181124324,0.0043431960076005804,1,104.0,101.0,102.0,2022
MNQZ22,2022-12-01,12024.75,12061.75,12067.75,12.0,0.0030769870475477745,0.0004974402553525881,1,12.0,9.0,10.0,2022
MNQZ22,2022-12-02,12067.75,12012.0,12015.25,6.5,-0.00461975098920675,0.00027056277056281,-1,-6.5,-9.5,-8.5,2022
MNQZ22,2022-12-05,12015.25,11759.25,11804.25,90.0,-0.02130625663219654,0.003826774666751742,-1,-90.0,-93.0,-92.0,2022
MNQZ22,2022-12-06,11804.25,11510.75,11557.25,93.0,-0.02486392612830124,0.004039702017679225,-1,-93.0,-96.0,-95.0,2022
MNQZ22,2022-12-07,11557.25,11494.75,11511.0,32.5,-0.005407860866555647,0.0014136888579567852,-1,-32.5,-35.5,-34.5,2022
MNQZ22,2022-12-08,11511.0,11657.25,11646.75,-21.0,0.012705238467552782,-0.00090072701537669,1,-21.0,-24.0,-23.0,2022
MNQZ22,2022-12-09,11646.75,11643.0,11573.0,-140.0,-0.0003219782342713806,-0.006012196169372208,-1,140.0,137.0,138.0,2022
MNQZ22,2022-12-12,11573.0,11680.75,11707.0,52.5,0.009310464011060171,0.002247287203304582,1,52.5,49.5,50.5,2022
MNQZ22,2022-12-13,11707.0,11830.5,11839.5,18.0,0.010549244042026062,0.0007607455306199995,1,18.0,15.0,16.0,2022
MNQZ22,2022-12-14,11839.5,11718.25,11750.25,64.0,-0.010241141940115717,0.0027307831800822413,-1,-64.0,-67.0,-66.0,2022
MNQZ22,2022-12-15,11750.25,11382.75,11347.5,-70.5,-0.03127593029935538,-0.0030967911972062945,-1,70.5,67.5,68.5,2022
MNQZ23,2023-09-18,15398.75,15405.5,15409.5,8.0,0.00043834726844704797,0.000259647528480178,1,8.0,5.0,6.0,2023
MNQZ23,2023-09-19,15409.5,15361.5,15379.5,36.0,-0.0031149615496933736,0.001171760570256808,-1,-36.0,-39.0,-38.0,2023
MNQZ23,2023-09-20,15379.5,15252.25,15152.0,-200.5,-0.008274001105367579,-0.006572800734317874,-1,200.5,197.5,198.5,2023
MNQZ23,2023-09-21,15152.0,14896.25,14871.25,-50.0,-0.016878959873284027,-0.001678274733573848,-1,50.0,47.0,48.0,2023
MNQZ23,2023-09-22,14871.25,14952.0,14873.5,-157.0,0.005429940321089344,-0.005250133761369735,1,-157.0,-160.0,-159.0,2023
MNQZ23,2023-09-25,14873.5,14891.0,14932.0,82.0,0.0011765892358892582,0.002753340944194438,1,82.0,79.0,80.0,2023
MNQZ23,2023-09-26,14932.0,14675.0,14709.25,68.5,-0.017211358156978274,0.0023339011925043174,-1,-68.5,-71.5,-70.5,2023
MNQZ23,2023-09-27,14709.25,14765.25,14733.5,-63.5,0.0038071281676494984,-0.0021503191615448447,1,-63.5,-66.5,-65.5,2023
MNQZ23,2023-09-28,14733.5,14909.75,14866.25,-87.0,0.011962534360471011,-0.0029175539495966962,1,-87.0,-90.0,-89.0,2023
MNQZ23,2023-09-29,14866.25,14877.25,14866.25,-22.0,0.0007399310518791946,-0.0007393839587289674,1,-22.0,-25.0,-24.0,2023
MNQZ23,2023-10-02,14866.25,14918.75,14979.25,121.0,0.0035314891112419033,0.004055299539170498,1,121.0,118.0,119.0,2023
MNQZ23,2023-10-03,14979.25,14664.75,14709.0,88.5,-0.02099571073318085,0.0030174397790621033,-1,-88.5,-91.5,-90.5,2023
MNQZ23,2023-10-04,14709.0,14917.5,14935.5,36.0,0.014174994901080984,0.0012066365007541435,1,36.0,33.0,34.0,2023
MNQZ23,2023-10-05,14935.5,14882.25,14869.75,-25.0,-0.0035653309229687347,-0.0008399267583866221,-1,25.0,22.0,23.0,2023
MNQZ23,2023-10-06,14869.75,15150.75,15112.5,-76.5,0.018897425982279392,-0.002524627493688425,1,-76.5,-79.5,-78.5,2023
MNQZ23,2023-10-09,15112.5,15192.75,15187.25,-11.0,0.005310173697270493,-0.0003620147767849913,1,-11.0,-14.0,-13.0,2023
MNQZ23,2023-10-10,15187.25,15287.75,15268.0,-39.5,0.0066173928788950676,-0.001291884024791079,1,-39.5,-42.5,-41.5,2023
MNQZ23,2023-10-11,15268.0,15339.75,15377.0,74.5,0.004699371233953364,0.002428331622092994,1,74.5,71.5,72.5,2023
MNQZ23,2023-10-12,15377.0,15302.0,15313.75,23.5,-0.00487741432008848,0.0007678734805907084,-1,-23.5,-26.5,-25.5,2023
MNQZ23,2023-10-13,15313.75,15108.75,15113.5,9.5,-0.013386662313280562,0.00031438735831890163,-1,-9.5,-12.5,-11.5,2023
MNQZ23,2023-10-16,15113.5,15331.75,15309.75,-44.0,0.014440731796076411,-0.001434930780895849,1,-44.0,-47.0,-46.0,2023
MNQZ23,2023-10-17,15309.75,15217.75,15239.75,44.0,-0.0060092424761998275,0.0014456802089664045,-1,-44.0,-47.0,-46.0,2023
MNQZ23,2023-10-18,15239.75,15028.0,15027.75,-0.5,-0.013894584884922678,-1.6635613521387427e-05,-1,0.5,-2.5,-1.5,2023
MNQZ23,2023-10-19,15027.75,14896.0,14900.5,9.0,-0.008767114172114954,0.00030209452201934717,-1,-9.0,-12.0,-11.0,2023
MNQZ23,2023-10-20,14900.5,14696.75,14669.0,-55.5,-0.01367403778396703,-0.0018881725551567197,-1,55.5,52.5,53.5,2023
MNQZ23,2023-10-23,14669.0,14737.25,14700.5,-73.5,0.004652668893585066,-0.002493680978472912,1,-73.5,-76.5,-75.5,2023
MNQZ23,2023-10-24,14700.5,14851.5,14851.5,0.0,0.010271759463963859,0.0,1,0.0,-3.0,-2.0,2023
MNQZ23,2023-10-25,14851.5,14487.75,14475.0,-25.5,-0.024492475507524536,-0.0008800538385878021,-1,25.5,22.5,23.5,2023
MNQZ23,2023-10-26,14475.0,14264.5,14204.25,-120.5,-0.01454231433506048,-0.004223772301868323,-1,120.5,117.5,118.5,2023
MNQZ23,2023-10-27,14204.25,14256.75,14248.75,-16.0,0.003696076878399124,-0.0005611377067002987,1,-16.0,-19.0,-18.0,2023
MNQZ23,2023-10-30,14248.75,14447.5,14420.75,-53.5,0.0139485919817528,-0.001851531406817819,1,-53.5,-56.5,-55.5,2023
MNQZ23,2023-10-31,14420.75,14486.5,14495.75,18.5,0.0045594022502297715,0.0006385255237635334,1,18.5,15.5,16.5,2023
MNQZ23,2023-11-01,14495.75,14730.75,14748.25,35.0,0.01621164824172605,0.0011879911070380444,1,35.0,32.0,33.0,2023
MNQZ23,2023-11-02,14748.25,14993.25,14992.75,-1.0,0.016612140423440058,-3.334834008639209e-05,1,-1.0,-4.0,-3.0,2023
MNQZ23,2023-11-03,14992.75,15196.5,15174.75,-43.5,0.013589901785863168,-0.0014312506169184003,1,-43.5,-46.5,-45.5,2023
MNQZ23,2023-11-06,15174.75,15206.5,15227.0,41.0,0.002092291471029073,0.0013481077170947042,1,41.0,38.0,39.0,2023
MNQZ23,2023-11-07,15227.0,15397.25,15374.25,-46.0,0.01118079726801069,-0.0014937732387276803,1,-46.0,-49.0,-48.0,2023
MNQZ23,2023-11-08,15374.25,15369.75,15383.0,26.5,-0.0002926972047416765,0.000862082987686863,-1,-26.5,-29.5,-28.5,2023
MNQZ23,2023-11-09,15383.0,15256.25,15252.75,-7.0,-0.008239615159591707,-0.00022941417451860513,-1,7.0,4.0,5.0,2023
MNQZ23,2023-11-10,15252.75,15590.0,15589.5,-1.0,0.02211076691088487,-3.207184092368642e-05,1,-1.0,-4.0,-3.0,2023
MNQZ23,2023-11-13,15589.5,15573.25,15543.75,-59.0,-0.0010423682606882645,-0.0018942738349413402,-1,59.0,56.0,57.0,2023
MNQZ23,2023-11-14,15543.75,15910.0,15866.5,-87.0,0.023562525130679468,-0.002734129478315528,1,-87.0,-90.0,-89.0,2023
MNQZ23,2023-11-15,15866.5,15896.25,15887.25,-18.0,0.0018750196955850118,-0.0005661712668082464,1,-18.0,-21.0,-20.0,2023
MNQZ23,2023-11-16,15887.25,15875.75,15891.75,32.0,-0.0007238508867173366,0.0010078264019022232,-1,-32.0,-35.0,-34.0,2023
MNQZ23,2023-11-17,15891.75,15908.5,15902.0,-13.0,0.0010540060094073045,-0.00040858660464526686,1,-13.0,-16.0,-15.0,2023
MNQZ23,2023-11-20,15902.0,16106.0,16079.25,-53.5,0.012828575022009847,-0.0016608717248230986,1,-53.5,-56.5,-55.5,2023
MNQZ23,2023-11-21,16079.25,15991.5,15987.75,-7.5,-0.005457344092541616,-0.0002344995779007819,-1,7.5,4.5,5.5,2023
MNQZ23,2023-11-22,15987.75,16056.25,16049.0,-14.5,0.004284530343544368,-0.0004515375632542229,1,-14.5,-17.5,-16.5,2023
MNQZ23,2023-11-27,16049.0,16038.75,16005.5,-66.5,-0.0006386690759548896,-0.0020731042007637868,-1,66.5,63.5,64.5,2023
MNQZ23,2023-11-28,16005.5,16005.75,16050.75,90.0,1.5619630751917413e-05,0.0028114896209174844,1,90.0,87.0,88.0,2023
MNQZ23,2023-11-29,16050.75,16022.0,16016.75,-10.5,-0.001791193557933446,-0.00032767444763448506,-1,10.5,7.5,8.5,2023
MNQZ23,2023-11-30,16016.75,15883.75,15986.0,204.5,-0.008303806952096981,0.006437396710474497,-1,-204.5,-207.5,-206.5,2023
MNQZ23,2023-12-01,15986.0,16031.25,16028.0,-6.5,0.0028306017765544755,-0.00020272904483431553,1,-6.5,-9.5,-8.5,2023
MNQZ23,2023-12-04,16028.0,15836.25,15872.5,72.5,-0.011963438981781871,0.0022890520167337947,-1,-72.5,-75.5,-74.5,2023
MNQZ23,2023-12-05,15872.5,15895.75,15900.0,8.5,0.001464797605922108,0.0002673670635233716,1,8.5,5.5,6.5,2023
MNQZ23,2023-12-06,15900.0,15827.25,15804.5,-45.5,-0.0045754716981132315,-0.0014373943673094969,-1,45.5,42.5,43.5,2023
MNQZ23,2023-12-07,15804.5,16040.25,16038.25,-4.0,0.01491663766648732,-0.00012468633593620826,1,-4.0,-7.0,-6.0,2023
MNQZ23,2023-12-08,16038.25,16108.25,16099.75,-17.0,0.004364565959503075,-0.0005276799155712331,1,-17.0,-20.0,-19.0,2023
MNQZ23,2023-12-11,16099.75,16216.75,16235.0,36.5,0.007267193589962639,0.001125379622920697,1,36.5,33.5,34.5,2023
MNQZ23,2023-12-12,16235.0,16351.5,16358.5,14.0,0.007175854635047774,0.0004280952817783401,1,14.0,11.0,12.0,2023
MNQZ23,2023-12-13,16358.5,16508.75,16557.25,97.0,0.009184827459730371,0.0029378359960627876,1,97.0,94.0,95.0,2023
MNQZ23,2023-12-14,16557.25,16522.0,16537.25,30.5,-0.002128976732247212,0.000923011741919888,-1,-30.5,-33.5,-32.5,2023
MNQZ24,2024-09-23,20031.25,20074.75,20074.75,0.0,0.0021716068642745334,0.0,1,0.0,-3.0,-2.0,2024
MNQZ24,2024-09-24,20074.75,20151.75,20152.75,2.0,0.003835664205033673,4.96234818316843e-05,1,2.0,-1.0,0.0,2024
MNQZ24,2024-09-25,20152.75,20182.0,20186.0,8.0,0.0014514148193174314,0.00019819641264495758,1,8.0,5.0,6.0,2024
MNQZ24,2024-09-26,20186.0,20345.5,20349.25,7.5,0.007901515902110301,0.00018431594210022162,1,7.5,4.5,5.5,2024
MNQZ24,2024-09-27,20349.25,20240.0,20226.5,-27.0,-0.005368748233964382,-0.0006669960474308123,-1,27.0,24.0,25.0,2024
MNQZ24,2024-09-30,20226.5,20154.0,20273.25,238.5,-0.0035844065953081206,0.00591693956534689,-1,-238.5,-241.5,-240.5,2024
MNQZ24,2024-10-01,20273.25,20038.0,19982.25,-111.5,-0.01160396088441662,-0.0027822137937918434,-1,111.5,108.5,109.5,2024
MNQZ24,2024-10-02,19982.25,20047.0,20024.0,-46.0,0.0032403758335521893,-0.0011473038359853804,1,-46.0,-49.0,-48.0,2024
MNQZ24,2024-10-03,20024.0,19924.0,19996.5,145.0,-0.004994007191370331,0.0036388275446697094,-1,-145.0,-148.0,-147.0,2024
MNQZ24,2024-10-04,19996.5,20195.75,20237.25,83.0,0.009964243742655032,0.002054887785796433,1,83.0,80.0,81.0,2024
MNQZ24,2024-10-07,20237.25,19995.75,19987.0,-17.5,-0.011933439573064475,-0.00043759298851009376,-1,17.5,14.5,15.5,2024
MNQZ24,2024-10-08,19987.0,20288.25,20306.75,37.0,0.015072296993045464,0.0009118578487548046,1,37.0,34.0,35.0,2024
MNQZ24,2024-10-09,20306.75,20432.25,20474.25,84.0,0.006180211013579129,0.002055573908894104,1,84.0,81.0,82.0,2024
MNQZ24,2024-10-10,20474.25,20415.25,20431.25,32.0,-0.0028816684371832935,0.0007837278505038459,-1,-32.0,-35.0,-34.0,2024
MNQZ24,2024-10-11,20431.25,20481.0,20450.0,-62.0,0.0024349954114408767,-0.0015135979688492007,1,-62.0,-65.0,-64.0,2024
MNQZ24,2024-10-14,20450.0,20637.75,20621.75,-32.0,0.009180929095354617,-0.0007752783128005536,1,-32.0,-35.0,-34.0,2024
MNQZ24,2024-10-15,20621.75,20294.75,20330.5,71.5,-0.015857044140288767,0.001761539314354632,-1,-71.5,-74.5,-73.5,2024
MNQZ24,2024-10-16,20330.5,20349.75,20343.75,-12.0,0.0009468532500429561,-0.00029484391700140833,1,-12.0,-15.0,-14.0,2024
MNQZ24,2024-10-17,20343.75,20381.25,20365.5,-31.5,0.0018433179723502668,-0.0007727690892364025,1,-31.5,-34.5,-33.5,2024
MNQZ24,2024-10-18,20365.5,20490.75,20482.25,-17.0,0.0061501067982616675,-0.0004148213218159169,1,-17.0,-20.0,-19.0,2024
MNQZ24,2024-10-21,20482.25,20478.25,20514.0,71.5,-0.0001952910446850753,0.0017457546421202341,-1,-71.5,-74.5,-73.5,2024
MNQZ24,2024-10-22,20514.0,20546.25,20548.75,5.0,0.0015720971044164145,0.00012167670499474426,1,5.0,2.0,3.0,2024
MNQZ24,2024-10-23,20548.75,20185.75,20213.75,56.0,-0.017665308108765765,0.0013871171494741485,-1,-56.0,-59.0,-58.0,2024
MNQZ24,2024-10-24,20213.75,20389.75,20384.25,-11.0,0.00870694453033205,-0.00026974337596097353,1,-11.0,-14.0,-13.0,2024
MNQZ24,2024-10-25,20384.25,20514.75,20487.0,-55.5,0.006402001545310787,-0.0013526852630424413,1,-55.5,-58.5,-57.5,2024
MNQZ24,2024-10-28,20487.0,20527.75,20501.25,-53.0,0.001989066237126025,-0.0012909354410493012,1,-53.0,-56.0,-55.0,2024
MNQZ24,2024-10-29,20501.25,20741.75,20691.5,-100.5,0.01173099201268224,-0.0024226499692648895,1,-100.5,-103.5,-102.5,2024
MNQZ24,2024-10-30,20691.5,20571.0,20527.0,-88.0,-0.005823647391440923,-0.0021389334500023782,-1,88.0,85.0,86.0,2024
MNQZ24,2024-10-31,20527.0,20081.5,20061.75,-39.5,-0.021703122716422274,-0.0009834922690038495,-1,39.5,36.5,37.5,2024
MNQZ24,2024-11-01,20061.75,20157.25,20144.75,-25.0,0.004760302565828045,-0.0006201242729042544,1,-25.0,-28.0,-27.0,2024
MNQZ24,2024-11-04,20144.75,20118.0,20078.5,-79.0,-0.0013278894004641328,-0.0019634158465056117,-1,79.0,76.0,77.0,2024
MNQZ24,2024-11-05,20078.5,20330.75,20330.5,-0.5,0.012563189481285875,-1.2296644245735067e-05,1,-0.5,-3.5,-2.5,2024
MNQZ24,2024-11-06,20330.5,20903.75,20888.5,-30.5,0.028196551978554307,-0.0007295341744901762,1,-30.5,-33.5,-32.5,2024
MNQZ24,2024-11-07,20888.5,21231.25,21213.0,-36.5,0.016408550159178414,-0.0008595819841036301,1,-36.5,-39.5,-38.5,2024
MNQZ24,2024-11-08,21213.0,21220.0,21231.25,22.5,0.0003299863291377214,0.0005301602262017813,1,22.5,19.5,20.5,2024
MNQZ24,2024-11-11,21231.25,21192.5,21200.0,15.0,-0.0018251398292611354,0.000353898784947404,-1,-15.0,-18.0,-17.0,2024
MNQZ24,2024-11-12,21200.0,21185.25,21189.25,8.0,-0.000695754716981134,0.00018881061115627595,-1,-8.0,-11.0,-10.0,2024
MNQZ24,2024-11-13,21189.25,21180.5,21159.25,-42.5,-0.00041294524346069394,-0.0010032813200822055,-1,42.5,39.5,40.5,2024
MNQZ24,2024-11-14,21159.25,21024.0,20996.5,-55.0,-0.006392003497288412,-0.0013080289193302397,-1,55.0,52.0,53.0,2024
MNQZ24,2024-11-15,20996.5,20480.75,20502.75,44.0,-0.024563617745814725,0.001074179412374976,-1,-44.0,-47.0,-46.0,2024
MNQZ24,2024-11-18,20502.75,20649.25,20624.75,-49.0,0.007145382936435407,-0.0011864837705970466,1,-49.0,-52.0,-51.0,2024
MNQZ24,2024-11-19,20624.75,20751.0,20773.5,45.0,0.006121286318621966,0.0010842850946941596,1,45.0,42.0,43.0,2024
MNQZ24,2024-11-20,20773.5,20655.0,20741.0,172.0,-0.005704382987941403,0.004163640764947907,-1,-172.0,-175.0,-174.0,2024
MNQZ24,2024-11-21,20741.0,20869.25,20838.25,-62.0,0.006183404850296448,-0.0014854391029864855,1,-62.0,-65.0,-64.0,2024
MNQZ24,2024-11-22,20838.25,20823.75,20859.5,71.5,-0.0006958357827552275,0.0017167897232726048,-1,-71.5,-74.5,-73.5,2024
MNQZ24,2024-11-25,20859.5,20857.5,20884.5,54.0,-9.58795752534769e-05,0.0012944983818770073,-1,-54.0,-57.0,-56.0,2024
MNQZ24,2024-11-26,20884.5,20956.5,21006.0,99.0,0.003447532859297553,0.002362035645265159,1,99.0,96.0,97.0,2024
MNQZ24,2024-11-27,21006.0,20799.25,20814.25,30.0,-0.009842425973531355,0.0007211798502348987,-1,-30.0,-33.0,-32.0,2024
MNQZ24,2024-12-02,20814.25,21236.0,21220.5,-31.0,0.020262560505422966,-0.0007298926351478885,1,-31.0,-34.0,-33.0,2024
MNQZ24,2024-12-03,21220.5,21255.5,21285.0,59.0,0.0016493485073396652,0.0013878760791323774,1,59.0,56.0,57.0,2024
MNQZ24,2024-12-04,21285.0,21520.75,21540.75,40.0,0.011075875029363358,0.0009293356411834708,1,40.0,37.0,38.0,2024
MNQZ24,2024-12-05,21540.75,21472.25,21469.5,-5.5,-0.00318001926581013,-0.00012807227933731014,-1,5.5,2.5,3.5,2024
MNQZ24,2024-12-06,21469.5,21648.0,21656.75,17.5,0.008314120030741279,0.0004041943828529959,1,17.5,14.5,15.5,2024
MNQZ24,2024-12-09,21656.75,21446.25,21470.75,49.0,-0.009719833308321935,0.0011423908608731992,-1,-49.0,-52.0,-51.0,2024
MNQZ24,2024-12-10,21470.75,21372.5,21396.0,47.0,-0.004575992920601291,0.0010995438062930685,-1,-47.0,-50.0,-49.0,2024
MNQZ24,2024-12-11,21396.0,21815.75,21793.5,-44.5,0.01961815292578062,-0.0010199053436164007,1,-44.5,-47.5,-46.5,2024
MNQZ24,2024-12-12,21793.5,21653.5,21661.25,15.5,-0.006423933741712018,0.0003579098067287845,-1,-15.5,-18.5,-17.5,2024
MNQZ24,2024-12-13,21661.25,21811.0,21797.75,-26.5,0.006913266778233007,-0.0006074916326623825,1,-26.5,-29.5,-28.5,2024
MNQZ24,2024-12-16,21797.75,22145.25,22105.0,-80.5,0.01594201236366133,-0.0018175455233063742,1,-80.5,-83.5,-82.5,2024
MNQZ24,2024-12-17,22105.0,21971.75,22026.5,109.5,-0.006028047952951865,0.002491836107729295,-1,-109.5,-112.5,-111.5,2024
MNQZ24,2024-12-18,22026.5,21440.5,21276.75,-327.5,-0.02660431752661563,-0.0076374151722208294,-1,327.5,324.5,325.5,2024
MNQZ24,2024-12-19,21276.75,21222.25,21131.25,-182.0,-0.0025614814292596044,-0.0042879525026799925,-1,182.0,179.0,180.0,2024
MNQZ25,2025-09-22,24885.5,25017.25,25004.0,-26.5,0.0052942476542565675,-0.0005296345521590418,1,-26.5,-29.5,-28.5,2025
MNQZ25,2025-09-23,25004.0,24802.5,24822.5,40.0,-0.008058710606303032,0.00080637032557207,-1,-40.0,-43.0,-42.0,2025
MNQZ25,2025-09-24,24822.5,24723.25,24746.25,46.0,-0.0039983885587672185,0.0009302984033248141,-1,-46.0,-49.0,-48.0,2025
MNQZ25,2025-09-25,24746.25,24608.0,24630.5,45.0,-0.005586705056321639,0.0009143368010402497,-1,-45.0,-48.0,-47.0,2025
MNQZ25,2025-09-26,24630.5,24725.5,24731.0,11.0,0.0038570065569112355,0.0002224424177468265,1,11.0,8.0,9.0,2025
MNQZ25,2025-09-29,24731.0,24807.75,24833.5,51.5,0.003103392503335911,0.0010379820822121744,1,51.5,48.5,49.5,2025
MNQZ25,2025-09-30,24833.5,24862.0,24904.5,85.0,0.0011476433044073087,0.0017094360872014214,1,85.0,82.0,83.0,2025
MNQZ25,2025-10-01,24904.5,25023.75,25028.0,8.5,0.00478829127266156,0.00016983865327935277,1,8.5,5.5,6.5,2025
MNQZ25,2025-10-02,25028.0,25121.25,25105.0,-32.5,0.0037258270736775234,-0.0006468627158282558,1,-32.5,-35.5,-34.5,2025
MNQZ25,2025-10-03,25105.0,25004.25,24988.0,-32.5,-0.00401314479187409,-0.0006498895187817544,-1,32.5,29.5,30.5,2025
MNQZ25,2025-10-06,24988.0,25223.25,25197.25,-52.0,0.009414518969105279,-0.0010307950006442912,1,-52.0,-55.0,-54.0,2025
MNQZ25,2025-10-07,25197.25,25033.5,25034.25,1.5,-0.006498725059282284,2.9959853795835656e-05,-1,-1.5,-4.5,-3.5,2025
MNQZ25,2025-10-08,25034.25,25311.75,25338.25,53.0,0.011084813805086968,0.0010469446008276595,1,53.0,50.0,51.0,2025
MNQZ25,2025-10-09,25338.25,25265.0,25274.25,18.5,-0.0028908863082494074,0.0003661191371462369,-1,-18.5,-21.5,-20.5,2025
MNQZ25,2025-10-10,25274.25,24531.0,24404.75,-252.5,-0.029407400813080464,-0.005146549264196332,-1,252.5,249.5,250.5,2025
MNQZ25,2025-10-13,24404.75,24914.5,24931.75,34.5,0.020887327262110844,0.0006923678982118098,1,34.5,31.5,32.5,2025
MNQZ25,2025-10-14,24931.75,24901.5,24768.0,-267.0,-0.001213312342695505,-0.005361122823926312,-1,267.0,264.0,265.0,2025
MNQZ25,2025-10-15,24768.0,24943.75,24913.75,-60.0,0.007095849483204075,-0.0012027060886995455,1,-60.0,-63.0,-62.0,2025
MNQZ25,2025-10-16,24913.75,24735.75,24815.75,160.0,-0.0071446490391852135,0.003234185339033635,-1,-160.0,-163.0,-162.0,2025
MNQZ25,2025-10-17,24815.75,25025.5,25006.0,-39.0,0.00845229340237541,-0.0007792052106850855,1,-39.0,-42.0,-41.0,2025
MNQZ25,2025-10-20,25006.0,25321.75,25312.75,-18.0,0.012626969527313348,-0.00035542567160640193,1,-18.0,-21.0,-20.0,2025
MNQZ25,2025-10-21,25312.75,25308.5,25310.25,3.5,-0.0001678995763004787,6.914672935964816e-05,-1,-3.5,-6.5,-5.5,2025
MNQZ25,2025-10-22,25310.25,25009.0,25031.5,45.0,-0.01190229254946118,0.0008996761165980249,-1,-45.0,-48.0,-47.0,2025
MNQZ25,2025-10-23,25031.5,25274.75,25257.5,-34.5,0.009717755627908886,-0.0006824993323376605,1,-34.5,-37.5,-36.5,2025
MNQZ25,2025-10-24,25257.5,25561.0,25510.5,-101.0,0.012016232802138038,-0.0019756660537537662,1,-101.0,-104.0,-103.0,2025
MNQZ25,2025-10-27,25510.5,25927.0,25972.5,91.0,0.016326610611316905,0.0017549272958692352,1,91.0,88.0,89.0,2025
MNQZ25,2025-10-28,25972.5,26225.5,26173.75,-103.5,0.009741072287996921,-0.0019732702903662025,1,-103.5,-106.5,-105.5,2025
MNQZ25,2025-10-29,26173.75,26192.25,26255.25,126.0,0.0007068150341467128,0.0024052916416115178,1,126.0,123.0,124.0,2025
MNQZ25,2025-10-30,26255.25,25927.0,25887.0,-80.0,-0.012502261452471464,-0.0015427932271376843,-1,80.0,77.0,78.0,2025
MNQZ25,2025-10-31,25887.0,26085.75,26013.0,-145.5,0.007677598794761931,-0.002788878985653054,1,-145.5,-148.5,-147.5,2025
MNQZ25,2025-11-03,26013.0,26099.5,26100.5,2.0,0.003325260446699785,3.8314910247416734e-05,1,2.0,-1.0,0.0,2025
MNQZ25,2025-11-04,26100.5,25620.5,25571.25,-98.5,-0.018390452290185988,-0.0019222887921781506,-1,98.5,95.5,96.5,2025
MNQZ25,2025-11-05,25571.25,25833.75,25742.75,-182.0,0.010265434814488827,-0.0035225238302607487,1,-182.0,-185.0,-184.0,2025
MNQZ25,2025-11-06,25742.75,25354.0,25251.0,-206.0,-0.015101339212011178,-0.004062475349057348,-1,206.0,203.0,204.0,2025
MNQZ25,2025-11-07,25251.0,25055.5,25166.25,221.5,-0.007742267632965039,0.004420187184450475,-1,-221.5,-224.5,-223.5,2025
MNQZ25,2025-11-10,25166.25,25710.25,25721.75,23.0,0.021616251924700736,0.0004472924222829189,1,23.0,20.0,21.0,2025
MNQZ25,2025-11-11,25721.75,25659.25,25627.25,-64.0,-0.002429850224032193,-0.0012471136139988737,-1,64.0,61.0,62.0,2025
MNQZ25,2025-11-12,25627.25,25602.75,25595.5,-14.5,-0.0009560136183164314,-0.00028317270605693334,-1,14.5,11.5,12.5,2025
MNQZ25,2025-11-13,25595.5,25072.25,25083.75,23.0,-0.020443046629290307,0.00045867443089475657,-1,-23.0,-26.0,-25.0,2025
MNQZ25,2025-11-14,25083.75,25140.5,25082.25,-116.5,0.0022624208900183795,-0.0023169785803782705,1,-116.5,-119.5,-118.5,2025
MNQZ25,2025-11-17,25082.25,24788.75,24883.75,190.0,-0.011701502058228397,0.003832383641773074,-1,-190.0,-193.0,-192.0,2025
MNQZ25,2025-11-18,24883.75,24693.5,24603.75,-179.5,-0.007645551815944174,-0.0036345597019458165,-1,179.5,176.5,177.5,2025
MNQZ25,2025-11-19,24603.75,24772.25,24718.75,-107.0,0.00684854950972924,-0.002159674635933362,1,-107.0,-110.0,-109.0,2025
MNQZ25,2025-11-20,24718.75,24292.5,24129.25,-326.5,-0.01724399494311002,-0.006720181125861924,-1,326.5,323.5,324.5,2025
MNQZ25,2025-11-21,24129.25,24388.75,24295.0,-187.5,0.010754582094345988,-0.0038439854441084664,1,-187.5,-190.5,-189.5,2025
MNQZ25,2025-11-24,24295.0,24936.0,24948.0,24.0,0.026384029635727613,0.00048123195380167516,1,24.0,21.0,22.0,2025
MNQZ25,2025-11-25,24948.0,25047.75,25098.5,101.5,0.00399831649831639,0.002026130091525191,1,101.5,98.5,99.5,2025
MNQZ25,2025-11-26,25098.5,25345.75,25311.75,-68.0,0.009851186325876116,-0.0013414477772407674,1,-68.0,-71.0,-70.0,2025
MNQZ25,2025-12-01,25311.75,25401.25,25378.0,-46.5,0.003535907236757563,-0.0009153092859602863,1,-46.5,-49.5,-48.5,2025
MNQZ25,2025-12-02,25378.0,25633.25,25607.5,-51.5,0.010057924186303024,-0.0010045546311918674,1,-51.5,-54.5,-53.5,2025
MNQZ25,2025-12-03,25607.5,25682.25,25658.25,-48.0,0.0029190666796836684,-0.0009344975615453999,1,-48.0,-51.0,-50.0,2025
MNQZ25,2025-12-04,25658.25,25563.5,25605.5,84.0,-0.00369276938216756,0.00164296751227333,-1,-84.0,-87.0,-86.0,2025
MNQZ25,2025-12-05,25605.5,25725.5,25719.75,-11.5,0.004686493136240255,-0.0002235136343317068,1,-11.5,-14.5,-13.5,2025
MNQZ25,2025-12-08,25719.75,25615.5,25634.25,37.5,-0.004053305339282054,0.0007319786847808096,-1,-37.5,-40.5,-39.5,2025
MNQZ25,2025-12-09,25634.25,25696.75,25690.75,-12.0,0.0024381442796259645,-0.00023349256228899495,1,-12.0,-15.0,-14.0,2025
MNQZ25,2025-12-10,25690.75,25836.75,25813.5,-46.5,0.005682979282426448,-0.0008998809834828148,1,-46.5,-49.5,-48.5,2025
MNQZ25,2025-12-11,25813.5,25679.0,25711.0,64.0,-0.005210451895326096,0.0012461544452666562,-1,-64.0,-67.0,-66.0,2025
MNQZ25,2025-12-12,25711.0,25209.75,25205.25,-9.0,-0.019495546653183426,-0.0001785023651563744,-1,9.0,6.0,7.0,2025
MNQZ25,2025-12-15,25205.25,25120.5,25087.75,-65.5,-0.003362394739191199,-0.0013037160884536991,-1,65.5,62.5,63.5,2025
MNQZ25,2025-12-16,25087.75,25134.5,25167.5,66.0,0.0018634592580044629,0.0013129364021564616,1,66.0,63.0,64.0,2025
MNQZ25,2025-12-17,25167.5,24727.0,24660.5,-133.0,-0.01750273169762595,-0.0026893678974400093,-1,133.0,130.0,131.0,2025
MNQZ25,2025-12-18,24660.5,25073.25,25024.5,-97.5,0.01673729243121591,-0.001944303191648511,1,-97.5,-100.5,-99.5,2025
