trade_id,day,contract,direction,entry_event_timestamp,entry_fill_timestamp,exit_event_timestamp,exit_fill_timestamp,exit_fill_time_basis,entry_fill,exit_fill,quantity,gross,costs,net,exit_reason
A-delay2-0001,2021-01-15,MNQH21,-1,2021-01-15T10:32:00-05:00,2021-01-15T10:31:00-05:00,2021-01-15T16:00:00-05:00,2021-01-15T16:00:00-05:00,session_close_proxy,12786.75,12799.25,1,-25.0,2.24,-27.24,EOD_CLOSE_PROXY
A-delay2-0002,2021-01-20,MNQH21,1,2021-01-20T10:32:00-05:00,2021-01-20T10:31:00-05:00,2021-01-20T16:00:00-05:00,2021-01-20T16:00:00-05:00,session_close_proxy,13228.0,13286.0,1,116.0,2.24,113.76,EOD_CLOSE_PROXY
A-delay2-0003,2021-01-25,MNQH21,1,2021-01-25T10:02:00-05:00,2021-01-25T10:01:00-05:00,2021-01-25T11:05:00-05:00,,intrabar_unknown_within_event_minute,13536.25,13288.75,1,-495.0,2.24,-497.24,CAT_STOP
A-delay2-0004,2021-01-27,MNQH21,-1,2021-01-27T10:02:00-05:00,2021-01-27T10:01:00-05:00,2021-01-27T16:00:00-05:00,2021-01-27T16:00:00-05:00,session_close_proxy,13289.25,13120.25,1,338.0,2.24,335.76,EOD_CLOSE_PROXY
A-delay2-0005,2021-01-28,MNQH21,1,2021-01-28T10:02:00-05:00,2021-01-28T10:01:00-05:00,2021-01-28T16:00:00-05:00,2021-01-28T16:00:00-05:00,session_close_proxy,13187.25,13185.25,1,-4.0,2.24,-6.24,EOD_CLOSE_PROXY
A-delay2-0006,2021-01-29,MNQH21,-1,2021-01-29T11:32:00-05:00,2021-01-29T11:31:00-05:00,2021-01-29T16:00:00-05:00,2021-01-29T16:00:00-05:00,session_close_proxy,12984.75,12914.25,1,141.0,2.24,138.76,EOD_CLOSE_PROXY
A-delay2-0007,2021-02-01,MNQH21,1,2021-02-01T11:32:00-05:00,2021-02-01T11:31:00-05:00,2021-02-01T16:00:00-05:00,2021-02-01T16:00:00-05:00,session_close_proxy,13159.75,13230.5,1,141.5,2.24,139.26,EOD_CLOSE_PROXY
A-delay2-0008,2021-02-02,MNQH21,1,2021-02-02T11:02:00-05:00,2021-02-02T11:01:00-05:00,2021-02-02T16:00:00-05:00,2021-02-02T16:00:00-05:00,session_close_proxy,13404.75,13447.75,1,86.0,2.24,83.76,EOD_CLOSE_PROXY
A-delay2-0009,2021-02-03,MNQH21,-1,2021-02-03T10:32:00-05:00,2021-02-03T10:31:00-05:00,2021-02-03T16:00:00-05:00,2021-02-03T16:00:00-05:00,session_close_proxy,13410.0,13388.75,1,42.5,2.24,40.26,EOD_CLOSE_PROXY
A-delay2-0010,2021-02-10,MNQH21,-1,2021-02-10T10:32:00-05:00,2021-02-10T10:31:00-05:00,2021-02-10T16:00:00-05:00,2021-02-10T16:00:00-05:00,session_close_proxy,13602.25,13650.5,1,-96.5,2.24,-98.74,EOD_CLOSE_PROXY
A-delay2-0011,2021-02-22,MNQH21,-1,2021-02-22T11:02:00-05:00,2021-02-22T11:01:00-05:00,2021-02-22T16:00:00-05:00,2021-02-22T16:00:00-05:00,session_close_proxy,13311.0,13226.75,1,168.5,2.24,166.26,EOD_CLOSE_PROXY
A-delay2-0012,2021-02-23,MNQH21,-1,2021-02-23T10:02:00-05:00,2021-02-23T10:01:00-05:00,2021-02-23T15:06:00-05:00,,intrabar_unknown_within_event_minute,12882.75,13135.75,1,-506.0,2.24,-508.24,CAT_STOP
A-delay2-0013,2021-02-24,MNQH21,-1,2021-02-24T10:02:00-05:00,2021-02-24T10:01:00-05:00,2021-02-24T14:02:00-05:00,2021-02-24T14:01:00-05:00,bar_open,13042.25,13248.25,1,-412.0,2.24,-414.24,REVERSAL
A-delay2-0014,2021-02-24,MNQH21,1,2021-02-24T14:02:00-05:00,2021-02-24T14:01:00-05:00,2021-02-24T16:00:00-05:00,2021-02-24T16:00:00-05:00,session_close_proxy,13248.25,13294.5,1,92.5,2.24,90.26,EOD_CLOSE_PROXY
A-delay2-0015,2021-02-25,MNQH21,-1,2021-02-25T11:02:00-05:00,2021-02-25T11:01:00-05:00,2021-02-25T16:00:00-05:00,2021-02-25T16:00:00-05:00,session_close_proxy,13121.75,12826.25,1,591.0,2.24,588.76,EOD_CLOSE_PROXY
A-delay2-0016,2021-02-26,MNQH21,-1,2021-02-26T10:32:00-05:00,2021-02-26T10:31:00-05:00,2021-02-26T11:37:00-05:00,,intrabar_unknown_within_event_minute,12774.75,13010.75,1,-472.0,2.24,-474.24,CAT_STOP
A-delay2-0017,2021-02-26,MNQH21,1,2021-02-26T12:02:00-05:00,2021-02-26T12:01:00-05:00,2021-02-26T16:00:00-05:00,2021-02-26T16:00:00-05:00,session_close_proxy,13011.25,12893.75,1,-235.0,2.24,-237.24,EOD_CLOSE_PROXY
A-delay2-0018,2021-03-01,MNQH21,1,2021-03-01T11:02:00-05:00,2021-03-01T11:01:00-05:00,2021-03-01T16:00:00-05:00,2021-03-01T16:00:00-05:00,session_close_proxy,13187.25,13274.5,1,174.5,2.24,172.26,EOD_CLOSE_PROXY
A-delay2-0019,2021-03-02,MNQH21,-1,2021-03-02T10:02:00-05:00,2021-03-02T10:01:00-05:00,2021-03-02T16:00:00-05:00,2021-03-02T16:00:00-05:00,session_close_proxy,13230.25,13058.0,1,344.5,2.24,342.26,EOD_CLOSE_PROXY
A-delay2-0020,2021-03-03,MNQH21,-1,2021-03-03T10:02:00-05:00,2021-03-03T10:01:00-05:00,2021-03-03T16:00:00-05:00,2021-03-03T16:00:00-05:00,session_close_proxy,12905.75,12680.25,1,451.0,2.24,448.76,EOD_CLOSE_PROXY
A-delay2-0021,2021-03-04,MNQH21,-1,2021-03-04T10:02:00-05:00,2021-03-04T10:01:00-05:00,2021-03-04T16:00:00-05:00,2021-03-04T16:00:00-05:00,session_close_proxy,12595.75,12471.5,1,248.5,2.24,246.26,EOD_CLOSE_PROXY
A-delay2-0022,2021-03-05,MNQH21,-1,2021-03-05T10:02:00-05:00,2021-03-05T10:01:00-05:00,2021-03-05T15:00:00-05:00,,intrabar_unknown_within_event_minute,12397.5,12673.5,1,-552.0,2.24,-554.24,CAT_STOP
A-delay2-0023,2021-03-08,MNQH21,-1,2021-03-08T10:02:00-05:00,2021-03-08T10:01:00-05:00,2021-03-08T16:00:00-05:00,2021-03-08T16:00:00-05:00,session_close_proxy,12589.25,12300.25,1,578.0,2.24,575.76,EOD_CLOSE_PROXY
A-delay2-0024,2021-03-09,MNQH21,1,2021-03-09T10:02:00-05:00,2021-03-09T10:01:00-05:00,2021-03-09T16:00:00-05:00,2021-03-09T16:00:00-05:00,session_close_proxy,12704.25,12786.75,1,165.0,2.24,162.76,EOD_CLOSE_PROXY
A-delay2-0025,2021-03-11,MNQH21,1,2021-03-11T11:32:00-05:00,2021-03-11T11:31:00-05:00,2021-03-11T16:00:00-05:00,2021-03-11T16:00:00-05:00,session_close_proxy,13052.5,13046.25,1,-12.5,2.24,-14.74,EOD_CLOSE_PROXY
A-delay2-0026,2021-03-16,MNQH21,1,2021-03-16T10:02:00-04:00,2021-03-16T10:01:00-04:00,2021-03-16T16:00:00-04:00,2021-03-16T16:00:00-04:00,session_close_proxy,13232.75,13149.25,1,-167.0,2.24,-169.24,EOD_CLOSE_PROXY
A-delay2-0027,2021-03-22,MNQM21,1,2021-03-22T10:02:00-04:00,2021-03-22T10:01:00-04:00,2021-03-22T16:00:00-04:00,2021-03-22T16:00:00-04:00,session_close_proxy,13023.75,13070.75,1,94.0,2.24,91.76,EOD_CLOSE_PROXY
A-delay2-0028,2021-03-26,MNQM21,1,2021-03-26T13:32:00-04:00,2021-03-26T13:31:00-04:00,2021-03-26T16:00:00-04:00,2021-03-26T16:00:00-04:00,session_close_proxy,12866.25,12962.75,1,193.0,2.24,190.76,EOD_CLOSE_PROXY
A-delay2-0029,2021-03-29,MNQM21,-1,2021-03-29T10:02:00-04:00,2021-03-29T10:01:00-04:00,2021-03-29T16:00:00-04:00,2021-03-29T16:00:00-04:00,session_close_proxy,12842.75,12956.0,1,-226.5,2.24,-228.74,EOD_CLOSE_PROXY
A-delay2-0030,2021-03-31,MNQM21,1,2021-03-31T10:02:00-04:00,2021-03-31T10:01:00-04:00,2021-03-31T16:00:00-04:00,2021-03-31T16:00:00-04:00,session_close_proxy,13069.5,13084.75,1,30.5,2.24,28.26,EOD_CLOSE_PROXY
A-delay2-0031,2021-04-06,MNQM21,1,2021-04-06T12:02:00-04:00,2021-04-06T12:01:00-04:00,2021-04-06T16:00:00-04:00,2021-04-06T16:00:00-04:00,session_close_proxy,13649.0,13572.0,1,-154.0,2.24,-156.24,EOD_CLOSE_PROXY
A-delay2-0032,2021-04-13,MNQM21,1,2021-04-13T10:02:00-04:00,2021-04-13T10:01:00-04:00,2021-04-13T16:00:00-04:00,2021-04-13T16:00:00-04:00,session_close_proxy,13938.0,13975.25,1,74.5,2.24,72.26,EOD_CLOSE_PROXY
A-delay2-0033,2021-04-14,MNQM21,-1,2021-04-14T11:02:00-04:00,2021-04-14T11:01:00-04:00,2021-04-14T16:00:00-04:00,2021-04-14T16:00:00-04:00,session_close_proxy,13925.25,13808.5,1,233.5,2.24,231.26,EOD_CLOSE_PROXY
A-delay2-0034,2021-04-15,MNQM21,1,2021-04-15T10:32:00-04:00,2021-04-15T10:31:00-04:00,2021-04-15T16:00:00-04:00,2021-04-15T16:00:00-04:00,session_close_proxy,13991.0,14016.0,1,50.0,2.24,47.76,EOD_CLOSE_PROXY
A-delay2-0035,2021-04-16,MNQM21,-1,2021-04-16T10:02:00-04:00,2021-04-16T10:01:00-04:00,2021-04-16T16:00:00-04:00,2021-04-16T16:00:00-04:00,session_close_proxy,13959.25,14031.0,1,-143.5,2.24,-145.74,EOD_CLOSE_PROXY
A-delay2-0036,2021-04-19,MNQM21,-1,2021-04-19T12:02:00-04:00,2021-04-19T12:01:00-04:00,2021-04-19T16:00:00-04:00,2021-04-19T16:00:00-04:00,session_close_proxy,13880.5,13903.75,1,-46.5,2.24,-48.74,EOD_CLOSE_PROXY
A-delay2-0037,2021-04-20,MNQM21,-1,2021-04-20T11:02:00-04:00,2021-04-20T11:01:00-04:00,2021-04-20T16:00:00-04:00,2021-04-20T16:00:00-04:00,session_close_proxy,13807.75,13799.25,1,17.0,2.24,14.76,EOD_CLOSE_PROXY
A-delay2-0038,2021-04-21,MNQM21,1,2021-04-21T12:02:00-04:00,2021-04-21T12:01:00-04:00,2021-04-21T16:00:00-04:00,2021-04-21T16:00:00-04:00,session_close_proxy,13870.75,13918.5,1,95.5,2.24,93.26,EOD_CLOSE_PROXY
A-delay2-0039,2021-04-22,MNQM21,-1,2021-04-22T14:02:00-04:00,2021-04-22T14:01:00-04:00,2021-04-22T16:00:00-04:00,2021-04-22T16:00:00-04:00,session_close_proxy,13717.0,13750.25,1,-66.5,2.24,-68.74,EOD_CLOSE_PROXY
A-delay2-0040,2021-04-23,MNQM21,1,2021-04-23T10:02:00-04:00,2021-04-23T10:01:00-04:00,2021-04-23T16:00:00-04:00,2021-04-23T16:00:00-04:00,session_close_proxy,13825.25,13924.5,1,198.5,2.24,196.26,EOD_CLOSE_PROXY
A-delay2-0041,2021-04-26,MNQM21,1,2021-04-26T15:02:00-04:00,2021-04-26T15:01:00-04:00,2021-04-26T16:00:00-04:00,2021-04-26T16:00:00-04:00,session_close_proxy,14020.75,14013.5,1,-14.5,2.24,-16.740000000000002,EOD_CLOSE_PROXY
A-delay2-0042,2021-04-27,MNQM21,-1,2021-04-27T10:02:00-04:00,2021-04-27T10:01:00-04:00,2021-04-27T16:00:00-04:00,2021-04-27T16:00:00-04:00,session_close_proxy,13934.0,13951.0,1,-34.0,2.24,-36.24,EOD_CLOSE_PROXY
A-delay2-0043,2021-05-03,MNQM21,-1,2021-05-03T11:32:00-04:00,2021-05-03T11:31:00-04:00,2021-05-03T16:00:00-04:00,2021-05-03T16:00:00-04:00,session_close_proxy,13781.25,13790.75,1,-19.0,2.24,-21.24,EOD_CLOSE_PROXY
A-delay2-0044,2021-05-04,MNQM21,-1,2021-05-04T10:02:00-04:00,2021-05-04T10:01:00-04:00,2021-05-04T16:00:00-04:00,2021-05-04T16:00:00-04:00,session_close_proxy,13535.25,13543.25,1,-16.0,2.24,-18.24,EOD_CLOSE_PROXY
A-delay2-0045,2021-05-06,MNQM21,-1,2021-05-06T10:02:00-04:00,2021-05-06T10:01:00-04:00,2021-05-06T12:32:00-04:00,2021-05-06T12:31:00-04:00,bar_open,13434.5,13583.25,1,-297.5,2.24,-299.74,REVERSAL
A-delay2-0046,2021-05-06,MNQM21,1,2021-05-06T12:32:00-04:00,2021-05-06T12:31:00-04:00,2021-05-06T16:00:00-04:00,2021-05-06T16:00:00-04:00,session_close_proxy,13583.25,13596.5,1,26.5,2.24,24.26,EOD_CLOSE_PROXY
A-delay2-0047,2021-05-07,MNQM21,1,2021-05-07T10:32:00-04:00,2021-05-07T10:31:00-04:00,2021-05-07T16:00:00-04:00,2021-05-07T16:00:00-04:00,session_close_proxy,13779.0,13706.5,1,-145.0,2.24,-147.24,EOD_CLOSE_PROXY
A-delay2-0048,2021-05-10,MNQM21,-1,2021-05-10T10:02:00-04:00,2021-05-10T10:01:00-04:00,2021-05-10T16:00:00-04:00,2021-05-10T16:00:00-04:00,session_close_proxy,13526.75,13356.25,1,341.0,2.24,338.76,EOD_CLOSE_PROXY
A-delay2-0049,2021-05-12,MNQM21,-1,2021-05-12T11:02:00-04:00,2021-05-12T11:01:00-04:00,2021-05-12T16:00:00-04:00,2021-05-12T16:00:00-04:00,session_close_proxy,13058.25,12998.25,1,120.0,2.24,117.76,EOD_CLOSE_PROXY
A-delay2-0050,2021-05-13,MNQM21,1,2021-05-13T11:02:00-04:00,2021-05-13T11:01:00-04:00,2021-05-13T16:00:00-04:00,2021-05-13T16:00:00-04:00,session_close_proxy,13184.5,13098.75,1,-171.5,2.24,-173.74,EOD_CLOSE_PROXY
A-delay2-0051,2021-05-14,MNQM21,1,2021-05-14T11:02:00-04:00,2021-05-14T11:01:00-04:00,2021-05-14T16:00:00-04:00,2021-05-14T16:00:00-04:00,session_close_proxy,13322.5,13384.5,1,124.0,2.24,121.76,EOD_CLOSE_PROXY
A-delay2-0052,2021-05-17,MNQM21,-1,2021-05-17T14:02:00-04:00,2021-05-17T14:01:00-04:00,2021-05-17T16:00:00-04:00,2021-05-17T16:00:00-04:00,session_close_proxy,13202.5,13305.75,1,-206.5,2.24,-208.74,EOD_CLOSE_PROXY
A-delay2-0053,2021-05-20,MNQM21,1,2021-05-20T10:02:00-04:00,2021-05-20T10:01:00-04:00,2021-05-20T16:00:00-04:00,2021-05-20T16:00:00-04:00,session_close_proxy,13386.75,13487.0,1,200.5,2.24,198.26,EOD_CLOSE_PROXY
A-delay2-0054,2021-05-24,MNQM21,1,2021-05-24T10:02:00-04:00,2021-05-24T10:01:00-04:00,2021-05-24T16:00:00-04:00,2021-05-24T16:00:00-04:00,session_close_proxy,13589.75,13637.75,1,96.0,2.24,93.76,EOD_CLOSE_PROXY
A-delay2-0055,2021-06-03,MNQM21,-1,2021-06-03T10:02:00-04:00,2021-06-03T10:01:00-04:00,2021-06-03T16:00:00-04:00,2021-06-03T16:00:00-04:00,session_close_proxy,13506.25,13528.0,1,-43.5,2.24,-45.74,EOD_CLOSE_PROXY
A-delay2-0056,2021-06-04,MNQM21,1,2021-06-04T10:02:00-04:00,2021-06-04T10:01:00-04:00,2021-06-04T16:00:00-04:00,2021-06-04T16:00:00-04:00,session_close_proxy,13705.75,13767.0,1,122.5,2.24,120.26,EOD_CLOSE_PROXY
A-delay2-0057,2021-06-10,MNQM21,1,2021-06-10T10:02:00-04:00,2021-06-10T10:01:00-04:00,2021-06-10T16:00:00-04:00,2021-06-10T16:00:00-04:00,session_close_proxy,13951.5,13959.75,1,16.5,2.24,14.26,EOD_CLOSE_PROXY
A-delay2-0058,2021-06-15,MNQM21,-1,2021-06-15T10:32:00-04:00,2021-06-15T10:31:00-04:00,2021-06-15T16:00:00-04:00,2021-06-15T16:00:00-04:00,session_close_proxy,14074.75,14035.75,1,78.0,2.24,75.76,EOD_CLOSE_PROXY
A-delay2-0059,2021-06-16,MNQM21,-1,2021-06-16T14:32:00-04:00,2021-06-16T14:31:00-04:00,2021-06-16T16:00:00-04:00,2021-06-16T16:00:00-04:00,session_close_proxy,13931.5,13983.75,1,-104.5,2.24,-106.74,EOD_CLOSE_PROXY
A-delay2-0060,2021-06-17,MNQM21,1,2021-06-17T10:02:00-04:00,2021-06-17T10:01:00-04:00,2021-06-17T16:00:00-04:00,2021-06-17T16:00:00-04:00,session_close_proxy,14030.75,14165.0,1,268.5,2.24,266.26,EOD_CLOSE_PROXY
A-delay2-0061,2021-06-21,MNQU21,1,2021-06-21T11:02:00-04:00,2021-06-21T11:01:00-04:00,2021-06-21T16:00:00-04:00,2021-06-21T16:00:00-04:00,session_close_proxy,14104.25,14128.0,1,47.5,2.24,45.26,EOD_CLOSE_PROXY
A-delay2-0062,2021-06-22,MNQU21,1,2021-06-22T11:32:00-04:00,2021-06-22T11:31:00-04:00,2021-06-22T16:00:00-04:00,2021-06-22T16:00:00-04:00,session_close_proxy,14207.0,14257.75,1,101.5,2.24,99.26,EOD_CLOSE_PROXY
A-delay2-0063,2021-06-23,MNQU21,1,2021-06-23T10:02:00-04:00,2021-06-23T10:01:00-04:00,2021-06-23T16:00:00-04:00,2021-06-23T16:00:00-04:00,session_close_proxy,14310.75,14263.25,1,-95.0,2.24,-97.24,EOD_CLOSE_PROXY
A-delay2-0064,2021-06-24,MNQU21,1,2021-06-24T10:32:00-04:00,2021-06-24T10:31:00-04:00,2021-06-24T16:00:00-04:00,2021-06-24T16:00:00-04:00,session_close_proxy,14399.25,14354.25,1,-90.0,2.24,-92.24,EOD_CLOSE_PROXY
A-delay2-0065,2021-06-28,MNQU21,1,2021-06-28T10:02:00-04:00,2021-06-28T10:01:00-04:00,2021-06-28T16:00:00-04:00,2021-06-28T16:00:00-04:00,session_close_proxy,14457.5,14511.25,1,107.5,2.24,105.26,EOD_CLOSE_PROXY
A-delay2-0066,2021-07-02,MNQU21,1,2021-07-02T13:02:00-04:00,2021-07-02T13:01:00-04:00,2021-07-02T16:00:00-04:00,2021-07-02T16:00:00-04:00,session_close_proxy,14691.0,14714.5,1,47.0,2.24,44.76,EOD_CLOSE_PROXY
A-delay2-0067,2021-07-09,MNQU21,1,2021-07-09T11:02:00-04:00,2021-07-09T11:01:00-04:00,2021-07-09T16:00:00-04:00,2021-07-09T16:00:00-04:00,session_close_proxy,14776.25,14810.25,1,68.0,2.24,65.76,EOD_CLOSE_PROXY
A-delay2-0068,2021-07-13,MNQU21,1,2021-07-13T10:02:00-04:00,2021-07-13T10:01:00-04:00,2021-07-13T16:00:00-04:00,2021-07-13T16:00:00-04:00,session_close_proxy,14931.25,14866.5,1,-129.5,2.24,-131.74,EOD_CLOSE_PROXY
A-delay2-0069,2021-07-15,MNQU21,-1,2021-07-15T10:32:00-04:00,2021-07-15T10:31:00-04:00,2021-07-15T16:00:00-04:00,2021-07-15T16:00:00-04:00,session_close_proxy,14811.75,14790.25,1,43.0,2.24,40.76,EOD_CLOSE_PROXY
A-delay2-0070,2021-07-16,MNQU21,-1,2021-07-16T10:32:00-04:00,2021-07-16T10:31:00-04:00,2021-07-16T16:00:00-04:00,2021-07-16T16:00:00-04:00,session_close_proxy,14764.25,14673.0,1,182.5,2.24,180.26,EOD_CLOSE_PROXY
A-delay2-0071,2021-07-19,MNQU21,-1,2021-07-19T10:02:00-04:00,2021-07-19T10:01:00-04:00,2021-07-19T16:00:00-04:00,2021-07-19T16:00:00-04:00,session_close_proxy,14480.25,14552.75,1,-145.0,2.24,-147.24,EOD_CLOSE_PROXY
A-delay2-0072,2021-07-20,MNQU21,1,2021-07-20T11:02:00-04:00,2021-07-20T11:01:00-04:00,2021-07-20T16:00:00-04:00,2021-07-20T16:00:00-04:00,session_close_proxy,14651.0,14718.25,1,134.5,2.24,132.26,EOD_CLOSE_PROXY
A-delay2-0073,2021-07-21,MNQU21,1,2021-07-21T10:02:00-04:00,2021-07-21T10:01:00-04:00,2021-07-21T16:00:00-04:00,2021-07-21T16:00:00-04:00,session_close_proxy,14744.0,14828.25,1,168.5,2.24,166.26,EOD_CLOSE_PROXY
A-delay2-0074,2021-07-22,MNQU21,1,2021-07-22T10:02:00-04:00,2021-07-22T10:01:00-04:00,2021-07-22T16:00:00-04:00,2021-07-22T16:00:00-04:00,session_close_proxy,14890.25,14928.75,1,77.0,2.24,74.76,EOD_CLOSE_PROXY
A-delay2-0075,2021-07-23,MNQU21,1,2021-07-23T11:32:00-04:00,2021-07-23T11:31:00-04:00,2021-07-23T16:00:00-04:00,2021-07-23T16:00:00-04:00,session_close_proxy,15064.0,15098.5,1,69.0,2.24,66.76,EOD_CLOSE_PROXY
A-delay2-0076,2021-07-27,MNQU21,-1,2021-07-27T10:02:00-04:00,2021-07-27T10:01:00-04:00,2021-07-27T16:00:00-04:00,2021-07-27T16:00:00-04:00,session_close_proxy,15050.5,14950.25,1,200.5,2.24,198.26,EOD_CLOSE_PROXY
A-delay2-0077,2021-07-28,MNQU21,1,2021-07-28T10:32:00-04:00,2021-07-28T10:31:00-04:00,2021-07-28T16:00:00-04:00,2021-07-28T16:00:00-04:00,session_close_proxy,15064.0,15006.5,1,-115.0,2.24,-117.24,EOD_CLOSE_PROXY
A-delay2-0078,2021-07-29,MNQU21,1,2021-07-29T10:02:00-04:00,2021-07-29T10:01:00-04:00,2021-07-29T16:00:00-04:00,2021-07-29T16:00:00-04:00,session_close_proxy,15042.5,15035.0,1,-15.0,2.24,-17.240000000000002,EOD_CLOSE_PROXY
A-delay2-0079,2021-08-03,MNQU21,-1,2021-08-03T10:02:00-04:00,2021-08-03T10:01:00-04:00,2021-08-03T16:00:00-04:00,2021-08-03T16:00:00-04:00,session_close_proxy,14910.5,15043.75,1,-266.5,2.24,-268.74,EOD_CLOSE_PROXY
A-delay2-0080,2021-08-10,MNQU21,-1,2021-08-10T11:02:00-04:00,2021-08-10T11:01:00-04:00,2021-08-10T16:00:00-04:00,2021-08-10T16:00:00-04:00,session_close_proxy,15024.0,15046.25,1,-44.5,2.24,-46.74,EOD_CLOSE_PROXY
A-delay2-0081,2021-08-11,MNQU21,-1,2021-08-11T12:02:00-04:00,2021-08-11T12:01:00-04:00,2021-08-11T16:00:00-04:00,2021-08-11T16:00:00-04:00,session_close_proxy,14986.75,15022.25,1,-71.0,2.24,-73.24,EOD_CLOSE_PROXY
A-delay2-0082,2021-08-16,MNQU21,-1,2021-08-16T10:02:00-04:00,2021-08-16T10:01:00-04:00,2021-08-16T16:00:00-04:00,2021-08-16T16:00:00-04:00,session_close_proxy,15029.25,15134.25,1,-210.0,2.24,-212.24,EOD_CLOSE_PROXY
A-delay2-0083,2021-08-17,MNQU21,-1,2021-08-17T10:02:00-04:00,2021-08-17T10:01:00-04:00,2021-08-17T16:00:00-04:00,2021-08-17T16:00:00-04:00,session_close_proxy,14963.25,14999.75,1,-73.0,2.24,-75.24,EOD_CLOSE_PROXY
A-delay2-0084,2021-08-19,MNQU21,1,2021-08-19T11:32:00-04:00,2021-08-19T11:31:00-04:00,2021-08-19T16:00:00-04:00,2021-08-19T16:00:00-04:00,session_close_proxy,14921.0,14928.5,1,15.0,2.24,12.76,EOD_CLOSE_PROXY
A-delay2-0085,2021-08-20,MNQU21,1,2021-08-20T10:02:00-04:00,2021-08-20T10:01:00-04:00,2021-08-20T16:00:00-04:00,2021-08-20T16:00:00-04:00,session_close_proxy,15042.0,15083.25,1,82.5,2.24,80.26,EOD_CLOSE_PROXY
A-delay2-0086,2021-08-23,MNQU21,1,2021-08-23T10:02:00-04:00,2021-08-23T10:01:00-04:00,2021-08-23T16:00:00-04:00,2021-08-23T16:00:00-04:00,session_close_proxy,15194.75,15306.5,1,223.5,2.24,221.26,EOD_CLOSE_PROXY
A-delay2-0087,2021-08-27,MNQU21,1,2021-08-27T10:32:00-04:00,2021-08-27T10:31:00-04:00,2021-08-27T16:00:00-04:00,2021-08-27T16:00:00-04:00,session_close_proxy,15389.0,15424.5,1,71.0,2.24,68.76,EOD_CLOSE_PROXY
A-delay2-0088,2021-08-30,MNQU21,1,2021-08-30T10:02:00-04:00,2021-08-30T10:01:00-04:00,2021-08-30T16:00:00-04:00,2021-08-30T16:00:00-04:00,session_close_proxy,15523.75,15599.25,1,151.0,2.24,148.76,EOD_CLOSE_PROXY
A-delay2-0089,2021-08-31,MNQU21,-1,2021-08-31T10:02:00-04:00,2021-08-31T10:01:00-04:00,2021-08-31T16:00:00-04:00,2021-08-31T16:00:00-04:00,session_close_proxy,15534.0,15584.25,1,-100.5,2.24,-102.74,EOD_CLOSE_PROXY
A-delay2-0090,2021-09-08,MNQU21,-1,2021-09-08T11:02:00-04:00,2021-09-08T11:01:00-04:00,2021-09-08T16:00:00-04:00,2021-09-08T16:00:00-04:00,session_close_proxy,15566.75,15622.75,1,-112.0,2.24,-114.24,EOD_CLOSE_PROXY
A-delay2-0091,2021-09-13,MNQU21,-1,2021-09-13T12:02:00-04:00,2021-09-13T12:01:00-04:00,2021-09-13T16:00:00-04:00,2021-09-13T16:00:00-04:00,session_close_proxy,15368.5,15438.25,1,-139.5,2.24,-141.74,EOD_CLOSE_PROXY
A-delay2-0092,2021-09-15,MNQU21,-1,2021-09-15T10:32:00-04:00,2021-09-15T10:31:00-04:00,2021-09-15T15:32:00-04:00,2021-09-15T15:31:00-04:00,bar_open,15345.5,15507.75,1,-324.5,2.24,-326.74,REVERSAL
A-delay2-0093,2021-09-15,MNQU21,1,2021-09-15T15:32:00-04:00,2021-09-15T15:31:00-04:00,2021-09-15T16:00:00-04:00,2021-09-15T16:00:00-04:00,session_close_proxy,15507.75,15505.0,1,-5.5,2.24,-7.74,EOD_CLOSE_PROXY
A-delay2-0094,2021-09-20,MNQZ21,-1,2021-09-20T11:02:00-04:00,2021-09-20T11:01:00-04:00,2021-09-20T16:00:00-04:00,2021-09-20T16:00:00-04:00,session_close_proxy,14991.75,15005.25,1,-27.0,2.24,-29.24,EOD_CLOSE_PROXY
A-delay2-0095,2021-09-22,MNQZ21,1,2021-09-22T10:32:00-04:00,2021-09-22T10:31:00-04:00,2021-09-22T16:00:00-04:00,2021-09-22T16:00:00-04:00,session_close_proxy,15122.75,15161.75,1,78.0,2.24,75.76,EOD_CLOSE_PROXY
A-delay2-0096,2021-09-23,MNQZ21,1,2021-09-23T10:02:00-04:00,2021-09-23T10:01:00-04:00,2021-09-23T16:00:00-04:00,2021-09-23T16:00:00-04:00,session_close_proxy,15285.5,15299.25,1,27.5,2.24,25.26,EOD_CLOSE_PROXY
A-delay2-0097,2021-09-27,MNQZ21,-1,2021-09-27T10:02:00-04:00,2021-09-27T10:01:00-04:00,2021-09-27T16:00:00-04:00,2021-09-27T16:00:00-04:00,session_close_proxy,15110.5,15193.75,1,-166.5,2.24,-168.74,EOD_CLOSE_PROXY
A-delay2-0098,2021-09-28,MNQZ21,-1,2021-09-28T10:02:00-04:00,2021-09-28T10:01:00-04:00,2021-09-28T16:00:00-04:00,2021-09-28T16:00:00-04:00,session_close_proxy,14929.0,14764.0,1,330.0,2.24,327.76,EOD_CLOSE_PROXY
A-delay2-0099,2021-09-29,MNQZ21,1,2021-09-29T10:02:00-04:00,2021-09-29T10:01:00-04:00,2021-09-29T16:00:00-04:00,2021-09-29T16:00:00-04:00,session_close_proxy,14902.5,14743.0,1,-319.0,2.24,-321.24,EOD_CLOSE_PROXY
A-delay2-0100,2021-10-01,MNQZ21,-1,2021-10-01T10:02:00-04:00,2021-10-01T10:01:00-04:00,2021-10-01T16:00:00-04:00,2021-10-01T16:00:00-04:00,session_close_proxy,14634.25,14769.25,1,-270.0,2.24,-272.24,EOD_CLOSE_PROXY
A-delay2-0101,2021-10-04,MNQZ21,-1,2021-10-04T10:02:00-04:00,2021-10-04T10:01:00-04:00,2021-10-04T16:00:00-04:00,2021-10-04T16:00:00-04:00,session_close_proxy,14584.0,14467.25,1,233.5,2.24,231.26,EOD_CLOSE_PROXY
A-delay2-0102,2021-10-05,MNQZ21,1,2021-10-05T10:02:00-04:00,2021-10-05T10:01:00-04:00,2021-10-05T16:00:00-04:00,2021-10-05T16:00:00-04:00,session_close_proxy,14589.75,14658.0,1,136.5,2.24,134.26,EOD_CLOSE_PROXY
A-delay2-0103,2021-10-07,MNQZ21,1,2021-10-07T10:02:00-04:00,2021-10-07T10:01:00-04:00,2021-10-07T16:00:00-04:00,2021-10-07T16:00:00-04:00,session_close_proxy,14956.75,14886.0,1,-141.5,2.24,-143.74,EOD_CLOSE_PROXY
A-delay2-0104,2021-10-14,MNQZ21,1,2021-10-14T12:32:00-04:00,2021-10-14T12:31:00-04:00,2021-10-14T16:00:00-04:00,2021-10-14T16:00:00-04:00,session_close_proxy,15032.5,15036.25,1,7.5,2.24,5.26,EOD_CLOSE_PROXY
A-delay2-0105,2021-10-18,MNQZ21,1,2021-10-18T14:02:00-04:00,2021-10-18T14:01:00-04:00,2021-10-18T16:00:00-04:00,2021-10-18T16:00:00-04:00,session_close_proxy,15245.5,15286.0,1,81.0,2.24,78.76,EOD_CLOSE_PROXY
A-delay2-0106,2021-10-22,MNQZ21,-1,2021-10-22T12:02:00-04:00,2021-10-22T12:01:00-04:00,2021-10-22T16:00:00-04:00,2021-10-22T16:00:00-04:00,session_close_proxy,15300.75,15342.0,1,-82.5,2.24,-84.74,EOD_CLOSE_PROXY
A-delay2-0107,2021-10-25,MNQZ21,1,2021-10-25T14:32:00-04:00,2021-10-25T14:31:00-04:00,2021-10-25T16:00:00-04:00,2021-10-25T16:00:00-04:00,session_close_proxy,15527.75,15500.75,1,-54.0,2.24,-56.24,EOD_CLOSE_PROXY
A-delay2-0108,2021-10-26,MNQZ21,1,2021-10-26T10:32:00-04:00,2021-10-26T10:31:00-04:00,2021-10-26T16:00:00-04:00,2021-10-26T16:00:00-04:00,session_close_proxy,15677.5,15544.75,1,-265.5,2.24,-267.74,EOD_CLOSE_PROXY
A-delay2-0109,2021-10-27,MNQZ21,1,2021-10-27T10:02:00-04:00,2021-10-27T10:01:00-04:00,2021-10-27T16:00:00-04:00,2021-10-27T16:00:00-04:00,session_close_proxy,15631.75,15584.75,1,-94.0,2.24,-96.24,EOD_CLOSE_PROXY
A-delay2-0110,2021-10-28,MNQZ21,1,2021-10-28T11:32:00-04:00,2021-10-28T11:31:00-04:00,2021-10-28T16:00:00-04:00,2021-10-28T16:00:00-04:00,session_close_proxy,15734.0,15761.5,1,55.0,2.24,52.76,EOD_CLOSE_PROXY
A-delay2-0111,2021-11-01,MNQZ21,-1,2021-11-01T10:02:00-04:00,2021-11-01T10:01:00-04:00,2021-11-01T16:00:00-04:00,2021-11-01T16:00:00-04:00,session_close_proxy,15794.0,15893.75,1,-199.5,2.24,-201.74,EOD_CLOSE_PROXY
A-delay2-0112,2021-11-02,MNQZ21,1,2021-11-02T10:02:00-04:00,2021-11-02T10:01:00-04:00,2021-11-02T16:00:00-04:00,2021-11-02T16:00:00-04:00,session_close_proxy,15957.0,15962.0,1,10.0,2.24,7.76,EOD_CLOSE_PROXY
A-delay2-0113,2021-11-03,MNQZ21,1,2021-11-03T15:02:00-04:00,2021-11-03T15:01:00-04:00,2021-11-03T16:00:00-04:00,2021-11-03T16:00:00-04:00,session_close_proxy,16090.25,16129.75,1,79.0,2.24,76.76,EOD_CLOSE_PROXY
A-delay2-0114,2021-11-04,MNQZ21,1,2021-11-04T10:02:00-04:00,2021-11-04T10:01:00-04:00,2021-11-04T16:00:00-04:00,2021-11-04T16:00:00-04:00,session_close_proxy,16239.75,16334.75,1,190.0,2.24,187.76,EOD_CLOSE_PROXY
A-delay2-0115,2021-11-09,MNQZ21,-1,2021-11-09T10:02:00-05:00,2021-11-09T10:01:00-05:00,2021-11-09T16:00:00-05:00,2021-11-09T16:00:00-05:00,session_close_proxy,16235.5,16217.25,1,36.5,2.24,34.26,EOD_CLOSE_PROXY
A-delay2-0116,2021-11-10,MNQZ21,-1,2021-11-10T14:32:00-05:00,2021-11-10T14:31:00-05:00,2021-11-10T16:00:00-05:00,2021-11-10T16:00:00-05:00,session_close_proxy,15946.5,15978.25,1,-63.5,2.24,-65.74,EOD_CLOSE_PROXY
A-delay2-0117,2021-11-12,MNQZ21,1,2021-11-12T11:32:00-05:00,2021-11-12T11:31:00-05:00,2021-11-12T16:00:00-05:00,2021-11-12T16:00:00-05:00,session_close_proxy,16186.5,16189.75,1,6.5,2.24,4.26,EOD_CLOSE_PROXY
A-delay2-0118,2021-11-15,MNQZ21,-1,2021-11-15T12:02:00-05:00,2021-11-15T12:01:00-05:00,2021-11-15T16:00:00-05:00,2021-11-15T16:00:00-05:00,session_close_proxy,16135.75,16188.75,1,-106.0,2.24,-108.24,EOD_CLOSE_PROXY
A-delay2-0119,2021-11-16,MNQZ21,1,2021-11-16T11:32:00-05:00,2021-11-16T11:31:00-05:00,2021-11-16T16:00:00-05:00,2021-11-16T16:00:00-05:00,session_close_proxy,16296.5,16304.75,1,16.5,2.24,14.26,EOD_CLOSE_PROXY
A-delay2-0120,2021-11-17,MNQZ21,1,2021-11-17T12:02:00-05:00,2021-11-17T12:01:00-05:00,2021-11-17T16:00:00-05:00,2021-11-17T16:00:00-05:00,session_close_proxy,16393.75,16313.25,1,-161.0,2.24,-163.24,EOD_CLOSE_PROXY
A-delay2-0121,2021-11-18,MNQZ21,1,2021-11-18T12:32:00-05:00,2021-11-18T12:31:00-05:00,2021-11-18T16:00:00-05:00,2021-11-18T16:00:00-05:00,session_close_proxy,16483.75,16481.25,1,-5.0,2.24,-7.24,EOD_CLOSE_PROXY
A-delay2-0122,2021-11-19,MNQZ21,1,2021-11-19T10:02:00-05:00,2021-11-19T10:01:00-05:00,2021-11-19T16:00:00-05:00,2021-11-19T16:00:00-05:00,session_close_proxy,16605.75,16572.0,1,-67.5,2.24,-69.74,EOD_CLOSE_PROXY
A-delay2-0123,2021-11-22,MNQZ21,1,2021-11-22T10:02:00-05:00,2021-11-22T10:01:00-05:00,2021-11-22T11:59:00-05:00,,intrabar_unknown_within_event_minute,16737.5,16471.25,1,-532.5,2.24,-534.74,CAT_STOP
A-delay2-0124,2021-11-23,MNQZ21,-1,2021-11-23T10:32:00-05:00,2021-11-23T10:31:00-05:00,2021-11-23T16:00:00-05:00,2021-11-23T16:00:00-05:00,session_close_proxy,16251.25,16305.5,1,-108.5,2.24,-110.74,EOD_CLOSE_PROXY
A-delay2-0125,2021-11-30,MNQZ21,-1,2021-11-30T11:02:00-05:00,2021-11-30T11:01:00-05:00,2021-11-30T16:00:00-05:00,2021-11-30T16:00:00-05:00,session_close_proxy,16141.25,16150.0,1,-17.5,2.24,-19.74,EOD_CLOSE_PROXY
A-delay2-0126,2021-12-01,MNQZ21,-1,2021-12-01T15:32:00-05:00,2021-12-01T15:31:00-05:00,2021-12-01T16:00:00-05:00,2021-12-01T16:00:00-05:00,session_close_proxy,15969.25,15875.5,1,187.5,2.24,185.26,EOD_CLOSE_PROXY
A-delay2-0127,2021-12-02,MNQZ21,1,2021-12-02T10:02:00-05:00,2021-12-02T10:01:00-05:00,2021-12-02T16:00:00-05:00,2021-12-02T16:00:00-05:00,session_close_proxy,15954.75,15991.0,1,72.5,2.24,70.26,EOD_CLOSE_PROXY
A-delay2-0128,2021-12-03,MNQZ21,-1,2021-12-03T10:02:00-05:00,2021-12-03T10:01:00-05:00,2021-12-03T16:00:00-05:00,2021-12-03T16:00:00-05:00,session_close_proxy,15843.75,15716.75,1,254.0,2.24,251.76,EOD_CLOSE_PROXY
A-delay2-0129,2021-12-06,MNQZ21,1,2021-12-06T13:32:00-05:00,2021-12-06T13:31:00-05:00,2021-12-06T16:00:00-05:00,2021-12-06T16:00:00-05:00,session_close_proxy,15861.25,15843.75,1,-35.0,2.24,-37.24,EOD_CLOSE_PROXY
A-delay2-0130,2021-12-07,MNQZ21,1,2021-12-07T10:02:00-05:00,2021-12-07T10:01:00-05:00,2021-12-07T16:00:00-05:00,2021-12-07T16:00:00-05:00,session_close_proxy,16223.5,16321.25,1,195.5,2.24,193.26,EOD_CLOSE_PROXY
A-delay2-0131,2021-12-09,MNQZ21,-1,2021-12-09T15:32:00-05:00,2021-12-09T15:31:00-05:00,2021-12-09T16:00:00-05:00,2021-12-09T16:00:00-05:00,session_close_proxy,16182.5,16148.25,1,68.5,2.24,66.26,EOD_CLOSE_PROXY
A-delay2-0132,2021-12-13,MNQZ21,-1,2021-12-13T10:32:00-05:00,2021-12-13T10:31:00-05:00,2021-12-13T16:00:00-05:00,2021-12-13T16:00:00-05:00,session_close_proxy,16201.0,16087.5,1,227.0,2.24,224.76,EOD_CLOSE_PROXY
A-delay2-0133,2021-12-15,MNQZ21,-1,2021-12-15T12:02:00-05:00,2021-12-15T12:01:00-05:00,2021-12-15T14:55:00-05:00,,intrabar_unknown_within_event_minute,15790.5,16028.25,1,-475.5,2.24,-477.74,CAT_STOP
A-delay2-0134,2021-12-15,MNQZ21,1,2021-12-15T15:32:00-05:00,2021-12-15T15:31:00-05:00,2021-12-15T16:00:00-05:00,2021-12-15T16:00:00-05:00,session_close_proxy,16196.25,16287.0,1,181.5,2.24,179.26,EOD_CLOSE_PROXY
A-delay2-0135,2021-12-16,MNQZ21,-1,2021-12-16T10:02:00-05:00,2021-12-16T10:01:00-05:00,2021-12-16T16:00:00-05:00,2021-12-16T16:00:00-05:00,session_close_proxy,16168.25,15866.0,1,604.5,2.24,602.26,EOD_CLOSE_PROXY
A-delay2-0136,2021-12-21,MNQH22,1,2021-12-21T14:02:00-05:00,2021-12-21T14:01:00-05:00,2021-12-21T16:00:00-05:00,2021-12-21T16:00:00-05:00,session_close_proxy,15911.5,15973.5,1,124.0,2.24,121.76,EOD_CLOSE_PROXY
A-delay2-0137,2021-12-22,MNQH22,1,2021-12-22T11:02:00-05:00,2021-12-22T11:01:00-05:00,2021-12-22T16:00:00-05:00,2021-12-22T16:00:00-05:00,session_close_proxy,16094.5,16168.25,1,147.5,2.24,145.26,EOD_CLOSE_PROXY
A-delay2-0138,2021-12-23,MNQH22,1,2021-12-23T11:02:00-05:00,2021-12-23T11:01:00-05:00,2021-12-23T16:00:00-05:00,2021-12-23T16:00:00-05:00,session_close_proxy,16294.0,16294.75,1,1.5,2.24,-0.7400000000000002,EOD_CLOSE_PROXY
A-delay2-0139,2022-01-04,MNQH22,-1,2022-01-04T10:32:00-05:00,2022-01-04T10:31:00-05:00,2022-01-04T16:00:00-05:00,2022-01-04T16:00:00-05:00,session_close_proxy,16395.0,16272.25,1,245.5,2.24,243.26,EOD_CLOSE_PROXY
A-delay2-0140,2022-01-05,MNQH22,-1,2022-01-05T13:02:00-05:00,2022-01-05T13:01:00-05:00,2022-01-05T16:00:00-05:00,2022-01-05T16:00:00-05:00,session_close_proxy,16051.25,15764.0,1,574.5,2.24,572.26,EOD_CLOSE_PROXY
A-delay2-0141,2022-01-07,MNQH22,-1,2022-01-07T10:32:00-05:00,2022-01-07T10:31:00-05:00,2022-01-07T16:00:00-05:00,2022-01-07T16:00:00-05:00,session_close_proxy,15674.5,15585.0,1,179.0,2.24,176.76,EOD_CLOSE_PROXY
A-delay2-0142,2022-01-10,MNQH22,-1,2022-01-10T10:02:00-05:00,2022-01-10T10:01:00-05:00,2022-01-10T15:36:00-05:00,,intrabar_unknown_within_event_minute,15255.25,15510.0,1,-509.5,2.24,-511.74,CAT_STOP
A-delay2-0143,2022-01-11,MNQH22,1,2022-01-11T11:32:00-05:00,2022-01-11T11:31:00-05:00,2022-01-11T16:00:00-05:00,2022-01-11T16:00:00-05:00,session_close_proxy,15744.75,15832.25,1,175.0,2.24,172.76,EOD_CLOSE_PROXY
A-delay2-0144,2022-01-13,MNQH22,-1,2022-01-13T11:02:00-05:00,2022-01-13T11:01:00-05:00,2022-01-13T16:00:00-05:00,2022-01-13T16:00:00-05:00,session_close_proxy,15773.0,15497.25,1,551.5,2.24,549.26,EOD_CLOSE_PROXY
A-delay2-0145,2022-01-14,MNQH22,1,2022-01-14T10:02:00-05:00,2022-01-14T10:01:00-05:00,2022-01-14T16:00:00-05:00,2022-01-14T16:00:00-05:00,session_close_proxy,15543.0,15592.5,1,99.0,2.24,96.76,EOD_CLOSE_PROXY
A-delay2-0146,2022-01-19,MNQH22,1,2022-01-19T10:02:00-05:00,2022-01-19T10:01:00-05:00,2022-01-19T11:23:00-05:00,,intrabar_unknown_within_event_minute,15347.0,15111.25,1,-471.5,2.24,-473.74,CAT_STOP
A-delay2-0147,2022-01-20,MNQH22,1,2022-01-20T10:02:00-05:00,2022-01-20T10:01:00-05:00,2022-01-20T15:09:00-05:00,,intrabar_unknown_within_event_minute,15280.75,15026.75,1,-508.0,2.24,-510.24,CAT_STOP
A-delay2-0148,2022-01-21,MNQH22,-1,2022-01-21T10:02:00-05:00,2022-01-21T10:01:00-05:00,2022-01-21T16:00:00-05:00,2022-01-21T16:00:00-05:00,session_close_proxy,14659.25,14417.25,1,484.0,2.24,481.76,EOD_CLOSE_PROXY
A-delay2-0149,2022-01-24,MNQH22,-1,2022-01-24T10:02:00-05:00,2022-01-24T10:01:00-05:00,2022-01-24T15:33:00-05:00,,intrabar_unknown_within_event_minute,14138.0,14347.25,1,-418.5,2.24,-420.74,CAT_STOP
A-delay2-0150,2022-01-25,MNQH22,-1,2022-01-25T10:02:00-05:00,2022-01-25T10:01:00-05:00,2022-01-25T14:44:00-05:00,,intrabar_unknown_within_event_minute,14117.5,14347.75,1,-460.5,2.24,-462.74,CAT_STOP
A-delay2-0151,2022-01-27,MNQH22,-1,2022-01-27T13:32:00-05:00,2022-01-27T13:31:00-05:00,2022-01-27T16:00:00-05:00,2022-01-27T16:00:00-05:00,session_close_proxy,14017.75,13987.5,1,60.5,2.24,58.26,EOD_CLOSE_PROXY
A-delay2-0152,2022-01-28,MNQH22,-1,2022-01-28T10:02:00-05:00,2022-01-28T10:01:00-05:00,2022-01-28T11:01:00-05:00,,intrabar_unknown_within_event_minute,13882.75,14150.5,1,-535.5,2.24,-537.74,CAT_STOP
A-delay2-0153,2022-01-28,MNQH22,1,2022-01-28T11:32:00-05:00,2022-01-28T11:31:00-05:00,2022-01-28T16:00:00-05:00,2022-01-28T16:00:00-05:00,session_close_proxy,14193.25,14434.0,1,481.5,2.24,479.26,EOD_CLOSE_PROXY
A-delay2-0154,2022-01-31,MNQH22,1,2022-01-31T10:02:00-05:00,2022-01-31T10:01:00-05:00,2022-01-31T16:00:00-05:00,2022-01-31T16:00:00-05:00,session_close_proxy,14644.25,14897.75,1,507.0,2.24,504.76,EOD_CLOSE_PROXY
A-delay2-0155,2022-02-04,MNQH22,1,2022-02-04T13:02:00-05:00,2022-02-04T13:01:00-05:00,2022-02-04T16:00:00-05:00,2022-02-04T16:00:00-05:00,session_close_proxy,14678.75,14680.75,1,4.0,2.24,1.7599999999999998,EOD_CLOSE_PROXY
A-delay2-0156,2022-02-08,MNQH22,1,2022-02-08T11:32:00-05:00,2022-02-08T11:31:00-05:00,2022-02-08T16:00:00-05:00,2022-02-08T16:00:00-05:00,session_close_proxy,14685.75,14733.5,1,95.5,2.24,93.26,EOD_CLOSE_PROXY
A-delay2-0157,2022-02-11,MNQH22,-1,2022-02-11T11:32:00-05:00,2022-02-11T11:31:00-05:00,2022-02-11T16:00:00-05:00,2022-02-11T16:00:00-05:00,session_close_proxy,14591.5,14238.0,1,707.0,2.24,704.76,EOD_CLOSE_PROXY
A-delay2-0158,2022-02-14,MNQH22,1,2022-02-14T11:32:00-05:00,2022-02-14T11:31:00-05:00,2022-02-14T14:08:00-05:00,,intrabar_unknown_within_event_minute,14368.75,14108.25,1,-521.0,2.24,-523.24,CAT_STOP
A-delay2-0159,2022-02-16,MNQH22,-1,2022-02-16T10:02:00-05:00,2022-02-16T10:01:00-05:00,2022-02-16T16:00:00-05:00,2022-02-16T16:00:00-05:00,session_close_proxy,14418.75,14599.75,1,-362.0,2.24,-364.24,EOD_CLOSE_PROXY
A-delay2-0160,2022-02-17,MNQH22,-1,2022-02-17T10:32:00-05:00,2022-02-17T10:31:00-05:00,2022-02-17T16:00:00-05:00,2022-02-17T16:00:00-05:00,session_close_proxy,14354.75,14165.25,1,379.0,2.24,376.76,EOD_CLOSE_PROXY
A-delay2-0161,2022-02-18,MNQH22,-1,2022-02-18T11:02:00-05:00,2022-02-18T11:01:00-05:00,2022-02-18T16:00:00-05:00,2022-02-18T16:00:00-05:00,session_close_proxy,14042.5,14005.25,1,74.5,2.24,72.26,EOD_CLOSE_PROXY
A-delay2-0162,2022-02-23,MNQH22,-1,2022-02-23T11:02:00-05:00,2022-02-23T11:01:00-05:00,2022-02-23T16:00:00-05:00,2022-02-23T16:00:00-05:00,session_close_proxy,13771.75,13507.5,1,528.5,2.24,526.26,EOD_CLOSE_PROXY
A-delay2-0163,2022-02-24,MNQH22,1,2022-02-24T14:32:00-05:00,2022-02-24T14:31:00-05:00,2022-02-24T16:00:00-05:00,2022-02-24T16:00:00-05:00,session_close_proxy,13708.75,13966.5,1,515.5,2.24,513.26,EOD_CLOSE_PROXY
A-delay2-0164,2022-02-25,MNQH22,-1,2022-02-25T10:02:00-05:00,2022-02-25T10:01:00-05:00,2022-02-25T11:20:00-05:00,,intrabar_unknown_within_event_minute,13855.0,14119.25,1,-528.5,2.24,-530.74,CAT_STOP
A-delay2-0165,2022-02-25,MNQH22,1,2022-02-25T11:32:00-05:00,2022-02-25T11:31:00-05:00,2022-02-25T16:00:00-05:00,2022-02-25T16:00:00-05:00,session_close_proxy,14116.75,14181.5,1,129.5,2.24,127.26,EOD_CLOSE_PROXY
A-delay2-0166,2022-03-01,MNQH22,-1,2022-03-01T13:32:00-05:00,2022-03-01T13:31:00-05:00,2022-03-01T16:00:00-05:00,2022-03-01T16:00:00-05:00,session_close_proxy,13983.5,14004.5,1,-42.0,2.24,-44.24,EOD_CLOSE_PROXY
A-delay2-0167,2022-03-02,MNQH22,1,2022-03-02T13:32:00-05:00,2022-03-02T13:31:00-05:00,2022-03-02T16:00:00-05:00,2022-03-02T16:00:00-05:00,session_close_proxy,14249.5,14236.25,1,-26.5,2.24,-28.74,EOD_CLOSE_PROXY
A-delay2-0168,2022-03-03,MNQH22,-1,2022-03-03T11:02:00-05:00,2022-03-03T11:01:00-05:00,2022-03-03T16:00:00-05:00,2022-03-03T16:00:00-05:00,session_close_proxy,14055.5,14034.25,1,42.5,2.24,40.26,EOD_CLOSE_PROXY
A-delay2-0169,2022-03-04,MNQH22,-1,2022-03-04T11:02:00-05:00,2022-03-04T11:01:00-05:00,2022-03-04T16:00:00-05:00,2022-03-04T16:00:00-05:00,session_close_proxy,13793.0,13834.5,1,-83.0,2.24,-85.24,EOD_CLOSE_PROXY
A-delay2-0170,2022-03-07,MNQH22,-1,2022-03-07T10:02:00-05:00,2022-03-07T10:01:00-05:00,2022-03-07T16:00:00-05:00,2022-03-07T16:00:00-05:00,session_close_proxy,13669.5,13320.75,1,697.5,2.24,695.26,EOD_CLOSE_PROXY
A-delay2-0171,2022-03-08,MNQH22,1,2022-03-08T12:32:00-05:00,2022-03-08T12:31:00-05:00,2022-03-08T15:56:00-05:00,,intrabar_unknown_within_event_minute,13495.75,13264.25,1,-463.0,2.24,-465.24,CAT_STOP
A-delay2-0172,2022-03-10,MNQH22,-1,2022-03-10T11:32:00-05:00,2022-03-10T11:31:00-05:00,2022-03-10T16:00:00-05:00,2022-03-10T16:00:00-05:00,session_close_proxy,13410.5,13589.75,1,-358.5,2.24,-360.74,EOD_CLOSE_PROXY
A-delay2-0173,2022-03-11,MNQH22,-1,2022-03-11T12:32:00-05:00,2022-03-11T12:31:00-05:00,2022-03-11T16:00:00-05:00,2022-03-11T16:00:00-05:00,session_close_proxy,13426.75,13298.5,1,256.5,2.24,254.26,EOD_CLOSE_PROXY
A-delay2-0174,2022-03-14,MNQH22,-1,2022-03-14T13:32:00-04:00,2022-03-14T13:31:00-04:00,2022-03-14T16:00:00-04:00,2022-03-14T16:00:00-04:00,session_close_proxy,13065.0,13049.5,1,31.0,2.24,28.76,EOD_CLOSE_PROXY
A-delay2-0175,2022-03-15,MNQH22,1,2022-03-15T11:32:00-04:00,2022-03-15T11:31:00-04:00,2022-03-15T16:00:00-04:00,2022-03-15T16:00:00-04:00,session_close_proxy,13354.25,13456.5,1,204.5,2.24,202.26,EOD_CLOSE_PROXY
A-delay2-0176,2022-03-16,MNQH22,1,2022-03-16T10:02:00-04:00,2022-03-16T10:01:00-04:00,2022-03-16T14:33:00-04:00,,intrabar_unknown_within_event_minute,13737.75,13472.75,1,-530.0,2.24,-532.24,CAT_STOP
A-delay2-0177,2022-03-21,MNQM22,-1,2022-03-21T10:02:00-04:00,2022-03-21T10:01:00-04:00,2022-03-21T16:00:00-04:00,2022-03-21T16:00:00-04:00,session_close_proxy,14311.75,14372.25,1,-121.0,2.24,-123.24,EOD_CLOSE_PROXY
A-delay2-0178,2022-03-22,MNQM22,1,2022-03-22T10:02:00-04:00,2022-03-22T10:01:00-04:00,2022-03-22T16:00:00-04:00,2022-03-22T16:00:00-04:00,session_close_proxy,14509.75,14654.25,1,289.0,2.24,286.76,EOD_CLOSE_PROXY
A-delay2-0179,2022-03-24,MNQM22,1,2022-03-24T15:32:00-04:00,2022-03-24T15:31:00-04:00,2022-03-24T16:00:00-04:00,2022-03-24T16:00:00-04:00,session_close_proxy,14729.5,14766.0,1,73.0,2.24,70.76,EOD_CLOSE_PROXY
A-delay2-0180,2022-03-25,MNQM22,-1,2022-03-25T11:32:00-04:00,2022-03-25T11:31:00-04:00,2022-03-25T16:00:00-04:00,2022-03-25T16:00:00-04:00,session_close_proxy,14603.5,14755.5,1,-304.0,2.24,-306.24,EOD_CLOSE_PROXY
A-delay2-0181,2022-03-28,MNQM22,1,2022-03-28T10:02:00-04:00,2022-03-28T10:01:00-04:00,2022-03-28T16:00:00-04:00,2022-03-28T16:00:00-04:00,session_close_proxy,14866.0,14987.25,1,242.5,2.24,240.26,EOD_CLOSE_PROXY
A-delay2-0182,2022-04-01,MNQM22,-1,2022-04-01T13:02:00-04:00,2022-04-01T13:01:00-04:00,2022-04-01T16:00:00-04:00,2022-04-01T16:00:00-04:00,session_close_proxy,14741.25,14862.0,1,-241.5,2.24,-243.74,EOD_CLOSE_PROXY
A-delay2-0183,2022-04-04,MNQM22,1,2022-04-04T10:02:00-04:00,2022-04-04T10:01:00-04:00,2022-04-04T16:00:00-04:00,2022-04-04T16:00:00-04:00,session_close_proxy,15048.5,15163.5,1,230.0,2.24,227.76,EOD_CLOSE_PROXY
A-delay2-0184,2022-04-05,MNQM22,-1,2022-04-05T10:32:00-04:00,2022-04-05T10:31:00-04:00,2022-04-05T16:00:00-04:00,2022-04-05T16:00:00-04:00,session_close_proxy,14974.0,14831.25,1,285.5,2.24,283.26,EOD_CLOSE_PROXY
A-delay2-0185,2022-04-06,MNQM22,-1,2022-04-06T10:02:00-04:00,2022-04-06T10:01:00-04:00,2022-04-06T16:00:00-04:00,2022-04-06T16:00:00-04:00,session_close_proxy,14490.75,14505.75,1,-30.0,2.24,-32.24,EOD_CLOSE_PROXY
A-delay2-0186,2022-04-08,MNQM22,-1,2022-04-08T10:02:00-04:00,2022-04-08T10:01:00-04:00,2022-04-08T16:00:00-04:00,2022-04-08T16:00:00-04:00,session_close_proxy,14332.0,14336.25,1,-8.5,2.24,-10.74,EOD_CLOSE_PROXY
A-delay2-0187,2022-04-11,MNQM22,-1,2022-04-11T11:02:00-04:00,2022-04-11T11:01:00-04:00,2022-04-11T16:00:00-04:00,2022-04-11T16:00:00-04:00,session_close_proxy,14057.75,14000.75,1,114.0,2.24,111.76,EOD_CLOSE_PROXY
A-delay2-0188,2022-04-13,MNQM22,1,2022-04-13T10:32:00-04:00,2022-04-13T10:31:00-04:00,2022-04-13T16:00:00-04:00,2022-04-13T16:00:00-04:00,session_close_proxy,14107.0,14221.75,1,229.5,2.24,227.26,EOD_CLOSE_PROXY
A-delay2-0189,2022-04-14,MNQM22,-1,2022-04-14T10:02:00-04:00,2022-04-14T10:01:00-04:00,2022-04-14T16:00:00-04:00,2022-04-14T16:00:00-04:00,session_close_proxy,14122.25,13893.75,1,457.0,2.24,454.76,EOD_CLOSE_PROXY
A-delay2-0190,2022-04-19,MNQM22,1,2022-04-19T10:02:00-04:00,2022-04-19T10:01:00-04:00,2022-04-19T16:00:00-04:00,2022-04-19T16:00:00-04:00,session_close_proxy,14010.5,14212.75,1,404.5,2.24,402.26,EOD_CLOSE_PROXY
A-delay2-0191,2022-04-20,MNQM22,-1,2022-04-20T10:02:00-04:00,2022-04-20T10:01:00-04:00,2022-04-20T16:00:00-04:00,2022-04-20T16:00:00-04:00,session_close_proxy,14093.0,14004.0,1,178.0,2.24,175.76,EOD_CLOSE_PROXY
A-delay2-0192,2022-04-21,MNQM22,-1,2022-04-21T14:32:00-04:00,2022-04-21T14:31:00-04:00,2022-04-21T16:00:00-04:00,2022-04-21T16:00:00-04:00,session_close_proxy,13803.0,13721.25,1,163.5,2.24,161.26,EOD_CLOSE_PROXY
A-delay2-0193,2022-04-22,MNQM22,-1,2022-04-22T10:32:00-04:00,2022-04-22T10:31:00-04:00,2022-04-22T16:00:00-04:00,2022-04-22T16:00:00-04:00,session_close_proxy,13595.5,13357.0,1,477.0,2.24,474.76,EOD_CLOSE_PROXY
A-delay2-0194,2022-04-26,MNQM22,-1,2022-04-26T10:02:00-04:00,2022-04-26T10:01:00-04:00,2022-04-26T16:00:00-04:00,2022-04-26T16:00:00-04:00,session_close_proxy,13262.0,13009.75,1,504.5,2.24,502.26,EOD_CLOSE_PROXY
A-delay2-0195,2022-04-27,MNQM22,1,2022-04-27T10:02:00-04:00,2022-04-27T10:01:00-04:00,2022-04-27T16:00:00-04:00,2022-04-27T16:00:00-04:00,session_close_proxy,13182.25,13003.25,1,-358.0,2.24,-360.24,EOD_CLOSE_PROXY
A-delay2-0196,2022-04-28,MNQM22,1,2022-04-28T13:32:00-04:00,2022-04-28T13:31:00-04:00,2022-04-28T16:00:00-04:00,2022-04-28T16:00:00-04:00,session_close_proxy,13387.5,13462.5,1,150.0,2.24,147.76,EOD_CLOSE_PROXY
A-delay2-0197,2022-04-29,MNQM22,-1,2022-04-29T12:32:00-04:00,2022-04-29T12:31:00-04:00,2022-04-29T16:00:00-04:00,2022-04-29T16:00:00-04:00,session_close_proxy,13113.5,12856.5,1,514.0,2.24,511.76,EOD_CLOSE_PROXY
A-delay2-0198,2022-05-02,MNQM22,1,2022-05-02T10:32:00-04:00,2022-05-02T10:31:00-04:00,2022-05-02T14:16:00-04:00,,intrabar_unknown_within_event_minute,13016.25,12732.75,1,-567.0,2.24,-569.24,CAT_STOP
A-delay2-0199,2022-05-04,MNQM22,-1,2022-05-04T10:32:00-04:00,2022-05-04T10:31:00-04:00,2022-05-04T14:01:00-04:00,,intrabar_unknown_within_event_minute,12963.5,13212.25,1,-497.5,2.24,-499.74,CAT_STOP
A-delay2-0200,2022-05-04,MNQM22,1,2022-05-04T15:02:00-04:00,2022-05-04T15:01:00-04:00,2022-05-04T16:00:00-04:00,2022-05-04T16:00:00-04:00,session_close_proxy,13351.25,13533.5,1,364.5,2.24,362.26,EOD_CLOSE_PROXY
A-delay2-0201,2022-05-05,MNQM22,-1,2022-05-05T10:02:00-04:00,2022-05-05T10:01:00-04:00,2022-05-05T16:00:00-04:00,2022-05-05T16:00:00-04:00,session_close_proxy,13157.25,12860.0,1,594.5,2.24,592.26,EOD_CLOSE_PROXY
A-delay2-0202,2022-05-06,MNQM22,-1,2022-05-06T10:02:00-04:00,2022-05-06T10:01:00-04:00,2022-05-06T10:19:00-04:00,,intrabar_unknown_within_event_minute,12580.0,12801.0,1,-442.0,2.24,-444.24,CAT_STOP
A-delay2-0203,2022-05-09,MNQM22,-1,2022-05-09T11:02:00-04:00,2022-05-09T11:01:00-04:00,2022-05-09T16:00:00-04:00,2022-05-09T16:00:00-04:00,session_close_proxy,12318.0,12196.75,1,242.5,2.24,240.26,EOD_CLOSE_PROXY
A-delay2-0204,2022-05-11,MNQM22,-1,2022-05-11T13:32:00-04:00,2022-05-11T13:31:00-04:00,2022-05-11T16:00:00-04:00,2022-05-11T16:00:00-04:00,session_close_proxy,12080.5,11974.5,1,212.0,2.24,209.76,EOD_CLOSE_PROXY
A-delay2-0205,2022-05-13,MNQM22,1,2022-05-13T10:02:00-04:00,2022-05-13T10:01:00-04:00,2022-05-13T16:00:00-04:00,2022-05-13T16:00:00-04:00,session_close_proxy,12264.0,12384.0,1,240.0,2.24,237.76,EOD_CLOSE_PROXY
A-delay2-0206,2022-05-18,MNQM22,-1,2022-05-18T11:32:00-04:00,2022-05-18T11:31:00-04:00,2022-05-18T16:00:00-04:00,2022-05-18T16:00:00-04:00,session_close_proxy,12125.5,11940.5,1,370.0,2.24,367.76,EOD_CLOSE_PROXY
A-delay2-0207,2022-05-20,MNQM22,-1,2022-05-20T12:02:00-04:00,2022-05-20T12:01:00-04:00,2022-05-20T16:00:00-04:00,2022-05-20T16:00:00-04:00,session_close_proxy,11741.5,11834.5,1,-186.0,2.24,-188.24,EOD_CLOSE_PROXY
A-delay2-0208,2022-05-24,MNQM22,-1,2022-05-24T10:02:00-04:00,2022-05-24T10:01:00-04:00,2022-05-24T16:00:00-04:00,2022-05-24T16:00:00-04:00,session_close_proxy,11664.0,11782.0,1,-236.0,2.24,-238.24,EOD_CLOSE_PROXY
A-delay2-0209,2022-05-25,MNQM22,1,2022-05-25T10:32:00-04:00,2022-05-25T10:31:00-04:00,2022-05-25T16:00:00-04:00,2022-05-25T16:00:00-04:00,session_close_proxy,11884.25,11949.75,1,131.0,2.24,128.76,EOD_CLOSE_PROXY
A-delay2-0210,2022-05-26,MNQM22,1,2022-05-26T10:02:00-04:00,2022-05-26T10:01:00-04:00,2022-05-26T16:00:00-04:00,2022-05-26T16:00:00-04:00,session_close_proxy,12129.75,12274.25,1,289.0,2.24,286.76,EOD_CLOSE_PROXY
A-delay2-0211,2022-05-27,MNQM22,1,2022-05-27T10:02:00-04:00,2022-05-27T10:01:00-04:00,2022-05-27T16:00:00-04:00,2022-05-27T16:00:00-04:00,session_close_proxy,12514.75,12681.25,1,333.0,2.24,330.76,EOD_CLOSE_PROXY
A-delay2-0212,2022-06-02,MNQM22,1,2022-06-02T12:32:00-04:00,2022-06-02T12:31:00-04:00,2022-06-02T16:00:00-04:00,2022-06-02T16:00:00-04:00,session_close_proxy,12770.0,12894.0,1,248.0,2.24,245.76,EOD_CLOSE_PROXY
A-delay2-0213,2022-06-10,MNQM22,-1,2022-06-10T10:02:00-04:00,2022-06-10T10:01:00-04:00,2022-06-10T16:00:00-04:00,2022-06-10T16:00:00-04:00,session_close_proxy,11920.75,11837.25,1,167.0,2.24,164.76,EOD_CLOSE_PROXY
A-delay2-0214,2022-06-15,MNQM22,1,2022-06-15T15:32:00-04:00,2022-06-15T15:31:00-04:00,2022-06-15T16:00:00-04:00,2022-06-15T16:00:00-04:00,session_close_proxy,11693.25,11596.5,1,-193.5,2.24,-195.74,EOD_CLOSE_PROXY
A-delay2-0215,2022-06-16,MNQM22,-1,2022-06-16T10:02:00-04:00,2022-06-16T10:01:00-04:00,2022-06-16T16:00:00-04:00,2022-06-16T16:00:00-04:00,session_close_proxy,11209.0,11132.75,1,152.5,2.24,150.26,EOD_CLOSE_PROXY
A-delay2-0216,2022-06-22,MNQU22,1,2022-06-22T10:32:00-04:00,2022-06-22T10:31:00-04:00,2022-06-22T16:00:00-04:00,2022-06-22T16:00:00-04:00,session_close_proxy,11700.0,11557.75,1,-284.5,2.24,-286.74,EOD_CLOSE_PROXY
A-delay2-0217,2022-06-24,MNQU22,1,2022-06-24T10:02:00-04:00,2022-06-24T10:01:00-04:00,2022-06-24T16:00:00-04:00,2022-06-24T16:00:00-04:00,session_close_proxy,12003.0,12147.25,1,288.5,2.24,286.26,EOD_CLOSE_PROXY
A-delay2-0218,2022-06-27,MNQU22,-1,2022-06-27T10:02:00-04:00,2022-06-27T10:01:00-04:00,2022-06-27T16:00:00-04:00,2022-06-27T16:00:00-04:00,session_close_proxy,12086.5,12044.75,1,83.5,2.24,81.26,EOD_CLOSE_PROXY
A-delay2-0219,2022-06-28,MNQU22,-1,2022-06-28T11:32:00-04:00,2022-06-28T11:31:00-04:00,2022-06-28T16:00:00-04:00,2022-06-28T16:00:00-04:00,session_close_proxy,11873.0,11673.75,1,398.5,2.24,396.26,EOD_CLOSE_PROXY
A-delay2-0220,2022-06-30,MNQU22,-1,2022-06-30T10:02:00-04:00,2022-06-30T10:01:00-04:00,2022-06-30T12:26:00-04:00,,intrabar_unknown_within_event_minute,11391.75,11647.75,1,-512.0,2.24,-514.24,CAT_STOP
A-delay2-0221,2022-07-07,MNQU22,1,2022-07-07T10:02:00-04:00,2022-07-07T10:01:00-04:00,2022-07-07T16:00:00-04:00,2022-07-07T16:00:00-04:00,session_close_proxy,12002.0,12136.25,1,268.5,2.24,266.26,EOD_CLOSE_PROXY
A-delay2-0222,2022-07-11,MNQU22,-1,2022-07-11T10:02:00-04:00,2022-07-11T10:01:00-04:00,2022-07-11T16:00:00-04:00,2022-07-11T16:00:00-04:00,session_close_proxy,11871.75,11890.5,1,-37.5,2.24,-39.74,EOD_CLOSE_PROXY
A-delay2-0223,2022-07-19,MNQU22,1,2022-07-19T11:02:00-04:00,2022-07-19T11:01:00-04:00,2022-07-19T16:00:00-04:00,2022-07-19T16:00:00-04:00,session_close_proxy,12147.0,12268.75,1,243.5,2.24,241.26,EOD_CLOSE_PROXY
A-delay2-0224,2022-07-20,MNQU22,1,2022-07-20T10:32:00-04:00,2022-07-20T10:31:00-04:00,2022-07-20T16:00:00-04:00,2022-07-20T16:00:00-04:00,session_close_proxy,12392.75,12465.75,1,146.0,2.24,143.76,EOD_CLOSE_PROXY
A-delay2-0225,2022-07-21,MNQU22,1,2022-07-21T12:32:00-04:00,2022-07-21T12:31:00-04:00,2022-07-21T16:00:00-04:00,2022-07-21T16:00:00-04:00,session_close_proxy,12612.5,12645.25,1,65.5,2.24,63.26,EOD_CLOSE_PROXY
A-delay2-0226,2022-07-22,MNQU22,-1,2022-07-22T11:32:00-04:00,2022-07-22T11:31:00-04:00,2022-07-22T16:00:00-04:00,2022-07-22T16:00:00-04:00,session_close_proxy,12478.25,12423.75,1,109.0,2.24,106.76,EOD_CLOSE_PROXY
A-delay2-0227,2022-07-25,MNQU22,-1,2022-07-25T10:32:00-04:00,2022-07-25T10:31:00-04:00,2022-07-25T16:00:00-04:00,2022-07-25T16:00:00-04:00,session_close_proxy,12325.25,12355.25,1,-60.0,2.24,-62.24,EOD_CLOSE_PROXY
A-delay2-0228,2022-07-26,MNQU22,-1,2022-07-26T10:32:00-04:00,2022-07-26T10:31:00-04:00,2022-07-26T16:00:00-04:00,2022-07-26T16:00:00-04:00,session_close_proxy,12171.0,12110.5,1,121.0,2.24,118.76,EOD_CLOSE_PROXY
A-delay2-0229,2022-07-27,MNQU22,1,2022-07-27T10:02:00-04:00,2022-07-27T10:01:00-04:00,2022-07-27T16:00:00-04:00,2022-07-27T16:00:00-04:00,session_close_proxy,12389.25,12615.5,1,452.5,2.24,450.26,EOD_CLOSE_PROXY
A-delay2-0230,2022-07-28,MNQU22,-1,2022-07-28T10:02:00-04:00,2022-07-28T10:01:00-04:00,2022-07-28T14:55:00-04:00,,intrabar_unknown_within_event_minute,12507.75,12739.75,1,-464.0,2.24,-466.24,CAT_STOP
A-delay2-0231,2022-07-29,MNQU22,1,2022-07-29T10:32:00-04:00,2022-07-29T10:31:00-04:00,2022-07-29T16:00:00-04:00,2022-07-29T16:00:00-04:00,session_close_proxy,12910.5,12971.75,1,122.5,2.24,120.26,EOD_CLOSE_PROXY
A-delay2-0232,2022-08-01,MNQU22,1,2022-08-01T11:02:00-04:00,2022-08-01T11:01:00-04:00,2022-08-01T16:00:00-04:00,2022-08-01T16:00:00-04:00,session_close_proxy,13090.25,12962.5,1,-255.5,2.24,-257.74,EOD_CLOSE_PROXY
A-delay2-0233,2022-08-03,MNQU22,1,2022-08-03T10:02:00-04:00,2022-08-03T10:01:00-04:00,2022-08-03T16:00:00-04:00,2022-08-03T16:00:00-04:00,session_close_proxy,13088.5,13271.75,1,366.5,2.24,364.26,EOD_CLOSE_PROXY
A-delay2-0234,2022-08-08,MNQU22,1,2022-08-08T10:02:00-04:00,2022-08-08T10:01:00-04:00,2022-08-08T14:06:00-04:00,,intrabar_unknown_within_event_minute,13388.5,13142.5,1,-492.0,2.24,-494.24,CAT_STOP
A-delay2-0235,2022-08-09,MNQU22,-1,2022-08-09T10:02:00-04:00,2022-08-09T10:01:00-04:00,2022-08-09T16:00:00-04:00,2022-08-09T16:00:00-04:00,session_close_proxy,12988.0,13032.25,1,-88.5,2.24,-90.74,EOD_CLOSE_PROXY
A-delay2-0236,2022-08-12,MNQU22,1,2022-08-12T13:32:00-04:00,2022-08-12T13:31:00-04:00,2022-08-12T16:00:00-04:00,2022-08-12T16:00:00-04:00,session_close_proxy,13508.0,13579.5,1,143.0,2.24,140.76,EOD_CLOSE_PROXY
A-delay2-0237,2022-08-16,MNQU22,-1,2022-08-16T11:02:00-04:00,2022-08-16T11:01:00-04:00,2022-08-16T16:00:00-04:00,2022-08-16T16:00:00-04:00,session_close_proxy,13568.0,13653.75,1,-171.5,2.24,-173.74,EOD_CLOSE_PROXY
A-delay2-0238,2022-08-17,MNQU22,-1,2022-08-17T11:02:00-04:00,2022-08-17T11:01:00-04:00,2022-08-17T16:00:00-04:00,2022-08-17T16:00:00-04:00,session_close_proxy,13439.5,13496.0,1,-113.0,2.24,-115.24,EOD_CLOSE_PROXY
A-delay2-0239,2022-08-19,MNQU22,-1,2022-08-19T10:02:00-04:00,2022-08-19T10:01:00-04:00,2022-08-19T16:00:00-04:00,2022-08-19T16:00:00-04:00,session_close_proxy,13296.25,13263.25,1,66.0,2.24,63.76,EOD_CLOSE_PROXY
A-delay2-0240,2022-08-22,MNQU22,-1,2022-08-22T10:32:00-04:00,2022-08-22T10:31:00-04:00,2022-08-22T16:00:00-04:00,2022-08-22T16:00:00-04:00,session_close_proxy,12985.75,12916.0,1,139.5,2.24,137.26,EOD_CLOSE_PROXY
A-delay2-0241,2022-08-24,MNQU22,1,2022-08-24T11:32:00-04:00,2022-08-24T11:31:00-04:00,2022-08-24T16:00:00-04:00,2022-08-24T16:00:00-04:00,session_close_proxy,12985.5,12934.25,1,-102.5,2.24,-104.74,EOD_CLOSE_PROXY
A-delay2-0242,2022-08-25,MNQU22,1,2022-08-25T10:32:00-04:00,2022-08-25T10:31:00-04:00,2022-08-25T16:00:00-04:00,2022-08-25T16:00:00-04:00,session_close_proxy,13105.25,13158.5,1,106.5,2.24,104.26,EOD_CLOSE_PROXY
A-delay2-0243,2022-08-26,MNQU22,-1,2022-08-26T10:32:00-04:00,2022-08-26T10:31:00-04:00,2022-08-26T16:00:00-04:00,2022-08-26T16:00:00-04:00,session_close_proxy,12933.25,12619.25,1,628.0,2.24,625.76,EOD_CLOSE_PROXY
A-delay2-0244,2022-08-30,MNQU22,-1,2022-08-30T10:32:00-04:00,2022-08-30T10:31:00-04:00,2022-08-30T16:00:00-04:00,2022-08-30T16:00:00-04:00,session_close_proxy,12409.0,12353.75,1,110.5,2.24,108.26,EOD_CLOSE_PROXY
A-delay2-0245,2022-09-01,MNQU22,-1,2022-09-01T11:02:00-04:00,2022-09-01T11:01:00-04:00,2022-09-01T16:00:00-04:00,2022-09-01T16:00:00-04:00,session_close_proxy,12049.5,12285.75,1,-472.5,2.24,-474.74,EOD_CLOSE_PROXY
A-delay2-0246,2022-09-02,MNQU22,-1,2022-09-02T13:32:00-04:00,2022-09-02T13:31:00-04:00,2022-09-02T16:00:00-04:00,2022-09-02T16:00:00-04:00,session_close_proxy,12134.25,12110.5,1,47.5,2.24,45.26,EOD_CLOSE_PROXY
A-delay2-0247,2022-09-07,MNQU22,1,2022-09-07T12:02:00-04:00,2022-09-07T12:01:00-04:00,2022-09-07T16:00:00-04:00,2022-09-07T16:00:00-04:00,session_close_proxy,12151.75,12262.0,1,220.5,2.24,218.26,EOD_CLOSE_PROXY
A-delay2-0248,2022-09-09,MNQU22,1,2022-09-09T10:02:00-04:00,2022-09-09T10:01:00-04:00,2022-09-09T16:00:00-04:00,2022-09-09T16:00:00-04:00,session_close_proxy,12508.25,12590.25,1,164.0,2.24,161.76,EOD_CLOSE_PROXY
A-delay2-0249,2022-09-12,MNQU22,1,2022-09-12T10:02:00-04:00,2022-09-12T10:01:00-04:00,2022-09-12T16:00:00-04:00,2022-09-12T16:00:00-04:00,session_close_proxy,12742.0,12742.75,1,1.5,2.24,-0.7400000000000002,EOD_CLOSE_PROXY
A-delay2-0250,2022-09-13,MNQU22,-1,2022-09-13T10:02:00-04:00,2022-09-13T10:01:00-04:00,2022-09-13T16:00:00-04:00,2022-09-13T16:00:00-04:00,session_close_proxy,12298.0,12040.25,1,515.5,2.24,513.26,EOD_CLOSE_PROXY
A-delay2-0251,2022-09-15,MNQU22,-1,2022-09-15T11:02:00-04:00,2022-09-15T11:01:00-04:00,2022-09-15T16:00:00-04:00,2022-09-15T16:00:00-04:00,session_close_proxy,11936.0,11932.25,1,7.5,2.24,5.26,EOD_CLOSE_PROXY
A-delay2-0252,2022-09-22,MNQZ22,-1,2022-09-22T11:02:00-04:00,2022-09-22T11:01:00-04:00,2022-09-22T16:00:00-04:00,2022-09-22T16:00:00-04:00,session_close_proxy,11544.0,11562.75,1,-37.5,2.24,-39.74,EOD_CLOSE_PROXY
A-delay2-0253,2022-09-23,MNQZ22,-1,2022-09-23T10:02:00-04:00,2022-09-23T10:01:00-04:00,2022-09-23T16:00:00-04:00,2022-09-23T16:00:00-04:00,session_close_proxy,11352.0,11374.0,1,-44.0,2.24,-46.24,EOD_CLOSE_PROXY
A-delay2-0254,2022-09-26,MNQZ22,1,2022-09-26T10:02:00-04:00,2022-09-26T10:01:00-04:00,2022-09-26T16:00:00-04:00,2022-09-26T16:00:00-04:00,session_close_proxy,11510.25,11321.75,1,-377.0,2.24,-379.24,EOD_CLOSE_PROXY
A-delay2-0255,2022-09-28,MNQZ22,1,2022-09-28T10:32:00-04:00,2022-09-28T10:31:00-04:00,2022-09-28T16:00:00-04:00,2022-09-28T16:00:00-04:00,session_close_proxy,11396.5,11554.75,1,316.5,2.24,314.26,EOD_CLOSE_PROXY
A-delay2-0256,2022-09-29,MNQZ22,-1,2022-09-29T10:02:00-04:00,2022-09-29T10:01:00-04:00,2022-09-29T16:00:00-04:00,2022-09-29T16:00:00-04:00,session_close_proxy,11246.5,11231.0,1,31.0,2.24,28.76,EOD_CLOSE_PROXY
A-delay2-0257,2022-09-30,MNQZ22,1,2022-09-30T11:32:00-04:00,2022-09-30T11:31:00-04:00,2022-09-30T15:51:00-04:00,,intrabar_unknown_within_event_minute,11326.25,11079.5,1,-493.5,2.24,-495.74,CAT_STOP
A-delay2-0258,2022-10-03,MNQZ22,1,2022-10-03T10:32:00-04:00,2022-10-03T10:31:00-04:00,2022-10-03T16:00:00-04:00,2022-10-03T16:00:00-04:00,session_close_proxy,11215.0,11290.75,1,151.5,2.24,149.26,EOD_CLOSE_PROXY
A-delay2-0259,2022-10-04,MNQZ22,1,2022-10-04T10:02:00-04:00,2022-10-04T10:01:00-04:00,2022-10-04T16:00:00-04:00,2022-10-04T16:00:00-04:00,session_close_proxy,11636.25,11643.75,1,15.0,2.24,12.76,EOD_CLOSE_PROXY
A-delay2-0260,2022-10-05,MNQZ22,-1,2022-10-05T10:32:00-04:00,2022-10-05T10:31:00-04:00,2022-10-05T14:58:00-04:00,,intrabar_unknown_within_event_minute,11391.75,11636.5,1,-489.5,2.24,-491.74,CAT_STOP
A-delay2-0261,2022-10-07,MNQZ22,-1,2022-10-07T10:02:00-04:00,2022-10-07T10:01:00-04:00,2022-10-07T16:00:00-04:00,2022-10-07T16:00:00-04:00,session_close_proxy,11223.75,11099.0,1,249.5,2.24,247.26,EOD_CLOSE_PROXY
A-delay2-0262,2022-10-10,MNQZ22,-1,2022-10-10T10:02:00-04:00,2022-10-10T10:01:00-04:00,2022-10-10T16:00:00-04:00,2022-10-10T16:00:00-04:00,session_close_proxy,11011.75,10981.25,1,61.0,2.24,58.76,EOD_CLOSE_PROXY
A-delay2-0263,2022-10-11,MNQZ22,-1,2022-10-11T10:02:00-04:00,2022-10-11T10:01:00-04:00,2022-10-11T16:00:00-04:00,2022-10-11T16:00:00-04:00,session_close_proxy,10815.0,10844.0,1,-58.0,2.24,-60.24,EOD_CLOSE_PROXY
A-delay2-0264,2022-10-13,MNQZ22,1,2022-10-13T12:02:00-04:00,2022-10-13T12:01:00-04:00,2022-10-13T16:00:00-04:00,2022-10-13T16:00:00-04:00,session_close_proxy,11013.0,11082.5,1,139.0,2.24,136.76,EOD_CLOSE_PROXY
A-delay2-0265,2022-10-14,MNQZ22,-1,2022-10-14T10:32:00-04:00,2022-10-14T10:31:00-04:00,2022-10-14T16:00:00-04:00,2022-10-14T16:00:00-04:00,session_close_proxy,10927.0,10747.75,1,358.5,2.24,356.26,EOD_CLOSE_PROXY
A-delay2-0266,2022-10-17,MNQZ22,1,2022-10-17T10:02:00-04:00,2022-10-17T10:01:00-04:00,2022-10-17T16:00:00-04:00,2022-10-17T16:00:00-04:00,session_close_proxy,11082.75,11110.75,1,56.0,2.24,53.76,EOD_CLOSE_PROXY
A-delay2-0267,2022-10-20,MNQZ22,1,2022-10-20T10:32:00-04:00,2022-10-20T10:31:00-04:00,2022-10-20T14:12:00-04:00,,intrabar_unknown_within_event_minute,11300.25,11061.25,1,-478.0,2.24,-480.24,CAT_STOP
A-delay2-0268,2022-10-21,MNQZ22,1,2022-10-21T13:02:00-04:00,2022-10-21T13:01:00-04:00,2022-10-21T16:00:00-04:00,2022-10-21T16:00:00-04:00,session_close_proxy,11238.0,11354.0,1,232.0,2.24,229.76,EOD_CLOSE_PROXY
A-delay2-0269,2022-10-25,MNQZ22,1,2022-10-25T10:02:00-04:00,2022-10-25T10:01:00-04:00,2022-10-25T16:00:00-04:00,2022-10-25T16:00:00-04:00,session_close_proxy,11640.5,11713.0,1,145.0,2.24,142.76,EOD_CLOSE_PROXY
A-delay2-0270,2022-10-27,MNQZ22,-1,2022-10-27T10:02:00-04:00,2022-10-27T10:01:00-04:00,2022-10-27T16:00:00-04:00,2022-10-27T16:00:00-04:00,session_close_proxy,11288.25,11240.0,1,96.5,2.24,94.26,EOD_CLOSE_PROXY
A-delay2-0271,2022-10-28,MNQZ22,1,2022-10-28T10:02:00-04:00,2022-10-28T10:01:00-04:00,2022-10-28T16:00:00-04:00,2022-10-28T16:00:00-04:00,session_close_proxy,11349.0,11584.25,1,470.5,2.24,468.26,EOD_CLOSE_PROXY
A-delay2-0272,2022-11-02,MNQZ22,-1,2022-11-02T15:32:00-04:00,2022-11-02T15:31:00-04:00,2022-11-02T16:00:00-04:00,2022-11-02T16:00:00-04:00,session_close_proxy,10999.0,10938.75,1,120.5,2.24,118.26,EOD_CLOSE_PROXY
A-delay2-0273,2022-11-03,MNQZ22,-1,2022-11-03T10:02:00-04:00,2022-11-03T10:01:00-04:00,2022-11-03T16:00:00-04:00,2022-11-03T16:00:00-04:00,session_close_proxy,10721.75,10725.25,1,-7.0,2.24,-9.24,EOD_CLOSE_PROXY
A-delay2-0274,2022-11-08,MNQZ22,1,2022-11-08T11:32:00-05:00,2022-11-08T11:31:00-05:00,2022-11-08T14:33:00-05:00,,intrabar_unknown_within_event_minute,11189.0,10937.0,1,-504.0,2.24,-506.24,CAT_STOP
A-delay2-0275,2022-11-09,MNQZ22,-1,2022-11-09T14:02:00-05:00,2022-11-09T14:01:00-05:00,2022-11-09T16:00:00-05:00,2022-11-09T16:00:00-05:00,session_close_proxy,10880.5,10831.5,1,98.0,2.24,95.76,EOD_CLOSE_PROXY
A-delay2-0276,2022-11-10,MNQZ22,1,2022-11-10T10:02:00-05:00,2022-11-10T10:01:00-05:00,2022-11-10T16:00:00-05:00,2022-11-10T16:00:00-05:00,session_close_proxy,11443.75,11628.25,1,369.0,2.24,366.76,EOD_CLOSE_PROXY
A-delay2-0277,2022-11-11,MNQZ22,1,2022-11-11T10:32:00-05:00,2022-11-11T10:31:00-05:00,2022-11-11T16:00:00-05:00,2022-11-11T16:00:00-05:00,session_close_proxy,11740.0,11848.5,1,217.0,2.24,214.76,EOD_CLOSE_PROXY
A-delay2-0278,2022-11-16,MNQZ22,-1,2022-11-16T10:32:00-05:00,2022-11-16T10:31:00-05:00,2022-11-16T16:00:00-05:00,2022-11-16T16:00:00-05:00,session_close_proxy,11752.75,11740.25,1,25.0,2.24,22.76,EOD_CLOSE_PROXY
A-delay2-0279,2022-11-23,MNQZ22,1,2022-11-23T10:02:00-05:00,2022-11-23T10:01:00-05:00,2022-11-23T16:00:00-05:00,2022-11-23T16:00:00-05:00,session_close_proxy,11820.0,11868.25,1,96.5,2.24,94.26,EOD_CLOSE_PROXY
A-delay2-0280,2022-11-29,MNQZ22,-1,2022-11-29T11:32:00-05:00,2022-11-29T11:31:00-05:00,2022-11-29T16:00:00-05:00,2022-11-29T16:00:00-05:00,session_close_proxy,11489.75,11523.0,1,-66.5,2.24,-68.74,EOD_CLOSE_PROXY
A-delay2-0281,2022-11-30,MNQZ22,1,2022-11-30T14:02:00-05:00,2022-11-30T14:01:00-05:00,2022-11-30T16:00:00-05:00,2022-11-30T16:00:00-05:00,session_close_proxy,11783.0,12052.0,1,538.0,2.24,535.76,EOD_CLOSE_PROXY
A-delay2-0282,2022-12-01,MNQZ22,1,2022-12-01T10:02:00-05:00,2022-12-01T10:01:00-05:00,2022-12-01T10:32:00-05:00,2022-12-01T10:31:00-05:00,bar_open,12100.25,11948.0,1,-304.5,2.24,-306.74,REVERSAL
A-delay2-0283,2022-12-01,MNQZ22,-1,2022-12-01T10:32:00-05:00,2022-12-01T10:31:00-05:00,2022-12-01T16:00:00-05:00,2022-12-01T16:00:00-05:00,session_close_proxy,11948.0,12059.75,1,-223.5,2.24,-225.74,EOD_CLOSE_PROXY
A-delay2-0284,2022-12-05,MNQZ22,-1,2022-12-05T13:02:00-05:00,2022-12-05T13:01:00-05:00,2022-12-05T16:00:00-05:00,2022-12-05T16:00:00-05:00,session_close_proxy,11827.0,11802.25,1,49.5,2.24,47.26,EOD_CLOSE_PROXY
A-delay2-0285,2022-12-06,MNQZ22,-1,2022-12-06T10:02:00-05:00,2022-12-06T10:01:00-05:00,2022-12-06T16:00:00-05:00,2022-12-06T16:00:00-05:00,session_close_proxy,11664.25,11562.5,1,203.5,2.24,201.26,EOD_CLOSE_PROXY
A-delay2-0286,2022-12-08,MNQZ22,1,2022-12-08T10:32:00-05:00,2022-12-08T10:31:00-05:00,2022-12-08T16:00:00-05:00,2022-12-08T16:00:00-05:00,session_close_proxy,11637.75,11645.75,1,16.0,2.24,13.76,EOD_CLOSE_PROXY
A-delay2-0287,2022-12-14,MNQZ22,1,2022-12-14T10:02:00-05:00,2022-12-14T10:01:00-05:00,2022-12-14T14:35:00-05:00,,intrabar_unknown_within_event_minute,11887.25,11640.25,1,-494.0,2.24,-496.24,CAT_STOP
A-delay2-0288,2022-12-15,MNQZ22,-1,2022-12-15T10:02:00-05:00,2022-12-15T10:01:00-05:00,2022-12-15T16:00:00-05:00,2022-12-15T16:00:00-05:00,session_close_proxy,11447.5,11348.25,1,198.5,2.24,196.26,EOD_CLOSE_PROXY
A-delay2-0289,2022-12-19,MNQH23,-1,2022-12-19T10:02:00-05:00,2022-12-19T10:01:00-05:00,2022-12-19T16:00:00-05:00,2022-12-19T16:00:00-05:00,session_close_proxy,11258.75,11188.25,1,141.0,2.24,138.76,EOD_CLOSE_PROXY
A-delay2-0290,2022-12-21,MNQH23,1,2022-12-21T10:32:00-05:00,2022-12-21T10:31:00-05:00,2022-12-21T16:00:00-05:00,2022-12-21T16:00:00-05:00,session_close_proxy,11292.25,11336.5,1,88.5,2.24,86.26,EOD_CLOSE_PROXY
A-delay2-0291,2022-12-22,MNQH23,-1,2022-12-22T10:02:00-05:00,2022-12-22T10:01:00-05:00,2022-12-22T16:00:00-05:00,2022-12-22T16:00:00-05:00,session_close_proxy,11111.75,11055.25,1,113.0,2.24,110.76,EOD_CLOSE_PROXY
A-delay2-0292,2022-12-23,MNQH23,-1,2022-12-23T10:02:00-05:00,2022-12-23T10:01:00-05:00,2022-12-23T16:00:00-05:00,2022-12-23T16:00:00-05:00,session_close_proxy,10977.0,11079.5,1,-205.0,2.24,-207.24,EOD_CLOSE_PROXY
A-delay2-0293,2022-12-29,MNQH23,1,2022-12-29T10:02:00-05:00,2022-12-29T10:01:00-05:00,2022-12-29T16:00:00-05:00,2022-12-29T16:00:00-05:00,session_close_proxy,10977.25,11032.25,1,110.0,2.24,107.76,EOD_CLOSE_PROXY
A-delay2-0294,2023-01-05,MNQH23,-1,2023-01-05T10:02:00-05:00,2023-01-05T10:01:00-05:00,2023-01-05T16:00:00-05:00,2023-01-05T16:00:00-05:00,session_close_proxy,10865.5,10820.25,1,90.5,2.24,88.26,EOD_CLOSE_PROXY
A-delay2-0295,2023-01-06,MNQH23,1,2023-01-06T11:02:00-05:00,2023-01-06T11:01:00-05:00,2023-01-06T16:00:00-05:00,2023-01-06T16:00:00-05:00,session_close_proxy,10984.25,11114.25,1,260.0,2.24,257.76,EOD_CLOSE_PROXY
A-delay2-0296,2023-01-09,MNQH23,1,2023-01-09T10:02:00-05:00,2023-01-09T10:01:00-05:00,2023-01-09T16:00:00-05:00,2023-01-09T16:00:00-05:00,session_close_proxy,11316.5,11187.75,1,-257.5,2.24,-259.74,EOD_CLOSE_PROXY
A-delay2-0297,2023-01-11,MNQH23,1,2023-01-11T15:32:00-05:00,2023-01-11T15:31:00-05:00,2023-01-11T16:00:00-05:00,2023-01-11T16:00:00-05:00,session_close_proxy,11437.5,11475.75,1,76.5,2.24,74.26,EOD_CLOSE_PROXY
A-delay2-0298,2023-01-12,MNQH23,-1,2023-01-12T10:02:00-05:00,2023-01-12T10:01:00-05:00,2023-01-12T16:00:00-05:00,2023-01-12T16:00:00-05:00,session_close_proxy,11380.5,11531.5,1,-302.0,2.24,-304.24,EOD_CLOSE_PROXY
A-delay2-0299,2023-01-18,MNQH23,-1,2023-01-18T13:02:00-05:00,2023-01-18T13:01:00-05:00,2023-01-18T16:00:00-05:00,2023-01-18T16:00:00-05:00,session_close_proxy,11509.75,11479.5,1,60.5,2.24,58.26,EOD_CLOSE_PROXY
A-delay2-0300,2023-01-20,MNQH23,1,2023-01-20T10:32:00-05:00,2023-01-20T10:31:00-05:00,2023-01-20T16:00:00-05:00,2023-01-20T16:00:00-05:00,session_close_proxy,11495.25,11675.75,1,361.0,2.24,358.76,EOD_CLOSE_PROXY
A-delay2-0301,2023-01-23,MNQH23,1,2023-01-23T10:02:00-05:00,2023-01-23T10:01:00-05:00,2023-01-23T16:00:00-05:00,2023-01-23T16:00:00-05:00,session_close_proxy,11824.0,11931.75,1,215.5,2.24,213.26,EOD_CLOSE_PROXY
A-delay2-0302,2023-01-25,MNQH23,-1,2023-01-25T10:02:00-05:00,2023-01-25T10:01:00-05:00,2023-01-25T14:18:00-05:00,,intrabar_unknown_within_event_minute,11633.25,11874.25,1,-482.0,2.24,-484.24,CAT_STOP
A-delay2-0303,2023-01-27,MNQH23,1,2023-01-27T10:32:00-05:00,2023-01-27T10:31:00-05:00,2023-01-27T16:00:00-05:00,2023-01-27T16:00:00-05:00,session_close_proxy,12173.0,12223.0,1,100.0,2.24,97.76,EOD_CLOSE_PROXY
A-delay2-0304,2023-01-31,MNQH23,1,2023-01-31T10:32:00-05:00,2023-01-31T10:31:00-05:00,2023-01-31T16:00:00-05:00,2023-01-31T16:00:00-05:00,session_close_proxy,12061.75,12153.75,1,184.0,2.24,181.76,EOD_CLOSE_PROXY
A-delay2-0305,2023-02-01,MNQH23,1,2023-02-01T15:02:00-05:00,2023-02-01T15:01:00-05:00,2023-02-01T16:00:00-05:00,2023-02-01T16:00:00-05:00,session_close_proxy,12357.75,12420.25,1,125.0,2.24,122.76,EOD_CLOSE_PROXY
A-delay2-0306,2023-02-02,MNQH23,1,2023-02-02T11:02:00-05:00,2023-02-02T11:01:00-05:00,2023-02-02T16:00:00-05:00,2023-02-02T16:00:00-05:00,session_close_proxy,12793.75,12855.0,1,122.5,2.24,120.26,EOD_CLOSE_PROXY
A-delay2-0307,2023-02-07,MNQH23,1,2023-02-07T13:02:00-05:00,2023-02-07T13:01:00-05:00,2023-02-07T13:33:00-05:00,,intrabar_unknown_within_event_minute,12757.0,12492.25,1,-529.5,2.24,-531.74,CAT_STOP
A-delay2-0308,2023-02-07,MNQH23,1,2023-02-07T14:32:00-05:00,2023-02-07T14:31:00-05:00,2023-02-07T16:00:00-05:00,2023-02-07T16:00:00-05:00,session_close_proxy,12632.0,12772.25,1,280.5,2.24,278.26,EOD_CLOSE_PROXY
A-delay2-0309,2023-02-08,MNQH23,-1,2023-02-08T11:02:00-05:00,2023-02-08T11:01:00-05:00,2023-02-08T16:00:00-05:00,2023-02-08T16:00:00-05:00,session_close_proxy,12599.0,12543.5,1,111.0,2.24,108.76,EOD_CLOSE_PROXY
A-delay2-0310,2023-02-13,MNQH23,1,2023-02-13T10:02:00-05:00,2023-02-13T10:01:00-05:00,2023-02-13T16:00:00-05:00,2023-02-13T16:00:00-05:00,session_close_proxy,12463.0,12544.5,1,163.0,2.24,160.76,EOD_CLOSE_PROXY
A-delay2-0311,2023-02-17,MNQH23,-1,2023-02-17T10:02:00-05:00,2023-02-17T10:01:00-05:00,2023-02-17T16:00:00-05:00,2023-02-17T16:00:00-05:00,session_close_proxy,12337.0,12391.75,1,-109.5,2.24,-111.74,EOD_CLOSE_PROXY
A-delay2-0312,2023-03-01,MNQH23,-1,2023-03-01T10:32:00-05:00,2023-03-01T10:31:00-05:00,2023-03-01T16:00:00-05:00,2023-03-01T16:00:00-05:00,session_close_proxy,11963.25,11965.25,1,-4.0,2.24,-6.24,EOD_CLOSE_PROXY
A-delay2-0313,2023-03-02,MNQH23,1,2023-03-02T15:32:00-05:00,2023-03-02T15:31:00-05:00,2023-03-02T16:00:00-05:00,2023-03-02T16:00:00-05:00,session_close_proxy,12055.25,12066.0,1,21.5,2.24,19.26,EOD_CLOSE_PROXY
A-delay2-0314,2023-03-03,MNQH23,1,2023-03-03T10:02:00-05:00,2023-03-03T10:01:00-05:00,2023-03-03T16:00:00-05:00,2023-03-03T16:00:00-05:00,session_close_proxy,12179.5,12312.75,1,266.5,2.24,264.26,EOD_CLOSE_PROXY
A-delay2-0315,2023-03-06,MNQH23,1,2023-03-06T10:32:00-05:00,2023-03-06T10:31:00-05:00,2023-03-06T16:00:00-05:00,2023-03-06T16:00:00-05:00,session_close_proxy,12436.75,12323.5,1,-226.5,2.24,-228.74,EOD_CLOSE_PROXY
A-delay2-0316,2023-03-07,MNQH23,-1,2023-03-07T10:32:00-05:00,2023-03-07T10:31:00-05:00,2023-03-07T16:00:00-05:00,2023-03-07T16:00:00-05:00,session_close_proxy,12241.0,12169.5,1,143.0,2.24,140.76,EOD_CLOSE_PROXY
A-delay2-0317,2023-03-09,MNQH23,1,2023-03-09T10:02:00-05:00,2023-03-09T10:01:00-05:00,2023-03-09T14:02:00-05:00,2023-03-09T14:01:00-05:00,bar_open,12325.5,12110.75,1,-429.5,2.24,-431.74,REVERSAL
A-delay2-0318,2023-03-09,MNQH23,-1,2023-03-09T14:02:00-05:00,2023-03-09T14:01:00-05:00,2023-03-09T16:00:00-05:00,2023-03-09T16:00:00-05:00,session_close_proxy,12110.75,12006.5,1,208.5,2.24,206.26,EOD_CLOSE_PROXY
A-delay2-0319,2023-03-10,MNQH23,-1,2023-03-10T10:02:00-05:00,2023-03-10T10:01:00-05:00,2023-03-10T16:00:00-05:00,2023-03-10T16:00:00-05:00,session_close_proxy,11949.0,11841.0,1,216.0,2.24,213.76,EOD_CLOSE_PROXY
A-delay2-0320,2023-03-13,MNQH23,1,2023-03-13T10:02:00-04:00,2023-03-13T10:01:00-04:00,2023-03-13T16:00:00-04:00,2023-03-13T16:00:00-04:00,session_close_proxy,11874.25,11929.75,1,111.0,2.24,108.76,EOD_CLOSE_PROXY
A-delay2-0321,2023-03-14,MNQH23,1,2023-03-14T10:02:00-04:00,2023-03-14T10:01:00-04:00,2023-03-14T16:00:00-04:00,2023-03-14T16:00:00-04:00,session_close_proxy,12129.0,12200.25,1,142.5,2.24,140.26,EOD_CLOSE_PROXY
A-delay2-0322,2023-03-16,MNQH23,1,2023-03-16T11:02:00-04:00,2023-03-16T11:01:00-04:00,2023-03-16T16:00:00-04:00,2023-03-16T16:00:00-04:00,session_close_proxy,12392.75,12583.25,1,381.0,2.24,378.76,EOD_CLOSE_PROXY
A-delay2-0323,2023-03-20,MNQM23,-1,2023-03-20T10:02:00-04:00,2023-03-20T10:01:00-04:00,2023-03-20T16:00:00-04:00,2023-03-20T16:00:00-04:00,session_close_proxy,12588.25,12692.5,1,-208.5,2.24,-210.74,EOD_CLOSE_PROXY
A-delay2-0324,2023-03-23,MNQM23,1,2023-03-23T10:32:00-04:00,2023-03-23T10:31:00-04:00,2023-03-23T16:00:00-04:00,2023-03-23T16:00:00-04:00,session_close_proxy,12935.0,12847.25,1,-175.5,2.24,-177.74,EOD_CLOSE_PROXY
A-delay2-0325,2023-03-27,MNQM23,-1,2023-03-27T12:02:00-04:00,2023-03-27T12:01:00-04:00,2023-03-27T16:00:00-04:00,2023-03-27T16:00:00-04:00,session_close_proxy,12786.25,12799.75,1,-27.0,2.24,-29.24,EOD_CLOSE_PROXY
A-delay2-0326,2023-03-28,MNQM23,-1,2023-03-28T10:02:00-04:00,2023-03-28T10:01:00-04:00,2023-03-28T16:00:00-04:00,2023-03-28T16:00:00-04:00,session_close_proxy,12683.5,12732.75,1,-98.5,2.24,-100.74,EOD_CLOSE_PROXY
A-delay2-0327,2023-03-31,MNQM23,1,2023-03-31T10:02:00-04:00,2023-03-31T10:01:00-04:00,2023-03-31T16:00:00-04:00,2023-03-31T16:00:00-04:00,session_close_proxy,13152.0,13301.25,1,298.5,2.24,296.26,EOD_CLOSE_PROXY
A-delay2-0328,2023-04-05,MNQM23,-1,2023-04-05T10:02:00-04:00,2023-04-05T10:01:00-04:00,2023-04-05T16:00:00-04:00,2023-04-05T16:00:00-04:00,session_close_proxy,13152.75,13079.5,1,146.5,2.24,144.26,EOD_CLOSE_PROXY
A-delay2-0329,2023-04-06,MNQM23,1,2023-04-06T14:02:00-04:00,2023-04-06T14:01:00-04:00,2023-04-06T16:00:00-04:00,2023-04-06T16:00:00-04:00,session_close_proxy,13171.25,13171.5,1,0.5,2.24,-1.7400000000000002,EOD_CLOSE_PROXY
A-delay2-0330,2023-04-11,MNQM23,-1,2023-04-11T10:02:00-04:00,2023-04-11T10:01:00-04:00,2023-04-11T16:00:00-04:00,2023-04-11T16:00:00-04:00,session_close_proxy,13109.0,13077.0,1,64.0,2.24,61.76,EOD_CLOSE_PROXY
A-delay2-0331,2023-04-12,MNQM23,-1,2023-04-12T11:02:00-04:00,2023-04-12T11:01:00-04:00,2023-04-12T16:00:00-04:00,2023-04-12T16:00:00-04:00,session_close_proxy,13013.5,12958.5,1,110.0,2.24,107.76,EOD_CLOSE_PROXY
A-delay2-0332,2023-04-13,MNQM23,1,2023-04-13T10:02:00-04:00,2023-04-13T10:01:00-04:00,2023-04-13T16:00:00-04:00,2023-04-13T16:00:00-04:00,session_close_proxy,13071.25,13210.5,1,278.5,2.24,276.26,EOD_CLOSE_PROXY
A-delay2-0333,2023-04-21,MNQM23,-1,2023-04-21T10:02:00-04:00,2023-04-21T10:01:00-04:00,2023-04-21T16:00:00-04:00,2023-04-21T16:00:00-04:00,session_close_proxy,12997.5,13088.0,1,-181.0,2.24,-183.24,EOD_CLOSE_PROXY
A-delay2-0334,2023-04-24,MNQM23,-1,2023-04-24T11:32:00-04:00,2023-04-24T11:31:00-04:00,2023-04-24T16:00:00-04:00,2023-04-24T16:00:00-04:00,session_close_proxy,13006.25,13059.5,1,-106.5,2.24,-108.74,EOD_CLOSE_PROXY
A-delay2-0335,2023-04-25,MNQM23,-1,2023-04-25T12:32:00-04:00,2023-04-25T12:31:00-04:00,2023-04-25T16:00:00-04:00,2023-04-25T16:00:00-04:00,session_close_proxy,12907.75,12808.75,1,198.0,2.24,195.76,EOD_CLOSE_PROXY
A-delay2-0336,2023-04-27,MNQM23,1,2023-04-27T11:32:00-04:00,2023-04-27T11:31:00-04:00,2023-04-27T16:00:00-04:00,2023-04-27T16:00:00-04:00,session_close_proxy,13136.25,13231.0,1,189.5,2.24,187.26,EOD_CLOSE_PROXY
A-delay2-0337,2023-04-28,MNQM23,1,2023-04-28T10:32:00-04:00,2023-04-28T10:31:00-04:00,2023-04-28T16:00:00-04:00,2023-04-28T16:00:00-04:00,session_close_proxy,13290.0,13323.5,1,67.0,2.24,64.76,EOD_CLOSE_PROXY
A-delay2-0338,2023-05-02,MNQM23,-1,2023-05-02T10:32:00-04:00,2023-05-02T10:31:00-04:00,2023-05-02T16:00:00-04:00,2023-05-02T16:00:00-04:00,session_close_proxy,13201.0,13185.0,1,32.0,2.24,29.76,EOD_CLOSE_PROXY
A-delay2-0339,2023-05-03,MNQM23,1,2023-05-03T10:02:00-04:00,2023-05-03T10:01:00-04:00,2023-05-03T16:00:00-04:00,2023-05-03T16:00:00-04:00,session_close_proxy,13240.5,13100.25,1,-280.5,2.24,-282.74,EOD_CLOSE_PROXY
A-delay2-0340,2023-05-04,MNQM23,-1,2023-05-04T10:02:00-04:00,2023-05-04T10:01:00-04:00,2023-05-04T16:00:00-04:00,2023-05-04T16:00:00-04:00,session_close_proxy,13044.75,13048.0,1,-6.5,2.24,-8.74,EOD_CLOSE_PROXY
A-delay2-0341,2023-05-05,MNQM23,1,2023-05-05T10:02:00-04:00,2023-05-05T10:01:00-04:00,2023-05-05T16:00:00-04:00,2023-05-05T16:00:00-04:00,session_close_proxy,13194.75,13323.75,1,258.0,2.24,255.76,EOD_CLOSE_PROXY
A-delay2-0342,2023-05-08,MNQM23,-1,2023-05-08T10:02:00-04:00,2023-05-08T10:01:00-04:00,2023-05-08T16:00:00-04:00,2023-05-08T16:00:00-04:00,session_close_proxy,13279.0,13354.5,1,-151.0,2.24,-153.24,EOD_CLOSE_PROXY
A-delay2-0343,2023-05-12,MNQM23,-1,2023-05-12T11:02:00-04:00,2023-05-12T11:01:00-04:00,2023-05-12T16:00:00-04:00,2023-05-12T16:00:00-04:00,session_close_proxy,13399.25,13397.25,1,4.0,2.24,1.7599999999999998,EOD_CLOSE_PROXY
A-delay2-0344,2023-05-16,MNQM23,1,2023-05-16T11:02:00-04:00,2023-05-16T11:01:00-04:00,2023-05-16T16:00:00-04:00,2023-05-16T16:00:00-04:00,session_close_proxy,13518.0,13482.0,1,-72.0,2.24,-74.24,EOD_CLOSE_PROXY
A-delay2-0345,2023-05-17,MNQM23,1,2023-05-17T13:02:00-04:00,2023-05-17T13:01:00-04:00,2023-05-17T16:00:00-04:00,2023-05-17T16:00:00-04:00,session_close_proxy,13608.25,13644.75,1,73.0,2.24,70.76,EOD_CLOSE_PROXY
A-delay2-0346,2023-05-18,MNQM23,1,2023-05-18T10:02:00-04:00,2023-05-18T10:01:00-04:00,2023-05-18T16:00:00-04:00,2023-05-18T16:00:00-04:00,session_close_proxy,13704.75,13889.75,1,370.0,2.24,367.76,EOD_CLOSE_PROXY
A-delay2-0347,2023-05-22,MNQM23,1,2023-05-22T10:02:00-04:00,2023-05-22T10:01:00-04:00,2023-05-22T16:00:00-04:00,2023-05-22T16:00:00-04:00,session_close_proxy,13937.75,13905.25,1,-65.0,2.24,-67.24,EOD_CLOSE_PROXY
A-delay2-0348,2023-05-23,MNQM23,-1,2023-05-23T14:32:00-04:00,2023-05-23T14:31:00-04:00,2023-05-23T16:00:00-04:00,2023-05-23T16:00:00-04:00,session_close_proxy,13733.25,13725.25,1,16.0,2.24,13.76,EOD_CLOSE_PROXY
A-delay2-0349,2023-05-24,MNQM23,-1,2023-05-24T10:32:00-04:00,2023-05-24T10:31:00-04:00,2023-05-24T16:00:00-04:00,2023-05-24T16:00:00-04:00,session_close_proxy,13599.0,13653.5,1,-109.0,2.24,-111.24,EOD_CLOSE_PROXY
A-delay2-0350,2023-05-26,MNQM23,1,2023-05-26T10:02:00-04:00,2023-05-26T10:01:00-04:00,2023-05-26T16:00:00-04:00,2023-05-26T16:00:00-04:00,session_close_proxy,14141.5,14332.5,1,382.0,2.24,379.76,EOD_CLOSE_PROXY
A-delay2-0351,2023-05-31,MNQM23,-1,2023-05-31T11:32:00-04:00,2023-05-31T11:31:00-04:00,2023-05-31T16:00:00-04:00,2023-05-31T16:00:00-04:00,session_close_proxy,14266.0,14302.0,1,-72.0,2.24,-74.24,EOD_CLOSE_PROXY
A-delay2-0352,2023-06-01,MNQM23,1,2023-06-01T11:32:00-04:00,2023-06-01T11:31:00-04:00,2023-06-01T16:00:00-04:00,2023-06-01T16:00:00-04:00,session_close_proxy,14384.5,14473.25,1,177.5,2.24,175.26,EOD_CLOSE_PROXY
A-delay2-0353,2023-06-05,MNQM23,1,2023-06-05T11:02:00-04:00,2023-06-05T11:01:00-04:00,2023-06-05T16:00:00-04:00,2023-06-05T16:00:00-04:00,session_close_proxy,14661.25,14587.5,1,-147.5,2.24,-149.74,EOD_CLOSE_PROXY
A-delay2-0354,2023-06-07,MNQM23,-1,2023-06-07T11:02:00-04:00,2023-06-07T11:01:00-04:00,2023-06-07T16:00:00-04:00,2023-06-07T16:00:00-04:00,session_close_proxy,14471.0,14331.75,1,278.5,2.24,276.26,EOD_CLOSE_PROXY
A-delay2-0355,2023-06-08,MNQM23,1,2023-06-08T10:32:00-04:00,2023-06-08T10:31:00-04:00,2023-06-08T16:00:00-04:00,2023-06-08T16:00:00-04:00,session_close_proxy,14415.0,14499.25,1,168.5,2.24,166.26,EOD_CLOSE_PROXY
A-delay2-0356,2023-06-09,MNQM23,1,2023-06-09T10:02:00-04:00,2023-06-09T10:01:00-04:00,2023-06-09T16:00:00-04:00,2023-06-09T16:00:00-04:00,session_close_proxy,14661.0,14556.25,1,-209.5,2.24,-211.74,EOD_CLOSE_PROXY
A-delay2-0357,2023-06-12,MNQM23,1,2023-06-12T15:02:00-04:00,2023-06-12T15:01:00-04:00,2023-06-12T16:00:00-04:00,2023-06-12T16:00:00-04:00,session_close_proxy,14743.0,14802.5,1,119.0,2.24,116.76,EOD_CLOSE_PROXY
A-delay2-0358,2023-06-14,MNQM23,1,2023-06-14T11:32:00-04:00,2023-06-14T11:31:00-04:00,2023-06-14T16:00:00-04:00,2023-06-14T16:00:00-04:00,session_close_proxy,15014.75,15016.25,1,3.0,2.24,0.7599999999999998,EOD_CLOSE_PROXY
A-delay2-0359,2023-06-15,MNQM23,1,2023-06-15T10:32:00-04:00,2023-06-15T10:31:00-04:00,2023-06-15T16:00:00-04:00,2023-06-15T16:00:00-04:00,session_close_proxy,15065.5,15190.75,1,250.5,2.24,248.26,EOD_CLOSE_PROXY
A-delay2-0360,2023-06-21,MNQU23,-1,2023-06-21T10:02:00-04:00,2023-06-21T10:01:00-04:00,2023-06-21T16:00:00-04:00,2023-06-21T16:00:00-04:00,session_close_proxy,15108.5,15045.5,1,126.0,2.24,123.76,EOD_CLOSE_PROXY
A-delay2-0361,2023-06-22,MNQU23,1,2023-06-22T10:32:00-04:00,2023-06-22T10:31:00-04:00,2023-06-22T16:00:00-04:00,2023-06-22T16:00:00-04:00,session_close_proxy,15124.0,15212.5,1,177.0,2.24,174.76,EOD_CLOSE_PROXY
A-delay2-0362,2023-06-26,MNQU23,1,2023-06-26T10:02:00-04:00,2023-06-26T10:01:00-04:00,2023-06-26T12:32:00-04:00,2023-06-26T12:31:00-04:00,bar_open,15129.75,14917.5,1,-424.5,2.24,-426.74,REVERSAL
A-delay2-0363,2023-06-26,MNQU23,-1,2023-06-26T12:32:00-04:00,2023-06-26T12:31:00-04:00,2023-06-26T16:00:00-04:00,2023-06-26T16:00:00-04:00,session_close_proxy,14917.5,14857.75,1,119.5,2.24,117.26,EOD_CLOSE_PROXY
A-delay2-0364,2023-06-27,MNQU23,1,2023-06-27T12:02:00-04:00,2023-06-27T12:01:00-04:00,2023-06-27T16:00:00-04:00,2023-06-27T16:00:00-04:00,session_close_proxy,15012.25,15108.75,1,193.0,2.24,190.76,EOD_CLOSE_PROXY
A-delay2-0365,2023-06-28,MNQU23,1,2023-06-28T11:02:00-04:00,2023-06-28T11:01:00-04:00,2023-06-28T16:00:00-04:00,2023-06-28T16:00:00-04:00,session_close_proxy,15184.75,15139.5,1,-90.5,2.24,-92.74,EOD_CLOSE_PROXY
A-delay2-0366,2023-06-30,MNQU23,1,2023-06-30T10:02:00-04:00,2023-06-30T10:01:00-04:00,2023-06-30T16:00:00-04:00,2023-06-30T16:00:00-04:00,session_close_proxy,15318.75,15331.0,1,24.5,2.24,22.26,EOD_CLOSE_PROXY
A-delay2-0367,2023-07-06,MNQU23,-1,2023-07-06T11:02:00-04:00,2023-07-06T11:01:00-04:00,2023-07-06T16:00:00-04:00,2023-07-06T16:00:00-04:00,session_close_proxy,15133.75,15235.75,1,-204.0,2.24,-206.24,EOD_CLOSE_PROXY
A-delay2-0368,2023-07-07,MNQU23,1,2023-07-07T13:02:00-04:00,2023-07-07T13:01:00-04:00,2023-07-07T16:00:00-04:00,2023-07-07T16:00:00-04:00,session_close_proxy,15336.5,15183.5,1,-306.0,2.24,-308.24,EOD_CLOSE_PROXY
A-delay2-0369,2023-07-10,MNQU23,-1,2023-07-10T10:02:00-04:00,2023-07-10T10:01:00-04:00,2023-07-10T16:00:00-04:00,2023-07-10T16:00:00-04:00,session_close_proxy,15122.75,15190.0,1,-134.5,2.24,-136.74,EOD_CLOSE_PROXY
A-delay2-0370,2023-07-13,MNQU23,1,2023-07-13T15:02:00-04:00,2023-07-13T15:01:00-04:00,2023-07-13T16:00:00-04:00,2023-07-13T16:00:00-04:00,session_close_proxy,15680.5,15706.0,1,51.0,2.24,48.76,EOD_CLOSE_PROXY
A-delay2-0371,2023-07-14,MNQU23,1,2023-07-14T10:02:00-04:00,2023-07-14T10:01:00-04:00,2023-07-14T16:00:00-04:00,2023-07-14T16:00:00-04:00,session_close_proxy,15792.0,15703.0,1,-178.0,2.24,-180.24,EOD_CLOSE_PROXY
A-delay2-0372,2023-07-17,MNQU23,1,2023-07-17T12:02:00-04:00,2023-07-17T12:01:00-04:00,2023-07-17T16:00:00-04:00,2023-07-17T16:00:00-04:00,session_close_proxy,15802.5,15844.75,1,84.5,2.24,82.26,EOD_CLOSE_PROXY
A-delay2-0373,2023-07-18,MNQU23,1,2023-07-18T13:32:00-04:00,2023-07-18T13:31:00-04:00,2023-07-18T16:00:00-04:00,2023-07-18T16:00:00-04:00,session_close_proxy,15935.0,15972.75,1,75.5,2.24,73.26,EOD_CLOSE_PROXY
A-delay2-0374,2023-07-20,MNQU23,-1,2023-07-20T10:32:00-04:00,2023-07-20T10:31:00-04:00,2023-07-20T16:00:00-04:00,2023-07-20T16:00:00-04:00,session_close_proxy,15741.5,15588.0,1,307.0,2.24,304.76,EOD_CLOSE_PROXY
A-delay2-0375,2023-07-25,MNQU23,1,2023-07-25T10:02:00-04:00,2023-07-25T10:01:00-04:00,2023-07-25T16:00:00-04:00,2023-07-25T16:00:00-04:00,session_close_proxy,15658.5,15667.0,1,17.0,2.24,14.76,EOD_CLOSE_PROXY
A-delay2-0376,2023-07-26,MNQU23,-1,2023-07-26T11:02:00-04:00,2023-07-26T11:01:00-04:00,2023-07-26T16:00:00-04:00,2023-07-26T16:00:00-04:00,session_close_proxy,15522.5,15613.5,1,-182.0,2.24,-184.24,EOD_CLOSE_PROXY
A-delay2-0377,2023-07-28,MNQU23,1,2023-07-28T10:02:00-04:00,2023-07-28T10:01:00-04:00,2023-07-28T16:00:00-04:00,2023-07-28T16:00:00-04:00,session_close_proxy,15794.75,15849.5,1,109.5,2.24,107.26,EOD_CLOSE_PROXY
A-delay2-0378,2023-08-02,MNQU23,-1,2023-08-02T10:02:00-04:00,2023-08-02T10:01:00-04:00,2023-08-02T16:00:00-04:00,2023-08-02T16:00:00-04:00,session_close_proxy,15592.75,15468.25,1,249.0,2.24,246.76,EOD_CLOSE_PROXY
A-delay2-0379,2023-08-04,MNQU23,1,2023-08-04T12:32:00-04:00,2023-08-04T12:31:00-04:00,2023-08-04T15:51:00-04:00,,intrabar_unknown_within_event_minute,15590.25,15341.25,1,-498.0,2.24,-500.24,CAT_STOP
A-delay2-0380,2023-08-08,MNQU23,-1,2023-08-08T10:02:00-04:00,2023-08-08T10:01:00-04:00,2023-08-08T16:00:00-04:00,2023-08-08T16:00:00-04:00,session_close_proxy,15285.5,15350.0,1,-129.0,2.24,-131.24,EOD_CLOSE_PROXY
A-delay2-0381,2023-08-09,MNQU23,-1,2023-08-09T10:02:00-04:00,2023-08-09T10:01:00-04:00,2023-08-09T16:00:00-04:00,2023-08-09T16:00:00-04:00,session_close_proxy,15294.0,15180.5,1,227.0,2.24,224.76,EOD_CLOSE_PROXY
A-delay2-0382,2023-08-10,MNQU23,1,2023-08-10T10:02:00-04:00,2023-08-10T10:01:00-04:00,2023-08-10T13:42:00-04:00,,intrabar_unknown_within_event_minute,15431.0,15172.75,1,-516.5,2.24,-518.74,CAT_STOP
A-delay2-0383,2023-08-14,MNQU23,1,2023-08-14T11:02:00-04:00,2023-08-14T11:01:00-04:00,2023-08-14T16:00:00-04:00,2023-08-14T16:00:00-04:00,session_close_proxy,15231.0,15272.5,1,83.0,2.24,80.76,EOD_CLOSE_PROXY
A-delay2-0384,2023-08-15,MNQU23,-1,2023-08-15T10:32:00-04:00,2023-08-15T10:31:00-04:00,2023-08-15T16:00:00-04:00,2023-08-15T16:00:00-04:00,session_close_proxy,15124.0,15105.5,1,37.0,2.24,34.76,EOD_CLOSE_PROXY
A-delay2-0385,2023-08-16,MNQU23,-1,2023-08-16T15:32:00-04:00,2023-08-16T15:31:00-04:00,2023-08-16T16:00:00-04:00,2023-08-16T16:00:00-04:00,session_close_proxy,14957.75,14939.0,1,37.5,2.24,35.26,EOD_CLOSE_PROXY
A-delay2-0386,2023-08-17,MNQU23,-1,2023-08-17T14:32:00-04:00,2023-08-17T14:31:00-04:00,2023-08-17T16:00:00-04:00,2023-08-17T16:00:00-04:00,session_close_proxy,14850.75,14772.0,1,157.5,2.24,155.26,EOD_CLOSE_PROXY
A-delay2-0387,2023-08-21,MNQU23,1,2023-08-21T10:02:00-04:00,2023-08-21T10:01:00-04:00,2023-08-21T16:00:00-04:00,2023-08-21T16:00:00-04:00,session_close_proxy,14910.0,14987.0,1,154.0,2.24,151.76,EOD_CLOSE_PROXY
A-delay2-0388,2023-08-23,MNQU23,1,2023-08-23T10:02:00-04:00,2023-08-23T10:01:00-04:00,2023-08-23T16:00:00-04:00,2023-08-23T16:00:00-04:00,session_close_proxy,15091.75,15198.5,1,213.5,2.24,211.26,EOD_CLOSE_PROXY
A-delay2-0389,2023-08-24,MNQU23,-1,2023-08-24T10:32:00-04:00,2023-08-24T10:31:00-04:00,2023-08-24T16:00:00-04:00,2023-08-24T16:00:00-04:00,session_close_proxy,15071.25,14859.25,1,424.0,2.24,421.76,EOD_CLOSE_PROXY
A-delay2-0390,2023-08-25,MNQU23,-1,2023-08-25T11:02:00-04:00,2023-08-25T11:01:00-04:00,2023-08-25T15:01:00-04:00,,intrabar_unknown_within_event_minute,14774.5,15009.75,1,-470.5,2.24,-472.74,CAT_STOP
A-delay2-0391,2023-08-29,MNQU23,1,2023-08-29T10:02:00-04:00,2023-08-29T10:01:00-04:00,2023-08-29T16:00:00-04:00,2023-08-29T16:00:00-04:00,session_close_proxy,15202.75,15413.25,1,421.0,2.24,418.76,EOD_CLOSE_PROXY
A-delay2-0392,2023-08-31,MNQU23,1,2023-08-31T10:02:00-04:00,2023-08-31T10:01:00-04:00,2023-08-31T16:00:00-04:00,2023-08-31T16:00:00-04:00,session_close_proxy,15570.5,15532.5,1,-76.0,2.24,-78.24,EOD_CLOSE_PROXY
A-delay2-0393,2023-09-06,MNQU23,-1,2023-09-06T10:32:00-04:00,2023-09-06T10:31:00-04:00,2023-09-06T16:00:00-04:00,2023-09-06T16:00:00-04:00,session_close_proxy,15397.5,15398.5,1,-2.0,2.24,-4.24,EOD_CLOSE_PROXY
A-delay2-0394,2023-09-08,MNQU23,1,2023-09-08T10:32:00-04:00,2023-09-08T10:31:00-04:00,2023-09-08T16:00:00-04:00,2023-09-08T16:00:00-04:00,session_close_proxy,15385.25,15295.0,1,-180.5,2.24,-182.74,EOD_CLOSE_PROXY
A-delay2-0395,2023-09-19,MNQZ23,-1,2023-09-19T10:02:00-04:00,2023-09-19T10:01:00-04:00,2023-09-19T16:00:00-04:00,2023-09-19T16:00:00-04:00,session_close_proxy,15298.25,15377.25,1,-158.0,2.24,-160.24,EOD_CLOSE_PROXY
A-delay2-0396,2023-09-20,MNQZ23,-1,2023-09-20T15:32:00-04:00,2023-09-20T15:31:00-04:00,2023-09-20T16:00:00-04:00,2023-09-20T16:00:00-04:00,session_close_proxy,15240.0,15152.0,1,176.0,2.24,173.76,EOD_CLOSE_PROXY
A-delay2-0397,2023-09-21,MNQZ23,-1,2023-09-21T10:02:00-04:00,2023-09-21T10:01:00-04:00,2023-09-21T16:00:00-04:00,2023-09-21T16:00:00-04:00,session_close_proxy,14930.75,14861.5,1,138.5,2.24,136.26,EOD_CLOSE_PROXY
A-delay2-0398,2023-09-22,MNQZ23,1,2023-09-22T11:02:00-04:00,2023-09-22T11:01:00-04:00,2023-09-22T16:00:00-04:00,2023-09-22T16:00:00-04:00,session_close_proxy,15004.0,14867.5,1,-273.0,2.24,-275.24,EOD_CLOSE_PROXY
A-delay2-0399,2023-09-26,MNQZ23,-1,2023-09-26T10:02:00-04:00,2023-09-26T10:01:00-04:00,2023-09-26T16:00:00-04:00,2023-09-26T16:00:00-04:00,session_close_proxy,14778.75,14709.0,1,139.5,2.24,137.26,EOD_CLOSE_PROXY
A-delay2-0400,2023-09-27,MNQZ23,-1,2023-09-27T13:32:00-04:00,2023-09-27T13:31:00-04:00,2023-09-27T16:00:00-04:00,2023-09-27T16:00:00-04:00,session_close_proxy,14624.75,14744.0,1,-238.5,2.24,-240.74,EOD_CLOSE_PROXY
A-delay2-0401,2023-09-28,MNQZ23,1,2023-09-28T11:32:00-04:00,2023-09-28T11:31:00-04:00,2023-09-28T16:00:00-04:00,2023-09-28T16:00:00-04:00,session_close_proxy,14836.0,14858.5,1,45.0,2.24,42.76,EOD_CLOSE_PROXY
A-delay2-0402,2023-10-02,MNQZ23,1,2023-10-02T10:02:00-04:00,2023-10-02T10:01:00-04:00,2023-10-02T16:00:00-04:00,2023-10-02T16:00:00-04:00,session_close_proxy,14959.5,14988.25,1,57.5,2.24,55.26,EOD_CLOSE_PROXY
A-delay2-0403,2023-10-03,MNQZ23,-1,2023-10-03T10:32:00-04:00,2023-10-03T10:31:00-04:00,2023-10-03T16:00:00-04:00,2023-10-03T16:00:00-04:00,session_close_proxy,14783.5,14719.75,1,127.5,2.24,125.26,EOD_CLOSE_PROXY
A-delay2-0404,2023-10-04,MNQZ23,1,2023-10-04T10:02:00-04:00,2023-10-04T10:01:00-04:00,2023-10-04T16:00:00-04:00,2023-10-04T16:00:00-04:00,session_close_proxy,14783.0,14919.25,1,272.5,2.24,270.26,EOD_CLOSE_PROXY
A-delay2-0405,2023-10-05,MNQZ23,-1,2023-10-05T10:02:00-04:00,2023-10-05T10:01:00-04:00,2023-10-05T16:00:00-04:00,2023-10-05T16:00:00-04:00,session_close_proxy,14814.25,14865.75,1,-103.0,2.24,-105.24,EOD_CLOSE_PROXY
A-delay2-0406,2023-10-06,MNQZ23,1,2023-10-06T12:02:00-04:00,2023-10-06T12:01:00-04:00,2023-10-06T16:00:00-04:00,2023-10-06T16:00:00-04:00,session_close_proxy,15055.25,15113.0,1,115.5,2.24,113.26,EOD_CLOSE_PROXY
A-delay2-0407,2023-10-10,MNQZ23,1,2023-10-10T10:32:00-04:00,2023-10-10T10:31:00-04:00,2023-10-10T16:00:00-04:00,2023-10-10T16:00:00-04:00,session_close_proxy,15293.75,15270.25,1,-47.0,2.24,-49.24,EOD_CLOSE_PROXY
A-delay2-0408,2023-10-13,MNQZ23,-1,2023-10-13T11:02:00-04:00,2023-10-13T11:01:00-04:00,2023-10-13T16:00:00-04:00,2023-10-13T16:00:00-04:00,session_close_proxy,15192.75,15121.5,1,142.5,2.24,140.26,EOD_CLOSE_PROXY
A-delay2-0409,2023-10-16,MNQZ23,1,2023-10-16T10:02:00-04:00,2023-10-16T10:01:00-04:00,2023-10-16T16:00:00-04:00,2023-10-16T16:00:00-04:00,session_close_proxy,15237.5,15293.5,1,112.0,2.24,109.76,EOD_CLOSE_PROXY
A-delay2-0410,2023-10-17,MNQZ23,-1,2023-10-17T10:02:00-04:00,2023-10-17T10:01:00-04:00,2023-10-17T16:00:00-04:00,2023-10-17T16:00:00-04:00,session_close_proxy,15086.5,15240.75,1,-308.5,2.24,-310.74,EOD_CLOSE_PROXY
A-delay2-0411,2023-10-19,MNQZ23,-1,2023-10-19T15:02:00-04:00,2023-10-19T15:01:00-04:00,2023-10-19T16:00:00-04:00,2023-10-19T16:00:00-04:00,session_close_proxy,14902.0,14885.75,1,32.5,2.24,30.26,EOD_CLOSE_PROXY
A-delay2-0412,2023-10-20,MNQZ23,-1,2023-10-20T10:32:00-04:00,2023-10-20T10:31:00-04:00,2023-10-20T16:00:00-04:00,2023-10-20T16:00:00-04:00,session_close_proxy,14757.5,14661.75,1,191.5,2.24,189.26,EOD_CLOSE_PROXY
A-delay2-0413,2023-10-23,MNQZ23,1,2023-10-23T12:32:00-04:00,2023-10-23T12:31:00-04:00,2023-10-23T16:00:00-04:00,2023-10-23T16:00:00-04:00,session_close_proxy,14781.0,14706.25,1,-149.5,2.24,-151.74,EOD_CLOSE_PROXY
A-delay2-0414,2023-10-24,MNQZ23,1,2023-10-24T10:02:00-04:00,2023-10-24T10:01:00-04:00,2023-10-24T16:00:00-04:00,2023-10-24T16:00:00-04:00,session_close_proxy,14827.5,14847.25,1,39.5,2.24,37.26,EOD_CLOSE_PROXY
A-delay2-0415,2023-10-25,MNQZ23,-1,2023-10-25T10:02:00-04:00,2023-10-25T10:01:00-04:00,2023-10-25T16:00:00-04:00,2023-10-25T16:00:00-04:00,session_close_proxy,14620.0,14476.5,1,287.0,2.24,284.76,EOD_CLOSE_PROXY
A-delay2-0416,2023-10-26,MNQZ23,-1,2023-10-26T10:02:00-04:00,2023-10-26T10:01:00-04:00,2023-10-26T16:00:00-04:00,2023-10-26T16:00:00-04:00,session_close_proxy,14325.0,14194.25,1,261.5,2.24,259.26,EOD_CLOSE_PROXY
A-delay2-0417,2023-10-30,MNQZ23,1,2023-10-30T10:02:00-04:00,2023-10-30T10:01:00-04:00,2023-10-30T16:00:00-04:00,2023-10-30T16:00:00-04:00,session_close_proxy,14438.0,14418.75,1,-38.5,2.24,-40.74,EOD_CLOSE_PROXY
A-delay2-0418,2023-10-31,MNQZ23,-1,2023-10-31T10:02:00-04:00,2023-10-31T10:01:00-04:00,2023-10-31T16:00:00-04:00,2023-10-31T16:00:00-04:00,session_close_proxy,14337.0,14489.25,1,-304.5,2.24,-306.74,EOD_CLOSE_PROXY
A-delay2-0419,2023-11-01,MNQZ23,1,2023-11-01T10:32:00-04:00,2023-11-01T10:31:00-04:00,2023-11-01T16:00:00-04:00,2023-11-01T16:00:00-04:00,session_close_proxy,14631.25,14742.5,1,222.5,2.24,220.26,EOD_CLOSE_PROXY
A-delay2-0420,2023-11-03,MNQZ23,1,2023-11-03T10:02:00-04:00,2023-11-03T10:01:00-04:00,2023-11-03T16:00:00-04:00,2023-11-03T16:00:00-04:00,session_close_proxy,15124.5,15174.5,1,100.0,2.24,97.76,EOD_CLOSE_PROXY
A-delay2-0421,2023-11-07,MNQZ23,1,2023-11-07T10:32:00-05:00,2023-11-07T10:31:00-05:00,2023-11-07T16:00:00-05:00,2023-11-07T16:00:00-05:00,session_close_proxy,15339.5,15375.0,1,71.0,2.24,68.76,EOD_CLOSE_PROXY
A-delay2-0422,2023-11-09,MNQZ23,-1,2023-11-09T15:02:00-05:00,2023-11-09T15:01:00-05:00,2023-11-09T16:00:00-05:00,2023-11-09T16:00:00-05:00,session_close_proxy,15243.25,15258.5,1,-30.5,2.24,-32.74,EOD_CLOSE_PROXY
A-delay2-0423,2023-11-10,MNQZ23,1,2023-11-10T10:02:00-05:00,2023-11-10T10:01:00-05:00,2023-11-10T16:00:00-05:00,2023-11-10T16:00:00-05:00,session_close_proxy,15368.5,15597.25,1,457.5,2.24,455.26,EOD_CLOSE_PROXY
A-delay2-0424,2023-11-14,MNQZ23,1,2023-11-14T10:02:00-05:00,2023-11-14T10:01:00-05:00,2023-11-14T16:00:00-05:00,2023-11-14T16:00:00-05:00,session_close_proxy,15876.0,15878.75,1,5.5,2.24,3.26,EOD_CLOSE_PROXY
A-delay2-0425,2023-11-20,MNQZ23,1,2023-11-20T10:02:00-05:00,2023-11-20T10:01:00-05:00,2023-11-20T16:00:00-05:00,2023-11-20T16:00:00-05:00,session_close_proxy,15987.0,16088.75,1,203.5,2.24,201.26,EOD_CLOSE_PROXY
A-delay2-0426,2023-11-21,MNQZ23,-1,2023-11-21T10:32:00-05:00,2023-11-21T10:31:00-05:00,2023-11-21T16:00:00-05:00,2023-11-21T16:00:00-05:00,session_close_proxy,15923.5,15988.75,1,-130.5,2.24,-132.74,EOD_CLOSE_PROXY
A-delay2-0427,2023-11-29,MNQZ23,1,2023-11-29T10:02:00-05:00,2023-11-29T10:01:00-05:00,2023-11-29T16:00:00-05:00,2023-11-29T16:00:00-05:00,session_close_proxy,16198.25,16025.75,1,-345.0,2.24,-347.24,EOD_CLOSE_PROXY
A-delay2-0428,2023-11-30,MNQZ23,-1,2023-11-30T10:02:00-05:00,2023-11-30T10:01:00-05:00,2023-11-30T16:00:00-05:00,2023-11-30T16:00:00-05:00,session_close_proxy,15955.25,15980.5,1,-50.5,2.24,-52.74,EOD_CLOSE_PROXY
A-delay2-0429,2023-12-01,MNQZ23,-1,2023-12-01T10:32:00-05:00,2023-12-01T10:31:00-05:00,2023-12-01T16:00:00-05:00,2023-12-01T16:00:00-05:00,session_close_proxy,15867.75,16025.25,1,-315.0,2.24,-317.24,EOD_CLOSE_PROXY
A-delay2-0430,2023-12-04,MNQZ23,-1,2023-12-04T10:32:00-05:00,2023-12-04T10:31:00-05:00,2023-12-04T16:00:00-05:00,2023-12-04T16:00:00-05:00,session_close_proxy,15754.25,15871.25,1,-234.0,2.24,-236.24,EOD_CLOSE_PROXY
A-delay2-0431,2023-12-05,MNQZ23,1,2023-12-05T11:02:00-05:00,2023-12-05T11:01:00-05:00,2023-12-05T16:00:00-05:00,2023-12-05T16:00:00-05:00,session_close_proxy,15951.25,15912.0,1,-78.5,2.24,-80.74,EOD_CLOSE_PROXY
A-delay2-0432,2023-12-06,MNQZ23,-1,2023-12-06T15:32:00-05:00,2023-12-06T15:31:00-05:00,2023-12-06T16:00:00-05:00,2023-12-06T16:00:00-05:00,session_close_proxy,15826.5,15814.75,1,23.5,2.24,21.26,EOD_CLOSE_PROXY
A-delay2-0433,2023-12-07,MNQZ23,1,2023-12-07T11:02:00-05:00,2023-12-07T11:01:00-05:00,2023-12-07T16:00:00-05:00,2023-12-07T16:00:00-05:00,session_close_proxy,15998.25,16035.25,1,74.0,2.24,71.76,EOD_CLOSE_PROXY
A-delay2-0434,2023-12-08,MNQZ23,1,2023-12-08T10:32:00-05:00,2023-12-08T10:31:00-05:00,2023-12-08T16:00:00-05:00,2023-12-08T16:00:00-05:00,session_close_proxy,16092.25,16098.5,1,12.5,2.24,10.26,EOD_CLOSE_PROXY
A-delay2-0435,2023-12-11,MNQZ23,1,2023-12-11T10:02:00-05:00,2023-12-11T10:01:00-05:00,2023-12-11T16:00:00-05:00,2023-12-11T16:00:00-05:00,session_close_proxy,16164.5,16234.25,1,139.5,2.24,137.26,EOD_CLOSE_PROXY
A-delay2-0436,2023-12-12,MNQZ23,1,2023-12-12T15:02:00-05:00,2023-12-12T15:01:00-05:00,2023-12-12T16:00:00-05:00,2023-12-12T16:00:00-05:00,session_close_proxy,16335.0,16365.0,1,60.0,2.24,57.76,EOD_CLOSE_PROXY
A-delay2-0437,2023-12-13,MNQZ23,1,2023-12-13T15:02:00-05:00,2023-12-13T15:01:00-05:00,2023-12-13T16:00:00-05:00,2023-12-13T16:00:00-05:00,session_close_proxy,16566.75,16566.5,1,-0.5,2.24,-2.74,EOD_CLOSE_PROXY
A-delay2-0438,2023-12-14,MNQZ23,-1,2023-12-14T13:32:00-05:00,2023-12-14T13:31:00-05:00,2023-12-14T16:00:00-05:00,2023-12-14T16:00:00-05:00,session_close_proxy,16479.75,16544.75,1,-130.0,2.24,-132.24,EOD_CLOSE_PROXY
A-delay2-0439,2023-12-18,MNQH24,1,2023-12-18T12:32:00-05:00,2023-12-18T12:31:00-05:00,2023-12-18T16:00:00-05:00,2023-12-18T16:00:00-05:00,session_close_proxy,16933.75,16938.25,1,9.0,2.24,6.76,EOD_CLOSE_PROXY
A-delay2-0440,2023-12-20,MNQH24,-1,2023-12-20T15:02:00-05:00,2023-12-20T15:01:00-05:00,2023-12-20T16:00:00-05:00,2023-12-20T16:00:00-05:00,session_close_proxy,16844.5,16764.0,1,161.0,2.24,158.76,EOD_CLOSE_PROXY
A-delay2-0441,2023-12-29,MNQH24,-1,2023-12-29T11:02:00-05:00,2023-12-29T11:01:00-05:00,2023-12-29T16:00:00-05:00,2023-12-29T16:00:00-05:00,session_close_proxy,17022.5,17018.75,1,7.5,2.24,5.26,EOD_CLOSE_PROXY
A-delay2-0442,2024-01-05,MNQH24,1,2024-01-05T10:02:00-05:00,2024-01-05T10:01:00-05:00,2024-01-05T16:00:00-05:00,2024-01-05T16:00:00-05:00,session_close_proxy,16500.0,16463.75,1,-72.5,2.24,-74.74,EOD_CLOSE_PROXY
A-delay2-0443,2024-01-08,MNQH24,1,2024-01-08T10:02:00-05:00,2024-01-08T10:01:00-05:00,2024-01-08T16:00:00-05:00,2024-01-08T16:00:00-05:00,session_close_proxy,16622.75,16801.5,1,357.5,2.24,355.26,EOD_CLOSE_PROXY
A-delay2-0444,2024-01-10,MNQH24,1,2024-01-10T11:02:00-05:00,2024-01-10T11:01:00-05:00,2024-01-10T16:00:00-05:00,2024-01-10T16:00:00-05:00,session_close_proxy,16894.5,16941.25,1,93.5,2.24,91.26,EOD_CLOSE_PROXY
A-delay2-0445,2024-01-11,MNQH24,-1,2024-01-11T10:32:00-05:00,2024-01-11T10:31:00-05:00,2024-01-11T16:00:00-05:00,2024-01-11T16:00:00-05:00,session_close_proxy,16908.25,16965.25,1,-114.0,2.24,-116.24,EOD_CLOSE_PROXY
A-delay2-0446,2024-01-17,MNQH24,-1,2024-01-17T10:02:00-05:00,2024-01-17T10:01:00-05:00,2024-01-17T16:00:00-05:00,2024-01-17T16:00:00-05:00,session_close_proxy,16690.5,16868.75,1,-356.5,2.24,-358.74,EOD_CLOSE_PROXY
A-delay2-0447,2024-01-18,MNQH24,1,2024-01-18T11:32:00-05:00,2024-01-18T11:31:00-05:00,2024-01-18T16:00:00-05:00,2024-01-18T16:00:00-05:00,session_close_proxy,17091.25,17109.0,1,35.5,2.24,33.26,EOD_CLOSE_PROXY
A-delay2-0448,2024-01-19,MNQH24,1,2024-01-19T12:32:00-05:00,2024-01-19T12:31:00-05:00,2024-01-19T16:00:00-05:00,2024-01-19T16:00:00-05:00,session_close_proxy,17285.5,17441.75,1,312.5,2.24,310.26,EOD_CLOSE_PROXY
A-delay2-0449,2024-01-24,MNQH24,1,2024-01-24T13:02:00-05:00,2024-01-24T13:01:00-05:00,2024-01-24T16:00:00-05:00,2024-01-24T16:00:00-05:00,session_close_proxy,17775.75,17624.5,1,-302.5,2.24,-304.74,EOD_CLOSE_PROXY
A-delay2-0450,2024-01-29,MNQH24,1,2024-01-29T15:32:00-05:00,2024-01-29T15:31:00-05:00,2024-01-29T16:00:00-05:00,2024-01-29T16:00:00-05:00,session_close_proxy,17711.25,17707.75,1,-7.0,2.24,-9.24,EOD_CLOSE_PROXY
A-delay2-0451,2024-01-30,MNQH24,-1,2024-01-30T13:02:00-05:00,2024-01-30T13:01:00-05:00,2024-01-30T16:00:00-05:00,2024-01-30T16:00:00-05:00,session_close_proxy,17566.5,17583.75,1,-34.5,2.24,-36.74,EOD_CLOSE_PROXY
A-delay2-0452,2024-01-31,MNQH24,-1,2024-01-31T10:02:00-05:00,2024-01-31T10:01:00-05:00,2024-01-31T16:00:00-05:00,2024-01-31T16:00:00-05:00,session_close_proxy,17372.25,17238.25,1,268.0,2.24,265.76,EOD_CLOSE_PROXY
A-delay2-0453,2024-02-01,MNQH24,1,2024-02-01T10:32:00-05:00,2024-02-01T10:31:00-05:00,2024-02-01T16:00:00-05:00,2024-02-01T16:00:00-05:00,session_close_proxy,17366.0,17440.0,1,148.0,2.24,145.76,EOD_CLOSE_PROXY
A-delay2-0454,2024-02-02,MNQH24,1,2024-02-02T10:02:00-05:00,2024-02-02T10:01:00-05:00,2024-02-02T16:00:00-05:00,2024-02-02T16:00:00-05:00,session_close_proxy,17608.0,17729.5,1,243.0,2.24,240.76,EOD_CLOSE_PROXY
A-delay2-0455,2024-02-05,MNQH24,-1,2024-02-05T10:32:00-05:00,2024-02-05T10:31:00-05:00,2024-02-05T16:00:00-05:00,2024-02-05T16:00:00-05:00,session_close_proxy,17625.25,17697.0,1,-143.5,2.24,-145.74,EOD_CLOSE_PROXY
A-delay2-0456,2024-02-06,MNQH24,-1,2024-02-06T10:02:00-05:00,2024-02-06T10:01:00-05:00,2024-02-06T16:00:00-05:00,2024-02-06T16:00:00-05:00,session_close_proxy,17647.0,17661.75,1,-29.5,2.24,-31.74,EOD_CLOSE_PROXY
A-delay2-0457,2024-02-07,MNQH24,1,2024-02-07T10:32:00-05:00,2024-02-07T10:31:00-05:00,2024-02-07T16:00:00-05:00,2024-02-07T16:00:00-05:00,session_close_proxy,17857.5,17841.25,1,-32.5,2.24,-34.74,EOD_CLOSE_PROXY
A-delay2-0458,2024-02-09,MNQH24,1,2024-02-09T10:02:00-05:00,2024-02-09T10:01:00-05:00,2024-02-09T16:00:00-05:00,2024-02-09T16:00:00-05:00,session_close_proxy,17942.0,18039.0,1,194.0,2.24,191.76,EOD_CLOSE_PROXY
A-delay2-0459,2024-02-12,MNQH24,1,2024-02-12T11:32:00-05:00,2024-02-12T11:31:00-05:00,2024-02-12T16:00:00-05:00,2024-02-12T16:00:00-05:00,session_close_proxy,18093.25,17963.25,1,-260.0,2.24,-262.24,EOD_CLOSE_PROXY
A-delay2-0460,2024-02-15,MNQH24,-1,2024-02-15T10:02:00-05:00,2024-02-15T10:01:00-05:00,2024-02-15T16:00:00-05:00,2024-02-15T16:00:00-05:00,session_close_proxy,17821.75,17914.0,1,-184.5,2.24,-186.74,EOD_CLOSE_PROXY
A-delay2-0461,2024-02-16,MNQH24,-1,2024-02-16T10:02:00-05:00,2024-02-16T10:01:00-05:00,2024-02-16T16:00:00-05:00,2024-02-16T16:00:00-05:00,session_close_proxy,17753.0,17746.75,1,12.5,2.24,10.26,EOD_CLOSE_PROXY
A-delay2-0462,2024-02-21,MNQH24,-1,2024-02-21T14:32:00-05:00,2024-02-21T14:31:00-05:00,2024-02-21T16:00:00-05:00,2024-02-21T16:00:00-05:00,session_close_proxy,17414.75,17536.75,1,-244.0,2.24,-246.24,EOD_CLOSE_PROXY
A-delay2-0463,2024-02-22,MNQH24,1,2024-02-22T12:32:00-05:00,2024-02-22T12:31:00-05:00,2024-02-22T16:00:00-05:00,2024-02-22T16:00:00-05:00,session_close_proxy,17994.0,18044.75,1,101.5,2.24,99.26,EOD_CLOSE_PROXY
A-delay2-0464,2024-03-01,MNQH24,1,2024-03-01T10:02:00-05:00,2024-03-01T10:01:00-05:00,2024-03-01T16:00:00-05:00,2024-03-01T16:00:00-05:00,session_close_proxy,18147.75,18334.75,1,374.0,2.24,371.76,EOD_CLOSE_PROXY
A-delay2-0465,2024-03-05,MNQH24,-1,2024-03-05T10:02:00-05:00,2024-03-05T10:01:00-05:00,2024-03-05T16:00:00-05:00,2024-03-05T16:00:00-05:00,session_close_proxy,18064.25,17931.75,1,265.0,2.24,262.76,EOD_CLOSE_PROXY
A-delay2-0466,2024-03-07,MNQH24,1,2024-03-07T11:02:00-05:00,2024-03-07T11:01:00-05:00,2024-03-07T16:00:00-05:00,2024-03-07T16:00:00-05:00,session_close_proxy,18246.75,18308.75,1,124.0,2.24,121.76,EOD_CLOSE_PROXY
A-delay2-0467,2024-03-08,MNQH24,1,2024-03-08T10:02:00-05:00,2024-03-08T10:01:00-05:00,2024-03-08T11:32:00-05:00,2024-03-08T11:31:00-05:00,bar_open,18386.75,18189.0,1,-395.5,2.24,-397.74,REVERSAL
A-delay2-0468,2024-03-08,MNQH24,-1,2024-03-08T11:32:00-05:00,2024-03-08T11:31:00-05:00,2024-03-08T16:00:00-05:00,2024-03-08T16:00:00-05:00,session_close_proxy,18189.0,18040.75,1,296.5,2.24,294.26,EOD_CLOSE_PROXY
A-delay2-0469,2024-03-11,MNQH24,-1,2024-03-11T10:02:00-04:00,2024-03-11T10:01:00-04:00,2024-03-11T16:00:00-04:00,2024-03-11T16:00:00-04:00,session_close_proxy,17910.75,17970.5,1,-119.5,2.24,-121.74,EOD_CLOSE_PROXY
A-delay2-0470,2024-03-12,MNQH24,1,2024-03-12T11:02:00-04:00,2024-03-12T11:01:00-04:00,2024-03-12T16:00:00-04:00,2024-03-12T16:00:00-04:00,session_close_proxy,18167.25,18226.75,1,119.0,2.24,116.76,EOD_CLOSE_PROXY
A-delay2-0471,2024-03-13,MNQH24,-1,2024-03-13T10:02:00-04:00,2024-03-13T10:01:00-04:00,2024-03-13T16:00:00-04:00,2024-03-13T16:00:00-04:00,session_close_proxy,18077.0,18079.75,1,-5.5,2.24,-7.74,EOD_CLOSE_PROXY
A-delay2-0472,2024-03-14,MNQH24,-1,2024-03-14T10:02:00-04:00,2024-03-14T10:01:00-04:00,2024-03-14T16:00:00-04:00,2024-03-14T16:00:00-04:00,session_close_proxy,17966.0,18030.0,1,-128.0,2.24,-130.24,EOD_CLOSE_PROXY
A-delay2-0473,2024-03-18,MNQM24,1,2024-03-18T10:32:00-04:00,2024-03-18T10:31:00-04:00,2024-03-18T16:00:00-04:00,2024-03-18T16:00:00-04:00,session_close_proxy,18369.5,18229.25,1,-280.5,2.24,-282.74,EOD_CLOSE_PROXY
A-delay2-0474,2024-03-19,MNQM24,-1,2024-03-19T10:02:00-04:00,2024-03-19T10:01:00-04:00,2024-03-19T16:00:00-04:00,2024-03-19T16:00:00-04:00,session_close_proxy,18099.25,18270.0,1,-341.5,2.24,-343.74,EOD_CLOSE_PROXY
A-delay2-0475,2024-03-20,MNQM24,1,2024-03-20T15:32:00-04:00,2024-03-20T15:31:00-04:00,2024-03-20T16:00:00-04:00,2024-03-20T16:00:00-04:00,session_close_proxy,18491.0,18484.5,1,-13.0,2.24,-15.24,EOD_CLOSE_PROXY
A-delay2-0476,2024-04-02,MNQM24,-1,2024-04-02T11:02:00-04:00,2024-04-02T11:01:00-04:00,2024-04-02T16:00:00-04:00,2024-04-02T16:00:00-04:00,session_close_proxy,18222.25,18330.75,1,-217.0,2.24,-219.24,EOD_CLOSE_PROXY
A-delay2-0477,2024-04-03,MNQM24,1,2024-04-03T10:32:00-04:00,2024-04-03T10:31:00-04:00,2024-04-03T16:00:00-04:00,2024-04-03T16:00:00-04:00,session_close_proxy,18416.5,18370.75,1,-91.5,2.24,-93.74,EOD_CLOSE_PROXY
A-delay2-0478,2024-04-04,MNQM24,-1,2024-04-04T15:02:00-04:00,2024-04-04T15:01:00-04:00,2024-04-04T16:00:00-04:00,2024-04-04T16:00:00-04:00,session_close_proxy,18188.25,18075.75,1,225.0,2.24,222.76,EOD_CLOSE_PROXY
A-delay2-0479,2024-04-05,MNQM24,1,2024-04-05T10:02:00-04:00,2024-04-05T10:01:00-04:00,2024-04-05T16:00:00-04:00,2024-04-05T16:00:00-04:00,session_close_proxy,18206.5,18293.25,1,173.5,2.24,171.26,EOD_CLOSE_PROXY
A-delay2-0480,2024-04-09,MNQM24,-1,2024-04-09T11:02:00-04:00,2024-04-09T11:01:00-04:00,2024-04-09T16:00:00-04:00,2024-04-09T16:00:00-04:00,session_close_proxy,18216.25,18362.25,1,-292.0,2.24,-294.24,EOD_CLOSE_PROXY
A-delay2-0481,2024-04-11,MNQM24,1,2024-04-11T13:32:00-04:00,2024-04-11T13:31:00-04:00,2024-04-11T16:00:00-04:00,2024-04-11T16:00:00-04:00,session_close_proxy,18418.25,18481.75,1,127.0,2.24,124.76,EOD_CLOSE_PROXY
A-delay2-0482,2024-04-12,MNQM24,-1,2024-04-12T11:02:00-04:00,2024-04-12T11:01:00-04:00,2024-04-12T16:00:00-04:00,2024-04-12T16:00:00-04:00,session_close_proxy,18208.5,18180.75,1,55.5,2.24,53.26,EOD_CLOSE_PROXY
A-delay2-0483,2024-04-15,MNQM24,-1,2024-04-15T13:32:00-04:00,2024-04-15T13:31:00-04:00,2024-04-15T16:00:00-04:00,2024-04-15T16:00:00-04:00,session_close_proxy,17915.75,17876.25,1,79.0,2.24,76.76,EOD_CLOSE_PROXY
A-delay2-0484,2024-04-17,MNQM24,-1,2024-04-17T11:32:00-04:00,2024-04-17T11:31:00-04:00,2024-04-17T16:00:00-04:00,2024-04-17T16:00:00-04:00,session_close_proxy,17747.5,17654.5,1,186.0,2.24,183.76,EOD_CLOSE_PROXY
A-delay2-0485,2024-04-18,MNQM24,-1,2024-04-18T10:02:00-04:00,2024-04-18T10:01:00-04:00,2024-04-18T16:00:00-04:00,2024-04-18T16:00:00-04:00,session_close_proxy,17601.75,17545.0,1,113.5,2.24,111.26,EOD_CLOSE_PROXY
A-delay2-0486,2024-04-19,MNQM24,-1,2024-04-19T10:02:00-04:00,2024-04-19T10:01:00-04:00,2024-04-19T16:00:00-04:00,2024-04-19T16:00:00-04:00,session_close_proxy,17459.5,17182.25,1,554.5,2.24,552.26,EOD_CLOSE_PROXY
A-delay2-0487,2024-04-23,MNQM24,1,2024-04-23T10:02:00-04:00,2024-04-23T10:01:00-04:00,2024-04-23T16:00:00-04:00,2024-04-23T16:00:00-04:00,session_close_proxy,17495.25,17608.0,1,225.5,2.24,223.26,EOD_CLOSE_PROXY
A-delay2-0488,2024-04-26,MNQM24,1,2024-04-26T10:02:00-04:00,2024-04-26T10:01:00-04:00,2024-04-26T16:00:00-04:00,2024-04-26T16:00:00-04:00,session_close_proxy,17794.5,17839.25,1,89.5,2.24,87.26,EOD_CLOSE_PROXY
A-delay2-0489,2024-04-30,MNQM24,-1,2024-04-30T13:02:00-04:00,2024-04-30T13:01:00-04:00,2024-04-30T16:00:00-04:00,2024-04-30T16:00:00-04:00,session_close_proxy,17694.25,17564.25,1,260.0,2.24,257.76,EOD_CLOSE_PROXY
A-delay2-0490,2024-05-01,MNQM24,1,2024-05-01T15:02:00-04:00,2024-05-01T15:01:00-04:00,2024-05-01T15:53:00-04:00,,intrabar_unknown_within_event_minute,17775.75,17501.0,1,-549.5,2.24,-551.74,CAT_STOP
A-delay2-0491,2024-05-10,MNQM24,1,2024-05-10T10:02:00-04:00,2024-05-10T10:01:00-04:00,2024-05-10T16:00:00-04:00,2024-05-10T16:00:00-04:00,session_close_proxy,18307.75,18254.0,1,-107.5,2.24,-109.74,EOD_CLOSE_PROXY
A-delay2-0492,2024-05-14,MNQM24,1,2024-05-14T10:32:00-04:00,2024-05-14T10:31:00-04:00,2024-05-14T16:00:00-04:00,2024-05-14T16:00:00-04:00,session_close_proxy,18369.5,18411.25,1,83.5,2.24,81.26,EOD_CLOSE_PROXY
A-delay2-0493,2024-05-15,MNQM24,1,2024-05-15T11:02:00-04:00,2024-05-15T11:01:00-04:00,2024-05-15T16:00:00-04:00,2024-05-15T16:00:00-04:00,session_close_proxy,18580.75,18693.25,1,225.0,2.24,222.76,EOD_CLOSE_PROXY
A-delay2-0494,2024-05-16,MNQM24,1,2024-05-16T11:02:00-04:00,2024-05-16T11:01:00-04:00,2024-05-16T16:00:00-04:00,2024-05-16T16:00:00-04:00,session_close_proxy,18753.25,18650.75,1,-205.0,2.24,-207.24,EOD_CLOSE_PROXY
A-delay2-0495,2024-05-17,MNQM24,-1,2024-05-17T14:32:00-04:00,2024-05-17T14:31:00-04:00,2024-05-17T16:00:00-04:00,2024-05-17T16:00:00-04:00,session_close_proxy,18580.25,18638.5,1,-116.5,2.24,-118.74,EOD_CLOSE_PROXY
A-delay2-0496,2024-05-20,MNQM24,1,2024-05-20T10:02:00-04:00,2024-05-20T10:01:00-04:00,2024-05-20T16:00:00-04:00,2024-05-20T16:00:00-04:00,session_close_proxy,18743.0,18766.25,1,46.5,2.24,44.26,EOD_CLOSE_PROXY
A-delay2-0497,2024-05-22,MNQM24,-1,2024-05-22T14:32:00-04:00,2024-05-22T14:31:00-04:00,2024-05-22T16:00:00-04:00,2024-05-22T16:00:00-04:00,session_close_proxy,18705.0,18793.75,1,-177.5,2.24,-179.74,EOD_CLOSE_PROXY
A-delay2-0498,2024-05-23,MNQM24,-1,2024-05-23T14:02:00-04:00,2024-05-23T14:01:00-04:00,2024-05-23T16:00:00-04:00,2024-05-23T16:00:00-04:00,session_close_proxy,18713.75,18696.5,1,34.5,2.24,32.26,EOD_CLOSE_PROXY
A-delay2-0499,2024-05-24,MNQM24,1,2024-05-24T10:32:00-04:00,2024-05-24T10:31:00-04:00,2024-05-24T16:00:00-04:00,2024-05-24T16:00:00-04:00,session_close_proxy,18831.0,18874.0,1,86.0,2.24,83.76,EOD_CLOSE_PROXY
A-delay2-0500,2024-05-30,MNQM24,-1,2024-05-30T11:02:00-04:00,2024-05-30T11:01:00-04:00,2024-05-30T16:00:00-04:00,2024-05-30T16:00:00-04:00,session_close_proxy,18654.25,18604.25,1,100.0,2.24,97.76,EOD_CLOSE_PROXY
A-delay2-0501,2024-05-31,MNQM24,-1,2024-05-31T10:02:00-04:00,2024-05-31T10:01:00-04:00,2024-05-31T16:00:00-04:00,2024-05-31T16:00:00-04:00,session_close_proxy,18518.5,18598.75,1,-160.5,2.24,-162.74,EOD_CLOSE_PROXY
A-delay2-0502,2024-06-03,MNQM24,-1,2024-06-03T12:32:00-04:00,2024-06-03T12:31:00-04:00,2024-06-03T16:00:00-04:00,2024-06-03T16:00:00-04:00,session_close_proxy,18513.5,18652.5,1,-278.0,2.24,-280.24,EOD_CLOSE_PROXY
A-delay2-0503,2024-06-05,MNQM24,1,2024-06-05T11:32:00-04:00,2024-06-05T11:31:00-04:00,2024-06-05T16:00:00-04:00,2024-06-05T16:00:00-04:00,session_close_proxy,18967.5,19077.0,1,219.0,2.24,216.76,EOD_CLOSE_PROXY
A-delay2-0504,2024-06-06,MNQM24,-1,2024-06-06T10:02:00-04:00,2024-06-06T10:01:00-04:00,2024-06-06T16:00:00-04:00,2024-06-06T16:00:00-04:00,session_close_proxy,19047.75,19065.5,1,-35.5,2.24,-37.74,EOD_CLOSE_PROXY
A-delay2-0505,2024-06-12,MNQM24,1,2024-06-12T10:02:00-04:00,2024-06-12T10:01:00-04:00,2024-06-12T16:00:00-04:00,2024-06-12T16:00:00-04:00,session_close_proxy,19490.0,19491.75,1,3.5,2.24,1.2599999999999998,EOD_CLOSE_PROXY
A-delay2-0506,2024-06-14,MNQM24,1,2024-06-14T10:02:00-04:00,2024-06-14T10:01:00-04:00,2024-06-14T16:00:00-04:00,2024-06-14T16:00:00-04:00,session_close_proxy,19613.5,19687.25,1,147.5,2.24,145.26,EOD_CLOSE_PROXY
A-delay2-0507,2024-06-17,MNQM24,1,2024-06-17T12:32:00-04:00,2024-06-17T12:31:00-04:00,2024-06-17T16:00:00-04:00,2024-06-17T16:00:00-04:00,session_close_proxy,19813.25,19925.5,1,224.5,2.24,222.26,EOD_CLOSE_PROXY
A-delay2-0508,2024-06-24,MNQU24,-1,2024-06-24T13:32:00-04:00,2024-06-24T13:31:00-04:00,2024-06-24T16:00:00-04:00,2024-06-24T16:00:00-04:00,session_close_proxy,19810.25,19745.0,1,130.5,2.24,128.26,EOD_CLOSE_PROXY
A-delay2-0509,2024-06-25,MNQU24,1,2024-06-25T10:32:00-04:00,2024-06-25T10:31:00-04:00,2024-06-25T16:00:00-04:00,2024-06-25T16:00:00-04:00,session_close_proxy,19872.0,19966.75,1,189.5,2.24,187.26,EOD_CLOSE_PROXY
A-delay2-0510,2024-06-27,MNQU24,1,2024-06-27T10:02:00-04:00,2024-06-27T10:01:00-04:00,2024-06-27T16:00:00-04:00,2024-06-27T16:00:00-04:00,session_close_proxy,20070.25,20047.75,1,-45.0,2.24,-47.24,EOD_CLOSE_PROXY
A-delay2-0511,2024-06-28,MNQU24,1,2024-06-28T10:02:00-04:00,2024-06-28T10:01:00-04:00,2024-06-28T16:00:00-04:00,2024-06-28T16:00:00-04:00,session_close_proxy,20168.0,19932.5,1,-471.0,2.24,-473.24,EOD_CLOSE_PROXY
A-delay2-0512,2024-07-01,MNQU24,-1,2024-07-01T10:02:00-04:00,2024-07-01T10:01:00-04:00,2024-07-01T16:00:00-04:00,2024-07-01T16:00:00-04:00,session_close_proxy,19913.75,20049.0,1,-270.5,2.24,-272.74,EOD_CLOSE_PROXY
A-delay2-0513,2024-07-02,MNQU24,1,2024-07-02T11:02:00-04:00,2024-07-02T11:01:00-04:00,2024-07-02T16:00:00-04:00,2024-07-02T16:00:00-04:00,session_close_proxy,20113.0,20256.25,1,286.5,2.24,284.26,EOD_CLOSE_PROXY
A-delay2-0514,2024-07-10,MNQU24,1,2024-07-10T13:02:00-04:00,2024-07-10T13:01:00-04:00,2024-07-10T16:00:00-04:00,2024-07-10T16:00:00-04:00,session_close_proxy,20845.75,20894.0,1,96.5,2.24,94.26,EOD_CLOSE_PROXY
A-delay2-0515,2024-07-11,MNQU24,-1,2024-07-11T10:32:00-04:00,2024-07-11T10:31:00-04:00,2024-07-11T16:00:00-04:00,2024-07-11T16:00:00-04:00,session_close_proxy,20720.5,20429.5,1,582.0,2.24,579.76,EOD_CLOSE_PROXY
A-delay2-0516,2024-07-12,MNQU24,1,2024-07-12T10:02:00-04:00,2024-07-12T10:01:00-04:00,2024-07-12T16:00:00-04:00,2024-07-12T16:00:00-04:00,session_close_proxy,20569.25,20540.25,1,-58.0,2.24,-60.24,EOD_CLOSE_PROXY
A-delay2-0517,2024-07-15,MNQU24,1,2024-07-15T10:32:00-04:00,2024-07-15T10:31:00-04:00,2024-07-15T16:00:00-04:00,2024-07-15T16:00:00-04:00,session_close_proxy,20693.25,20593.5,1,-199.5,2.24,-201.74,EOD_CLOSE_PROXY
A-delay2-0518,2024-07-16,MNQU24,-1,2024-07-16T10:32:00-04:00,2024-07-16T10:31:00-04:00,2024-07-16T16:00:00-04:00,2024-07-16T16:00:00-04:00,session_close_proxy,20534.0,20599.5,1,-131.0,2.24,-133.24,EOD_CLOSE_PROXY
A-delay2-0519,2024-07-17,MNQU24,-1,2024-07-17T10:02:00-04:00,2024-07-17T10:01:00-04:00,2024-07-17T16:00:00-04:00,2024-07-17T16:00:00-04:00,session_close_proxy,20179.5,19992.5,1,374.0,2.24,371.76,EOD_CLOSE_PROXY
A-delay2-0520,2024-07-18,MNQU24,-1,2024-07-18T11:32:00-04:00,2024-07-18T11:31:00-04:00,2024-07-18T16:00:00-04:00,2024-07-18T16:00:00-04:00,session_close_proxy,19832.5,19891.5,1,-118.0,2.24,-120.24,EOD_CLOSE_PROXY
A-delay2-0521,2024-07-19,MNQU24,-1,2024-07-19T11:32:00-04:00,2024-07-19T11:31:00-04:00,2024-07-19T16:00:00-04:00,2024-07-19T16:00:00-04:00,session_close_proxy,19742.75,19712.75,1,60.0,2.24,57.76,EOD_CLOSE_PROXY
A-delay2-0522,2024-07-24,MNQU24,-1,2024-07-24T10:02:00-04:00,2024-07-24T10:01:00-04:00,2024-07-24T16:00:00-04:00,2024-07-24T16:00:00-04:00,session_close_proxy,19502.75,19204.75,1,596.0,2.24,593.76,EOD_CLOSE_PROXY
A-delay2-0523,2024-07-25,MNQU24,-1,2024-07-25T10:02:00-04:00,2024-07-25T10:01:00-04:00,2024-07-25T12:15:00-04:00,,intrabar_unknown_within_event_minute,19007.0,19281.75,1,-549.5,2.24,-551.74,CAT_STOP
A-delay2-0524,2024-07-29,MNQU24,1,2024-07-29T10:02:00-04:00,2024-07-29T10:01:00-04:00,2024-07-29T16:00:00-04:00,2024-07-29T16:00:00-04:00,session_close_proxy,19376.0,19209.0,1,-334.0,2.24,-336.24,EOD_CLOSE_PROXY
A-delay2-0525,2024-07-30,MNQU24,-1,2024-07-30T11:02:00-04:00,2024-07-30T11:01:00-04:00,2024-07-30T16:00:00-04:00,2024-07-30T16:00:00-04:00,session_close_proxy,19090.75,18939.25,1,303.0,2.24,300.76,EOD_CLOSE_PROXY
A-delay2-0526,2024-07-31,MNQU24,1,2024-07-31T15:02:00-04:00,2024-07-31T15:01:00-04:00,2024-07-31T16:00:00-04:00,2024-07-31T16:00:00-04:00,session_close_proxy,19557.75,19496.0,1,-123.5,2.24,-125.74,EOD_CLOSE_PROXY
A-delay2-0527,2024-08-01,MNQU24,1,2024-08-01T10:02:00-04:00,2024-08-01T10:01:00-04:00,2024-08-01T10:44:00-04:00,,intrabar_unknown_within_event_minute,19627.75,19390.5,1,-474.5,2.24,-476.74,CAT_STOP
A-delay2-0528,2024-08-01,MNQU24,-1,2024-08-01T11:02:00-04:00,2024-08-01T11:01:00-04:00,2024-08-01T16:00:00-04:00,2024-08-01T16:00:00-04:00,session_close_proxy,19322.5,19028.0,1,589.0,2.24,586.76,EOD_CLOSE_PROXY
A-delay2-0529,2024-08-02,MNQU24,-1,2024-08-02T10:02:00-04:00,2024-08-02T10:01:00-04:00,2024-08-02T16:00:00-04:00,2024-08-02T16:00:00-04:00,session_close_proxy,18584.25,18561.25,1,46.0,2.24,43.76,EOD_CLOSE_PROXY
A-delay2-0530,2024-08-06,MNQU24,1,2024-08-06T11:02:00-04:00,2024-08-06T11:01:00-04:00,2024-08-06T16:00:00-04:00,2024-08-06T16:00:00-04:00,session_close_proxy,18306.5,18171.0,1,-271.0,2.24,-273.24,EOD_CLOSE_PROXY
A-delay2-0531,2024-08-08,MNQU24,1,2024-08-08T10:32:00-04:00,2024-08-08T10:31:00-04:00,2024-08-08T16:00:00-04:00,2024-08-08T16:00:00-04:00,session_close_proxy,18386.25,18519.0,1,265.5,2.24,263.26,EOD_CLOSE_PROXY
A-delay2-0532,2024-08-13,MNQU24,1,2024-08-13T13:02:00-04:00,2024-08-13T13:01:00-04:00,2024-08-13T16:00:00-04:00,2024-08-13T16:00:00-04:00,session_close_proxy,19071.0,19101.25,1,60.5,2.24,58.26,EOD_CLOSE_PROXY
A-delay2-0533,2024-08-15,MNQU24,1,2024-08-15T10:02:00-04:00,2024-08-15T10:01:00-04:00,2024-08-15T16:00:00-04:00,2024-08-15T16:00:00-04:00,session_close_proxy,19455.25,19587.25,1,264.0,2.24,261.76,EOD_CLOSE_PROXY
A-delay2-0534,2024-08-22,MNQU24,-1,2024-08-22T12:02:00-04:00,2024-08-22T12:01:00-04:00,2024-08-22T16:00:00-04:00,2024-08-22T16:00:00-04:00,session_close_proxy,19707.25,19584.75,1,245.0,2.24,242.76,EOD_CLOSE_PROXY
A-delay2-0535,2024-08-23,MNQU24,1,2024-08-23T10:32:00-04:00,2024-08-23T10:31:00-04:00,2024-08-23T10:52:00-04:00,,intrabar_unknown_within_event_minute,19884.5,19632.25,1,-504.5,2.24,-506.74,CAT_STOP
A-delay2-0536,2024-08-26,MNQU24,-1,2024-08-26T10:32:00-04:00,2024-08-26T10:31:00-04:00,2024-08-26T16:00:00-04:00,2024-08-26T16:00:00-04:00,session_close_proxy,19614.25,19593.25,1,42.0,2.24,39.76,EOD_CLOSE_PROXY
A-delay2-0537,2024-08-28,MNQU24,-1,2024-08-28T10:02:00-04:00,2024-08-28T10:01:00-04:00,2024-08-28T16:00:00-04:00,2024-08-28T16:00:00-04:00,session_close_proxy,19539.75,19421.5,1,236.5,2.24,234.26,EOD_CLOSE_PROXY
A-delay2-0538,2024-08-29,MNQU24,1,2024-08-29T10:02:00-04:00,2024-08-29T10:01:00-04:00,2024-08-29T14:44:00-04:00,,intrabar_unknown_within_event_minute,19665.25,19394.0,1,-542.5,2.24,-544.74,CAT_STOP
A-delay2-0539,2024-09-05,MNQU24,1,2024-09-05T10:02:00-04:00,2024-09-05T10:01:00-04:00,2024-09-05T16:00:00-04:00,2024-09-05T16:00:00-04:00,session_close_proxy,19094.25,18975.25,1,-238.0,2.24,-240.24,EOD_CLOSE_PROXY
A-delay2-0540,2024-09-06,MNQU24,-1,2024-09-06T10:02:00-04:00,2024-09-06T10:01:00-04:00,2024-09-06T16:00:00-04:00,2024-09-06T16:00:00-04:00,session_close_proxy,18731.5,18458.25,1,546.5,2.24,544.26,EOD_CLOSE_PROXY
A-delay2-0541,2024-09-11,MNQU24,-1,2024-09-11T10:32:00-04:00,2024-09-11T10:31:00-04:00,2024-09-11T12:21:00-04:00,,intrabar_unknown_within_event_minute,18624.0,18905.25,1,-562.5,2.24,-564.74,CAT_STOP
A-delay2-0542,2024-09-11,MNQU24,1,2024-09-11T14:32:00-04:00,2024-09-11T14:31:00-04:00,2024-09-11T16:00:00-04:00,2024-09-11T16:00:00-04:00,session_close_proxy,19131.25,19255.25,1,248.0,2.24,245.76,EOD_CLOSE_PROXY
A-delay2-0543,2024-09-12,MNQU24,1,2024-09-12T13:32:00-04:00,2024-09-12T13:31:00-04:00,2024-09-12T16:00:00-04:00,2024-09-12T16:00:00-04:00,session_close_proxy,19405.5,19451.75,1,92.5,2.24,90.26,EOD_CLOSE_PROXY
A-delay2-0544,2024-09-27,MNQZ24,-1,2024-09-27T14:32:00-04:00,2024-09-27T14:31:00-04:00,2024-09-27T16:00:00-04:00,2024-09-27T16:00:00-04:00,session_close_proxy,20200.25,20223.0,1,-45.5,2.24,-47.74,EOD_CLOSE_PROXY
A-delay2-0545,2024-10-01,MNQZ24,-1,2024-10-01T10:02:00-04:00,2024-10-01T10:01:00-04:00,2024-10-01T16:00:00-04:00,2024-10-01T16:00:00-04:00,session_close_proxy,20045.0,19978.5,1,133.0,2.24,130.76,EOD_CLOSE_PROXY
A-delay2-0546,2024-10-07,MNQZ24,-1,2024-10-07T15:02:00-04:00,2024-10-07T15:01:00-04:00,2024-10-07T16:00:00-04:00,2024-10-07T16:00:00-04:00,session_close_proxy,19970.75,19999.0,1,-56.5,2.24,-58.74,EOD_CLOSE_PROXY
A-delay2-0547,2024-10-08,MNQZ24,1,2024-10-08T11:02:00-04:00,2024-10-08T11:01:00-04:00,2024-10-08T16:00:00-04:00,2024-10-08T16:00:00-04:00,session_close_proxy,20253.75,20300.0,1,92.5,2.24,90.26,EOD_CLOSE_PROXY
A-delay2-0548,2024-10-09,MNQZ24,1,2024-10-09T12:02:00-04:00,2024-10-09T12:01:00-04:00,2024-10-09T16:00:00-04:00,2024-10-09T16:00:00-04:00,session_close_proxy,20437.5,20458.5,1,42.0,2.24,39.76,EOD_CLOSE_PROXY
A-delay2-0549,2024-10-14,MNQZ24,1,2024-10-14T10:02:00-04:00,2024-10-14T10:01:00-04:00,2024-10-14T16:00:00-04:00,2024-10-14T16:00:00-04:00,session_close_proxy,20668.0,20621.5,1,-93.0,2.24,-95.24,EOD_CLOSE_PROXY
A-delay2-0550,2024-10-15,MNQZ24,-1,2024-10-15T10:32:00-04:00,2024-10-15T10:31:00-04:00,2024-10-15T16:00:00-04:00,2024-10-15T16:00:00-04:00,session_close_proxy,20480.0,20343.75,1,272.5,2.24,270.26,EOD_CLOSE_PROXY
A-delay2-0551,2024-10-16,MNQZ24,-1,2024-10-16T10:02:00-04:00,2024-10-16T10:01:00-04:00,2024-10-16T16:00:00-04:00,2024-10-16T16:00:00-04:00,session_close_proxy,20220.5,20346.5,1,-252.0,2.24,-254.24,EOD_CLOSE_PROXY
A-delay2-0552,2024-10-23,MNQZ24,-1,2024-10-23T11:32:00-04:00,2024-10-23T11:31:00-04:00,2024-10-23T16:00:00-04:00,2024-10-23T16:00:00-04:00,session_close_proxy,20307.0,20218.5,1,177.0,2.24,174.76,EOD_CLOSE_PROXY
A-delay2-0553,2024-10-25,MNQZ24,1,2024-10-25T10:02:00-04:00,2024-10-25T10:01:00-04:00,2024-10-25T16:00:00-04:00,2024-10-25T16:00:00-04:00,session_close_proxy,20665.5,20495.0,1,-341.0,2.24,-343.24,EOD_CLOSE_PROXY
A-delay2-0554,2024-10-29,MNQZ24,1,2024-10-29T11:02:00-04:00,2024-10-29T11:01:00-04:00,2024-10-29T16:00:00-04:00,2024-10-29T16:00:00-04:00,session_close_proxy,20591.25,20695.5,1,208.5,2.24,206.26,EOD_CLOSE_PROXY
A-delay2-0555,2024-10-31,MNQZ24,-1,2024-10-31T10:02:00-04:00,2024-10-31T10:01:00-04:00,2024-10-31T16:00:00-04:00,2024-10-31T16:00:00-04:00,session_close_proxy,20153.75,20011.5,1,284.5,2.24,282.26,EOD_CLOSE_PROXY
A-delay2-0556,2024-11-01,MNQZ24,1,2024-11-01T10:02:00-04:00,2024-11-01T10:01:00-04:00,2024-11-01T16:00:00-04:00,2024-11-01T16:00:00-04:00,session_close_proxy,20164.25,20146.75,1,-35.0,2.24,-37.24,EOD_CLOSE_PROXY
A-delay2-0557,2024-11-05,MNQZ24,1,2024-11-05T10:02:00-05:00,2024-11-05T10:01:00-05:00,2024-11-05T16:00:00-05:00,2024-11-05T16:00:00-05:00,session_close_proxy,20303.75,20341.5,1,75.5,2.24,73.26,EOD_CLOSE_PROXY
A-delay2-0558,2024-11-06,MNQZ24,1,2024-11-06T10:32:00-05:00,2024-11-06T10:31:00-05:00,2024-11-06T16:00:00-05:00,2024-11-06T16:00:00-05:00,session_close_proxy,20798.5,20893.5,1,190.0,2.24,187.76,EOD_CLOSE_PROXY
A-delay2-0559,2024-11-07,MNQZ24,1,2024-11-07T10:02:00-05:00,2024-11-07T10:01:00-05:00,2024-11-07T16:00:00-05:00,2024-11-07T16:00:00-05:00,session_close_proxy,21106.25,21221.75,1,231.0,2.24,228.76,EOD_CLOSE_PROXY
A-delay2-0560,2024-11-12,MNQZ24,-1,2024-11-12T13:02:00-05:00,2024-11-12T13:01:00-05:00,2024-11-12T16:00:00-05:00,2024-11-12T16:00:00-05:00,session_close_proxy,21064.75,21185.25,1,-241.0,2.24,-243.24,EOD_CLOSE_PROXY
A-delay2-0561,2024-11-15,MNQZ24,-1,2024-11-15T10:02:00-05:00,2024-11-15T10:01:00-05:00,2024-11-15T16:00:00-05:00,2024-11-15T16:00:00-05:00,session_close_proxy,20689.75,20491.75,1,396.0,2.24,393.76,EOD_CLOSE_PROXY
A-delay2-0562,2024-11-18,MNQZ24,1,2024-11-18T10:32:00-05:00,2024-11-18T10:31:00-05:00,2024-11-18T16:00:00-05:00,2024-11-18T16:00:00-05:00,session_close_proxy,20665.25,20631.25,1,-68.0,2.24,-70.24,EOD_CLOSE_PROXY
A-delay2-0563,2024-11-19,MNQZ24,1,2024-11-19T14:02:00-05:00,2024-11-19T14:01:00-05:00,2024-11-19T16:00:00-05:00,2024-11-19T16:00:00-05:00,session_close_proxy,20786.5,20765.25,1,-42.5,2.24,-44.74,EOD_CLOSE_PROXY
A-delay2-0564,2024-11-20,MNQZ24,-1,2024-11-20T10:02:00-05:00,2024-11-20T10:01:00-05:00,2024-11-20T16:00:00-05:00,2024-11-20T16:00:00-05:00,session_close_proxy,20634.75,20751.75,1,-234.0,2.24,-236.24,EOD_CLOSE_PROXY
A-delay2-0565,2024-11-21,MNQZ24,-1,2024-11-21T10:02:00-05:00,2024-11-21T10:01:00-05:00,2024-11-21T16:00:00-05:00,2024-11-21T16:00:00-05:00,session_close_proxy,20643.0,20823.75,1,-361.5,2.24,-363.74,EOD_CLOSE_PROXY
A-delay2-0566,2024-11-27,MNQZ24,-1,2024-11-27T10:02:00-05:00,2024-11-27T10:01:00-05:00,2024-11-27T16:00:00-05:00,2024-11-27T16:00:00-05:00,session_close_proxy,20846.0,20816.5,1,59.0,2.24,56.76,EOD_CLOSE_PROXY
A-delay2-0567,2024-12-04,MNQZ24,1,2024-12-04T15:32:00-05:00,2024-12-04T15:31:00-05:00,2024-12-04T16:00:00-05:00,2024-12-04T16:00:00-05:00,session_close_proxy,21520.25,21537.25,1,34.0,2.24,31.76,EOD_CLOSE_PROXY
A-delay2-0568,2024-12-06,MNQZ24,1,2024-12-06T10:02:00-05:00,2024-12-06T10:01:00-05:00,2024-12-06T16:00:00-05:00,2024-12-06T16:00:00-05:00,session_close_proxy,21610.25,21658.25,1,96.0,2.24,93.76,EOD_CLOSE_PROXY
A-delay2-0569,2024-12-09,MNQZ24,-1,2024-12-09T11:02:00-05:00,2024-12-09T11:01:00-05:00,2024-12-09T16:00:00-05:00,2024-12-09T16:00:00-05:00,session_close_proxy,21522.25,21485.75,1,73.0,2.24,70.76,EOD_CLOSE_PROXY
A-delay2-0570,2024-12-11,MNQZ24,1,2024-12-11T10:02:00-05:00,2024-12-11T10:01:00-05:00,2024-12-11T16:00:00-05:00,2024-12-11T16:00:00-05:00,session_close_proxy,21698.0,21791.5,1,187.0,2.24,184.76,EOD_CLOSE_PROXY
A-delay2-0571,2024-12-13,MNQZ24,1,2024-12-13T10:02:00-05:00,2024-12-13T10:01:00-05:00,2024-12-13T16:00:00-05:00,2024-12-13T16:00:00-05:00,session_close_proxy,21877.75,21798.0,1,-159.5,2.24,-161.74,EOD_CLOSE_PROXY
A-delay2-0572,2024-12-16,MNQZ24,1,2024-12-16T10:02:00-05:00,2024-12-16T10:01:00-05:00,2024-12-16T16:00:00-05:00,2024-12-16T16:00:00-05:00,session_close_proxy,21982.75,22111.5,1,257.5,2.24,255.26,EOD_CLOSE_PROXY
A-delay2-0573,2024-12-17,MNQZ24,-1,2024-12-17T10:32:00-05:00,2024-12-17T10:31:00-05:00,2024-12-17T16:00:00-05:00,2024-12-17T16:00:00-05:00,session_close_proxy,21970.75,22015.75,1,-90.0,2.24,-92.24,EOD_CLOSE_PROXY
A-delay2-0574,2024-12-18,MNQZ24,-1,2024-12-18T14:32:00-05:00,2024-12-18T14:31:00-05:00,2024-12-18T16:00:00-05:00,2024-12-18T16:00:00-05:00,session_close_proxy,21746.5,21211.75,1,1069.5,2.24,1067.26,EOD_CLOSE_PROXY
A-delay2-0575,2024-12-23,MNQH25,1,2024-12-23T13:32:00-05:00,2024-12-23T13:31:00-05:00,2024-12-23T16:00:00-05:00,2024-12-23T16:00:00-05:00,session_close_proxy,21728.5,21755.75,1,54.5,2.24,52.26,EOD_CLOSE_PROXY
A-delay2-0576,2024-12-27,MNQH25,-1,2024-12-27T10:02:00-05:00,2024-12-27T10:01:00-05:00,2024-12-27T16:00:00-05:00,2024-12-27T16:00:00-05:00,session_close_proxy,21655.5,21703.0,1,-95.0,2.24,-97.24,EOD_CLOSE_PROXY
A-delay2-0577,2024-12-30,MNQH25,-1,2024-12-30T10:02:00-05:00,2024-12-30T10:01:00-05:00,2024-12-30T12:45:00-05:00,,intrabar_unknown_within_event_minute,21265.5,21539.0,1,-547.0,2.24,-549.24,CAT_STOP
A-delay2-0578,2024-12-31,MNQH25,-1,2024-12-31T11:32:00-05:00,2024-12-31T11:31:00-05:00,2024-12-31T16:00:00-05:00,2024-12-31T16:00:00-05:00,session_close_proxy,21303.5,21220.75,1,165.5,2.24,163.26,EOD_CLOSE_PROXY
A-delay2-0579,2025-01-03,MNQH25,1,2025-01-03T10:02:00-05:00,2025-01-03T10:01:00-05:00,2025-01-03T16:00:00-05:00,2025-01-03T16:00:00-05:00,session_close_proxy,21368.0,21508.25,1,280.5,2.24,278.26,EOD_CLOSE_PROXY
A-delay2-0580,2025-01-06,MNQH25,1,2025-01-06T10:02:00-05:00,2025-01-06T10:01:00-05:00,2025-01-06T16:00:00-05:00,2025-01-06T16:00:00-05:00,session_close_proxy,21816.25,21750.0,1,-132.5,2.24,-134.74,EOD_CLOSE_PROXY
A-delay2-0581,2025-01-07,MNQH25,-1,2025-01-07T10:32:00-05:00,2025-01-07T10:31:00-05:00,2025-01-07T16:00:00-05:00,2025-01-07T16:00:00-05:00,session_close_proxy,21549.0,21359.5,1,379.0,2.24,376.76,EOD_CLOSE_PROXY
A-delay2-0582,2025-01-08,MNQH25,-1,2025-01-08T12:32:00-05:00,2025-01-08T12:31:00-05:00,2025-01-08T16:00:00-05:00,2025-01-08T16:00:00-05:00,session_close_proxy,21181.25,21360.25,1,-358.0,2.24,-360.24,EOD_CLOSE_PROXY
A-delay2-0583,2025-01-14,MNQH25,-1,2025-01-14T12:02:00-05:00,2025-01-14T12:01:00-05:00,2025-01-14T16:00:00-05:00,2025-01-14T16:00:00-05:00,session_close_proxy,20810.5,20923.75,1,-226.5,2.24,-228.74,EOD_CLOSE_PROXY
A-delay2-0584,2025-01-15,MNQH25,1,2025-01-15T10:02:00-05:00,2025-01-15T10:01:00-05:00,2025-01-15T16:00:00-05:00,2025-01-15T16:00:00-05:00,session_close_proxy,21355.0,21396.0,1,82.0,2.24,79.76,EOD_CLOSE_PROXY
A-delay2-0585,2025-01-22,MNQH25,1,2025-01-22T10:02:00-05:00,2025-01-22T10:01:00-05:00,2025-01-22T16:00:00-05:00,2025-01-22T16:00:00-05:00,session_close_proxy,22020.5,21997.25,1,-46.5,2.24,-48.74,EOD_CLOSE_PROXY
A-delay2-0586,2025-01-24,MNQH25,-1,2025-01-24T14:02:00-05:00,2025-01-24T14:01:00-05:00,2025-01-24T16:00:00-05:00,2025-01-24T16:00:00-05:00,session_close_proxy,21876.5,21908.5,1,-64.0,2.24,-66.24,EOD_CLOSE_PROXY
A-delay2-0587,2025-01-28,MNQH25,1,2025-01-28T10:32:00-05:00,2025-01-28T10:31:00-05:00,2025-01-28T16:00:00-05:00,2025-01-28T16:00:00-05:00,session_close_proxy,21469.25,21575.75,1,213.0,2.24,210.76,EOD_CLOSE_PROXY
A-delay2-0588,2025-01-29,MNQH25,-1,2025-01-29T14:32:00-05:00,2025-01-29T14:31:00-05:00,2025-01-29T16:00:00-05:00,2025-01-29T16:00:00-05:00,session_close_proxy,21409.75,21530.0,1,-240.5,2.24,-242.74,EOD_CLOSE_PROXY
A-delay2-0589,2025-01-31,MNQH25,1,2025-01-31T10:02:00-05:00,2025-01-31T10:01:00-05:00,2025-01-31T14:46:00-05:00,,intrabar_unknown_within_event_minute,21881.5,21616.75,1,-529.5,2.24,-531.74,CAT_STOP
A-delay2-0590,2025-02-04,MNQH25,1,2025-02-04T10:02:00-05:00,2025-02-04T10:01:00-05:00,2025-02-04T16:00:00-05:00,2025-02-04T16:00:00-05:00,session_close_proxy,21587.0,21668.0,1,162.0,2.24,159.76,EOD_CLOSE_PROXY
A-delay2-0591,2025-02-07,MNQH25,-1,2025-02-07T10:32:00-05:00,2025-02-07T10:31:00-05:00,2025-02-07T16:00:00-05:00,2025-02-07T16:00:00-05:00,session_close_proxy,21749.75,21588.25,1,323.0,2.24,320.76,EOD_CLOSE_PROXY
A-delay2-0592,2025-02-13,MNQH25,1,2025-02-13T11:02:00-05:00,2025-02-13T11:01:00-05:00,2025-02-13T16:00:00-05:00,2025-02-13T16:00:00-05:00,session_close_proxy,22030.0,22109.0,1,158.0,2.24,155.76,EOD_CLOSE_PROXY
A-delay2-0593,2025-02-20,MNQH25,-1,2025-02-20T10:02:00-05:00,2025-02-20T10:01:00-05:00,2025-02-20T16:00:00-05:00,2025-02-20T16:00:00-05:00,session_close_proxy,21978.5,22145.25,1,-333.5,2.24,-335.74,EOD_CLOSE_PROXY
A-delay2-0594,2025-02-21,MNQH25,-1,2025-02-21T10:32:00-05:00,2025-02-21T10:31:00-05:00,2025-02-21T16:00:00-05:00,2025-02-21T16:00:00-05:00,session_close_proxy,22010.75,21682.0,1,657.5,2.24,655.26,EOD_CLOSE_PROXY
A-delay2-0595,2025-02-24,MNQH25,-1,2025-02-24T10:02:00-05:00,2025-02-24T10:01:00-05:00,2025-02-24T16:00:00-05:00,2025-02-24T16:00:00-05:00,session_close_proxy,21570.5,21421.75,1,297.5,2.24,295.26,EOD_CLOSE_PROXY
A-delay2-0596,2025-02-25,MNQH25,-1,2025-02-25T10:02:00-05:00,2025-02-25T10:01:00-05:00,2025-02-25T16:00:00-05:00,2025-02-25T16:00:00-05:00,session_close_proxy,21214.5,21150.25,1,128.5,2.24,126.26,EOD_CLOSE_PROXY
A-delay2-0597,2025-02-26,MNQH25,1,2025-02-26T12:32:00-05:00,2025-02-26T12:31:00-05:00,2025-02-26T13:53:00-05:00,,intrabar_unknown_within_event_minute,21379.5,21126.75,1,-505.5,2.24,-507.74,CAT_STOP
A-delay2-0598,2025-02-27,MNQH25,-1,2025-02-27T10:02:00-05:00,2025-02-27T10:01:00-05:00,2025-02-27T16:00:00-05:00,2025-02-27T16:00:00-05:00,session_close_proxy,20929.75,20608.5,1,642.5,2.24,640.26,EOD_CLOSE_PROXY
A-delay2-0599,2025-02-28,MNQH25,1,2025-02-28T10:32:00-05:00,2025-02-28T10:31:00-05:00,2025-02-28T13:17:00-05:00,,intrabar_unknown_within_event_minute,20755.75,20506.0,1,-499.5,2.24,-501.74,CAT_STOP
A-delay2-0600,2025-03-03,MNQH25,-1,2025-03-03T13:32:00-05:00,2025-03-03T13:31:00-05:00,2025-03-03T16:00:00-05:00,2025-03-03T16:00:00-05:00,session_close_proxy,20706.0,20473.25,1,465.5,2.24,463.26,EOD_CLOSE_PROXY
A-delay2-0601,2025-03-04,MNQH25,-1,2025-03-04T10:02:00-05:00,2025-03-04T10:01:00-05:00,2025-03-04T13:13:00-05:00,,intrabar_unknown_within_event_minute,20207.25,20481.0,1,-547.5,2.24,-549.74,CAT_STOP
A-delay2-0602,2025-03-05,MNQH25,1,2025-03-05T13:02:00-05:00,2025-03-05T13:01:00-05:00,2025-03-05T16:00:00-05:00,2025-03-05T16:00:00-05:00,session_close_proxy,20558.0,20658.0,1,200.0,2.24,197.76,EOD_CLOSE_PROXY
A-delay2-0603,2025-03-06,MNQH25,-1,2025-03-06T12:32:00-05:00,2025-03-06T12:31:00-05:00,2025-03-06T16:00:00-05:00,2025-03-06T16:00:00-05:00,session_close_proxy,20199.25,20094.0,1,210.5,2.24,208.26,EOD_CLOSE_PROXY
A-delay2-0604,2025-03-07,MNQH25,-1,2025-03-07T11:32:00-05:00,2025-03-07T11:31:00-05:00,2025-03-07T13:21:00-05:00,,intrabar_unknown_within_event_minute,19857.25,20123.0,1,-531.5,2.24,-533.74,CAT_STOP
A-delay2-0605,2025-03-10,MNQH25,-1,2025-03-10T10:32:00-04:00,2025-03-10T10:31:00-04:00,2025-03-10T16:00:00-04:00,2025-03-10T16:00:00-04:00,session_close_proxy,19670.25,19464.0,1,412.5,2.24,410.26,EOD_CLOSE_PROXY
A-delay2-0606,2025-03-11,MNQH25,-1,2025-03-11T13:32:00-04:00,2025-03-11T13:31:00-04:00,2025-03-11T14:09:00-04:00,,intrabar_unknown_within_event_minute,19229.25,19459.0,1,-459.5,2.24,-461.74,CAT_STOP
A-delay2-0607,2025-03-13,MNQH25,-1,2025-03-13T10:02:00-04:00,2025-03-13T10:01:00-04:00,2025-03-13T16:00:00-04:00,2025-03-13T16:00:00-04:00,session_close_proxy,19363.25,19252.0,1,222.5,2.24,220.26,EOD_CLOSE_PROXY
A-delay2-0608,2025-03-14,MNQH25,1,2025-03-14T11:32:00-04:00,2025-03-14T11:31:00-04:00,2025-03-14T16:00:00-04:00,2025-03-14T16:00:00-04:00,session_close_proxy,19641.0,19705.0,1,128.0,2.24,125.76,EOD_CLOSE_PROXY
A-delay2-0609,2025-03-18,MNQH25,-1,2025-03-18T10:02:00-04:00,2025-03-18T10:01:00-04:00,2025-03-18T16:00:00-04:00,2025-03-18T16:00:00-04:00,session_close_proxy,19446.75,19501.75,1,-110.0,2.24,-112.24,EOD_CLOSE_PROXY
A-delay2-0610,2025-03-26,MNQM25,-1,2025-03-26T10:02:00-04:00,2025-03-26T10:01:00-04:00,2025-03-26T16:00:00-04:00,2025-03-26T16:00:00-04:00,session_close_proxy,20334.0,20112.5,1,443.0,2.24,440.76,EOD_CLOSE_PROXY
A-delay2-0611,2025-03-28,MNQM25,-1,2025-03-28T10:32:00-04:00,2025-03-28T10:31:00-04:00,2025-03-28T16:00:00-04:00,2025-03-28T16:00:00-04:00,session_close_proxy,19652.75,19461.25,1,383.0,2.24,380.76,EOD_CLOSE_PROXY
A-delay2-0612,2025-04-01,MNQM25,1,2025-04-01T12:02:00-04:00,2025-04-01T12:01:00-04:00,2025-04-01T16:00:00-04:00,2025-04-01T16:00:00-04:00,session_close_proxy,19584.25,19603.25,1,38.0,2.24,35.76,EOD_CLOSE_PROXY
A-delay2-0613,2025-04-02,MNQM25,1,2025-04-02T12:32:00-04:00,2025-04-02T12:31:00-04:00,2025-04-02T16:00:00-04:00,2025-04-02T16:00:00-04:00,session_close_proxy,19765.75,19745.75,1,-40.0,2.24,-42.24,EOD_CLOSE_PROXY
A-delay2-0614,2025-04-03,MNQM25,-1,2025-04-03T11:02:00-04:00,2025-04-03T11:01:00-04:00,2025-04-03T16:00:00-04:00,2025-04-03T16:00:00-04:00,session_close_proxy,18783.25,18686.0,1,194.5,2.24,192.26,EOD_CLOSE_PROXY
A-delay2-0615,2025-04-04,MNQM25,-1,2025-04-04T10:32:00-04:00,2025-04-04T10:31:00-04:00,2025-04-04T16:00:00-04:00,2025-04-04T16:00:00-04:00,session_close_proxy,17950.75,17535.75,1,830.0,2.24,827.76,EOD_CLOSE_PROXY
A-delay2-0616,2025-04-07,MNQM25,1,2025-04-07T14:02:00-04:00,2025-04-07T14:01:00-04:00,2025-04-07T14:56:00-04:00,,intrabar_unknown_within_event_minute,17777.0,17533.25,1,-487.5,2.24,-489.74,CAT_STOP
A-delay2-0617,2025-04-08,MNQM25,1,2025-04-08T10:02:00-04:00,2025-04-08T10:01:00-04:00,2025-04-08T11:19:00-04:00,,intrabar_unknown_within_event_minute,18264.25,17998.5,1,-531.5,2.24,-533.74,CAT_STOP
A-delay2-0618,2025-04-08,MNQM25,-1,2025-04-08T15:32:00-04:00,2025-04-08T15:31:00-04:00,2025-04-08T16:00:00-04:00,2025-04-08T16:00:00-04:00,session_close_proxy,17250.75,17238.25,1,25.0,2.24,22.76,EOD_CLOSE_PROXY
A-delay2-0619,2025-04-09,MNQM25,1,2025-04-09T10:02:00-04:00,2025-04-09T10:01:00-04:00,2025-04-09T16:00:00-04:00,2025-04-09T16:00:00-04:00,session_close_proxy,17543.75,19272.0,1,3456.5,2.24,3454.26,EOD_CLOSE_PROXY
A-delay2-0620,2025-04-10,MNQM25,-1,2025-04-10T10:02:00-04:00,2025-04-10T10:01:00-04:00,2025-04-10T16:00:00-04:00,2025-04-10T16:00:00-04:00,session_close_proxy,18645.25,18483.25,1,324.0,2.24,321.76,EOD_CLOSE_PROXY
A-delay2-0621,2025-04-22,MNQM25,1,2025-04-22T11:02:00-04:00,2025-04-22T11:01:00-04:00,2025-04-22T16:00:00-04:00,2025-04-22T16:00:00-04:00,session_close_proxy,18348.25,18379.75,1,63.0,2.24,60.76,EOD_CLOSE_PROXY
A-delay2-0622,2025-04-24,MNQM25,1,2025-04-24T10:02:00-04:00,2025-04-24T10:01:00-04:00,2025-04-24T16:00:00-04:00,2025-04-24T16:00:00-04:00,session_close_proxy,19066.25,19319.25,1,506.0,2.24,503.76,EOD_CLOSE_PROXY
A-delay2-0623,2025-04-28,MNQM25,-1,2025-04-28T11:32:00-04:00,2025-04-28T11:31:00-04:00,2025-04-28T15:53:00-04:00,,intrabar_unknown_within_event_minute,19337.75,19570.25,1,-465.0,2.24,-467.24,CAT_STOP
A-delay2-0624,2025-04-30,MNQM25,-1,2025-04-30T10:02:00-04:00,2025-04-30T10:01:00-04:00,2025-04-30T11:01:00-04:00,,intrabar_unknown_within_event_minute,19166.0,19374.5,1,-417.0,2.24,-419.24,CAT_STOP
A-delay2-0625,2025-05-08,MNQM25,1,2025-05-08T13:02:00-04:00,2025-05-08T13:01:00-04:00,2025-05-08T16:00:00-04:00,2025-05-08T16:00:00-04:00,session_close_proxy,20323.5,20152.75,1,-341.5,2.24,-343.74,EOD_CLOSE_PROXY
A-delay2-0626,2025-05-13,MNQM25,1,2025-05-13T10:02:00-04:00,2025-05-13T10:01:00-04:00,2025-05-13T16:00:00-04:00,2025-05-13T16:00:00-04:00,session_close_proxy,21123.0,21270.5,1,295.0,2.24,292.76,EOD_CLOSE_PROXY
A-delay2-0627,2025-05-21,MNQM25,-1,2025-05-21T15:32:00-04:00,2025-05-21T15:31:00-04:00,2025-05-21T16:00:00-04:00,2025-05-21T16:00:00-04:00,session_close_proxy,21112.25,21148.75,1,-73.0,2.24,-75.24,EOD_CLOSE_PROXY
A-delay2-0628,2025-05-22,MNQM25,1,2025-05-22T10:02:00-04:00,2025-05-22T10:01:00-04:00,2025-05-22T16:00:00-04:00,2025-05-22T16:00:00-04:00,session_close_proxy,21290.25,21183.75,1,-213.0,2.24,-215.24,EOD_CLOSE_PROXY
A-delay2-0629,2025-05-30,MNQM25,-1,2025-05-30T10:02:00-04:00,2025-05-30T10:01:00-04:00,2025-05-30T16:00:00-04:00,2025-05-30T16:00:00-04:00,session_close_proxy,21299.75,21369.5,1,-139.5,2.24,-141.74,EOD_CLOSE_PROXY
A-delay2-0630,2025-06-02,MNQM25,1,2025-06-02T14:32:00-04:00,2025-06-02T14:31:00-04:00,2025-06-02T16:00:00-04:00,2025-06-02T16:00:00-04:00,session_close_proxy,21507.25,21533.25,1,52.0,2.24,49.76,EOD_CLOSE_PROXY
A-delay2-0631,2025-06-03,MNQM25,1,2025-06-03T11:02:00-04:00,2025-06-03T11:01:00-04:00,2025-06-03T16:00:00-04:00,2025-06-03T16:00:00-04:00,session_close_proxy,21665.25,21704.0,1,77.5,2.24,75.26,EOD_CLOSE_PROXY
A-delay2-0632,2025-06-05,MNQM25,1,2025-06-05T11:32:00-04:00,2025-06-05T11:31:00-04:00,2025-06-05T13:01:00-04:00,,intrabar_unknown_within_event_minute,21919.5,21670.0,1,-499.0,2.24,-501.24,CAT_STOP
A-delay2-0633,2025-06-05,MNQM25,-1,2025-06-05T15:32:00-04:00,2025-06-05T15:31:00-04:00,2025-06-05T16:00:00-04:00,2025-06-05T16:00:00-04:00,session_close_proxy,21597.75,21587.5,1,20.5,2.24,18.26,EOD_CLOSE_PROXY
A-delay2-0634,2025-06-16,MNQM25,1,2025-06-16T10:02:00-04:00,2025-06-16T10:01:00-04:00,2025-06-16T16:00:00-04:00,2025-06-16T16:00:00-04:00,session_close_proxy,21942.5,21948.5,1,12.0,2.24,9.76,EOD_CLOSE_PROXY
A-delay2-0635,2025-06-17,MNQM25,-1,2025-06-17T14:32:00-04:00,2025-06-17T14:31:00-04:00,2025-06-17T16:00:00-04:00,2025-06-17T16:00:00-04:00,session_close_proxy,21728.0,21730.5,1,-5.0,2.24,-7.24,EOD_CLOSE_PROXY
A-delay2-0636,2025-06-18,MNQM25,1,2025-06-18T10:32:00-04:00,2025-06-18T10:31:00-04:00,2025-06-18T16:00:00-04:00,2025-06-18T16:00:00-04:00,session_close_proxy,21845.75,21723.75,1,-244.0,2.24,-246.24,EOD_CLOSE_PROXY
A-delay2-0637,2025-06-23,MNQU25,1,2025-06-23T10:02:00-04:00,2025-06-23T10:01:00-04:00,2025-06-23T16:00:00-04:00,2025-06-23T16:00:00-04:00,session_close_proxy,21931.25,22073.0,1,283.5,2.24,281.26,EOD_CLOSE_PROXY
A-delay2-0638,2025-06-24,MNQU25,1,2025-06-24T11:32:00-04:00,2025-06-24T11:31:00-04:00,2025-06-24T16:00:00-04:00,2025-06-24T16:00:00-04:00,session_close_proxy,22366.5,22405.25,1,77.5,2.24,75.26,EOD_CLOSE_PROXY
A-delay2-0639,2025-06-26,MNQU25,1,2025-06-26T13:32:00-04:00,2025-06-26T13:31:00-04:00,2025-06-26T16:00:00-04:00,2025-06-26T16:00:00-04:00,session_close_proxy,22639.0,22673.5,1,69.0,2.24,66.76,EOD_CLOSE_PROXY
A-delay2-0640,2025-06-27,MNQU25,1,2025-06-27T10:02:00-04:00,2025-06-27T10:01:00-04:00,2025-06-27T16:00:00-04:00,2025-06-27T16:00:00-04:00,session_close_proxy,22789.5,22752.0,1,-75.0,2.24,-77.24,EOD_CLOSE_PROXY
A-delay2-0641,2025-07-01,MNQU25,-1,2025-07-01T11:02:00-04:00,2025-07-01T11:01:00-04:00,2025-07-01T16:00:00-04:00,2025-07-01T16:00:00-04:00,session_close_proxy,22677.75,22693.0,1,-30.5,2.24,-32.74,EOD_CLOSE_PROXY
A-delay2-0642,2025-07-02,MNQU25,1,2025-07-02T10:32:00-04:00,2025-07-02T10:31:00-04:00,2025-07-02T16:00:00-04:00,2025-07-02T16:00:00-04:00,session_close_proxy,22795.5,22844.5,1,98.0,2.24,95.76,EOD_CLOSE_PROXY
A-delay2-0643,2025-07-09,MNQU25,1,2025-07-09T10:02:00-04:00,2025-07-09T10:01:00-04:00,2025-07-09T16:00:00-04:00,2025-07-09T16:00:00-04:00,session_close_proxy,23103.75,23051.25,1,-105.0,2.24,-107.24,EOD_CLOSE_PROXY
A-delay2-0644,2025-07-10,MNQU25,-1,2025-07-10T10:02:00-04:00,2025-07-10T10:01:00-04:00,2025-07-10T16:00:00-04:00,2025-07-10T16:00:00-04:00,session_close_proxy,22931.0,23015.0,1,-168.0,2.24,-170.24,EOD_CLOSE_PROXY
A-delay2-0645,2025-07-14,MNQU25,1,2025-07-14T13:02:00-04:00,2025-07-14T13:01:00-04:00,2025-07-14T16:00:00-04:00,2025-07-14T16:00:00-04:00,session_close_proxy,23038.5,23034.5,1,-8.0,2.24,-10.24,EOD_CLOSE_PROXY
A-delay2-0646,2025-07-16,MNQU25,-1,2025-07-16T10:02:00-04:00,2025-07-16T10:01:00-04:00,2025-07-16T16:00:00-04:00,2025-07-16T16:00:00-04:00,session_close_proxy,22977.25,23074.5,1,-194.5,2.24,-196.74,EOD_CLOSE_PROXY
A-delay2-0647,2025-07-17,MNQU25,1,2025-07-17T11:02:00-04:00,2025-07-17T11:01:00-04:00,2025-07-17T16:00:00-04:00,2025-07-17T16:00:00-04:00,session_close_proxy,23204.0,23257.75,1,107.5,2.24,105.26,EOD_CLOSE_PROXY
A-delay2-0648,2025-07-18,MNQU25,-1,2025-07-18T10:32:00-04:00,2025-07-18T10:31:00-04:00,2025-07-18T16:00:00-04:00,2025-07-18T16:00:00-04:00,session_close_proxy,23196.0,23226.75,1,-61.5,2.24,-63.74,EOD_CLOSE_PROXY
A-delay2-0649,2025-07-21,MNQU25,1,2025-07-21T10:02:00-04:00,2025-07-21T10:01:00-04:00,2025-07-21T16:00:00-04:00,2025-07-21T16:00:00-04:00,session_close_proxy,23400.0,23344.25,1,-111.5,2.24,-113.74,EOD_CLOSE_PROXY
A-delay2-0650,2025-07-22,MNQU25,-1,2025-07-22T10:02:00-04:00,2025-07-22T10:01:00-04:00,2025-07-22T16:00:00-04:00,2025-07-22T16:00:00-04:00,session_close_proxy,23123.75,23222.0,1,-196.5,2.24,-198.74,EOD_CLOSE_PROXY
A-delay2-0651,2025-07-25,MNQU25,1,2025-07-25T12:32:00-04:00,2025-07-25T12:31:00-04:00,2025-07-25T16:00:00-04:00,2025-07-25T16:00:00-04:00,session_close_proxy,23469.25,23422.5,1,-93.5,2.24,-95.74,EOD_CLOSE_PROXY
A-delay2-0652,2025-07-31,MNQU25,-1,2025-07-31T14:02:00-04:00,2025-07-31T14:01:00-04:00,2025-07-31T16:00:00-04:00,2025-07-31T16:00:00-04:00,session_close_proxy,23407.25,23354.0,1,106.5,2.24,104.26,EOD_CLOSE_PROXY
A-delay2-0653,2025-08-01,MNQU25,-1,2025-08-01T10:02:00-04:00,2025-08-01T10:01:00-04:00,2025-08-01T16:00:00-04:00,2025-08-01T16:00:00-04:00,session_close_proxy,22826.75,22880.75,1,-108.0,2.24,-110.24,EOD_CLOSE_PROXY
A-delay2-0654,2025-08-04,MNQU25,1,2025-08-04T10:02:00-04:00,2025-08-04T10:01:00-04:00,2025-08-04T16:00:00-04:00,2025-08-04T16:00:00-04:00,session_close_proxy,23253.5,23297.0,1,87.0,2.24,84.76,EOD_CLOSE_PROXY
A-delay2-0655,2025-08-05,MNQU25,-1,2025-08-05T11:02:00-04:00,2025-08-05T11:01:00-04:00,2025-08-05T16:00:00-04:00,2025-08-05T16:00:00-04:00,session_close_proxy,23163.75,23133.75,1,60.0,2.24,57.76,EOD_CLOSE_PROXY
A-delay2-0656,2025-08-06,MNQU25,1,2025-08-06T11:02:00-04:00,2025-08-06T11:01:00-04:00,2025-08-06T16:00:00-04:00,2025-08-06T16:00:00-04:00,session_close_proxy,23287.25,23424.75,1,275.0,2.24,272.76,EOD_CLOSE_PROXY
A-delay2-0657,2025-08-08,MNQU25,1,2025-08-08T10:02:00-04:00,2025-08-08T10:01:00-04:00,2025-08-08T16:00:00-04:00,2025-08-08T16:00:00-04:00,session_close_proxy,23638.0,23713.75,1,151.5,2.24,149.26,EOD_CLOSE_PROXY
A-delay2-0658,2025-08-12,MNQU25,1,2025-08-12T11:32:00-04:00,2025-08-12T11:31:00-04:00,2025-08-12T16:00:00-04:00,2025-08-12T16:00:00-04:00,session_close_proxy,23824.0,23934.0,1,220.0,2.24,217.76,EOD_CLOSE_PROXY
A-delay2-0659,2025-08-15,MNQU25,-1,2025-08-15T10:02:00-04:00,2025-08-15T10:01:00-04:00,2025-08-15T16:00:00-04:00,2025-08-15T16:00:00-04:00,session_close_proxy,23794.5,23805.75,1,-22.5,2.24,-24.74,EOD_CLOSE_PROXY
A-delay2-0660,2025-08-19,MNQU25,-1,2025-08-19T10:02:00-04:00,2025-08-19T10:01:00-04:00,2025-08-19T16:00:00-04:00,2025-08-19T16:00:00-04:00,session_close_proxy,23674.0,23471.0,1,406.0,2.24,403.76,EOD_CLOSE_PROXY
A-delay2-0661,2025-08-20,MNQU25,-1,2025-08-20T10:02:00-04:00,2025-08-20T10:01:00-04:00,2025-08-20T16:00:00-04:00,2025-08-20T16:00:00-04:00,session_close_proxy,23189.0,23324.75,1,-271.5,2.24,-273.74,EOD_CLOSE_PROXY
A-delay2-0662,2025-08-22,MNQU25,1,2025-08-22T10:32:00-04:00,2025-08-22T10:31:00-04:00,2025-08-22T16:00:00-04:00,2025-08-22T16:00:00-04:00,session_close_proxy,23568.75,23565.0,1,-7.5,2.24,-9.74,EOD_CLOSE_PROXY
A-delay2-0663,2025-08-28,MNQU25,1,2025-08-28T12:32:00-04:00,2025-08-28T12:31:00-04:00,2025-08-28T16:00:00-04:00,2025-08-28T16:00:00-04:00,session_close_proxy,23740.5,23766.5,1,52.0,2.24,49.76,EOD_CLOSE_PROXY
A-delay2-0664,2025-09-04,MNQU25,1,2025-09-04T15:02:00-04:00,2025-09-04T15:01:00-04:00,2025-09-04T16:00:00-04:00,2025-09-04T16:00:00-04:00,session_close_proxy,23620.5,23666.0,1,91.0,2.24,88.76,EOD_CLOSE_PROXY
A-delay2-0665,2025-09-08,MNQU25,1,2025-09-08T10:02:00-04:00,2025-09-08T10:01:00-04:00,2025-09-08T16:00:00-04:00,2025-09-08T16:00:00-04:00,session_close_proxy,23847.0,23803.0,1,-88.0,2.24,-90.24,EOD_CLOSE_PROXY
A-delay2-0666,2025-09-15,MNQU25,1,2025-09-15T10:02:00-04:00,2025-09-15T10:01:00-04:00,2025-09-15T16:00:00-04:00,2025-09-15T16:00:00-04:00,session_close_proxy,24259.0,24311.5,1,105.0,2.24,102.76,EOD_CLOSE_PROXY
A-delay2-0667,2025-09-17,MNQU25,-1,2025-09-17T10:02:00-04:00,2025-09-17T10:01:00-04:00,2025-09-17T16:00:00-04:00,2025-09-17T16:00:00-04:00,session_close_proxy,24236.0,24231.5,1,9.0,2.24,6.76,EOD_CLOSE_PROXY
A-delay2-0668,2025-09-18,MNQU25,1,2025-09-18T10:32:00-04:00,2025-09-18T10:31:00-04:00,2025-09-18T16:00:00-04:00,2025-09-18T16:00:00-04:00,session_close_proxy,24556.75,24456.5,1,-200.5,2.24,-202.74,EOD_CLOSE_PROXY
A-delay2-0669,2025-09-22,MNQZ25,1,2025-09-22T12:32:00-04:00,2025-09-22T12:31:00-04:00,2025-09-22T16:00:00-04:00,2025-09-22T16:00:00-04:00,session_close_proxy,24977.25,24998.75,1,43.0,2.24,40.76,EOD_CLOSE_PROXY
A-delay2-0670,2025-09-23,MNQZ25,-1,2025-09-23T10:02:00-04:00,2025-09-23T10:01:00-04:00,2025-09-23T16:00:00-04:00,2025-09-23T16:00:00-04:00,session_close_proxy,24932.75,24830.5,1,204.5,2.24,202.26,EOD_CLOSE_PROXY
A-delay2-0671,2025-09-24,MNQZ25,-1,2025-09-24T12:02:00-04:00,2025-09-24T12:01:00-04:00,2025-09-24T16:00:00-04:00,2025-09-24T16:00:00-04:00,session_close_proxy,24677.25,24739.75,1,-125.0,2.24,-127.24,EOD_CLOSE_PROXY
A-delay2-0672,2025-09-25,MNQZ25,-1,2025-09-25T10:02:00-04:00,2025-09-25T10:01:00-04:00,2025-09-25T16:00:00-04:00,2025-09-25T16:00:00-04:00,session_close_proxy,24453.25,24631.75,1,-357.0,2.24,-359.24,EOD_CLOSE_PROXY
A-delay2-0673,2025-09-26,MNQZ25,1,2025-09-26T10:02:00-04:00,2025-09-26T10:01:00-04:00,2025-09-26T16:00:00-04:00,2025-09-26T16:00:00-04:00,session_close_proxy,24722.25,24725.75,1,7.0,2.24,4.76,EOD_CLOSE_PROXY
A-delay2-0674,2025-09-29,MNQZ25,1,2025-09-29T10:02:00-04:00,2025-09-29T10:01:00-04:00,2025-09-29T16:00:00-04:00,2025-09-29T16:00:00-04:00,session_close_proxy,24939.5,24837.0,1,-205.0,2.24,-207.24,EOD_CLOSE_PROXY
A-delay2-0675,2025-10-01,MNQZ25,1,2025-10-01T13:32:00-04:00,2025-10-01T13:31:00-04:00,2025-10-01T16:00:00-04:00,2025-10-01T16:00:00-04:00,session_close_proxy,24976.75,25011.5,1,69.5,2.24,67.26,EOD_CLOSE_PROXY
A-delay2-0676,2025-10-03,MNQZ25,-1,2025-10-03T14:02:00-04:00,2025-10-03T14:01:00-04:00,2025-10-03T16:00:00-04:00,2025-10-03T16:00:00-04:00,session_close_proxy,24957.0,24996.25,1,-78.5,2.24,-80.74,EOD_CLOSE_PROXY
A-delay2-0677,2025-10-07,MNQZ25,-1,2025-10-07T11:32:00-04:00,2025-10-07T11:31:00-04:00,2025-10-07T16:00:00-04:00,2025-10-07T16:00:00-04:00,session_close_proxy,25063.25,25045.0,1,36.5,2.24,34.26,EOD_CLOSE_PROXY
A-delay2-0678,2025-10-08,MNQZ25,1,2025-10-08T10:02:00-04:00,2025-10-08T10:01:00-04:00,2025-10-08T16:00:00-04:00,2025-10-08T16:00:00-04:00,session_close_proxy,25187.5,25329.25,1,283.5,2.24,281.26,EOD_CLOSE_PROXY
A-delay2-0679,2025-10-09,MNQZ25,-1,2025-10-09T11:32:00-04:00,2025-10-09T11:31:00-04:00,2025-10-09T16:00:00-04:00,2025-10-09T16:00:00-04:00,session_close_proxy,25228.0,25294.75,1,-133.5,2.24,-135.74,EOD_CLOSE_PROXY
A-delay2-0680,2025-10-10,MNQZ25,-1,2025-10-10T11:02:00-04:00,2025-10-10T11:01:00-04:00,2025-10-10T16:00:00-04:00,2025-10-10T16:00:00-04:00,session_close_proxy,25108.25,24402.5,1,1411.5,2.24,1409.26,EOD_CLOSE_PROXY
A-delay2-0681,2025-10-13,MNQZ25,1,2025-10-13T10:02:00-04:00,2025-10-13T10:01:00-04:00,2025-10-13T16:00:00-04:00,2025-10-13T16:00:00-04:00,session_close_proxy,24902.0,24921.25,1,38.5,2.24,36.26,EOD_CLOSE_PROXY
A-delay2-0682,2025-10-14,MNQZ25,-1,2025-10-14T10:02:00-04:00,2025-10-14T10:01:00-04:00,2025-10-14T11:54:00-04:00,,intrabar_unknown_within_event_minute,24565.25,24825.75,1,-521.0,2.24,-523.24,CAT_STOP
A-delay2-0683,2025-10-15,MNQZ25,1,2025-10-15T10:32:00-04:00,2025-10-15T10:31:00-04:00,2025-10-15T13:01:00-04:00,,intrabar_unknown_within_event_minute,25109.25,24851.25,1,-516.0,2.24,-518.24,CAT_STOP
A-delay2-0684,2025-10-16,MNQZ25,-1,2025-10-16T14:32:00-04:00,2025-10-16T14:31:00-04:00,2025-10-16T16:00:00-04:00,2025-10-16T16:00:00-04:00,session_close_proxy,24701.25,24831.0,1,-259.5,2.24,-261.74,EOD_CLOSE_PROXY
A-delay2-0685,2025-10-17,MNQZ25,1,2025-10-17T10:32:00-04:00,2025-10-17T10:31:00-04:00,2025-10-17T16:00:00-04:00,2025-10-17T16:00:00-04:00,session_close_proxy,24889.0,24988.25,1,198.5,2.24,196.26,EOD_CLOSE_PROXY
A-delay2-0686,2025-10-20,MNQZ25,1,2025-10-20T10:02:00-04:00,2025-10-20T10:01:00-04:00,2025-10-20T16:00:00-04:00,2025-10-20T16:00:00-04:00,session_close_proxy,25228.75,25300.25,1,143.0,2.24,140.76,EOD_CLOSE_PROXY
A-delay2-0687,2025-10-21,MNQZ25,-1,2025-10-21T10:02:00-04:00,2025-10-21T10:01:00-04:00,2025-10-21T16:00:00-04:00,2025-10-21T16:00:00-04:00,session_close_proxy,25222.5,25291.25,1,-137.5,2.24,-139.74,EOD_CLOSE_PROXY
A-delay2-0688,2025-10-22,MNQZ25,-1,2025-10-22T10:32:00-04:00,2025-10-22T10:31:00-04:00,2025-10-22T16:00:00-04:00,2025-10-22T16:00:00-04:00,session_close_proxy,25110.75,25040.0,1,141.5,2.24,139.26,EOD_CLOSE_PROXY
A-delay2-0689,2025-10-23,MNQZ25,1,2025-10-23T10:02:00-04:00,2025-10-23T10:01:00-04:00,2025-10-23T16:00:00-04:00,2025-10-23T16:00:00-04:00,session_close_proxy,25140.5,25252.25,1,223.5,2.24,221.26,EOD_CLOSE_PROXY
A-delay2-0690,2025-10-30,MNQZ25,-1,2025-10-30T10:32:00-04:00,2025-10-30T10:31:00-04:00,2025-10-30T16:00:00-04:00,2025-10-30T16:00:00-04:00,session_close_proxy,26043.25,25871.75,1,343.0,2.24,340.76,EOD_CLOSE_PROXY
A-delay2-0691,2025-11-05,MNQZ25,1,2025-11-05T10:02:00-05:00,2025-11-05T10:01:00-05:00,2025-11-05T16:00:00-05:00,2025-11-05T16:00:00-05:00,session_close_proxy,25682.75,25740.75,1,116.0,2.24,113.76,EOD_CLOSE_PROXY
A-delay2-0692,2025-11-06,MNQZ25,-1,2025-11-06T10:02:00-05:00,2025-11-06T10:01:00-05:00,2025-11-06T16:00:00-05:00,2025-11-06T16:00:00-05:00,session_close_proxy,25485.5,25258.75,1,453.5,2.24,451.26,EOD_CLOSE_PROXY
A-delay2-0693,2025-11-07,MNQZ25,-1,2025-11-07T10:02:00-05:00,2025-11-07T10:01:00-05:00,2025-11-07T16:00:00-05:00,2025-11-07T16:00:00-05:00,session_close_proxy,24972.75,25164.5,1,-383.5,2.24,-385.74,EOD_CLOSE_PROXY
A-delay2-0694,2025-11-10,MNQZ25,1,2025-11-10T10:02:00-05:00,2025-11-10T10:01:00-05:00,2025-11-10T16:00:00-05:00,2025-11-10T16:00:00-05:00,session_close_proxy,25634.5,25713.25,1,157.5,2.24,155.26,EOD_CLOSE_PROXY
A-delay2-0695,2025-11-13,MNQZ25,-1,2025-11-13T10:02:00-05:00,2025-11-13T10:01:00-05:00,2025-11-13T16:00:00-05:00,2025-11-13T16:00:00-05:00,session_close_proxy,25396.75,25100.0,1,593.5,2.24,591.26,EOD_CLOSE_PROXY
A-delay2-0696,2025-11-14,MNQZ25,1,2025-11-14T11:32:00-05:00,2025-11-14T11:31:00-05:00,2025-11-14T16:00:00-05:00,2025-11-14T16:00:00-05:00,session_close_proxy,25229.25,25105.5,1,-247.5,2.24,-249.74,EOD_CLOSE_PROXY
A-delay2-0697,2025-11-17,MNQZ25,-1,2025-11-17T15:02:00-05:00,2025-11-17T15:01:00-05:00,2025-11-17T16:00:00-05:00,2025-11-17T16:00:00-05:00,session_close_proxy,24754.25,24887.25,1,-266.0,2.24,-268.24,EOD_CLOSE_PROXY
A-delay2-0698,2025-11-18,MNQZ25,-1,2025-11-18T10:02:00-05:00,2025-11-18T10:01:00-05:00,2025-11-18T12:59:00-05:00,,intrabar_unknown_within_event_minute,24533.5,24773.25,1,-479.5,2.24,-481.74,CAT_STOP
A-delay2-0699,2025-11-19,MNQZ25,1,2025-11-19T10:02:00-05:00,2025-11-19T10:01:00-05:00,2025-11-19T12:05:00-05:00,,intrabar_unknown_within_event_minute,24897.5,24644.25,1,-506.5,2.24,-508.74,CAT_STOP
A-delay2-0700,2025-11-20,MNQZ25,-1,2025-11-20T12:32:00-05:00,2025-11-20T12:31:00-05:00,2025-11-20T16:00:00-05:00,2025-11-20T16:00:00-05:00,session_close_proxy,24478.25,24137.75,1,681.0,2.24,678.76,EOD_CLOSE_PROXY
A-delay2-0701,2025-11-21,MNQZ25,1,2025-11-21T14:02:00-05:00,2025-11-21T14:01:00-05:00,2025-11-21T16:00:00-05:00,2025-11-21T16:00:00-05:00,session_close_proxy,24498.5,24313.5,1,-370.0,2.24,-372.24,EOD_CLOSE_PROXY
A-delay2-0702,2025-11-24,MNQZ25,1,2025-11-24T10:02:00-05:00,2025-11-24T10:01:00-05:00,2025-11-24T16:00:00-05:00,2025-11-24T16:00:00-05:00,session_close_proxy,24703.5,24935.5,1,464.0,2.24,461.76,EOD_CLOSE_PROXY
A-delay2-0703,2025-12-05,MNQZ25,1,2025-12-05T10:32:00-05:00,2025-12-05T10:31:00-05:00,2025-12-05T16:00:00-05:00,2025-12-05T16:00:00-05:00,session_close_proxy,25846.0,25726.0,1,-240.0,2.24,-242.24,EOD_CLOSE_PROXY
A-delay2-0704,2025-12-11,MNQZ25,-1,2025-12-11T10:02:00-05:00,2025-12-11T10:01:00-05:00,2025-12-11T13:38:00-05:00,,intrabar_unknown_within_event_minute,25405.0,25664.25,1,-518.5,2.24,-520.74,CAT_STOP
A-delay2-0705,2025-12-12,MNQZ25,-1,2025-12-12T10:32:00-05:00,2025-12-12T10:31:00-05:00,2025-12-12T16:00:00-05:00,2025-12-12T16:00:00-05:00,session_close_proxy,25320.25,25209.75,1,221.0,2.24,218.76,EOD_CLOSE_PROXY
A-delay2-0706,2025-12-15,MNQZ25,-1,2025-12-15T10:32:00-05:00,2025-12-15T10:31:00-05:00,2025-12-15T16:00:00-05:00,2025-12-15T16:00:00-05:00,session_close_proxy,25083.0,25084.5,1,-3.0,2.24,-5.24,EOD_CLOSE_PROXY
A-delay2-0707,2025-12-17,MNQZ25,-1,2025-12-17T11:02:00-05:00,2025-12-17T11:01:00-05:00,2025-12-17T16:00:00-05:00,2025-12-17T16:00:00-05:00,session_close_proxy,24837.75,24662.0,1,351.5,2.24,349.26,EOD_CLOSE_PROXY
A-delay2-0708,2025-12-31,MNQH26,-1,2025-12-31T15:32:00-05:00,2025-12-31T15:31:00-05:00,2025-12-31T16:00:00-05:00,2025-12-31T16:00:00-05:00,session_close_proxy,25487.25,25454.75,1,65.0,2.24,62.76,EOD_CLOSE_PROXY
A-delay2-0709,2026-01-06,MNQH26,1,2026-01-06T10:02:00-05:00,2026-01-06T10:01:00-05:00,2026-01-06T16:00:00-05:00,2026-01-06T16:00:00-05:00,session_close_proxy,25762.25,25813.5,1,102.5,2.24,100.26,EOD_CLOSE_PROXY
A-delay2-0710,2026-01-07,MNQH26,1,2026-01-07T12:02:00-05:00,2026-01-07T12:01:00-05:00,2026-01-07T16:00:00-05:00,2026-01-07T16:00:00-05:00,session_close_proxy,25972.75,25834.25,1,-277.0,2.24,-279.24,EOD_CLOSE_PROXY
A-delay2-0711,2026-01-08,MNQH26,-1,2026-01-08T10:02:00-05:00,2026-01-08T10:01:00-05:00,2026-01-08T16:00:00-05:00,2026-01-08T16:00:00-05:00,session_close_proxy,25590.5,25682.75,1,-184.5,2.24,-186.74,EOD_CLOSE_PROXY
A-delay2-0712,2026-01-09,MNQH26,1,2026-01-09T10:32:00-05:00,2026-01-09T10:31:00-05:00,2026-01-09T16:00:00-05:00,2026-01-09T16:00:00-05:00,session_close_proxy,25848.0,25932.75,1,169.5,2.24,167.26,EOD_CLOSE_PROXY
A-delay2-0713,2026-01-13,MNQH26,-1,2026-01-13T10:32:00-05:00,2026-01-13T10:31:00-05:00,2026-01-13T16:00:00-05:00,2026-01-13T16:00:00-05:00,session_close_proxy,25830.5,25904.0,1,-147.0,2.24,-149.24,EOD_CLOSE_PROXY
A-delay2-0714,2026-01-14,MNQH26,-1,2026-01-14T10:02:00-05:00,2026-01-14T10:01:00-05:00,2026-01-14T16:00:00-05:00,2026-01-14T16:00:00-05:00,session_close_proxy,25539.25,25637.25,1,-196.0,2.24,-198.24,EOD_CLOSE_PROXY
A-delay2-0715,2026-01-21,MNQH26,1,2026-01-21T10:02:00-05:00,2026-01-21T10:01:00-05:00,2026-01-21T16:00:00-05:00,2026-01-21T16:00:00-05:00,session_close_proxy,25328.75,25471.25,1,285.0,2.24,282.76,EOD_CLOSE_PROXY
A-delay2-0716,2026-01-23,MNQH26,1,2026-01-23T11:02:00-05:00,2026-01-23T11:01:00-05:00,2026-01-23T16:00:00-05:00,2026-01-23T16:00:00-05:00,session_close_proxy,25833.75,25734.75,1,-198.0,2.24,-200.24,EOD_CLOSE_PROXY
A-delay2-0717,2026-01-26,MNQH26,1,2026-01-26T11:02:00-05:00,2026-01-26T11:01:00-05:00,2026-01-26T16:00:00-05:00,2026-01-26T16:00:00-05:00,session_close_proxy,25890.5,25844.25,1,-92.5,2.24,-94.74,EOD_CLOSE_PROXY
A-delay2-0718,2026-01-29,MNQH26,-1,2026-01-29T10:02:00-05:00,2026-01-29T10:01:00-05:00,2026-01-29T16:00:00-05:00,2026-01-29T16:00:00-05:00,session_close_proxy,25808.75,25992.75,1,-368.0,2.24,-370.24,EOD_CLOSE_PROXY
A-delay2-0719,2026-01-30,MNQH26,-1,2026-01-30T13:02:00-05:00,2026-01-30T13:01:00-05:00,2026-01-30T16:00:00-05:00,2026-01-30T16:00:00-05:00,session_close_proxy,25673.5,25677.0,1,-7.0,2.24,-9.24,EOD_CLOSE_PROXY
A-delay2-0720,2026-02-02,MNQH26,1,2026-02-02T10:32:00-05:00,2026-02-02T10:31:00-05:00,2026-02-02T16:00:00-05:00,2026-02-02T16:00:00-05:00,session_close_proxy,25852.0,25856.25,1,8.5,2.24,6.26,EOD_CLOSE_PROXY
A-delay2-0721,2026-02-03,MNQH26,-1,2026-02-03T10:02:00-05:00,2026-02-03T10:01:00-05:00,2026-02-03T16:00:00-05:00,2026-02-03T16:00:00-05:00,session_close_proxy,25610.25,25446.0,1,328.5,2.24,326.26,EOD_CLOSE_PROXY
A-delay2-0722,2026-02-04,MNQH26,-1,2026-02-04T10:02:00-05:00,2026-02-04T10:01:00-05:00,2026-02-04T16:00:00-05:00,2026-02-04T16:00:00-05:00,session_close_proxy,25153.0,24996.75,1,312.5,2.24,310.26,EOD_CLOSE_PROXY
A-delay2-0723,2026-02-05,MNQH26,-1,2026-02-05T10:32:00-05:00,2026-02-05T10:31:00-05:00,2026-02-05T11:52:00-05:00,,intrabar_unknown_within_event_minute,24609.5,24828.0,1,-437.0,2.24,-439.24,CAT_STOP
A-delay2-0724,2026-02-06,MNQH26,1,2026-02-06T11:32:00-05:00,2026-02-06T11:31:00-05:00,2026-02-06T16:00:00-05:00,2026-02-06T16:00:00-05:00,session_close_proxy,25016.5,25146.25,1,259.5,2.24,257.26,EOD_CLOSE_PROXY
A-delay2-0725,2026-02-09,MNQH26,1,2026-02-09T11:32:00-05:00,2026-02-09T11:31:00-05:00,2026-02-09T16:00:00-05:00,2026-02-09T16:00:00-05:00,session_close_proxy,25354.75,25338.5,1,-32.5,2.24,-34.74,EOD_CLOSE_PROXY
A-delay2-0726,2026-02-12,MNQH26,-1,2026-02-12T11:02:00-05:00,2026-02-12T11:01:00-05:00,2026-02-12T16:00:00-05:00,2026-02-12T16:00:00-05:00,session_close_proxy,25015.0,24763.75,1,502.5,2.24,500.26,EOD_CLOSE_PROXY
A-delay2-0727,2026-02-18,MNQH26,1,2026-02-18T10:02:00-05:00,2026-02-18T10:01:00-05:00,2026-02-18T16:00:00-05:00,2026-02-18T16:00:00-05:00,session_close_proxy,24954.5,24957.75,1,6.5,2.24,4.26,EOD_CLOSE_PROXY
A-delay2-0728,2026-02-20,MNQH26,1,2026-02-20T11:02:00-05:00,2026-02-20T11:01:00-05:00,2026-02-20T16:00:00-05:00,2026-02-20T16:00:00-05:00,session_close_proxy,25103.5,25073.75,1,-59.5,2.24,-61.74,EOD_CLOSE_PROXY
A-delay2-0729,2026-02-23,MNQH26,-1,2026-02-23T11:02:00-05:00,2026-02-23T11:01:00-05:00,2026-02-23T16:00:00-05:00,2026-02-23T16:00:00-05:00,session_close_proxy,24751.5,24768.5,1,-34.0,2.24,-36.24,EOD_CLOSE_PROXY
A-delay2-0730,2026-02-24,MNQH26,1,2026-02-24T10:32:00-05:00,2026-02-24T10:31:00-05:00,2026-02-24T16:00:00-05:00,2026-02-24T16:00:00-05:00,session_close_proxy,25016.5,25030.0,1,27.0,2.24,24.76,EOD_CLOSE_PROXY
A-delay2-0731,2026-02-25,MNQH26,1,2026-02-25T10:02:00-05:00,2026-02-25T10:01:00-05:00,2026-02-25T16:00:00-05:00,2026-02-25T16:00:00-05:00,session_close_proxy,25343.0,25384.0,1,82.0,2.24,79.76,EOD_CLOSE_PROXY
A-delay2-0732,2026-02-26,MNQH26,-1,2026-02-26T10:02:00-05:00,2026-02-26T10:01:00-05:00,2026-02-26T16:00:00-05:00,2026-02-26T16:00:00-05:00,session_close_proxy,25176.0,25082.75,1,186.5,2.24,184.26,EOD_CLOSE_PROXY
A-delay2-0733,2026-03-04,MNQH26,1,2026-03-04T10:32:00-05:00,2026-03-04T10:31:00-05:00,2026-03-04T16:00:00-05:00,2026-03-04T16:00:00-05:00,session_close_proxy,25126.0,25118.75,1,-14.5,2.24,-16.740000000000002,EOD_CLOSE_PROXY
A-delay2-0734,2026-03-09,MNQH26,1,2026-03-09T15:32:00-04:00,2026-03-09T15:31:00-04:00,2026-03-09T16:00:00-04:00,2026-03-09T16:00:00-04:00,session_close_proxy,24904.5,24991.75,1,174.5,2.24,172.26,EOD_CLOSE_PROXY
A-delay2-0735,2026-03-12,MNQH26,-1,2026-03-12T10:02:00-04:00,2026-03-12T10:01:00-04:00,2026-03-12T16:00:00-04:00,2026-03-12T16:00:00-04:00,session_close_proxy,24699.25,24555.75,1,287.0,2.24,284.76,EOD_CLOSE_PROXY
A-delay2-0736,2026-03-18,MNQH26,-1,2026-03-18T15:02:00-04:00,2026-03-18T15:01:00-04:00,2026-03-18T16:00:00-04:00,2026-03-18T16:00:00-04:00,session_close_proxy,24534.75,24434.25,1,201.0,2.24,198.76,EOD_CLOSE_PROXY
A-delay2-0737,2026-03-23,MNQM26,1,2026-03-23T10:02:00-04:00,2026-03-23T10:01:00-04:00,2026-03-23T12:26:00-04:00,,intrabar_unknown_within_event_minute,24590.75,24350.0,1,-481.5,2.24,-483.74,CAT_STOP
A-delay2-0738,2026-03-26,MNQM26,-1,2026-03-26T12:32:00-04:00,2026-03-26T12:31:00-04:00,2026-03-26T16:00:00-04:00,2026-03-26T16:00:00-04:00,session_close_proxy,24003.25,23787.0,1,432.5,2.24,430.26,EOD_CLOSE_PROXY
A-delay2-0739,2026-03-27,MNQM26,-1,2026-03-27T10:02:00-04:00,2026-03-27T10:01:00-04:00,2026-03-27T16:00:00-04:00,2026-03-27T16:00:00-04:00,session_close_proxy,23506.0,23308.5,1,395.0,2.24,392.76,EOD_CLOSE_PROXY
A-delay2-0740,2026-03-30,MNQM26,-1,2026-03-30T13:32:00-04:00,2026-03-30T13:31:00-04:00,2026-03-30T16:00:00-04:00,2026-03-30T16:00:00-04:00,session_close_proxy,23197.5,23135.75,1,123.5,2.24,121.26,EOD_CLOSE_PROXY
A-delay2-0741,2026-03-31,MNQM26,1,2026-03-31T10:02:00-04:00,2026-03-31T10:01:00-04:00,2026-03-31T16:00:00-04:00,2026-03-31T16:00:00-04:00,session_close_proxy,23570.75,23910.0,1,678.5,2.24,676.26,EOD_CLOSE_PROXY
A-delay2-0742,2026-04-01,MNQM26,1,2026-04-01T10:32:00-04:00,2026-04-01T10:31:00-04:00,2026-04-01T16:00:00-04:00,2026-04-01T16:00:00-04:00,session_close_proxy,24204.75,24199.75,1,-10.0,2.24,-12.24,EOD_CLOSE_PROXY
A-delay2-0743,2026-04-07,MNQM26,-1,2026-04-07T10:02:00-04:00,2026-04-07T10:01:00-04:00,2026-04-07T16:00:00-04:00,,intrabar_unknown_within_event_minute,24104.25,24370.25,1,-532.0,2.24,-534.24,CAT_STOP
A-delay2-0744,2026-04-09,MNQM26,1,2026-04-09T12:32:00-04:00,2026-04-09T12:31:00-04:00,2026-04-09T16:00:00-04:00,2026-04-09T16:00:00-04:00,session_close_proxy,25214.25,25248.75,1,69.0,2.24,66.76,EOD_CLOSE_PROXY
A-delay2-0745,2026-04-14,MNQM26,1,2026-04-14T10:32:00-04:00,2026-04-14T10:31:00-04:00,2026-04-14T16:00:00-04:00,2026-04-14T16:00:00-04:00,session_close_proxy,25807.0,26001.0,1,388.0,2.24,385.76,EOD_CLOSE_PROXY
A-delay2-0746,2026-04-15,MNQM26,1,2026-04-15T11:02:00-04:00,2026-04-15T11:01:00-04:00,2026-04-15T16:00:00-04:00,2026-04-15T16:00:00-04:00,session_close_proxy,26157.0,26364.0,1,414.0,2.24,411.76,EOD_CLOSE_PROXY
A-delay2-0747,2026-04-20,MNQM26,-1,2026-04-20T11:02:00-04:00,2026-04-20T11:01:00-04:00,2026-04-20T16:00:00-04:00,2026-04-20T16:00:00-04:00,session_close_proxy,26638.75,26745.25,1,-213.0,2.24,-215.24,EOD_CLOSE_PROXY
A-delay2-0748,2026-04-24,MNQM26,1,2026-04-24T12:02:00-04:00,2026-04-24T12:01:00-04:00,2026-04-24T16:00:00-04:00,2026-04-24T16:00:00-04:00,session_close_proxy,27393.25,27433.5,1,80.5,2.24,78.26,EOD_CLOSE_PROXY
A-delay2-0749,2026-04-28,MNQM26,-1,2026-04-28T11:32:00-04:00,2026-04-28T11:31:00-04:00,2026-04-28T16:00:00-04:00,2026-04-28T16:00:00-04:00,session_close_proxy,27039.0,27169.5,1,-261.0,2.24,-263.24,EOD_CLOSE_PROXY
A-delay2-0750,2026-04-29,MNQM26,1,2026-04-29T11:02:00-04:00,2026-04-29T11:01:00-04:00,2026-04-29T16:00:00-04:00,2026-04-29T16:00:00-04:00,session_close_proxy,27306.5,27336.5,1,60.0,2.24,57.76,EOD_CLOSE_PROXY
A-delay2-0751,2026-04-30,MNQM26,-1,2026-04-30T10:02:00-04:00,2026-04-30T10:01:00-04:00,2026-04-30T13:31:00-04:00,,intrabar_unknown_within_event_minute,27258.75,27497.25,1,-477.0,2.24,-479.24,CAT_STOP
A-delay2-0752,2026-05-01,MNQM26,1,2026-05-01T10:02:00-04:00,2026-05-01T10:01:00-04:00,2026-05-01T16:00:00-04:00,2026-05-01T16:00:00-04:00,session_close_proxy,27867.0,27837.0,1,-60.0,2.24,-62.24,EOD_CLOSE_PROXY
A-delay2-0753,2026-05-04,MNQM26,-1,2026-05-04T13:02:00-04:00,2026-05-04T13:01:00-04:00,2026-05-04T16:00:00-04:00,2026-05-04T16:00:00-04:00,session_close_proxy,27716.75,27779.75,1,-126.0,2.24,-128.24,EOD_CLOSE_PROXY
A-delay2-0754,2026-05-05,MNQM26,1,2026-05-05T10:02:00-04:00,2026-05-05T10:01:00-04:00,2026-05-05T16:00:00-04:00,2026-05-05T16:00:00-04:00,session_close_proxy,28072.25,28135.0,1,125.5,2.24,123.26,EOD_CLOSE_PROXY
A-delay2-0755,2026-05-06,MNQM26,1,2026-05-06T10:02:00-04:00,2026-05-06T10:01:00-04:00,2026-05-06T16:00:00-04:00,2026-05-06T16:00:00-04:00,session_close_proxy,28466.25,28710.5,1,488.5,2.24,486.26,EOD_CLOSE_PROXY
A-delay2-0756,2026-05-07,MNQM26,1,2026-05-07T10:32:00-04:00,2026-05-07T10:31:00-04:00,2026-05-07T13:20:00-04:00,,intrabar_unknown_within_event_minute,28867.25,28624.75,1,-485.0,2.24,-487.24,CAT_STOP
A-delay2-0757,2026-05-08,MNQM26,1,2026-05-08T10:02:00-04:00,2026-05-08T10:01:00-04:00,2026-05-08T16:00:00-04:00,2026-05-08T16:00:00-04:00,session_close_proxy,29103.5,29339.75,1,472.5,2.24,470.26,EOD_CLOSE_PROXY
A-delay2-0758,2026-05-12,MNQM26,-1,2026-05-12T10:02:00-04:00,2026-05-12T10:01:00-04:00,2026-05-12T16:00:00-04:00,2026-05-12T16:00:00-04:00,session_close_proxy,29120.5,29174.0,1,-107.0,2.24,-109.24,EOD_CLOSE_PROXY
A-delay2-0759,2026-05-13,MNQM26,1,2026-05-13T12:32:00-04:00,2026-05-13T12:31:00-04:00,2026-05-13T16:00:00-04:00,2026-05-13T16:00:00-04:00,session_close_proxy,29433.5,29475.75,1,84.5,2.24,82.26,EOD_CLOSE_PROXY
A-delay2-0760,2026-05-14,MNQM26,1,2026-05-14T10:32:00-04:00,2026-05-14T10:31:00-04:00,2026-05-14T16:00:00-04:00,2026-05-14T16:00:00-04:00,session_close_proxy,29623.75,29687.0,1,126.5,2.24,124.26,EOD_CLOSE_PROXY
A-delay2-0761,2026-05-15,MNQM26,-1,2026-05-15T10:02:00-04:00,2026-05-15T10:01:00-04:00,2026-05-15T13:24:00-04:00,,intrabar_unknown_within_event_minute,29156.0,29393.0,1,-474.0,2.24,-476.24,CAT_STOP
A-delay2-0762,2026-05-18,MNQM26,-1,2026-05-18T11:02:00-04:00,2026-05-18T11:01:00-04:00,2026-05-18T16:00:00-04:00,2026-05-18T16:00:00-04:00,session_close_proxy,29110.5,29099.5,1,22.0,2.24,19.76,EOD_CLOSE_PROXY
A-delay2-0763,2026-05-19,MNQM26,-1,2026-05-19T10:32:00-04:00,2026-05-19T10:31:00-04:00,2026-05-19T12:39:00-04:00,,intrabar_unknown_within_event_minute,28739.25,28961.5,1,-444.5,2.24,-446.74,CAT_STOP
A-delay2-0764,2026-05-20,MNQM26,1,2026-05-20T10:32:00-04:00,2026-05-20T10:31:00-04:00,2026-05-20T16:00:00-04:00,2026-05-20T16:00:00-04:00,session_close_proxy,29239.5,29395.25,1,311.5,2.24,309.26,EOD_CLOSE_PROXY
A-delay2-0765,2026-05-27,MNQM26,-1,2026-05-27T10:32:00-04:00,2026-05-27T10:31:00-04:00,2026-05-27T16:00:00-04:00,2026-05-27T16:00:00-04:00,session_close_proxy,29929.75,30047.5,1,-235.5,2.24,-237.74,EOD_CLOSE_PROXY
A-delay2-0766,2026-05-28,MNQM26,1,2026-05-28T11:32:00-04:00,2026-05-28T11:31:00-04:00,2026-05-28T16:00:00-04:00,2026-05-28T16:00:00-04:00,session_close_proxy,30265.5,30305.75,1,80.5,2.24,78.26,EOD_CLOSE_PROXY
A-delay2-0767,2026-05-29,MNQM26,1,2026-05-29T10:02:00-04:00,2026-05-29T10:01:00-04:00,2026-05-29T16:00:00-04:00,2026-05-29T16:00:00-04:00,session_close_proxy,30526.5,30397.25,1,-258.5,2.24,-260.74,EOD_CLOSE_PROXY
A-delay2-0768,2026-06-01,MNQM26,1,2026-06-01T14:02:00-04:00,2026-06-01T14:01:00-04:00,2026-06-01T16:00:00-04:00,2026-06-01T16:00:00-04:00,session_close_proxy,30671.0,30571.25,1,-199.5,2.24,-201.74,EOD_CLOSE_PROXY
A-delay2-0769,2026-06-03,MNQM26,-1,2026-06-03T10:02:00-04:00,2026-06-03T10:01:00-04:00,2026-06-03T16:00:00-04:00,2026-06-03T16:00:00-04:00,session_close_proxy,30610.0,30635.75,1,-51.5,2.24,-53.74,EOD_CLOSE_PROXY
A-delay2-0770,2026-06-05,MNQM26,-1,2026-06-05T10:02:00-04:00,2026-06-05T10:01:00-04:00,2026-06-05T16:00:00-04:00,2026-06-05T16:00:00-04:00,session_close_proxy,29786.0,29016.25,1,1539.5,2.24,1537.26,EOD_CLOSE_PROXY
A-delay2-0771,2026-06-08,MNQM26,1,2026-06-08T11:02:00-04:00,2026-06-08T11:01:00-04:00,2026-06-08T15:16:00-04:00,,intrabar_unknown_within_event_minute,29675.0,29426.0,1,-498.0,2.24,-500.24,CAT_STOP
A-delay2-0772,2026-06-09,MNQM26,-1,2026-06-09T11:02:00-04:00,2026-06-09T11:01:00-04:00,2026-06-09T16:00:00-04:00,2026-06-09T16:00:00-04:00,session_close_proxy,29233.0,29115.75,1,234.5,2.24,232.26,EOD_CLOSE_PROXY
A-delay2-0773,2026-06-10,MNQM26,-1,2026-06-10T15:02:00-04:00,2026-06-10T15:01:00-04:00,2026-06-10T16:00:00-04:00,2026-06-10T16:00:00-04:00,session_close_proxy,28582.75,28528.75,1,108.0,2.24,105.76,EOD_CLOSE_PROXY
A-delay2-0774,2026-06-11,MNQM26,1,2026-06-11T10:02:00-04:00,2026-06-11T10:01:00-04:00,2026-06-11T10:59:00-04:00,,intrabar_unknown_within_event_minute,28961.75,28650.75,1,-622.0,2.24,-624.24,CAT_STOP
A-delay2-0775,2026-06-11,MNQM26,1,2026-06-11T13:32:00-04:00,2026-06-11T13:31:00-04:00,2026-06-11T16:00:00-04:00,2026-06-11T16:00:00-04:00,session_close_proxy,29184.75,29457.25,1,545.0,2.24,542.76,EOD_CLOSE_PROXY
A-delay2-0776,2026-06-12,MNQM26,1,2026-06-12T11:02:00-04:00,2026-06-12T11:01:00-04:00,2026-06-12T16:00:00-04:00,2026-06-12T16:00:00-04:00,session_close_proxy,29664.5,29650.5,1,-28.0,2.24,-30.24,EOD_CLOSE_PROXY
A-delay2-0777,2026-06-15,MNQM26,1,2026-06-15T10:32:00-04:00,2026-06-15T10:31:00-04:00,2026-06-15T16:00:00-04:00,2026-06-15T16:00:00-04:00,session_close_proxy,30447.25,30567.0,1,239.5,2.24,237.26,EOD_CLOSE_PROXY
A-delay2-0778,2026-06-16,MNQM26,-1,2026-06-16T10:32:00-04:00,2026-06-16T10:31:00-04:00,2026-06-16T16:00:00-04:00,2026-06-16T16:00:00-04:00,session_close_proxy,30340.25,29991.25,1,698.0,2.24,695.76,EOD_CLOSE_PROXY
A-delay2-0779,2026-06-24,MNQU26,1,2026-06-24T11:02:00-04:00,2026-06-24T11:01:00-04:00,2026-06-24T12:41:00-04:00,,intrabar_unknown_within_event_minute,29884.25,29642.0,1,-484.5,2.24,-486.74,CAT_STOP
A-delay2-0780,2026-06-24,MNQU26,-1,2026-06-24T14:02:00-04:00,2026-06-24T14:01:00-04:00,2026-06-24T16:00:00-04:00,2026-06-24T16:00:00-04:00,session_close_proxy,29398.75,29513.75,1,-230.0,2.24,-232.24,EOD_CLOSE_PROXY
A-delay2-0781,2026-06-25,MNQU26,-1,2026-06-25T10:02:00-04:00,2026-06-25T10:01:00-04:00,2026-06-25T10:08:00-04:00,,intrabar_unknown_within_event_minute,29382.0,29568.5,1,-373.0,2.24,-375.24,CAT_STOP
A-delay2-0782,2026-06-29,MNQU26,1,2026-06-29T13:32:00-04:00,2026-06-29T13:31:00-04:00,2026-06-29T16:00:00-04:00,2026-06-29T16:00:00-04:00,session_close_proxy,30017.5,30046.25,1,57.5,2.24,55.26,EOD_CLOSE_PROXY
A-delay2-0783,2026-06-30,MNQU26,1,2026-06-30T10:02:00-04:00,2026-06-30T10:01:00-04:00,2026-06-30T16:00:00-04:00,2026-06-30T16:00:00-04:00,session_close_proxy,30316.25,30513.5,1,394.5,2.24,392.26,EOD_CLOSE_PROXY
A-delay2-0784,2026-07-02,MNQU26,1,2026-07-02T10:02:00-04:00,2026-07-02T10:01:00-04:00,2026-07-02T10:28:00-04:00,,intrabar_unknown_within_event_minute,30248.0,30008.0,1,-480.0,2.24,-482.24,CAT_STOP
A-delay2-0785,2026-07-02,MNQU26,-1,2026-07-02T11:02:00-04:00,2026-07-02T11:01:00-04:00,2026-07-02T16:00:00-04:00,2026-07-02T16:00:00-04:00,session_close_proxy,29842.5,29538.5,1,608.0,2.24,605.76,EOD_CLOSE_PROXY
A-delay2-0786,2026-07-07,MNQU26,-1,2026-07-07T10:32:00-04:00,2026-07-07T10:31:00-04:00,2026-07-07T12:31:00-04:00,,intrabar_unknown_within_event_minute,29309.5,29553.75,1,-488.5,2.24,-490.74,CAT_STOP
A-delay2-0787,2026-07-15,MNQU26,-1,2026-07-15T11:02:00-04:00,2026-07-15T11:01:00-04:00,2026-07-15T16:00:00-04:00,2026-07-15T16:00:00-04:00,session_close_proxy,29616.5,29700.75,1,-168.5,2.24,-170.74,EOD_CLOSE_PROXY
A-delay2-0788,2026-07-16,MNQU26,-1,2026-07-16T15:32:00-04:00,2026-07-16T15:31:00-04:00,2026-07-16T16:00:00-04:00,2026-07-16T16:00:00-04:00,session_close_proxy,29147.75,29217.25,1,-139.0,2.24,-141.24,EOD_CLOSE_PROXY
A-delay2-0789,2026-07-23,MNQU26,-1,2026-07-23T11:02:00-04:00,2026-07-23T11:01:00-04:00,2026-07-23T16:00:00-04:00,2026-07-23T16:00:00-04:00,session_close_proxy,28586.5,28614.25,1,-55.5,2.24,-57.74,EOD_CLOSE_PROXY
A-delay2-0790,2026-07-24,MNQU26,-1,2026-07-24T10:02:00-04:00,2026-07-24T10:01:00-04:00,2026-07-24T11:41:00-04:00,,intrabar_unknown_within_event_minute,28373.75,28574.0,1,-400.5,2.24,-402.74,CAT_STOP
A-delay2-0791,2026-07-24,MNQU26,-1,2026-07-24T14:32:00-04:00,2026-07-24T14:31:00-04:00,2026-07-24T16:00:00-04:00,2026-07-24T16:00:00-04:00,session_close_proxy,28333.25,28283.5,1,99.5,2.24,97.26,EOD_CLOSE_PROXY
A-delay2-0792,2026-07-27,MNQU26,-1,2026-07-27T10:32:00-04:00,2026-07-27T10:31:00-04:00,2026-07-27T16:00:00-04:00,2026-07-27T16:00:00-04:00,session_close_proxy,28075.25,28193.0,1,-235.5,2.24,-237.74,EOD_CLOSE_PROXY
A-delay2-0793,2026-07-28,MNQU26,-1,2026-07-28T10:02:00-04:00,2026-07-28T10:01:00-04:00,2026-07-28T11:19:00-04:00,,intrabar_unknown_within_event_minute,27726.0,27915.5,1,-379.0,2.24,-381.24,CAT_STOP
A-delay2-0794,2026-07-29,MNQU26,-1,2026-07-29T10:02:00-04:00,2026-07-29T10:01:00-04:00,2026-07-29T14:45:00-04:00,,intrabar_unknown_within_event_minute,27752.75,27983.75,1,-462.0,2.24,-464.24,CAT_STOP
A-delay2-0795,2026-07-29,MNQU26,-1,2026-07-29T15:32:00-04:00,2026-07-29T15:31:00-04:00,2026-07-29T16:00:00-04:00,2026-07-29T16:00:00-04:00,session_close_proxy,27726.5,27336.5,1,780.0,2.24,777.76,EOD_CLOSE_PROXY
A-delay2-0796,2026-07-30,MNQU26,1,2026-07-30T10:02:00-04:00,2026-07-30T10:01:00-04:00,2026-07-30T16:00:00-04:00,2026-07-30T16:00:00-04:00,session_close_proxy,28155.5,28230.25,1,149.5,2.24,147.26,EOD_CLOSE_PROXY
A-delay2-0797,2026-08-03,MNQU26,1,2026-08-03T10:02:00-04:00,2026-08-03T10:01:00-04:00,2026-08-03T16:00:00-04:00,2026-08-03T16:00:00-04:00,session_close_proxy,28602.25,28900.75,1,597.0,2.24,594.76,EOD_CLOSE_PROXY
A-delay2-0798,2026-08-04,MNQU26,1,2026-08-04T10:02:00-04:00,2026-08-04T10:01:00-04:00,2026-08-04T16:00:00-04:00,2026-08-04T16:00:00-04:00,session_close_proxy,29456.75,29874.75,1,836.0,2.24,833.76,EOD_CLOSE_PROXY
A-delay2-0799,2026-08-13,MNQU26,1,2026-08-13T10:02:00-04:00,2026-08-13T10:01:00-04:00,2026-08-13T16:00:00-04:00,2026-08-13T16:00:00-04:00,session_close_proxy,30181.75,30194.75,1,26.0,2.24,23.76,EOD_CLOSE_PROXY
A-delay2-0800,2026-08-24,MNQU26,-1,2026-08-24T10:02:00-04:00,2026-08-24T10:01:00-04:00,2026-08-24T16:00:00-04:00,2026-08-24T16:00:00-04:00,session_close_proxy,29013.0,29099.75,1,-173.5,2.24,-175.74,EOD_CLOSE_PROXY
A-delay2-0801,2026-08-27,MNQU26,1,2026-08-27T12:32:00-04:00,2026-08-27T12:31:00-04:00,2026-08-27T16:00:00-04:00,2026-08-27T16:00:00-04:00,session_close_proxy,29603.75,29691.5,1,175.5,2.24,173.26,EOD_CLOSE_PROXY
