accounting_scope,baseline_units,cumulative_net,gross_notional,strategy,timestamp
PER_SESSION_CONDITIONAL_UNKNOWN_EPOCH,1.0,0.0,0.0,MIM,2026-08-13T13:31:00+00:00
PER_SESSION_CONDITIONAL_UNKNOWN_EPOCH,2.0,0.0,0.0,YANK,2026-08-13T13:31:00+00:00
PER_SESSION_CONDITIONAL_UNKNOWN_EPOCH,1.0,0.0,0.0,MIM,2026-08-13T13:32:00+00:00
PER_SESSION_CONDITIONAL_UNKNOWN_EPOCH,2.0,0.0,0.0,YANK,2026-08-13T13:32:00+00:00
PER_SESSION_CONDITIONAL_UNKNOWN_EPOCH,1.0,0.0,0.0,MIM,2026-08-13T13:33:00+00:00
PER_SESSION_CONDITIONAL_UNKNOWN_EPOCH,2.0,0.0,0.0,YANK,2026-08-13T13:33:00+00:00
PER_SESSION_CONDITIONAL_UNKNOWN_EPOCH,1.0,0.0,0.0,MIM,2026-08-13T13:34:00+00:00
PER_SESSION_CONDITIONAL_UNKNOWN_EPOCH,2.0,0.0,0.0,YANK,2026-08-13T13:34:00+00:00
PER_SESSION_CONDITIONAL_UNKNOWN_EPOCH,1.0,0.0,0.0,MIM,2026-08-13T13:35:00+00:00
PER_SESSION_CONDITIONAL_UNKNOWN_EPOCH,2.0,0.0,0.0,YANK,2026-08-13T13:35:00+00:00
PER_SESSION_CONDITIONAL_UNKNOWN_EPOCH,1.0,0.0,0.0,MIM,2026-08-13T13:36:00+00:00
PER_SESSION_CONDITIONAL_UNKNOWN_EPOCH,2.0,0.0,0.0,YANK,2026-08-13T13:36:00+00:00
PER_SESSION_CONDITIONAL_UNKNOWN_EPOCH,1.0,0.0,0.0,MIM,2026-08-13T13:37:00+00:00
PER_SESSION_CONDITIONAL_UNKNOWN_EPOCH,2.0,0.0,0.0,YANK,2026-08-13T13:37:00+00:00
PER_SESSION_CONDITIONAL_UNKNOWN_EPOCH,1.0,0.0,0.0,MIM,2026-08-13T13:38:00+00:00
PER_SESSION_CONDITIONAL_UNKNOWN_EPOCH,2.0,0.0,0.0,YANK,2026-08-13T13:38:00+00:00
PER_SESSION_CONDITIONAL_UNKNOWN_EPOCH,1.0,0.0,0.0,MIM,2026-08-13T13:39:00+00:00
PER_SESSION_CONDITIONAL_UNKNOWN_EPOCH,2.0,0.0,0.0,YANK,2026-08-13T13:39:00+00:00
PER_SESSION_CONDITIONAL_UNKNOWN_EPOCH,1.0,0.0,0.0,MIM,2026-08-13T13:40:00+00:00
PER_SESSION_CONDITIONAL_UNKNOWN_EPOCH,2.0,0.0,0.0,YANK,2026-08-13T13:40:00+00:00
PER_SESSION_CONDITIONAL_UNKNOWN_EPOCH,1.0,0.0,0.0,MIM,2026-08-13T13:41:00+00:00
PER_SESSION_CONDITIONAL_UNKNOWN_EPOCH,2.0,0.0,0.0,YANK,2026-08-13T13:41:00+00:00
PER_SESSION_CONDITIONAL_UNKNOWN_EPOCH,1.0,0.0,0.0,MIM,2026-08-13T13:42:00+00:00
PER_SESSION_CONDITIONAL_UNKNOWN_EPOCH,2.0,0.0,0.0,YANK,2026-08-13T13:42:00+00:00
PER_SESSION_CONDITIONAL_UNKNOWN_EPOCH,1.0,0.0,0.0,MIM,2026-08-13T13:43:00+00:00
PER_SESSION_CONDITIONAL_UNKNOWN_EPOCH,2.0,0.0,0.0,YANK,2026-08-13T13:43:00+00:00
PER_SESSION_CONDITIONAL_UNKNOWN_EPOCH,1.0,0.0,0.0,MIM,2026-08-13T13:44:00+00:00
PER_SESSION_CONDITIONAL_UNKNOWN_EPOCH,2.0,0.0,0.0,YANK,2026-08-13T13:44:00+00:00
PER_SESSION_CONDITIONAL_UNKNOWN_EPOCH,1.0,0.0,0.0,MIM,2026-08-13T13:45:00+00:00
PER_SESSION_CONDITIONAL_UNKNOWN_EPOCH,2.0,0.0,0.0,YANK,2026-08-13T13:45:00+00:00
PER_SESSION_CONDITIONAL_UNKNOWN_EPOCH,1.0,0.0,0.0,MIM,2026-08-13T13:46:00+00:00
PER_SESSION_CONDITIONAL_UNKNOWN_EPOCH,2.0,0.0,0.0,YANK,2026-08-13T13:46:00+00:00
PER_SESSION_CONDITIONAL_UNKNOWN_EPOCH,1.0,0.0,0.0,MIM,2026-08-13T13:47:00+00:00
PER_SESSION_CONDITIONAL_UNKNOWN_EPOCH,2.0,0.0,0.0,YANK,2026-08-13T13:47:00+00:00
PER_SESSION_CONDITIONAL_UNKNOWN_EPOCH,1.0,0.0,0.0,MIM,2026-08-13T13:48:00+00:00
PER_SESSION_CONDITIONAL_UNKNOWN_EPOCH,2.0,0.0,0.0,YANK,2026-08-13T13:48:00+00:00
PER_SESSION_CONDITIONAL_UNKNOWN_EPOCH,1.0,0.0,0.0,MIM,2026-08-13T13:49:00+00:00
PER_SESSION_CONDITIONAL_UNKNOWN_EPOCH,2.0,0.0,0.0,YANK,2026-08-13T13:49:00+00:00
PER_SESSION_CONDITIONAL_UNKNOWN_EPOCH,1.0,0.0,0.0,MIM,2026-08-13T13:50:00+00:00
PER_SESSION_CONDITIONAL_UNKNOWN_EPOCH,2.0,0.0,0.0,YANK,2026-08-13T13:50:00+00:00
PER_SESSION_CONDITIONAL_UNKNOWN_EPOCH,1.0,0.0,0.0,MIM,2026-08-13T13:51:00+00:00
PER_SESSION_CONDITIONAL_UNKNOWN_EPOCH,2.0,0.0,0.0,YANK,2026-08-13T13:51:00+00:00
PER_SESSION_CONDITIONAL_UNKNOWN_EPOCH,1.0,0.0,0.0,MIM,2026-08-13T13:52:00+00:00
PER_SESSION_CONDITIONAL_UNKNOWN_EPOCH,2.0,0.0,0.0,YANK,2026-08-13T13:52:00+00:00
PER_SESSION_CONDITIONAL_UNKNOWN_EPOCH,1.0,0.0,0.0,MIM,2026-08-13T13:53:00+00:00
PER_SESSION_CONDITIONAL_UNKNOWN_EPOCH,2.0,0.0,0.0,YANK,2026-08-13T13:53:00+00:00
PER_SESSION_CONDITIONAL_UNKNOWN_EPOCH,1.0,0.0,0.0,MIM,2026-08-13T13:54:00+00:00
PER_SESSION_CONDITIONAL_UNKNOWN_EPOCH,2.0,0.0,0.0,YANK,2026-08-13T13:54:00+00:00
PER_SESSION_CONDITIONAL_UNKNOWN_EPOCH,1.0,0.0,0.0,MIM,2026-08-13T13:55:00+00:00
PER_SESSION_CONDITIONAL_UNKNOWN_EPOCH,2.0,0.0,0.0,YANK,2026-08-13T13:55:00+00:00
PER_SESSION_CONDITIONAL_UNKNOWN_EPOCH,1.0,0.0,0.0,MIM,2026-08-13T13:56:00+00:00
PER_SESSION_CONDITIONAL_UNKNOWN_EPOCH,2.0,0.0,0.0,YANK,2026-08-13T13:56:00+00:00
PER_SESSION_CONDITIONAL_UNKNOWN_EPOCH,1.0,0.0,0.0,MIM,2026-08-13T13:57:00+00:00
PER_SESSION_CONDITIONAL_UNKNOWN_EPOCH,2.0,0.0,0.0,YANK,2026-08-13T13:57:00+00:00
PER_SESSION_CONDITIONAL_UNKNOWN_EPOCH,1.0,0.0,0.0,MIM,2026-08-13T13:58:00+00:00
PER_SESSION_CONDITIONAL_UNKNOWN_EPOCH,2.0,0.0,0.0,YANK,2026-08-13T13:58:00+00:00
PER_SESSION_CONDITIONAL_UNKNOWN_EPOCH,1.0,0.0,0.0,MIM,2026-08-13T13:59:00+00:00
PER_SESSION_CONDITIONAL_UNKNOWN_EPOCH,2.0,0.0,0.0,YANK,2026-08-13T13:59:00+00:00
PER_SESSION_CONDITIONAL_UNKNOWN_EPOCH,1.0,0.0,0.0,MIM,2026-08-13T14:00:00+00:00
PER_SESSION_CONDITIONAL_UNKNOWN_EPOCH,2.0,0.0,0.0,YANK,2026-08-13T14:00:00+00:00
PER_SESSION_CONDITIONAL_UNKNOWN_EPOCH,1.0,0.0,0.0,MIM,2026-08-13T14:01:00+00:00
PER_SESSION_CONDITIONAL_UNKNOWN_EPOCH,2.0,0.0,0.0,YANK,2026-08-13T14:01:00+00:00
PER_SESSION_CONDITIONAL_UNKNOWN_EPOCH,1.0,0.0,0.0,MIM,2026-08-13T14:02:00+00:00
PER_SESSION_CONDITIONAL_UNKNOWN_EPOCH,2.0,0.0,0.0,YANK,2026-08-13T14:02:00+00:00
PER_SESSION_CONDITIONAL_UNKNOWN_EPOCH,1.0,0.0,0.0,MIM,2026-08-13T14:03:00+00:00
PER_SESSION_CONDITIONAL_UNKNOWN_EPOCH,2.0,0.0,0.0,YANK,2026-08-13T14:03:00+00:00
PER_SESSION_CONDITIONAL_UNKNOWN_EPOCH,1.0,0.0,0.0,MIM,2026-08-13T14:04:00+00:00
PER_SESSION_CONDITIONAL_UNKNOWN_EPOCH,2.0,0.0,0.0,YANK,2026-08-13T14:04:00+00:00
PER_SESSION_CONDITIONAL_UNKNOWN_EPOCH,1.0,0.0,0.0,MIM,2026-08-13T14:05:00+00:00
PER_SESSION_CONDITIONAL_UNKNOWN_EPOCH,2.0,0.0,0.0,YANK,2026-08-13T14:05:00+00:00
PER_SESSION_CONDITIONAL_UNKNOWN_EPOCH,1.0,0.0,0.0,MIM,2026-08-13T14:06:00+00:00
PER_SESSION_CONDITIONAL_UNKNOWN_EPOCH,2.0,0.0,0.0,YANK,2026-08-13T14:06:00+00:00
PER_SESSION_CONDITIONAL_UNKNOWN_EPOCH,1.0,0.0,0.0,MIM,2026-08-13T14:07:00+00:00
PER_SESSION_CONDITIONAL_UNKNOWN_EPOCH,2.0,0.0,0.0,YANK,2026-08-13T14:07:00+00:00
PER_SESSION_CONDITIONAL_UNKNOWN_EPOCH,1.0,0.0,0.0,MIM,2026-08-13T14:08:00+00:00
PER_SESSION_CONDITIONAL_UNKNOWN_EPOCH,2.0,0.0,0.0,YANK,2026-08-13T14:08:00+00:00
PER_SESSION_CONDITIONAL_UNKNOWN_EPOCH,1.0,0.0,0.0,MIM,2026-08-13T14:09:00+00:00
PER_SESSION_CONDITIONAL_UNKNOWN_EPOCH,2.0,0.0,0.0,YANK,2026-08-13T14:09:00+00:00
PER_SESSION_CONDITIONAL_UNKNOWN_EPOCH,1.0,0.0,0.0,MIM,2026-08-13T14:10:00+00:00
PER_SESSION_CONDITIONAL_UNKNOWN_EPOCH,2.0,0.0,0.0,YANK,2026-08-13T14:10:00+00:00
PER_SESSION_CONDITIONAL_UNKNOWN_EPOCH,1.0,0.0,0.0,MIM,2026-08-13T14:11:00+00:00
PER_SESSION_CONDITIONAL_UNKNOWN_EPOCH,2.0,0.0,0.0,YANK,2026-08-13T14:11:00+00:00
PER_SESSION_CONDITIONAL_UNKNOWN_EPOCH,1.0,0.0,0.0,MIM,2026-08-13T14:12:00+00:00
PER_SESSION_CONDITIONAL_UNKNOWN_EPOCH,2.0,0.0,0.0,YANK,2026-08-13T14:12:00+00:00
PER_SESSION_CONDITIONAL_UNKNOWN_EPOCH,1.0,0.0,0.0,MIM,2026-08-13T14:13:00+00:00
PER_SESSION_CONDITIONAL_UNKNOWN_EPOCH,2.0,0.0,0.0,YANK,2026-08-13T14:13:00+00:00
PER_SESSION_CONDITIONAL_UNKNOWN_EPOCH,1.0,0.0,0.0,MIM,2026-08-13T14:14:00+00:00
PER_SESSION_CONDITIONAL_UNKNOWN_EPOCH,2.0,0.0,0.0,YANK,2026-08-13T14:14:00+00:00
PER_SESSION_CONDITIONAL_UNKNOWN_EPOCH,1.0,0.0,0.0,MIM,2026-08-13T14:15:00+00:00
PER_SESSION_CONDITIONAL_UNKNOWN_EPOCH,2.0,0.0,0.0,YANK,2026-08-13T14:15:00+00:00
PER_SESSION_CONDITIONAL_UNKNOWN_EPOCH,1.0,0.0,0.0,MIM,2026-08-13T14:16:00+00:00
PER_SESSION_CONDITIONAL_UNKNOWN_EPOCH,2.0,0.0,0.0,YANK,2026-08-13T14:16:00+00:00
PER_SESSION_CONDITIONAL_UNKNOWN_EPOCH,1.0,0.0,0.0,MIM,2026-08-13T14:17:00+00:00
PER_SESSION_CONDITIONAL_UNKNOWN_EPOCH,2.0,0.0,0.0,YANK,2026-08-13T14:17:00+00:00
PER_SESSION_CONDITIONAL_UNKNOWN_EPOCH,1.0,0.0,0.0,MIM,2026-08-13T14:18:00+00:00
PER_SESSION_CONDITIONAL_UNKNOWN_EPOCH,2.0,0.0,0.0,YANK,2026-08-13T14:18:00+00:00
PER_SESSION_CONDITIONAL_UNKNOWN_EPOCH,1.0,0.0,0.0,MIM,2026-08-13T14:19:00+00:00
PER_SESSION_CONDITIONAL_UNKNOWN_EPOCH,2.0,0.0,0.0,YANK,2026-08-13T14:19:00+00:00
PER_SESSION_CONDITIONAL_UNKNOWN_EPOCH,1.0,0.0,0.0,MIM,2026-08-13T14:20:00+00:00
PER_SESSION_CONDITIONAL_UNKNOWN_EPOCH,2.0,0.0,0.0,YANK,2026-08-13T14:20:00+00:00
PER_SESSION_CONDITIONAL_UNKNOWN_EPOCH,1.0,0.0,0.0,MIM,2026-08-13T14:21:00+00:00
PER_SESSION_CONDITIONAL_UNKNOWN_EPOCH,2.0,0.0,0.0,YANK,2026-08-13T14:21:00+00:00
PER_SESSION_CONDITIONAL_UNKNOWN_EPOCH,1.0,0.0,0.0,MIM,2026-08-13T14:22:00+00:00
PER_SESSION_CONDITIONAL_UNKNOWN_EPOCH,2.0,0.0,0.0,YANK,2026-08-13T14:22:00+00:00
PER_SESSION_CONDITIONAL_UNKNOWN_EPOCH,1.0,0.0,0.0,MIM,2026-08-13T14:23:00+00:00
PER_SESSION_CONDITIONAL_UNKNOWN_EPOCH,2.0,0.0,0.0,YANK,2026-08-13T14:23:00+00:00
PER_SESSION_CONDITIONAL_UNKNOWN_EPOCH,1.0,0.0,0.0,MIM,2026-08-13T14:24:00+00:00
PER_SESSION_CONDITIONAL_UNKNOWN_EPOCH,2.0,0.0,0.0,YANK,2026-08-13T14:24:00+00:00
PER_SESSION_CONDITIONAL_UNKNOWN_EPOCH,1.0,0.0,0.0,MIM,2026-08-13T14:25:00+00:00
PER_SESSION_CONDITIONAL_UNKNOWN_EPOCH,2.0,0.0,0.0,YANK,2026-08-13T14:25:00+00:00
PER_SESSION_CONDITIONAL_UNKNOWN_EPOCH,1.0,0.0,0.0,MIM,2026-08-13T14:26:00+00:00
PER_SESSION_CONDITIONAL_UNKNOWN_EPOCH,2.0,0.0,0.0,YANK,2026-08-13T14:26:00+00:00
PER_SESSION_CONDITIONAL_UNKNOWN_EPOCH,1.0,0.0,0.0,MIM,2026-08-13T14:27:00+00:00
PER_SESSION_CONDITIONAL_UNKNOWN_EPOCH,2.0,0.0,0.0,YANK,2026-08-13T14:27:00+00:00
PER_SESSION_CONDITIONAL_UNKNOWN_EPOCH,1.0,0.0,0.0,MIM,2026-08-13T14:28:00+00:00
PER_SESSION_CONDITIONAL_UNKNOWN_EPOCH,2.0,0.0,0.0,YANK,2026-08-13T14:28:00+00:00
PER_SESSION_CONDITIONAL_UNKNOWN_EPOCH,1.0,0.0,0.0,MIM,2026-08-13T14:29:00+00:00
PER_SESSION_CONDITIONAL_UNKNOWN_EPOCH,2.0,0.0,0.0,YANK,2026-08-13T14:29:00+00:00
PER_SESSION_CONDITIONAL_UNKNOWN_EPOCH,1.0,0.0,0.0,MIM,2026-08-13T14:30:00+00:00
PER_SESSION_CONDITIONAL_UNKNOWN_EPOCH,2.0,0.0,0.0,YANK,2026-08-13T14:30:00+00:00
PER_SESSION_CONDITIONAL_UNKNOWN_EPOCH,1.0,0.0,0.0,MIM,2026-08-13T14:31:00+00:00
PER_SESSION_CONDITIONAL_UNKNOWN_EPOCH,2.0,0.0,0.0,YANK,2026-08-13T14:31:00+00:00
PER_SESSION_CONDITIONAL_UNKNOWN_EPOCH,1.0,0.0,0.0,MIM,2026-08-13T14:32:00+00:00
PER_SESSION_CONDITIONAL_UNKNOWN_EPOCH,2.0,0.0,0.0,YANK,2026-08-13T14:32:00+00:00
PER_SESSION_CONDITIONAL_UNKNOWN_EPOCH,1.0,0.0,0.0,MIM,2026-08-13T14:33:00+00:00
PER_SESSION_CONDITIONAL_UNKNOWN_EPOCH,2.0,0.0,0.0,YANK,2026-08-13T14:33:00+00:00
PER_SESSION_CONDITIONAL_UNKNOWN_EPOCH,1.0,0.0,0.0,MIM,2026-08-13T14:34:00+00:00
PER_SESSION_CONDITIONAL_UNKNOWN_EPOCH,2.0,0.0,0.0,YANK,2026-08-13T14:34:00+00:00
PER_SESSION_CONDITIONAL_UNKNOWN_EPOCH,1.0,0.0,0.0,MIM,2026-08-13T14:35:00+00:00
PER_SESSION_CONDITIONAL_UNKNOWN_EPOCH,2.0,0.0,0.0,YANK,2026-08-13T14:35:00+00:00
PER_SESSION_CONDITIONAL_UNKNOWN_EPOCH,1.0,0.0,0.0,MIM,2026-08-13T14:36:00+00:00
PER_SESSION_CONDITIONAL_UNKNOWN_EPOCH,2.0,0.0,0.0,YANK,2026-08-13T14:36:00+00:00
PER_SESSION_CONDITIONAL_UNKNOWN_EPOCH,1.0,0.0,0.0,MIM,2026-08-13T14:37:00+00:00
PER_SESSION_CONDITIONAL_UNKNOWN_EPOCH,2.0,0.0,0.0,YANK,2026-08-13T14:37:00+00:00
PER_SESSION_CONDITIONAL_UNKNOWN_EPOCH,1.0,0.0,0.0,MIM,2026-08-13T14:38:00+00:00
PER_SESSION_CONDITIONAL_UNKNOWN_EPOCH,2.0,0.0,0.0,YANK,2026-08-13T14:38:00+00:00
PER_SESSION_CONDITIONAL_UNKNOWN_EPOCH,1.0,0.0,0.0,MIM,2026-08-13T14:39:00+00:00
PER_SESSION_CONDITIONAL_UNKNOWN_EPOCH,2.0,0.0,0.0,YANK,2026-08-13T14:39:00+00:00
PER_SESSION_CONDITIONAL_UNKNOWN_EPOCH,1.0,0.0,0.0,MIM,2026-08-13T14:40:00+00:00
PER_SESSION_CONDITIONAL_UNKNOWN_EPOCH,2.0,0.0,0.0,YANK,2026-08-13T14:40:00+00:00
PER_SESSION_CONDITIONAL_UNKNOWN_EPOCH,1.0,0.0,0.0,MIM,2026-08-13T14:41:00+00:00
PER_SESSION_CONDITIONAL_UNKNOWN_EPOCH,2.0,0.0,0.0,YANK,2026-08-13T14:41:00+00:00
PER_SESSION_CONDITIONAL_UNKNOWN_EPOCH,1.0,0.0,0.0,MIM,2026-08-13T14:42:00+00:00
PER_SESSION_CONDITIONAL_UNKNOWN_EPOCH,2.0,0.0,0.0,YANK,2026-08-13T14:42:00+00:00
PER_SESSION_CONDITIONAL_UNKNOWN_EPOCH,1.0,0.0,0.0,MIM,2026-08-13T14:43:00+00:00
PER_SESSION_CONDITIONAL_UNKNOWN_EPOCH,2.0,0.0,0.0,YANK,2026-08-13T14:43:00+00:00
PER_SESSION_CONDITIONAL_UNKNOWN_EPOCH,1.0,0.0,0.0,MIM,2026-08-13T14:44:00+00:00
PER_SESSION_CONDITIONAL_UNKNOWN_EPOCH,2.0,0.0,0.0,YANK,2026-08-13T14:44:00+00:00
PER_SESSION_CONDITIONAL_UNKNOWN_EPOCH,1.0,0.0,0.0,MIM,2026-08-13T14:45:00+00:00
PER_SESSION_CONDITIONAL_UNKNOWN_EPOCH,2.0,0.0,0.0,YANK,2026-08-13T14:45:00+00:00
PER_SESSION_CONDITIONAL_UNKNOWN_EPOCH,1.0,0.0,0.0,MIM,2026-08-13T14:46:00+00:00
PER_SESSION_CONDITIONAL_UNKNOWN_EPOCH,2.0,0.0,0.0,YANK,2026-08-13T14:46:00+00:00
PER_SESSION_CONDITIONAL_UNKNOWN_EPOCH,1.0,0.0,0.0,MIM,2026-08-13T14:47:00+00:00
PER_SESSION_CONDITIONAL_UNKNOWN_EPOCH,2.0,0.0,0.0,YANK,2026-08-13T14:47:00+00:00
PER_SESSION_CONDITIONAL_UNKNOWN_EPOCH,1.0,0.0,0.0,MIM,2026-08-13T14:48:00+00:00
PER_SESSION_CONDITIONAL_UNKNOWN_EPOCH,2.0,0.0,0.0,YANK,2026-08-13T14:48:00+00:00
PER_SESSION_CONDITIONAL_UNKNOWN_EPOCH,1.0,0.0,0.0,MIM,2026-08-13T14:49:00+00:00
PER_SESSION_CONDITIONAL_UNKNOWN_EPOCH,2.0,0.0,0.0,YANK,2026-08-13T14:49:00+00:00
PER_SESSION_CONDITIONAL_UNKNOWN_EPOCH,1.0,0.0,0.0,MIM,2026-08-13T14:50:00+00:00
PER_SESSION_CONDITIONAL_UNKNOWN_EPOCH,2.0,0.0,0.0,YANK,2026-08-13T14:50:00+00:00
PER_SESSION_CONDITIONAL_UNKNOWN_EPOCH,1.0,0.0,0.0,MIM,2026-08-13T14:51:00+00:00
PER_SESSION_CONDITIONAL_UNKNOWN_EPOCH,2.0,0.0,0.0,YANK,2026-08-13T14:51:00+00:00
PER_SESSION_CONDITIONAL_UNKNOWN_EPOCH,1.0,0.0,0.0,MIM,2026-08-13T14:52:00+00:00
PER_SESSION_CONDITIONAL_UNKNOWN_EPOCH,2.0,0.0,0.0,YANK,2026-08-13T14:52:00+00:00
PER_SESSION_CONDITIONAL_UNKNOWN_EPOCH,1.0,0.0,0.0,MIM,2026-08-13T14:53:00+00:00
PER_SESSION_CONDITIONAL_UNKNOWN_EPOCH,2.0,0.0,0.0,YANK,2026-08-13T14:53:00+00:00
PER_SESSION_CONDITIONAL_UNKNOWN_EPOCH,1.0,0.0,0.0,MIM,2026-08-13T14:54:00+00:00
PER_SESSION_CONDITIONAL_UNKNOWN_EPOCH,2.0,0.0,0.0,YANK,2026-08-13T14:54:00+00:00
PER_SESSION_CONDITIONAL_UNKNOWN_EPOCH,1.0,0.0,0.0,MIM,2026-08-13T14:55:00+00:00
PER_SESSION_CONDITIONAL_UNKNOWN_EPOCH,2.0,0.0,0.0,YANK,2026-08-13T14:55:00+00:00
PER_SESSION_CONDITIONAL_UNKNOWN_EPOCH,1.0,0.0,0.0,MIM,2026-08-13T14:56:00+00:00
PER_SESSION_CONDITIONAL_UNKNOWN_EPOCH,2.0,0.0,0.0,YANK,2026-08-13T14:56:00+00:00
PER_SESSION_CONDITIONAL_UNKNOWN_EPOCH,1.0,0.0,0.0,MIM,2026-08-13T14:57:00+00:00
PER_SESSION_CONDITIONAL_UNKNOWN_EPOCH,2.0,0.0,0.0,YANK,2026-08-13T14:57:00+00:00
PER_SESSION_CONDITIONAL_UNKNOWN_EPOCH,1.0,0.0,0.0,MIM,2026-08-13T14:58:00+00:00
PER_SESSION_CONDITIONAL_UNKNOWN_EPOCH,2.0,0.0,0.0,YANK,2026-08-13T14:58:00+00:00
PER_SESSION_CONDITIONAL_UNKNOWN_EPOCH,1.0,0.0,0.0,MIM,2026-08-13T14:59:00+00:00
PER_SESSION_CONDITIONAL_UNKNOWN_EPOCH,2.0,0.0,0.0,YANK,2026-08-13T14:59:00+00:00
PER_SESSION_CONDITIONAL_UNKNOWN_EPOCH,1.0,0.0,0.0,MIM,2026-08-13T15:00:00+00:00
PER_SESSION_CONDITIONAL_UNKNOWN_EPOCH,2.0,0.0,0.0,YANK,2026-08-13T15:00:00+00:00
PER_SESSION_CONDITIONAL_UNKNOWN_EPOCH,1.0,0.0,0.0,MIM,2026-08-13T15:01:00+00:00
PER_SESSION_CONDITIONAL_UNKNOWN_EPOCH,2.0,0.0,0.0,YANK,2026-08-13T15:01:00+00:00
PER_SESSION_CONDITIONAL_UNKNOWN_EPOCH,1.0,0.0,0.0,MIM,2026-08-13T15:02:00+00:00
PER_SESSION_CONDITIONAL_UNKNOWN_EPOCH,2.0,0.0,0.0,YANK,2026-08-13T15:02:00+00:00
PER_SESSION_CONDITIONAL_UNKNOWN_EPOCH,1.0,0.0,0.0,MIM,2026-08-13T15:03:00+00:00
PER_SESSION_CONDITIONAL_UNKNOWN_EPOCH,2.0,0.0,0.0,YANK,2026-08-13T15:03:00+00:00
PER_SESSION_CONDITIONAL_UNKNOWN_EPOCH,1.0,0.0,0.0,MIM,2026-08-13T15:04:00+00:00
PER_SESSION_CONDITIONAL_UNKNOWN_EPOCH,2.0,0.0,0.0,YANK,2026-08-13T15:04:00+00:00
PER_SESSION_CONDITIONAL_UNKNOWN_EPOCH,1.0,0.0,0.0,MIM,2026-08-13T15:05:00+00:00
PER_SESSION_CONDITIONAL_UNKNOWN_EPOCH,2.0,0.0,0.0,YANK,2026-08-13T15:05:00+00:00
PER_SESSION_CONDITIONAL_UNKNOWN_EPOCH,1.0,0.0,0.0,MIM,2026-08-13T15:06:00+00:00
PER_SESSION_CONDITIONAL_UNKNOWN_EPOCH,2.0,0.0,0.0,YANK,2026-08-13T15:06:00+00:00
PER_SESSION_CONDITIONAL_UNKNOWN_EPOCH,1.0,0.0,0.0,MIM,2026-08-13T15:07:00+00:00
PER_SESSION_CONDITIONAL_UNKNOWN_EPOCH,2.0,0.0,0.0,YANK,2026-08-13T15:07:00+00:00
PER_SESSION_CONDITIONAL_UNKNOWN_EPOCH,1.0,0.0,0.0,MIM,2026-08-13T15:08:00+00:00
PER_SESSION_CONDITIONAL_UNKNOWN_EPOCH,2.0,0.0,0.0,YANK,2026-08-13T15:08:00+00:00
PER_SESSION_CONDITIONAL_UNKNOWN_EPOCH,1.0,0.0,0.0,MIM,2026-08-13T15:09:00+00:00
PER_SESSION_CONDITIONAL_UNKNOWN_EPOCH,2.0,0.0,0.0,YANK,2026-08-13T15:09:00+00:00
PER_SESSION_CONDITIONAL_UNKNOWN_EPOCH,1.0,0.0,0.0,MIM,2026-08-13T15:10:00+00:00
PER_SESSION_CONDITIONAL_UNKNOWN_EPOCH,2.0,0.0,0.0,YANK,2026-08-13T15:10:00+00:00
PER_SESSION_CONDITIONAL_UNKNOWN_EPOCH,1.0,0.0,0.0,MIM,2026-08-13T15:11:00+00:00
PER_SESSION_CONDITIONAL_UNKNOWN_EPOCH,2.0,0.0,0.0,YANK,2026-08-13T15:11:00+00:00
PER_SESSION_CONDITIONAL_UNKNOWN_EPOCH,1.0,0.0,0.0,MIM,2026-08-13T15:12:00+00:00
PER_SESSION_CONDITIONAL_UNKNOWN_EPOCH,2.0,0.0,0.0,YANK,2026-08-13T15:12:00+00:00
PER_SESSION_CONDITIONAL_UNKNOWN_EPOCH,1.0,0.0,0.0,MIM,2026-08-13T15:13:00+00:00
PER_SESSION_CONDITIONAL_UNKNOWN_EPOCH,2.0,0.0,0.0,YANK,2026-08-13T15:13:00+00:00
PER_SESSION_CONDITIONAL_UNKNOWN_EPOCH,1.0,0.0,0.0,MIM,2026-08-13T15:14:00+00:00
PER_SESSION_CONDITIONAL_UNKNOWN_EPOCH,2.0,0.0,0.0,YANK,2026-08-13T15:14:00+00:00
PER_SESSION_CONDITIONAL_UNKNOWN_EPOCH,1.0,0.0,0.0,MIM,2026-08-13T15:15:00+00:00
PER_SESSION_CONDITIONAL_UNKNOWN_EPOCH,2.0,0.0,0.0,YANK,2026-08-13T15:15:00+00:00
PER_SESSION_CONDITIONAL_UNKNOWN_EPOCH,1.0,0.0,0.0,MIM,2026-08-13T15:16:00+00:00
PER_SESSION_CONDITIONAL_UNKNOWN_EPOCH,2.0,0.0,0.0,YANK,2026-08-13T15:16:00+00:00
PER_SESSION_CONDITIONAL_UNKNOWN_EPOCH,1.0,0.0,0.0,MIM,2026-08-13T15:17:00+00:00
PER_SESSION_CONDITIONAL_UNKNOWN_EPOCH,2.0,0.0,0.0,YANK,2026-08-13T15:17:00+00:00
PER_SESSION_CONDITIONAL_UNKNOWN_EPOCH,1.0,0.0,0.0,MIM,2026-08-13T15:18:00+00:00
PER_SESSION_CONDITIONAL_UNKNOWN_EPOCH,2.0,0.0,0.0,YANK,2026-08-13T15:18:00+00:00
PER_SESSION_CONDITIONAL_UNKNOWN_EPOCH,1.0,0.0,0.0,MIM,2026-08-13T15:19:00+00:00
PER_SESSION_CONDITIONAL_UNKNOWN_EPOCH,2.0,0.0,0.0,YANK,2026-08-13T15:19:00+00:00
PER_SESSION_CONDITIONAL_UNKNOWN_EPOCH,1.0,0.0,0.0,MIM,2026-08-13T15:20:00+00:00
PER_SESSION_CONDITIONAL_UNKNOWN_EPOCH,2.0,0.0,0.0,YANK,2026-08-13T15:20:00+00:00
PER_SESSION_CONDITIONAL_UNKNOWN_EPOCH,1.0,0.0,0.0,MIM,2026-08-13T15:21:00+00:00
PER_SESSION_CONDITIONAL_UNKNOWN_EPOCH,2.0,0.0,0.0,YANK,2026-08-13T15:21:00+00:00
PER_SESSION_CONDITIONAL_UNKNOWN_EPOCH,1.0,0.0,0.0,MIM,2026-08-13T15:22:00+00:00
PER_SESSION_CONDITIONAL_UNKNOWN_EPOCH,2.0,0.0,0.0,YANK,2026-08-13T15:22:00+00:00
PER_SESSION_CONDITIONAL_UNKNOWN_EPOCH,1.0,0.0,0.0,MIM,2026-08-13T15:23:00+00:00
PER_SESSION_CONDITIONAL_UNKNOWN_EPOCH,2.0,0.0,0.0,YANK,2026-08-13T15:23:00+00:00
PER_SESSION_CONDITIONAL_UNKNOWN_EPOCH,1.0,0.0,0.0,MIM,2026-08-13T15:24:00+00:00
PER_SESSION_CONDITIONAL_UNKNOWN_EPOCH,2.0,0.0,0.0,YANK,2026-08-13T15:24:00+00:00
PER_SESSION_CONDITIONAL_UNKNOWN_EPOCH,1.0,0.0,0.0,MIM,2026-08-13T15:25:00+00:00
PER_SESSION_CONDITIONAL_UNKNOWN_EPOCH,2.0,0.0,0.0,YANK,2026-08-13T15:25:00+00:00
PER_SESSION_CONDITIONAL_UNKNOWN_EPOCH,1.0,0.0,0.0,MIM,2026-08-13T15:26:00+00:00
PER_SESSION_CONDITIONAL_UNKNOWN_EPOCH,2.0,0.0,0.0,YANK,2026-08-13T15:26:00+00:00
PER_SESSION_CONDITIONAL_UNKNOWN_EPOCH,1.0,0.0,0.0,MIM,2026-08-13T15:27:00+00:00
PER_SESSION_CONDITIONAL_UNKNOWN_EPOCH,2.0,0.0,0.0,YANK,2026-08-13T15:27:00+00:00
PER_SESSION_CONDITIONAL_UNKNOWN_EPOCH,1.0,0.0,0.0,MIM,2026-08-13T15:28:00+00:00
PER_SESSION_CONDITIONAL_UNKNOWN_EPOCH,2.0,0.0,0.0,YANK,2026-08-13T15:28:00+00:00
PER_SESSION_CONDITIONAL_UNKNOWN_EPOCH,1.0,0.0,0.0,MIM,2026-08-13T15:29:00+00:00
PER_SESSION_CONDITIONAL_UNKNOWN_EPOCH,2.0,0.0,0.0,YANK,2026-08-13T15:29:00+00:00
PER_SESSION_CONDITIONAL_UNKNOWN_EPOCH,1.0,0.0,0.0,MIM,2026-08-13T15:30:00+00:00
PER_SESSION_CONDITIONAL_UNKNOWN_EPOCH,2.0,0.0,0.0,YANK,2026-08-13T15:30:00+00:00
PER_SESSION_CONDITIONAL_UNKNOWN_EPOCH,1.0,0.0,0.0,MIM,2026-08-13T15:31:00+00:00
PER_SESSION_CONDITIONAL_UNKNOWN_EPOCH,2.0,0.0,0.0,YANK,2026-08-13T15:31:00+00:00
PER_SESSION_CONDITIONAL_UNKNOWN_EPOCH,1.0,0.0,0.0,MIM,2026-08-13T15:32:00+00:00
PER_SESSION_CONDITIONAL_UNKNOWN_EPOCH,2.0,0.0,0.0,YANK,2026-08-13T15:32:00+00:00
PER_SESSION_CONDITIONAL_UNKNOWN_EPOCH,1.0,0.0,0.0,MIM,2026-08-13T15:33:00+00:00
PER_SESSION_CONDITIONAL_UNKNOWN_EPOCH,2.0,0.0,0.0,YANK,2026-08-13T15:33:00+00:00
PER_SESSION_CONDITIONAL_UNKNOWN_EPOCH,1.0,0.0,0.0,MIM,2026-08-13T15:34:00+00:00
PER_SESSION_CONDITIONAL_UNKNOWN_EPOCH,2.0,0.0,0.0,YANK,2026-08-13T15:34:00+00:00
PER_SESSION_CONDITIONAL_UNKNOWN_EPOCH,1.0,0.0,0.0,MIM,2026-08-13T15:35:00+00:00
PER_SESSION_CONDITIONAL_UNKNOWN_EPOCH,2.0,0.0,0.0,YANK,2026-08-13T15:35:00+00:00
PER_SESSION_CONDITIONAL_UNKNOWN_EPOCH,1.0,0.0,0.0,MIM,2026-08-13T15:36:00+00:00
PER_SESSION_CONDITIONAL_UNKNOWN_EPOCH,2.0,0.0,0.0,YANK,2026-08-13T15:36:00+00:00
PER_SESSION_CONDITIONAL_UNKNOWN_EPOCH,1.0,0.0,0.0,MIM,2026-08-13T15:37:00+00:00
PER_SESSION_CONDITIONAL_UNKNOWN_EPOCH,2.0,0.0,0.0,YANK,2026-08-13T15:37:00+00:00
PER_SESSION_CONDITIONAL_UNKNOWN_EPOCH,1.0,0.0,0.0,MIM,2026-08-13T15:38:00+00:00
PER_SESSION_CONDITIONAL_UNKNOWN_EPOCH,2.0,0.0,0.0,YANK,2026-08-13T15:38:00+00:00
PER_SESSION_CONDITIONAL_UNKNOWN_EPOCH,1.0,0.0,0.0,MIM,2026-08-13T15:39:00+00:00
PER_SESSION_CONDITIONAL_UNKNOWN_EPOCH,2.0,0.0,0.0,YANK,2026-08-13T15:39:00+00:00
PER_SESSION_CONDITIONAL_UNKNOWN_EPOCH,1.0,0.0,0.0,MIM,2026-08-13T15:40:00+00:00
PER_SESSION_CONDITIONAL_UNKNOWN_EPOCH,2.0,0.0,0.0,YANK,2026-08-13T15:40:00+00:00
PER_SESSION_CONDITIONAL_UNKNOWN_EPOCH,1.0,0.0,0.0,MIM,2026-08-13T15:41:00+00:00
PER_SESSION_CONDITIONAL_UNKNOWN_EPOCH,2.0,0.0,0.0,YANK,2026-08-13T15:41:00+00:00
PER_SESSION_CONDITIONAL_UNKNOWN_EPOCH,1.0,0.0,0.0,MIM,2026-08-13T15:42:00+00:00
PER_SESSION_CONDITIONAL_UNKNOWN_EPOCH,2.0,0.0,0.0,YANK,2026-08-13T15:42:00+00:00
PER_SESSION_CONDITIONAL_UNKNOWN_EPOCH,1.0,0.0,0.0,MIM,2026-08-13T15:43:00+00:00
PER_SESSION_CONDITIONAL_UNKNOWN_EPOCH,2.0,0.0,0.0,YANK,2026-08-13T15:43:00+00:00
PER_SESSION_CONDITIONAL_UNKNOWN_EPOCH,1.0,0.0,0.0,MIM,2026-08-13T15:44:00+00:00
PER_SESSION_CONDITIONAL_UNKNOWN_EPOCH,2.0,0.0,0.0,YANK,2026-08-13T15:44:00+00:00
PER_SESSION_CONDITIONAL_UNKNOWN_EPOCH,1.0,0.0,0.0,MIM,2026-08-13T15:45:00+00:00
PER_SESSION_CONDITIONAL_UNKNOWN_EPOCH,2.0,0.0,0.0,YANK,2026-08-13T15:45:00+00:00
PER_SESSION_CONDITIONAL_UNKNOWN_EPOCH,1.0,0.0,0.0,MIM,2026-08-13T15:46:00+00:00
PER_SESSION_CONDITIONAL_UNKNOWN_EPOCH,2.0,0.0,0.0,YANK,2026-08-13T15:46:00+00:00
PER_SESSION_CONDITIONAL_UNKNOWN_EPOCH,1.0,0.0,0.0,MIM,2026-08-13T15:47:00+00:00
PER_SESSION_CONDITIONAL_UNKNOWN_EPOCH,2.0,0.0,0.0,YANK,2026-08-13T15:47:00+00:00
PER_SESSION_CONDITIONAL_UNKNOWN_EPOCH,1.0,0.0,0.0,MIM,2026-08-13T15:48:00+00:00
PER_SESSION_CONDITIONAL_UNKNOWN_EPOCH,2.0,0.0,0.0,YANK,2026-08-13T15:48:00+00:00
PER_SESSION_CONDITIONAL_UNKNOWN_EPOCH,1.0,0.0,0.0,MIM,2026-08-13T15:49:00+00:00
PER_SESSION_CONDITIONAL_UNKNOWN_EPOCH,2.0,0.0,0.0,YANK,2026-08-13T15:49:00+00:00
PER_SESSION_CONDITIONAL_UNKNOWN_EPOCH,1.0,0.0,0.0,MIM,2026-08-13T15:50:00+00:00
PER_SESSION_CONDITIONAL_UNKNOWN_EPOCH,2.0,0.0,0.0,YANK,2026-08-13T15:50:00+00:00
PER_SESSION_CONDITIONAL_UNKNOWN_EPOCH,1.0,0.0,0.0,MIM,2026-08-13T15:51:00+00:00
PER_SESSION_CONDITIONAL_UNKNOWN_EPOCH,2.0,0.0,0.0,YANK,2026-08-13T15:51:00+00:00
PER_SESSION_CONDITIONAL_UNKNOWN_EPOCH,1.0,0.0,0.0,MIM,2026-08-13T15:52:00+00:00
PER_SESSION_CONDITIONAL_UNKNOWN_EPOCH,2.0,0.0,0.0,YANK,2026-08-13T15:52:00+00:00
PER_SESSION_CONDITIONAL_UNKNOWN_EPOCH,1.0,0.0,0.0,MIM,2026-08-13T15:53:00+00:00
PER_SESSION_CONDITIONAL_UNKNOWN_EPOCH,2.0,0.0,0.0,YANK,2026-08-13T15:53:00+00:00
PER_SESSION_CONDITIONAL_UNKNOWN_EPOCH,1.0,0.0,0.0,MIM,2026-08-13T15:54:00+00:00
PER_SESSION_CONDITIONAL_UNKNOWN_EPOCH,2.0,0.0,0.0,YANK,2026-08-13T15:54:00+00:00
PER_SESSION_CONDITIONAL_UNKNOWN_EPOCH,1.0,0.0,0.0,MIM,2026-08-13T15:55:00+00:00
PER_SESSION_CONDITIONAL_UNKNOWN_EPOCH,2.0,0.0,0.0,YANK,2026-08-13T15:55:00+00:00
PER_SESSION_CONDITIONAL_UNKNOWN_EPOCH,1.0,0.0,0.0,MIM,2026-08-13T15:56:00+00:00
PER_SESSION_CONDITIONAL_UNKNOWN_EPOCH,2.0,0.0,0.0,YANK,2026-08-13T15:56:00+00:00
PER_SESSION_CONDITIONAL_UNKNOWN_EPOCH,1.0,0.0,0.0,MIM,2026-08-13T15:57:00+00:00
PER_SESSION_CONDITIONAL_UNKNOWN_EPOCH,2.0,0.0,0.0,YANK,2026-08-13T15:57:00+00:00
PER_SESSION_CONDITIONAL_UNKNOWN_EPOCH,1.0,0.0,0.0,MIM,2026-08-13T15:58:00+00:00
PER_SESSION_CONDITIONAL_UNKNOWN_EPOCH,2.0,0.0,0.0,YANK,2026-08-13T15:58:00+00:00
PER_SESSION_CONDITIONAL_UNKNOWN_EPOCH,1.0,0.0,0.0,MIM,2026-08-13T15:59:00+00:00
PER_SESSION_CONDITIONAL_UNKNOWN_EPOCH,2.0,0.0,0.0,YANK,2026-08-13T15:59:00+00:00
PER_SESSION_CONDITIONAL_UNKNOWN_EPOCH,1.0,0.0,0.0,MIM,2026-08-13T16:00:00+00:00
PER_SESSION_CONDITIONAL_UNKNOWN_EPOCH,2.0,0.0,0.0,YANK,2026-08-13T16:00:00+00:00
PER_SESSION_CONDITIONAL_UNKNOWN_EPOCH,1.0,0.0,0.0,MIM,2026-08-13T16:01:00+00:00
PER_SESSION_CONDITIONAL_UNKNOWN_EPOCH,2.0,0.0,0.0,YANK,2026-08-13T16:01:00+00:00
PER_SESSION_CONDITIONAL_UNKNOWN_EPOCH,1.0,0.0,0.0,MIM,2026-08-13T16:02:00+00:00
PER_SESSION_CONDITIONAL_UNKNOWN_EPOCH,2.0,0.0,0.0,YANK,2026-08-13T16:02:00+00:00
PER_SESSION_CONDITIONAL_UNKNOWN_EPOCH,1.0,0.0,0.0,MIM,2026-08-13T16:03:00+00:00
PER_SESSION_CONDITIONAL_UNKNOWN_EPOCH,2.0,0.0,0.0,YANK,2026-08-13T16:03:00+00:00
PER_SESSION_CONDITIONAL_UNKNOWN_EPOCH,1.0,0.0,0.0,MIM,2026-08-13T16:04:00+00:00
PER_SESSION_CONDITIONAL_UNKNOWN_EPOCH,2.0,0.0,0.0,YANK,2026-08-13T16:04:00+00:00
PER_SESSION_CONDITIONAL_UNKNOWN_EPOCH,1.0,0.0,0.0,MIM,2026-08-13T16:05:00+00:00
PER_SESSION_CONDITIONAL_UNKNOWN_EPOCH,2.0,0.0,0.0,YANK,2026-08-13T16:05:00+00:00
PER_SESSION_CONDITIONAL_UNKNOWN_EPOCH,1.0,0.0,0.0,MIM,2026-08-13T16:06:00+00:00
PER_SESSION_CONDITIONAL_UNKNOWN_EPOCH,2.0,0.0,0.0,YANK,2026-08-13T16:06:00+00:00
PER_SESSION_CONDITIONAL_UNKNOWN_EPOCH,1.0,0.0,0.0,MIM,2026-08-13T16:07:00+00:00
PER_SESSION_CONDITIONAL_UNKNOWN_EPOCH,2.0,0.0,0.0,YANK,2026-08-13T16:07:00+00:00
PER_SESSION_CONDITIONAL_UNKNOWN_EPOCH,1.0,0.0,0.0,MIM,2026-08-13T16:08:00+00:00
PER_SESSION_CONDITIONAL_UNKNOWN_EPOCH,2.0,0.0,0.0,YANK,2026-08-13T16:08:00+00:00
PER_SESSION_CONDITIONAL_UNKNOWN_EPOCH,1.0,0.0,0.0,MIM,2026-08-13T16:09:00+00:00
PER_SESSION_CONDITIONAL_UNKNOWN_EPOCH,2.0,0.0,0.0,YANK,2026-08-13T16:09:00+00:00
PER_SESSION_CONDITIONAL_UNKNOWN_EPOCH,1.0,0.0,0.0,MIM,2026-08-13T16:10:00+00:00
PER_SESSION_CONDITIONAL_UNKNOWN_EPOCH,2.0,0.0,0.0,YANK,2026-08-13T16:10:00+00:00
PER_SESSION_CONDITIONAL_UNKNOWN_EPOCH,1.0,0.0,0.0,MIM,2026-08-13T16:11:00+00:00
PER_SESSION_CONDITIONAL_UNKNOWN_EPOCH,2.0,0.0,0.0,YANK,2026-08-13T16:11:00+00:00
PER_SESSION_CONDITIONAL_UNKNOWN_EPOCH,1.0,0.0,0.0,MIM,2026-08-13T16:12:00+00:00
PER_SESSION_CONDITIONAL_UNKNOWN_EPOCH,2.0,0.0,0.0,YANK,2026-08-13T16:12:00+00:00
PER_SESSION_CONDITIONAL_UNKNOWN_EPOCH,1.0,0.0,0.0,MIM,2026-08-13T16:13:00+00:00
PER_SESSION_CONDITIONAL_UNKNOWN_EPOCH,2.0,0.0,0.0,YANK,2026-08-13T16:13:00+00:00
PER_SESSION_CONDITIONAL_UNKNOWN_EPOCH,1.0,0.0,0.0,MIM,2026-08-13T16:14:00+00:00
PER_SESSION_CONDITIONAL_UNKNOWN_EPOCH,2.0,0.0,0.0,YANK,2026-08-13T16:14:00+00:00
PER_SESSION_CONDITIONAL_UNKNOWN_EPOCH,1.0,0.0,0.0,MIM,2026-08-13T16:15:00+00:00
PER_SESSION_CONDITIONAL_UNKNOWN_EPOCH,2.0,0.0,0.0,YANK,2026-08-13T16:15:00+00:00
PER_SESSION_CONDITIONAL_UNKNOWN_EPOCH,1.0,0.0,0.0,MIM,2026-08-13T16:16:00+00:00
PER_SESSION_CONDITIONAL_UNKNOWN_EPOCH,2.0,0.0,0.0,YANK,2026-08-13T16:16:00+00:00
PER_SESSION_CONDITIONAL_UNKNOWN_EPOCH,1.0,0.0,0.0,MIM,2026-08-13T16:17:00+00:00
PER_SESSION_CONDITIONAL_UNKNOWN_EPOCH,2.0,0.0,0.0,YANK,2026-08-13T16:17:00+00:00
PER_SESSION_CONDITIONAL_UNKNOWN_EPOCH,1.0,0.0,0.0,MIM,2026-08-13T16:18:00+00:00
PER_SESSION_CONDITIONAL_UNKNOWN_EPOCH,2.0,0.0,0.0,YANK,2026-08-13T16:18:00+00:00
PER_SESSION_CONDITIONAL_UNKNOWN_EPOCH,1.0,0.0,0.0,MIM,2026-08-13T16:19:00+00:00
PER_SESSION_CONDITIONAL_UNKNOWN_EPOCH,2.0,0.0,0.0,YANK,2026-08-13T16:19:00+00:00
PER_SESSION_CONDITIONAL_UNKNOWN_EPOCH,1.0,0.0,0.0,MIM,2026-08-13T16:20:00+00:00
PER_SESSION_CONDITIONAL_UNKNOWN_EPOCH,2.0,0.0,0.0,YANK,2026-08-13T16:20:00+00:00
PER_SESSION_CONDITIONAL_UNKNOWN_EPOCH,1.0,0.0,0.0,MIM,2026-08-13T16:21:00+00:00
PER_SESSION_CONDITIONAL_UNKNOWN_EPOCH,2.0,0.0,0.0,YANK,2026-08-13T16:21:00+00:00
PER_SESSION_CONDITIONAL_UNKNOWN_EPOCH,1.0,0.0,0.0,MIM,2026-08-13T16:22:00+00:00
PER_SESSION_CONDITIONAL_UNKNOWN_EPOCH,2.0,0.0,0.0,YANK,2026-08-13T16:22:00+00:00
PER_SESSION_CONDITIONAL_UNKNOWN_EPOCH,1.0,0.0,0.0,MIM,2026-08-13T16:23:00+00:00
PER_SESSION_CONDITIONAL_UNKNOWN_EPOCH,2.0,0.0,0.0,YANK,2026-08-13T16:23:00+00:00
PER_SESSION_CONDITIONAL_UNKNOWN_EPOCH,1.0,0.0,0.0,MIM,2026-08-13T16:24:00+00:00
PER_SESSION_CONDITIONAL_UNKNOWN_EPOCH,2.0,0.0,0.0,YANK,2026-08-13T16:24:00+00:00
PER_SESSION_CONDITIONAL_UNKNOWN_EPOCH,1.0,0.0,0.0,MIM,2026-08-13T16:25:00+00:00
PER_SESSION_CONDITIONAL_UNKNOWN_EPOCH,2.0,0.0,0.0,YANK,2026-08-13T16:25:00+00:00
PER_SESSION_CONDITIONAL_UNKNOWN_EPOCH,1.0,0.0,0.0,MIM,2026-08-13T16:26:00+00:00
PER_SESSION_CONDITIONAL_UNKNOWN_EPOCH,2.0,0.0,0.0,YANK,2026-08-13T16:26:00+00:00
PER_SESSION_CONDITIONAL_UNKNOWN_EPOCH,1.0,0.0,0.0,MIM,2026-08-13T16:27:00+00:00
PER_SESSION_CONDITIONAL_UNKNOWN_EPOCH,2.0,0.0,0.0,YANK,2026-08-13T16:27:00+00:00
PER_SESSION_CONDITIONAL_UNKNOWN_EPOCH,1.0,0.0,0.0,MIM,2026-08-13T16:28:00+00:00
PER_SESSION_CONDITIONAL_UNKNOWN_EPOCH,2.0,0.0,0.0,YANK,2026-08-13T16:28:00+00:00
PER_SESSION_CONDITIONAL_UNKNOWN_EPOCH,1.0,0.0,0.0,MIM,2026-08-13T16:29:00+00:00
PER_SESSION_CONDITIONAL_UNKNOWN_EPOCH,2.0,0.0,0.0,YANK,2026-08-13T16:29:00+00:00
PER_SESSION_CONDITIONAL_UNKNOWN_EPOCH,1.0,0.0,0.0,MIM,2026-08-13T16:30:00+00:00
PER_SESSION_CONDITIONAL_UNKNOWN_EPOCH,2.0,0.0,0.0,YANK,2026-08-13T16:30:00+00:00
PER_SESSION_CONDITIONAL_UNKNOWN_EPOCH,1.0,0.0,0.0,MIM,2026-08-13T16:31:00+00:00
PER_SESSION_CONDITIONAL_UNKNOWN_EPOCH,2.0,0.0,0.0,YANK,2026-08-13T16:31:00+00:00
PER_SESSION_CONDITIONAL_UNKNOWN_EPOCH,1.0,0.0,0.0,MIM,2026-08-13T16:32:00+00:00
PER_SESSION_CONDITIONAL_UNKNOWN_EPOCH,2.0,0.0,0.0,YANK,2026-08-13T16:32:00+00:00
PER_SESSION_CONDITIONAL_UNKNOWN_EPOCH,1.0,0.0,0.0,MIM,2026-08-13T16:33:00+00:00
PER_SESSION_CONDITIONAL_UNKNOWN_EPOCH,2.0,0.0,0.0,YANK,2026-08-13T16:33:00+00:00
PER_SESSION_CONDITIONAL_UNKNOWN_EPOCH,1.0,0.0,0.0,MIM,2026-08-13T16:34:00+00:00
PER_SESSION_CONDITIONAL_UNKNOWN_EPOCH,2.0,0.0,0.0,YANK,2026-08-13T16:34:00+00:00
PER_SESSION_CONDITIONAL_UNKNOWN_EPOCH,1.0,0.0,0.0,MIM,2026-08-13T16:35:00+00:00
PER_SESSION_CONDITIONAL_UNKNOWN_EPOCH,2.0,0.0,0.0,YANK,2026-08-13T16:35:00+00:00
PER_SESSION_CONDITIONAL_UNKNOWN_EPOCH,1.0,0.0,0.0,MIM,2026-08-13T16:36:00+00:00
PER_SESSION_CONDITIONAL_UNKNOWN_EPOCH,2.0,0.0,0.0,YANK,2026-08-13T16:36:00+00:00
PER_SESSION_CONDITIONAL_UNKNOWN_EPOCH,1.0,0.0,0.0,MIM,2026-08-13T16:37:00+00:00
PER_SESSION_CONDITIONAL_UNKNOWN_EPOCH,2.0,0.0,0.0,YANK,2026-08-13T16:37:00+00:00
PER_SESSION_CONDITIONAL_UNKNOWN_EPOCH,1.0,0.0,0.0,MIM,2026-08-13T16:38:00+00:00
PER_SESSION_CONDITIONAL_UNKNOWN_EPOCH,2.0,0.0,0.0,YANK,2026-08-13T16:38:00+00:00
PER_SESSION_CONDITIONAL_UNKNOWN_EPOCH,1.0,0.0,0.0,MIM,2026-08-13T16:39:00+00:00
PER_SESSION_CONDITIONAL_UNKNOWN_EPOCH,2.0,0.0,0.0,YANK,2026-08-13T16:39:00+00:00
PER_SESSION_CONDITIONAL_UNKNOWN_EPOCH,1.0,0.0,0.0,MIM,2026-08-13T16:40:00+00:00
PER_SESSION_CONDITIONAL_UNKNOWN_EPOCH,2.0,0.0,0.0,YANK,2026-08-13T16:40:00+00:00
PER_SESSION_CONDITIONAL_UNKNOWN_EPOCH,1.0,0.0,0.0,MIM,2026-08-13T16:41:00+00:00
PER_SESSION_CONDITIONAL_UNKNOWN_EPOCH,2.0,0.0,0.0,YANK,2026-08-13T16:41:00+00:00
PER_SESSION_CONDITIONAL_UNKNOWN_EPOCH,1.0,0.0,0.0,MIM,2026-08-13T16:42:00+00:00
PER_SESSION_CONDITIONAL_UNKNOWN_EPOCH,2.0,0.0,0.0,YANK,2026-08-13T16:42:00+00:00
PER_SESSION_CONDITIONAL_UNKNOWN_EPOCH,1.0,0.0,0.0,MIM,2026-08-13T16:43:00+00:00
PER_SESSION_CONDITIONAL_UNKNOWN_EPOCH,2.0,0.0,0.0,YANK,2026-08-13T16:43:00+00:00
PER_SESSION_CONDITIONAL_UNKNOWN_EPOCH,1.0,0.0,0.0,MIM,2026-08-13T16:44:00+00:00
PER_SESSION_CONDITIONAL_UNKNOWN_EPOCH,2.0,0.0,0.0,YANK,2026-08-13T16:44:00+00:00
PER_SESSION_CONDITIONAL_UNKNOWN_EPOCH,1.0,0.0,0.0,MIM,2026-08-13T16:45:00+00:00
PER_SESSION_CONDITIONAL_UNKNOWN_EPOCH,2.0,0.0,0.0,YANK,2026-08-13T16:45:00+00:00
PER_SESSION_CONDITIONAL_UNKNOWN_EPOCH,1.0,0.0,0.0,MIM,2026-08-13T16:46:00+00:00
PER_SESSION_CONDITIONAL_UNKNOWN_EPOCH,2.0,0.0,0.0,YANK,2026-08-13T16:46:00+00:00
PER_SESSION_CONDITIONAL_UNKNOWN_EPOCH,1.0,0.0,0.0,MIM,2026-08-13T16:47:00+00:00
PER_SESSION_CONDITIONAL_UNKNOWN_EPOCH,2.0,0.0,0.0,YANK,2026-08-13T16:47:00+00:00
PER_SESSION_CONDITIONAL_UNKNOWN_EPOCH,1.0,0.0,0.0,MIM,2026-08-13T16:48:00+00:00
PER_SESSION_CONDITIONAL_UNKNOWN_EPOCH,2.0,0.0,0.0,YANK,2026-08-13T16:48:00+00:00
PER_SESSION_CONDITIONAL_UNKNOWN_EPOCH,1.0,0.0,0.0,MIM,2026-08-13T16:49:00+00:00
PER_SESSION_CONDITIONAL_UNKNOWN_EPOCH,2.0,0.0,0.0,YANK,2026-08-13T16:49:00+00:00
PER_SESSION_CONDITIONAL_UNKNOWN_EPOCH,1.0,0.0,0.0,MIM,2026-08-13T16:50:00+00:00
PER_SESSION_CONDITIONAL_UNKNOWN_EPOCH,2.0,0.0,0.0,YANK,2026-08-13T16:50:00+00:00
PER_SESSION_CONDITIONAL_UNKNOWN_EPOCH,1.0,0.0,0.0,MIM,2026-08-13T16:51:00+00:00
PER_SESSION_CONDITIONAL_UNKNOWN_EPOCH,2.0,0.0,0.0,YANK,2026-08-13T16:51:00+00:00
PER_SESSION_CONDITIONAL_UNKNOWN_EPOCH,1.0,0.0,0.0,MIM,2026-08-13T16:52:00+00:00
PER_SESSION_CONDITIONAL_UNKNOWN_EPOCH,2.0,0.0,0.0,YANK,2026-08-13T16:52:00+00:00
PER_SESSION_CONDITIONAL_UNKNOWN_EPOCH,1.0,0.0,0.0,MIM,2026-08-13T16:53:00+00:00
PER_SESSION_CONDITIONAL_UNKNOWN_EPOCH,2.0,0.0,0.0,YANK,2026-08-13T16:53:00+00:00
PER_SESSION_CONDITIONAL_UNKNOWN_EPOCH,1.0,0.0,0.0,MIM,2026-08-13T16:54:00+00:00
PER_SESSION_CONDITIONAL_UNKNOWN_EPOCH,2.0,0.0,0.0,YANK,2026-08-13T16:54:00+00:00
PER_SESSION_CONDITIONAL_UNKNOWN_EPOCH,1.0,0.0,0.0,MIM,2026-08-13T16:55:00+00:00
PER_SESSION_CONDITIONAL_UNKNOWN_EPOCH,2.0,0.0,0.0,YANK,2026-08-13T16:55:00+00:00
PER_SESSION_CONDITIONAL_UNKNOWN_EPOCH,1.0,0.0,0.0,MIM,2026-08-13T16:56:00+00:00
PER_SESSION_CONDITIONAL_UNKNOWN_EPOCH,2.0,0.0,0.0,YANK,2026-08-13T16:56:00+00:00
PER_SESSION_CONDITIONAL_UNKNOWN_EPOCH,1.0,0.0,0.0,MIM,2026-08-13T16:57:00+00:00
PER_SESSION_CONDITIONAL_UNKNOWN_EPOCH,2.0,0.0,0.0,YANK,2026-08-13T16:57:00+00:00
PER_SESSION_CONDITIONAL_UNKNOWN_EPOCH,1.0,0.0,0.0,MIM,2026-08-13T16:58:00+00:00
PER_SESSION_CONDITIONAL_UNKNOWN_EPOCH,2.0,0.0,0.0,YANK,2026-08-13T16:58:00+00:00
PER_SESSION_CONDITIONAL_UNKNOWN_EPOCH,1.0,0.0,0.0,MIM,2026-08-13T16:59:00+00:00
PER_SESSION_CONDITIONAL_UNKNOWN_EPOCH,2.0,0.0,0.0,YANK,2026-08-13T16:59:00+00:00
PER_SESSION_CONDITIONAL_UNKNOWN_EPOCH,1.0,0.0,0.0,MIM,2026-08-13T17:00:00+00:00
PER_SESSION_CONDITIONAL_UNKNOWN_EPOCH,2.0,0.0,0.0,YANK,2026-08-13T17:00:00+00:00
PER_SESSION_CONDITIONAL_UNKNOWN_EPOCH,1.0,21.889999999999418,60417.0,MIM,2026-08-13T17:01:00+00:00
PER_SESSION_CONDITIONAL_UNKNOWN_EPOCH,2.0,0.0,0.0,YANK,2026-08-13T17:01:00+00:00
PER_SESSION_CONDITIONAL_UNKNOWN_EPOCH,1.0,30.889999999999418,60426.0,MIM,2026-08-13T17:02:00+00:00
PER_SESSION_CONDITIONAL_UNKNOWN_EPOCH,2.0,0.0,0.0,YANK,2026-08-13T17:02:00+00:00
PER_SESSION_CONDITIONAL_UNKNOWN_EPOCH,1.0,29.889999999999418,60425.0,MIM,2026-08-13T17:03:00+00:00
PER_SESSION_CONDITIONAL_UNKNOWN_EPOCH,2.0,0.0,0.0,YANK,2026-08-13T17:03:00+00:00
PER_SESSION_CONDITIONAL_UNKNOWN_EPOCH,1.0,41.88999999999942,60437.0,MIM,2026-08-13T17:04:00+00:00
PER_SESSION_CONDITIONAL_UNKNOWN_EPOCH,2.0,0.0,0.0,YANK,2026-08-13T17:04:00+00:00
PER_SESSION_CONDITIONAL_UNKNOWN_EPOCH,1.0,41.38999999999942,60436.5,MIM,2026-08-13T17:05:00+00:00
PER_SESSION_CONDITIONAL_UNKNOWN_EPOCH,2.0,0.0,0.0,YANK,2026-08-13T17:05:00+00:00
PER_SESSION_CONDITIONAL_UNKNOWN_EPOCH,1.0,57.88999999999942,60453.0,MIM,2026-08-13T17:06:00+00:00
PER_SESSION_CONDITIONAL_UNKNOWN_EPOCH,2.0,0.0,0.0,YANK,2026-08-13T17:06:00+00:00
PER_SESSION_CONDITIONAL_UNKNOWN_EPOCH,1.0,42.88999999999942,60438.0,MIM,2026-08-13T17:07:00+00:00
PER_SESSION_CONDITIONAL_UNKNOWN_EPOCH,2.0,0.0,0.0,YANK,2026-08-13T17:07:00+00:00
PER_SESSION_CONDITIONAL_UNKNOWN_EPOCH,1.0,45.88999999999942,60441.0,MIM,2026-08-13T17:08:00+00:00
PER_SESSION_CONDITIONAL_UNKNOWN_EPOCH,2.0,0.0,0.0,YANK,2026-08-13T17:08:00+00:00
PER_SESSION_CONDITIONAL_UNKNOWN_EPOCH,1.0,54.38999999999942,60449.5,MIM,2026-08-13T17:09:00+00:00
PER_SESSION_CONDITIONAL_UNKNOWN_EPOCH,2.0,0.0,0.0,YANK,2026-08-13T17:09:00+00:00
PER_SESSION_CONDITIONAL_UNKNOWN_EPOCH,1.0,58.88999999999942,60454.0,MIM,2026-08-13T17:10:00+00:00
PER_SESSION_CONDITIONAL_UNKNOWN_EPOCH,2.0,0.0,0.0,YANK,2026-08-13T17:10:00+00:00
PER_SESSION_CONDITIONAL_UNKNOWN_EPOCH,1.0,63.88999999999942,60459.0,MIM,2026-08-13T17:11:00+00:00
PER_SESSION_CONDITIONAL_UNKNOWN_EPOCH,2.0,0.0,0.0,YANK,2026-08-13T17:11:00+00:00
PER_SESSION_CONDITIONAL_UNKNOWN_EPOCH,1.0,69.38999999999942,60464.5,MIM,2026-08-13T17:12:00+00:00
PER_SESSION_CONDITIONAL_UNKNOWN_EPOCH,2.0,0.0,0.0,YANK,2026-08-13T17:12:00+00:00
PER_SESSION_CONDITIONAL_UNKNOWN_EPOCH,1.0,61.88999999999942,60457.0,MIM,2026-08-13T17:13:00+00:00
PER_SESSION_CONDITIONAL_UNKNOWN_EPOCH,2.0,0.0,0.0,YANK,2026-08-13T17:13:00+00:00
PER_SESSION_CONDITIONAL_UNKNOWN_EPOCH,1.0,59.38999999999942,60454.5,MIM,2026-08-13T17:14:00+00:00
PER_SESSION_CONDITIONAL_UNKNOWN_EPOCH,2.0,0.0,0.0,YANK,2026-08-13T17:14:00+00:00
PER_SESSION_CONDITIONAL_UNKNOWN_EPOCH,1.0,56.88999999999942,60452.0,MIM,2026-08-13T17:15:00+00:00
PER_SESSION_CONDITIONAL_UNKNOWN_EPOCH,2.0,0.0,0.0,YANK,2026-08-13T17:15:00+00:00
PER_SESSION_CONDITIONAL_UNKNOWN_EPOCH,1.0,55.88999999999942,60451.0,MIM,2026-08-13T17:16:00+00:00
PER_SESSION_CONDITIONAL_UNKNOWN_EPOCH,2.0,0.0,0.0,YANK,2026-08-13T17:16:00+00:00
PER_SESSION_CONDITIONAL_UNKNOWN_EPOCH,1.0,69.38999999999942,60464.5,MIM,2026-08-13T17:17:00+00:00
PER_SESSION_CONDITIONAL_UNKNOWN_EPOCH,2.0,0.0,0.0,YANK,2026-08-13T17:17:00+00:00
PER_SESSION_CONDITIONAL_UNKNOWN_EPOCH,1.0,68.88999999999942,60464.0,MIM,2026-08-13T17:18:00+00:00
PER_SESSION_CONDITIONAL_UNKNOWN_EPOCH,2.0,0.0,0.0,YANK,2026-08-13T17:18:00+00:00
PER_SESSION_CONDITIONAL_UNKNOWN_EPOCH,1.0,75.88999999999942,60471.0,MIM,2026-08-13T17:19:00+00:00
PER_SESSION_CONDITIONAL_UNKNOWN_EPOCH,2.0,0.0,0.0,YANK,2026-08-13T17:19:00+00:00
PER_SESSION_CONDITIONAL_UNKNOWN_EPOCH,1.0,90.88999999999942,60486.0,MIM,2026-08-13T17:20:00+00:00
PER_SESSION_CONDITIONAL_UNKNOWN_EPOCH,2.0,0.0,0.0,YANK,2026-08-13T17:20:00+00:00
PER_SESSION_CONDITIONAL_UNKNOWN_EPOCH,1.0,85.88999999999942,60481.0,MIM,2026-08-13T17:21:00+00:00
PER_SESSION_CONDITIONAL_UNKNOWN_EPOCH,2.0,0.0,0.0,YANK,2026-08-13T17:21:00+00:00
PER_SESSION_CONDITIONAL_UNKNOWN_EPOCH,1.0,89.88999999999942,60485.0,MIM,2026-08-13T17:22:00+00:00
PER_SESSION_CONDITIONAL_UNKNOWN_EPOCH,2.0,0.0,0.0,YANK,2026-08-13T17:22:00+00:00
PER_SESSION_CONDITIONAL_UNKNOWN_EPOCH,1.0,84.88999999999942,60480.0,MIM,2026-08-13T17:23:00+00:00
PER_SESSION_CONDITIONAL_UNKNOWN_EPOCH,2.0,0.0,0.0,YANK,2026-08-13T17:23:00+00:00
PER_SESSION_CONDITIONAL_UNKNOWN_EPOCH,1.0,81.88999999999942,60477.0,MIM,2026-08-13T17:24:00+00:00
PER_SESSION_CONDITIONAL_UNKNOWN_EPOCH,2.0,0.0,0.0,YANK,2026-08-13T17:24:00+00:00
PER_SESSION_CONDITIONAL_UNKNOWN_EPOCH,1.0,86.38999999999942,60481.5,MIM,2026-08-13T17:25:00+00:00
PER_SESSION_CONDITIONAL_UNKNOWN_EPOCH,2.0,0.0,0.0,YANK,2026-08-13T17:25:00+00:00
PER_SESSION_CONDITIONAL_UNKNOWN_EPOCH,1.0,85.38999999999942,60480.5,MIM,2026-08-13T17:26:00+00:00
PER_SESSION_CONDITIONAL_UNKNOWN_EPOCH,2.0,0.0,0.0,YANK,2026-08-13T17:26:00+00:00
PER_SESSION_CONDITIONAL_UNKNOWN_EPOCH,1.0,83.88999999999942,60479.0,MIM,2026-08-13T17:27:00+00:00
PER_SESSION_CONDITIONAL_UNKNOWN_EPOCH,2.0,0.0,0.0,YANK,2026-08-13T17:27:00+00:00
PER_SESSION_CONDITIONAL_UNKNOWN_EPOCH,1.0,90.38999999999942,60485.5,MIM,2026-08-13T17:28:00+00:00
PER_SESSION_CONDITIONAL_UNKNOWN_EPOCH,2.0,0.0,0.0,YANK,2026-08-13T17:28:00+00:00
PER_SESSION_CONDITIONAL_UNKNOWN_EPOCH,1.0,90.88999999999942,60486.0,MIM,2026-08-13T17:29:00+00:00
PER_SESSION_CONDITIONAL_UNKNOWN_EPOCH,2.0,0.0,0.0,YANK,2026-08-13T17:29:00+00:00
PER_SESSION_CONDITIONAL_UNKNOWN_EPOCH,1.0,79.88999999999942,60475.0,MIM,2026-08-13T17:30:00+00:00
PER_SESSION_CONDITIONAL_UNKNOWN_EPOCH,2.0,0.0,0.0,YANK,2026-08-13T17:30:00+00:00
PER_SESSION_CONDITIONAL_UNKNOWN_EPOCH,1.0,87.38999999999942,60482.5,MIM,2026-08-13T17:31:00+00:00
PER_SESSION_CONDITIONAL_UNKNOWN_EPOCH,2.0,0.0,0.0,YANK,2026-08-13T17:31:00+00:00
PER_SESSION_CONDITIONAL_UNKNOWN_EPOCH,1.0,81.88999999999942,60477.0,MIM,2026-08-13T17:32:00+00:00
PER_SESSION_CONDITIONAL_UNKNOWN_EPOCH,2.0,0.0,0.0,YANK,2026-08-13T17:32:00+00:00
PER_SESSION_CONDITIONAL_UNKNOWN_EPOCH,1.0,80.88999999999942,60476.0,MIM,2026-08-13T17:33:00+00:00
PER_SESSION_CONDITIONAL_UNKNOWN_EPOCH,2.0,0.0,0.0,YANK,2026-08-13T17:33:00+00:00
PER_SESSION_CONDITIONAL_UNKNOWN_EPOCH,1.0,67.88999999999942,60463.0,MIM,2026-08-13T17:34:00+00:00
PER_SESSION_CONDITIONAL_UNKNOWN_EPOCH,2.0,0.0,0.0,YANK,2026-08-13T17:34:00+00:00
PER_SESSION_CONDITIONAL_UNKNOWN_EPOCH,1.0,72.88999999999942,60468.0,MIM,2026-08-13T17:35:00+00:00
PER_SESSION_CONDITIONAL_UNKNOWN_EPOCH,2.0,0.0,0.0,YANK,2026-08-13T17:35:00+00:00
PER_SESSION_CONDITIONAL_UNKNOWN_EPOCH,1.0,70.88999999999942,60466.0,MIM,2026-08-13T17:36:00+00:00
PER_SESSION_CONDITIONAL_UNKNOWN_EPOCH,2.0,0.0,0.0,YANK,2026-08-13T17:36:00+00:00
PER_SESSION_CONDITIONAL_UNKNOWN_EPOCH,1.0,71.88999999999942,60467.0,MIM,2026-08-13T17:37:00+00:00
PER_SESSION_CONDITIONAL_UNKNOWN_EPOCH,2.0,0.0,0.0,YANK,2026-08-13T17:37:00+00:00
PER_SESSION_CONDITIONAL_UNKNOWN_EPOCH,1.0,53.88999999999942,60449.0,MIM,2026-08-13T17:38:00+00:00
PER_SESSION_CONDITIONAL_UNKNOWN_EPOCH,2.0,0.0,0.0,YANK,2026-08-13T17:38:00+00:00
PER_SESSION_CONDITIONAL_UNKNOWN_EPOCH,1.0,55.88999999999942,60451.0,MIM,2026-08-13T17:39:00+00:00
PER_SESSION_CONDITIONAL_UNKNOWN_EPOCH,2.0,0.0,0.0,YANK,2026-08-13T17:39:00+00:00
PER_SESSION_CONDITIONAL_UNKNOWN_EPOCH,1.0,55.38999999999942,60450.5,MIM,2026-08-13T17:40:00+00:00
PER_SESSION_CONDITIONAL_UNKNOWN_EPOCH,2.0,0.0,0.0,YANK,2026-08-13T17:40:00+00:00
PER_SESSION_CONDITIONAL_UNKNOWN_EPOCH,1.0,66.88999999999942,60462.0,MIM,2026-08-13T17:41:00+00:00
PER_SESSION_CONDITIONAL_UNKNOWN_EPOCH,2.0,0.0,0.0,YANK,2026-08-13T17:41:00+00:00
PER_SESSION_CONDITIONAL_UNKNOWN_EPOCH,1.0,47.38999999999942,60442.5,MIM,2026-08-13T17:42:00+00:00
PER_SESSION_CONDITIONAL_UNKNOWN_EPOCH,2.0,0.0,0.0,YANK,2026-08-13T17:42:00+00:00
PER_SESSION_CONDITIONAL_UNKNOWN_EPOCH,1.0,46.88999999999942,60442.0,MIM,2026-08-13T17:43:00+00:00
PER_SESSION_CONDITIONAL_UNKNOWN_EPOCH,2.0,0.0,0.0,YANK,2026-08-13T17:43:00+00:00
PER_SESSION_CONDITIONAL_UNKNOWN_EPOCH,1.0,46.88999999999942,60442.0,MIM,2026-08-13T17:44:00+00:00
PER_SESSION_CONDITIONAL_UNKNOWN_EPOCH,2.0,0.0,0.0,YANK,2026-08-13T17:44:00+00:00
PER_SESSION_CONDITIONAL_UNKNOWN_EPOCH,1.0,33.88999999999942,60429.0,MIM,2026-08-13T17:45:00+00:00
PER_SESSION_CONDITIONAL_UNKNOWN_EPOCH,2.0,0.0,0.0,YANK,2026-08-13T17:45:00+00:00
PER_SESSION_CONDITIONAL_UNKNOWN_EPOCH,1.0,51.88999999999942,60447.0,MIM,2026-08-13T17:46:00+00:00
PER_SESSION_CONDITIONAL_UNKNOWN_EPOCH,2.0,0.0,0.0,YANK,2026-08-13T17:46:00+00:00
PER_SESSION_CONDITIONAL_UNKNOWN_EPOCH,1.0,44.88999999999942,60440.0,MIM,2026-08-13T17:47:00+00:00
PER_SESSION_CONDITIONAL_UNKNOWN_EPOCH,2.0,0.0,0.0,YANK,2026-08-13T17:47:00+00:00
PER_SESSION_CONDITIONAL_UNKNOWN_EPOCH,1.0,43.38999999999942,60438.5,MIM,2026-08-13T17:48:00+00:00
PER_SESSION_CONDITIONAL_UNKNOWN_EPOCH,2.0,0.0,0.0,YANK,2026-08-13T17:48:00+00:00
PER_SESSION_CONDITIONAL_UNKNOWN_EPOCH,1.0,46.88999999999942,60442.0,MIM,2026-08-13T17:49:00+00:00
PER_SESSION_CONDITIONAL_UNKNOWN_EPOCH,2.0,0.0,0.0,YANK,2026-08-13T17:49:00+00:00
PER_SESSION_CONDITIONAL_UNKNOWN_EPOCH,1.0,39.38999999999942,60434.5,MIM,2026-08-13T17:50:00+00:00
PER_SESSION_CONDITIONAL_UNKNOWN_EPOCH,2.0,0.0,0.0,YANK,2026-08-13T17:50:00+00:00
PER_SESSION_CONDITIONAL_UNKNOWN_EPOCH,1.0,43.88999999999942,60439.0,MIM,2026-08-13T17:51:00+00:00
PER_SESSION_CONDITIONAL_UNKNOWN_EPOCH,2.0,0.0,0.0,YANK,2026-08-13T17:51:00+00:00
PER_SESSION_CONDITIONAL_UNKNOWN_EPOCH,1.0,32.88999999999942,60428.0,MIM,2026-08-13T17:52:00+00:00
PER_SESSION_CONDITIONAL_UNKNOWN_EPOCH,2.0,0.0,0.0,YANK,2026-08-13T17:52:00+00:00
PER_SESSION_CONDITIONAL_UNKNOWN_EPOCH,1.0,28.889999999999418,60424.0,MIM,2026-08-13T17:53:00+00:00
PER_SESSION_CONDITIONAL_UNKNOWN_EPOCH,2.0,0.0,0.0,YANK,2026-08-13T17:53:00+00:00
PER_SESSION_CONDITIONAL_UNKNOWN_EPOCH,1.0,30.389999999999418,60425.5,MIM,2026-08-13T17:54:00+00:00
PER_SESSION_CONDITIONAL_UNKNOWN_EPOCH,2.0,0.0,0.0,YANK,2026-08-13T17:54:00+00:00
PER_SESSION_CONDITIONAL_UNKNOWN_EPOCH,1.0,18.889999999999418,60414.0,MIM,2026-08-13T17:55:00+00:00
PER_SESSION_CONDITIONAL_UNKNOWN_EPOCH,2.0,0.0,0.0,YANK,2026-08-13T17:55:00+00:00
PER_SESSION_CONDITIONAL_UNKNOWN_EPOCH,1.0,22.889999999999418,60418.0,MIM,2026-08-13T17:56:00+00:00
PER_SESSION_CONDITIONAL_UNKNOWN_EPOCH,2.0,0.0,0.0,YANK,2026-08-13T17:56:00+00:00
PER_SESSION_CONDITIONAL_UNKNOWN_EPOCH,1.0,14.389999999999418,60409.5,MIM,2026-08-13T17:57:00+00:00
PER_SESSION_CONDITIONAL_UNKNOWN_EPOCH,2.0,0.0,0.0,YANK,2026-08-13T17:57:00+00:00
PER_SESSION_CONDITIONAL_UNKNOWN_EPOCH,1.0,37.38999999999942,60432.5,MIM,2026-08-13T17:58:00+00:00
PER_SESSION_CONDITIONAL_UNKNOWN_EPOCH,2.0,0.0,0.0,YANK,2026-08-13T17:58:00+00:00
PER_SESSION_CONDITIONAL_UNKNOWN_EPOCH,1.0,36.88999999999942,60432.0,MIM,2026-08-13T17:59:00+00:00
PER_SESSION_CONDITIONAL_UNKNOWN_EPOCH,2.0,0.0,0.0,YANK,2026-08-13T17:59:00+00:00
PER_SESSION_CONDITIONAL_UNKNOWN_EPOCH,1.0,13.389999999999418,60408.5,MIM,2026-08-13T18:00:00+00:00
PER_SESSION_CONDITIONAL_UNKNOWN_EPOCH,2.0,0.0,0.0,YANK,2026-08-13T18:00:00+00:00
PER_SESSION_CONDITIONAL_UNKNOWN_EPOCH,1.0,14.389999999999418,60409.5,MIM,2026-08-13T18:01:00+00:00
PER_SESSION_CONDITIONAL_UNKNOWN_EPOCH,2.0,0.0,0.0,YANK,2026-08-13T18:01:00+00:00
PER_SESSION_CONDITIONAL_UNKNOWN_EPOCH,1.0,16.889999999999418,60412.0,MIM,2026-08-13T18:02:00+00:00
PER_SESSION_CONDITIONAL_UNKNOWN_EPOCH,2.0,0.0,0.0,YANK,2026-08-13T18:02:00+00:00
PER_SESSION_CONDITIONAL_UNKNOWN_EPOCH,1.0,12.389999999999418,60407.5,MIM,2026-08-13T18:03:00+00:00
PER_SESSION_CONDITIONAL_UNKNOWN_EPOCH,2.0,0.0,0.0,YANK,2026-08-13T18:03:00+00:00
PER_SESSION_CONDITIONAL_UNKNOWN_EPOCH,1.0,22.389999999999418,60417.5,MIM,2026-08-13T18:04:00+00:00
PER_SESSION_CONDITIONAL_UNKNOWN_EPOCH,2.0,0.0,0.0,YANK,2026-08-13T18:04:00+00:00
PER_SESSION_CONDITIONAL_UNKNOWN_EPOCH,1.0,19.889999999999418,60415.0,MIM,2026-08-13T18:05:00+00:00
PER_SESSION_CONDITIONAL_UNKNOWN_EPOCH,2.0,0.0,0.0,YANK,2026-08-13T18:05:00+00:00
PER_SESSION_CONDITIONAL_UNKNOWN_EPOCH,1.0,30.889999999999418,60426.0,MIM,2026-08-13T18:06:00+00:00
PER_SESSION_CONDITIONAL_UNKNOWN_EPOCH,2.0,0.0,0.0,YANK,2026-08-13T18:06:00+00:00
PER_SESSION_CONDITIONAL_UNKNOWN_EPOCH,1.0,5.389999999999418,60400.5,MIM,2026-08-13T18:07:00+00:00
PER_SESSION_CONDITIONAL_UNKNOWN_EPOCH,2.0,0.0,0.0,YANK,2026-08-13T18:07:00+00:00
PER_SESSION_CONDITIONAL_UNKNOWN_EPOCH,1.0,2.889999999999418,60398.0,MIM,2026-08-13T18:08:00+00:00
PER_SESSION_CONDITIONAL_UNKNOWN_EPOCH,2.0,0.0,0.0,YANK,2026-08-13T18:08:00+00:00
PER_SESSION_CONDITIONAL_UNKNOWN_EPOCH,1.0,-4.110000000000582,60391.0,MIM,2026-08-13T18:09:00+00:00
PER_SESSION_CONDITIONAL_UNKNOWN_EPOCH,2.0,0.0,0.0,YANK,2026-08-13T18:09:00+00:00
PER_SESSION_CONDITIONAL_UNKNOWN_EPOCH,1.0,-0.6100000000005821,60394.5,MIM,2026-08-13T18:10:00+00:00
PER_SESSION_CONDITIONAL_UNKNOWN_EPOCH,2.0,0.0,0.0,YANK,2026-08-13T18:10:00+00:00
PER_SESSION_CONDITIONAL_UNKNOWN_EPOCH,1.0,8.389999999999418,60403.5,MIM,2026-08-13T18:11:00+00:00
PER_SESSION_CONDITIONAL_UNKNOWN_EPOCH,2.0,0.0,0.0,YANK,2026-08-13T18:11:00+00:00
PER_SESSION_CONDITIONAL_UNKNOWN_EPOCH,1.0,6.889999999999418,60402.0,MIM,2026-08-13T18:12:00+00:00
PER_SESSION_CONDITIONAL_UNKNOWN_EPOCH,2.0,0.0,0.0,YANK,2026-08-13T18:12:00+00:00
PER_SESSION_CONDITIONAL_UNKNOWN_EPOCH,1.0,2.889999999999418,60398.0,MIM,2026-08-13T18:13:00+00:00
PER_SESSION_CONDITIONAL_UNKNOWN_EPOCH,2.0,0.0,0.0,YANK,2026-08-13T18:13:00+00:00
PER_SESSION_CONDITIONAL_UNKNOWN_EPOCH,1.0,2.889999999999418,60398.0,MIM,2026-08-13T18:14:00+00:00
PER_SESSION_CONDITIONAL_UNKNOWN_EPOCH,2.0,0.0,0.0,YANK,2026-08-13T18:14:00+00:00
PER_SESSION_CONDITIONAL_UNKNOWN_EPOCH,1.0,7.389999999999418,60402.5,MIM,2026-08-13T18:15:00+00:00
PER_SESSION_CONDITIONAL_UNKNOWN_EPOCH,2.0,0.0,0.0,YANK,2026-08-13T18:15:00+00:00
PER_SESSION_CONDITIONAL_UNKNOWN_EPOCH,1.0,12.389999999999418,60407.5,MIM,2026-08-13T18:16:00+00:00
PER_SESSION_CONDITIONAL_UNKNOWN_EPOCH,2.0,0.0,0.0,YANK,2026-08-13T18:16:00+00:00
PER_SESSION_CONDITIONAL_UNKNOWN_EPOCH,1.0,-2.110000000000582,60393.0,MIM,2026-08-13T18:17:00+00:00
PER_SESSION_CONDITIONAL_UNKNOWN_EPOCH,2.0,0.0,0.0,YANK,2026-08-13T18:17:00+00:00
PER_SESSION_CONDITIONAL_UNKNOWN_EPOCH,1.0,6.889999999999418,60402.0,MIM,2026-08-13T18:18:00+00:00
PER_SESSION_CONDITIONAL_UNKNOWN_EPOCH,2.0,0.0,0.0,YANK,2026-08-13T18:18:00+00:00
PER_SESSION_CONDITIONAL_UNKNOWN_EPOCH,1.0,-2.110000000000582,60393.0,MIM,2026-08-13T18:19:00+00:00
PER_SESSION_CONDITIONAL_UNKNOWN_EPOCH,2.0,0.0,0.0,YANK,2026-08-13T18:19:00+00:00
PER_SESSION_CONDITIONAL_UNKNOWN_EPOCH,1.0,-5.110000000000582,60390.0,MIM,2026-08-13T18:20:00+00:00
PER_SESSION_CONDITIONAL_UNKNOWN_EPOCH,2.0,0.0,0.0,YANK,2026-08-13T18:20:00+00:00
PER_SESSION_CONDITIONAL_UNKNOWN_EPOCH,1.0,1.389999999999418,60396.5,MIM,2026-08-13T18:21:00+00:00
PER_SESSION_CONDITIONAL_UNKNOWN_EPOCH,2.0,0.0,0.0,YANK,2026-08-13T18:21:00+00:00
PER_SESSION_CONDITIONAL_UNKNOWN_EPOCH,1.0,-0.6100000000005821,60394.5,MIM,2026-08-13T18:22:00+00:00
PER_SESSION_CONDITIONAL_UNKNOWN_EPOCH,2.0,0.0,0.0,YANK,2026-08-13T18:22:00+00:00
PER_SESSION_CONDITIONAL_UNKNOWN_EPOCH,1.0,3.389999999999418,60398.5,MIM,2026-08-13T18:23:00+00:00
PER_SESSION_CONDITIONAL_UNKNOWN_EPOCH,2.0,0.0,0.0,YANK,2026-08-13T18:23:00+00:00
PER_SESSION_CONDITIONAL_UNKNOWN_EPOCH,1.0,-15.610000000000582,60379.5,MIM,2026-08-13T18:24:00+00:00
PER_SESSION_CONDITIONAL_UNKNOWN_EPOCH,2.0,0.0,0.0,YANK,2026-08-13T18:24:00+00:00
PER_SESSION_CONDITIONAL_UNKNOWN_EPOCH,1.0,-27.110000000000582,60368.0,MIM,2026-08-13T18:25:00+00:00
PER_SESSION_CONDITIONAL_UNKNOWN_EPOCH,2.0,0.0,0.0,YANK,2026-08-13T18:25:00+00:00
PER_SESSION_CONDITIONAL_UNKNOWN_EPOCH,1.0,-15.610000000000582,60379.5,MIM,2026-08-13T18:26:00+00:00
PER_SESSION_CONDITIONAL_UNKNOWN_EPOCH,2.0,0.0,0.0,YANK,2026-08-13T18:26:00+00:00
PER_SESSION_CONDITIONAL_UNKNOWN_EPOCH,1.0,-9.610000000000582,60385.5,MIM,2026-08-13T18:27:00+00:00
PER_SESSION_CONDITIONAL_UNKNOWN_EPOCH,2.0,0.0,0.0,YANK,2026-08-13T18:27:00+00:00
PER_SESSION_CONDITIONAL_UNKNOWN_EPOCH,1.0,-22.610000000000582,60372.5,MIM,2026-08-13T18:28:00+00:00
PER_SESSION_CONDITIONAL_UNKNOWN_EPOCH,2.0,0.0,0.0,YANK,2026-08-13T18:28:00+00:00
PER_SESSION_CONDITIONAL_UNKNOWN_EPOCH,1.0,-5.610000000000582,60389.5,MIM,2026-08-13T18:29:00+00:00
PER_SESSION_CONDITIONAL_UNKNOWN_EPOCH,2.0,0.0,0.0,YANK,2026-08-13T18:29:00+00:00
PER_SESSION_CONDITIONAL_UNKNOWN_EPOCH,1.0,-11.110000000000582,60384.0,MIM,2026-08-13T18:30:00+00:00
PER_SESSION_CONDITIONAL_UNKNOWN_EPOCH,2.0,0.0,0.0,YANK,2026-08-13T18:30:00+00:00
PER_SESSION_CONDITIONAL_UNKNOWN_EPOCH,1.0,10.389999999999418,60405.5,MIM,2026-08-13T18:31:00+00:00
PER_SESSION_CONDITIONAL_UNKNOWN_EPOCH,2.0,0.0,0.0,YANK,2026-08-13T18:31:00+00:00
PER_SESSION_CONDITIONAL_UNKNOWN_EPOCH,1.0,16.389999999999418,60411.5,MIM,2026-08-13T18:32:00+00:00
PER_SESSION_CONDITIONAL_UNKNOWN_EPOCH,2.0,0.0,0.0,YANK,2026-08-13T18:32:00+00:00
PER_SESSION_CONDITIONAL_UNKNOWN_EPOCH,1.0,19.889999999999418,60415.0,MIM,2026-08-13T18:33:00+00:00
PER_SESSION_CONDITIONAL_UNKNOWN_EPOCH,2.0,0.0,0.0,YANK,2026-08-13T18:33:00+00:00
PER_SESSION_CONDITIONAL_UNKNOWN_EPOCH,1.0,41.88999999999942,60437.0,MIM,2026-08-13T18:34:00+00:00
PER_SESSION_CONDITIONAL_UNKNOWN_EPOCH,2.0,0.0,0.0,YANK,2026-08-13T18:34:00+00:00
PER_SESSION_CONDITIONAL_UNKNOWN_EPOCH,1.0,36.38999999999942,60431.5,MIM,2026-08-13T18:35:00+00:00
PER_SESSION_CONDITIONAL_UNKNOWN_EPOCH,2.0,0.0,0.0,YANK,2026-08-13T18:35:00+00:00
PER_SESSION_CONDITIONAL_UNKNOWN_EPOCH,1.0,42.38999999999942,60437.5,MIM,2026-08-13T18:36:00+00:00
PER_SESSION_CONDITIONAL_UNKNOWN_EPOCH,2.0,0.0,0.0,YANK,2026-08-13T18:36:00+00:00
PER_SESSION_CONDITIONAL_UNKNOWN_EPOCH,1.0,32.88999999999942,60428.0,MIM,2026-08-13T18:37:00+00:00
PER_SESSION_CONDITIONAL_UNKNOWN_EPOCH,2.0,0.0,0.0,YANK,2026-08-13T18:37:00+00:00
PER_SESSION_CONDITIONAL_UNKNOWN_EPOCH,1.0,42.88999999999942,60438.0,MIM,2026-08-13T18:38:00+00:00
PER_SESSION_CONDITIONAL_UNKNOWN_EPOCH,2.0,0.0,0.0,YANK,2026-08-13T18:38:00+00:00
PER_SESSION_CONDITIONAL_UNKNOWN_EPOCH,1.0,49.38999999999942,60444.5,MIM,2026-08-13T18:39:00+00:00
PER_SESSION_CONDITIONAL_UNKNOWN_EPOCH,2.0,0.0,0.0,YANK,2026-08-13T18:39:00+00:00
PER_SESSION_CONDITIONAL_UNKNOWN_EPOCH,1.0,45.38999999999942,60440.5,MIM,2026-08-13T18:40:00+00:00
PER_SESSION_CONDITIONAL_UNKNOWN_EPOCH,2.0,0.0,0.0,YANK,2026-08-13T18:40:00+00:00
PER_SESSION_CONDITIONAL_UNKNOWN_EPOCH,1.0,40.38999999999942,60435.5,MIM,2026-08-13T18:41:00+00:00
PER_SESSION_CONDITIONAL_UNKNOWN_EPOCH,2.0,0.0,0.0,YANK,2026-08-13T18:41:00+00:00
PER_SESSION_CONDITIONAL_UNKNOWN_EPOCH,1.0,68.38999999999942,60463.5,MIM,2026-08-13T18:42:00+00:00
PER_SESSION_CONDITIONAL_UNKNOWN_EPOCH,2.0,0.0,0.0,YANK,2026-08-13T18:42:00+00:00
PER_SESSION_CONDITIONAL_UNKNOWN_EPOCH,1.0,67.88999999999942,60463.0,MIM,2026-08-13T18:43:00+00:00
PER_SESSION_CONDITIONAL_UNKNOWN_EPOCH,2.0,0.0,0.0,YANK,2026-08-13T18:43:00+00:00
PER_SESSION_CONDITIONAL_UNKNOWN_EPOCH,1.0,63.38999999999942,60458.5,MIM,2026-08-13T18:44:00+00:00
PER_SESSION_CONDITIONAL_UNKNOWN_EPOCH,2.0,0.0,0.0,YANK,2026-08-13T18:44:00+00:00
PER_SESSION_CONDITIONAL_UNKNOWN_EPOCH,1.0,61.88999999999942,60457.0,MIM,2026-08-13T18:45:00+00:00
PER_SESSION_CONDITIONAL_UNKNOWN_EPOCH,2.0,0.0,0.0,YANK,2026-08-13T18:45:00+00:00
PER_SESSION_CONDITIONAL_UNKNOWN_EPOCH,1.0,72.88999999999942,60468.0,MIM,2026-08-13T18:46:00+00:00
PER_SESSION_CONDITIONAL_UNKNOWN_EPOCH,2.0,0.0,0.0,YANK,2026-08-13T18:46:00+00:00
PER_SESSION_CONDITIONAL_UNKNOWN_EPOCH,1.0,86.88999999999942,60482.0,MIM,2026-08-13T18:47:00+00:00
PER_SESSION_CONDITIONAL_UNKNOWN_EPOCH,2.0,0.0,0.0,YANK,2026-08-13T18:47:00+00:00
PER_SESSION_CONDITIONAL_UNKNOWN_EPOCH,1.0,83.88999999999942,60479.0,MIM,2026-08-13T18:48:00+00:00
PER_SESSION_CONDITIONAL_UNKNOWN_EPOCH,2.0,0.0,0.0,YANK,2026-08-13T18:48:00+00:00
PER_SESSION_CONDITIONAL_UNKNOWN_EPOCH,1.0,82.38999999999942,60477.5,MIM,2026-08-13T18:49:00+00:00
PER_SESSION_CONDITIONAL_UNKNOWN_EPOCH,2.0,0.0,0.0,YANK,2026-08-13T18:49:00+00:00
PER_SESSION_CONDITIONAL_UNKNOWN_EPOCH,1.0,84.38999999999942,60479.5,MIM,2026-08-13T18:50:00+00:00
PER_SESSION_CONDITIONAL_UNKNOWN_EPOCH,2.0,0.0,0.0,YANK,2026-08-13T18:50:00+00:00
PER_SESSION_CONDITIONAL_UNKNOWN_EPOCH,1.0,78.88999999999942,60474.0,MIM,2026-08-13T18:51:00+00:00
PER_SESSION_CONDITIONAL_UNKNOWN_EPOCH,2.0,0.0,0.0,YANK,2026-08-13T18:51:00+00:00
PER_SESSION_CONDITIONAL_UNKNOWN_EPOCH,1.0,78.38999999999942,60473.5,MIM,2026-08-13T18:52:00+00:00
PER_SESSION_CONDITIONAL_UNKNOWN_EPOCH,2.0,0.0,0.0,YANK,2026-08-13T18:52:00+00:00
PER_SESSION_CONDITIONAL_UNKNOWN_EPOCH,1.0,89.88999999999942,60485.0,MIM,2026-08-13T18:53:00+00:00
PER_SESSION_CONDITIONAL_UNKNOWN_EPOCH,2.0,0.0,0.0,YANK,2026-08-13T18:53:00+00:00
PER_SESSION_CONDITIONAL_UNKNOWN_EPOCH,1.0,87.38999999999942,60482.5,MIM,2026-08-13T18:54:00+00:00
PER_SESSION_CONDITIONAL_UNKNOWN_EPOCH,2.0,0.0,0.0,YANK,2026-08-13T18:54:00+00:00
PER_SESSION_CONDITIONAL_UNKNOWN_EPOCH,1.0,83.38999999999942,60478.5,MIM,2026-08-13T18:55:00+00:00
PER_SESSION_CONDITIONAL_UNKNOWN_EPOCH,2.0,0.0,0.0,YANK,2026-08-13T18:55:00+00:00
PER_SESSION_CONDITIONAL_UNKNOWN_EPOCH,1.0,85.38999999999942,60480.5,MIM,2026-08-13T18:56:00+00:00
PER_SESSION_CONDITIONAL_UNKNOWN_EPOCH,2.0,0.0,0.0,YANK,2026-08-13T18:56:00+00:00
PER_SESSION_CONDITIONAL_UNKNOWN_EPOCH,1.0,87.88999999999942,60483.0,MIM,2026-08-13T18:57:00+00:00
PER_SESSION_CONDITIONAL_UNKNOWN_EPOCH,2.0,0.0,0.0,YANK,2026-08-13T18:57:00+00:00
PER_SESSION_CONDITIONAL_UNKNOWN_EPOCH,1.0,83.88999999999942,60479.0,MIM,2026-08-13T18:58:00+00:00
PER_SESSION_CONDITIONAL_UNKNOWN_EPOCH,2.0,0.0,0.0,YANK,2026-08-13T18:58:00+00:00
PER_SESSION_CONDITIONAL_UNKNOWN_EPOCH,1.0,91.38999999999942,60486.5,MIM,2026-08-13T18:59:00+00:00
PER_SESSION_CONDITIONAL_UNKNOWN_EPOCH,2.0,0.0,0.0,YANK,2026-08-13T18:59:00+00:00
PER_SESSION_CONDITIONAL_UNKNOWN_EPOCH,1.0,92.88999999999942,60488.0,MIM,2026-08-13T19:00:00+00:00
PER_SESSION_CONDITIONAL_UNKNOWN_EPOCH,2.0,0.0,0.0,YANK,2026-08-13T19:00:00+00:00
PER_SESSION_CONDITIONAL_UNKNOWN_EPOCH,1.0,111.38999999999942,60506.5,MIM,2026-08-13T19:01:00+00:00
PER_SESSION_CONDITIONAL_UNKNOWN_EPOCH,2.0,0.0,0.0,YANK,2026-08-13T19:01:00+00:00
PER_SESSION_CONDITIONAL_UNKNOWN_EPOCH,1.0,107.38999999999942,60502.5,MIM,2026-08-13T19:02:00+00:00
PER_SESSION_CONDITIONAL_UNKNOWN_EPOCH,2.0,0.0,0.0,YANK,2026-08-13T19:02:00+00:00
PER_SESSION_CONDITIONAL_UNKNOWN_EPOCH,1.0,104.38999999999942,60499.5,MIM,2026-08-13T19:03:00+00:00
PER_SESSION_CONDITIONAL_UNKNOWN_EPOCH,2.0,0.0,0.0,YANK,2026-08-13T19:03:00+00:00
PER_SESSION_CONDITIONAL_UNKNOWN_EPOCH,1.0,107.38999999999942,60502.5,MIM,2026-08-13T19:04:00+00:00
PER_SESSION_CONDITIONAL_UNKNOWN_EPOCH,2.0,0.0,0.0,YANK,2026-08-13T19:04:00+00:00
PER_SESSION_CONDITIONAL_UNKNOWN_EPOCH,1.0,97.38999999999942,60492.5,MIM,2026-08-13T19:05:00+00:00
PER_SESSION_CONDITIONAL_UNKNOWN_EPOCH,2.0,0.0,0.0,YANK,2026-08-13T19:05:00+00:00
PER_SESSION_CONDITIONAL_UNKNOWN_EPOCH,1.0,114.38999999999942,60509.5,MIM,2026-08-13T19:06:00+00:00
PER_SESSION_CONDITIONAL_UNKNOWN_EPOCH,2.0,0.0,0.0,YANK,2026-08-13T19:06:00+00:00
PER_SESSION_CONDITIONAL_UNKNOWN_EPOCH,1.0,126.38999999999942,60521.5,MIM,2026-08-13T19:07:00+00:00
PER_SESSION_CONDITIONAL_UNKNOWN_EPOCH,2.0,0.0,0.0,YANK,2026-08-13T19:07:00+00:00
PER_SESSION_CONDITIONAL_UNKNOWN_EPOCH,1.0,124.88999999999942,60520.0,MIM,2026-08-13T19:08:00+00:00
PER_SESSION_CONDITIONAL_UNKNOWN_EPOCH,2.0,0.0,0.0,YANK,2026-08-13T19:08:00+00:00
PER_SESSION_CONDITIONAL_UNKNOWN_EPOCH,1.0,141.88999999999942,60537.0,MIM,2026-08-13T19:09:00+00:00
PER_SESSION_CONDITIONAL_UNKNOWN_EPOCH,2.0,0.0,0.0,YANK,2026-08-13T19:09:00+00:00
PER_SESSION_CONDITIONAL_UNKNOWN_EPOCH,1.0,138.38999999999942,60533.5,MIM,2026-08-13T19:10:00+00:00
PER_SESSION_CONDITIONAL_UNKNOWN_EPOCH,2.0,0.0,0.0,YANK,2026-08-13T19:10:00+00:00
PER_SESSION_CONDITIONAL_UNKNOWN_EPOCH,1.0,127.88999999999942,60523.0,MIM,2026-08-13T19:11:00+00:00
PER_SESSION_CONDITIONAL_UNKNOWN_EPOCH,2.0,0.0,0.0,YANK,2026-08-13T19:11:00+00:00
PER_SESSION_CONDITIONAL_UNKNOWN_EPOCH,1.0,124.88999999999942,60520.0,MIM,2026-08-13T19:12:00+00:00
PER_SESSION_CONDITIONAL_UNKNOWN_EPOCH,2.0,0.0,0.0,YANK,2026-08-13T19:12:00+00:00
PER_SESSION_CONDITIONAL_UNKNOWN_EPOCH,1.0,94.88999999999942,60490.0,MIM,2026-08-13T19:13:00+00:00
PER_SESSION_CONDITIONAL_UNKNOWN_EPOCH,2.0,0.0,0.0,YANK,2026-08-13T19:13:00+00:00
PER_SESSION_CONDITIONAL_UNKNOWN_EPOCH,1.0,73.88999999999942,60469.0,MIM,2026-08-13T19:14:00+00:00
PER_SESSION_CONDITIONAL_UNKNOWN_EPOCH,2.0,0.0,0.0,YANK,2026-08-13T19:14:00+00:00
PER_SESSION_CONDITIONAL_UNKNOWN_EPOCH,1.0,82.38999999999942,60477.5,MIM,2026-08-13T19:15:00+00:00
PER_SESSION_CONDITIONAL_UNKNOWN_EPOCH,2.0,0.0,0.0,YANK,2026-08-13T19:15:00+00:00
PER_SESSION_CONDITIONAL_UNKNOWN_EPOCH,1.0,84.88999999999942,60480.0,MIM,2026-08-13T19:16:00+00:00
PER_SESSION_CONDITIONAL_UNKNOWN_EPOCH,2.0,0.0,0.0,YANK,2026-08-13T19:16:00+00:00
PER_SESSION_CONDITIONAL_UNKNOWN_EPOCH,1.0,59.88999999999942,60455.0,MIM,2026-08-13T19:17:00+00:00
PER_SESSION_CONDITIONAL_UNKNOWN_EPOCH,2.0,0.0,0.0,YANK,2026-08-13T19:17:00+00:00
PER_SESSION_CONDITIONAL_UNKNOWN_EPOCH,1.0,63.88999999999942,60459.0,MIM,2026-08-13T19:18:00+00:00
PER_SESSION_CONDITIONAL_UNKNOWN_EPOCH,2.0,0.0,0.0,YANK,2026-08-13T19:18:00+00:00
PER_SESSION_CONDITIONAL_UNKNOWN_EPOCH,1.0,73.38999999999942,60468.5,MIM,2026-08-13T19:19:00+00:00
PER_SESSION_CONDITIONAL_UNKNOWN_EPOCH,2.0,0.0,0.0,YANK,2026-08-13T19:19:00+00:00
PER_SESSION_CONDITIONAL_UNKNOWN_EPOCH,1.0,85.88999999999942,60481.0,MIM,2026-08-13T19:20:00+00:00
PER_SESSION_CONDITIONAL_UNKNOWN_EPOCH,2.0,0.0,0.0,YANK,2026-08-13T19:20:00+00:00
PER_SESSION_CONDITIONAL_UNKNOWN_EPOCH,1.0,92.88999999999942,60488.0,MIM,2026-08-13T19:21:00+00:00
PER_SESSION_CONDITIONAL_UNKNOWN_EPOCH,2.0,0.0,0.0,YANK,2026-08-13T19:21:00+00:00
PER_SESSION_CONDITIONAL_UNKNOWN_EPOCH,1.0,78.38999999999942,60473.5,MIM,2026-08-13T19:22:00+00:00
PER_SESSION_CONDITIONAL_UNKNOWN_EPOCH,2.0,0.0,0.0,YANK,2026-08-13T19:22:00+00:00
PER_SESSION_CONDITIONAL_UNKNOWN_EPOCH,1.0,81.88999999999942,60477.0,MIM,2026-08-13T19:23:00+00:00
PER_SESSION_CONDITIONAL_UNKNOWN_EPOCH,2.0,0.0,0.0,YANK,2026-08-13T19:23:00+00:00
PER_SESSION_CONDITIONAL_UNKNOWN_EPOCH,1.0,81.88999999999942,60477.0,MIM,2026-08-13T19:24:00+00:00
PER_SESSION_CONDITIONAL_UNKNOWN_EPOCH,2.0,0.0,0.0,YANK,2026-08-13T19:24:00+00:00
PER_SESSION_CONDITIONAL_UNKNOWN_EPOCH,1.0,70.88999999999942,60466.0,MIM,2026-08-13T19:25:00+00:00
PER_SESSION_CONDITIONAL_UNKNOWN_EPOCH,2.0,0.0,0.0,YANK,2026-08-13T19:25:00+00:00
PER_SESSION_CONDITIONAL_UNKNOWN_EPOCH,1.0,51.38999999999942,60446.5,MIM,2026-08-13T19:26:00+00:00
PER_SESSION_CONDITIONAL_UNKNOWN_EPOCH,2.0,0.0,0.0,YANK,2026-08-13T19:26:00+00:00
PER_SESSION_CONDITIONAL_UNKNOWN_EPOCH,1.0,47.38999999999942,60442.5,MIM,2026-08-13T19:27:00+00:00
PER_SESSION_CONDITIONAL_UNKNOWN_EPOCH,2.0,0.0,0.0,YANK,2026-08-13T19:27:00+00:00
PER_SESSION_CONDITIONAL_UNKNOWN_EPOCH,1.0,54.38999999999942,60449.5,MIM,2026-08-13T19:28:00+00:00
PER_SESSION_CONDITIONAL_UNKNOWN_EPOCH,2.0,0.0,0.0,YANK,2026-08-13T19:28:00+00:00
PER_SESSION_CONDITIONAL_UNKNOWN_EPOCH,1.0,63.88999999999942,60459.0,MIM,2026-08-13T19:29:00+00:00
PER_SESSION_CONDITIONAL_UNKNOWN_EPOCH,2.0,0.0,0.0,YANK,2026-08-13T19:29:00+00:00
PER_SESSION_CONDITIONAL_UNKNOWN_EPOCH,1.0,50.38999999999942,60445.5,MIM,2026-08-13T19:30:00+00:00
PER_SESSION_CONDITIONAL_UNKNOWN_EPOCH,2.0,0.0,0.0,YANK,2026-08-13T19:30:00+00:00
PER_SESSION_CONDITIONAL_UNKNOWN_EPOCH,1.0,54.88999999999942,60450.0,MIM,2026-08-13T19:31:00+00:00
PER_SESSION_CONDITIONAL_UNKNOWN_EPOCH,2.0,0.0,0.0,YANK,2026-08-13T19:31:00+00:00
PER_SESSION_CONDITIONAL_UNKNOWN_EPOCH,1.0,53.38999999999942,60448.5,MIM,2026-08-13T19:32:00+00:00
PER_SESSION_CONDITIONAL_UNKNOWN_EPOCH,2.0,0.0,0.0,YANK,2026-08-13T19:32:00+00:00
PER_SESSION_CONDITIONAL_UNKNOWN_EPOCH,1.0,45.38999999999942,60440.5,MIM,2026-08-13T19:33:00+00:00
PER_SESSION_CONDITIONAL_UNKNOWN_EPOCH,2.0,0.0,0.0,YANK,2026-08-13T19:33:00+00:00
PER_SESSION_CONDITIONAL_UNKNOWN_EPOCH,1.0,37.88999999999942,60433.0,MIM,2026-08-13T19:34:00+00:00
PER_SESSION_CONDITIONAL_UNKNOWN_EPOCH,2.0,0.0,0.0,YANK,2026-08-13T19:34:00+00:00
PER_SESSION_CONDITIONAL_UNKNOWN_EPOCH,1.0,37.38999999999942,60432.5,MIM,2026-08-13T19:35:00+00:00
PER_SESSION_CONDITIONAL_UNKNOWN_EPOCH,2.0,0.0,0.0,YANK,2026-08-13T19:35:00+00:00
PER_SESSION_CONDITIONAL_UNKNOWN_EPOCH,1.0,34.38999999999942,60429.5,MIM,2026-08-13T19:36:00+00:00
PER_SESSION_CONDITIONAL_UNKNOWN_EPOCH,2.0,0.0,0.0,YANK,2026-08-13T19:36:00+00:00
PER_SESSION_CONDITIONAL_UNKNOWN_EPOCH,1.0,41.38999999999942,60436.5,MIM,2026-08-13T19:37:00+00:00
PER_SESSION_CONDITIONAL_UNKNOWN_EPOCH,2.0,0.0,0.0,YANK,2026-08-13T19:37:00+00:00
PER_SESSION_CONDITIONAL_UNKNOWN_EPOCH,1.0,41.38999999999942,60436.5,MIM,2026-08-13T19:38:00+00:00
PER_SESSION_CONDITIONAL_UNKNOWN_EPOCH,2.0,0.0,0.0,YANK,2026-08-13T19:38:00+00:00
PER_SESSION_CONDITIONAL_UNKNOWN_EPOCH,1.0,32.38999999999942,60427.5,MIM,2026-08-13T19:39:00+00:00
PER_SESSION_CONDITIONAL_UNKNOWN_EPOCH,2.0,0.0,0.0,YANK,2026-08-13T19:39:00+00:00
PER_SESSION_CONDITIONAL_UNKNOWN_EPOCH,1.0,44.38999999999942,60439.5,MIM,2026-08-13T19:40:00+00:00
PER_SESSION_CONDITIONAL_UNKNOWN_EPOCH,2.0,0.0,0.0,YANK,2026-08-13T19:40:00+00:00
PER_SESSION_CONDITIONAL_UNKNOWN_EPOCH,1.0,46.88999999999942,60442.0,MIM,2026-08-13T19:41:00+00:00
PER_SESSION_CONDITIONAL_UNKNOWN_EPOCH,2.0,0.0,0.0,YANK,2026-08-13T19:41:00+00:00
PER_SESSION_CONDITIONAL_UNKNOWN_EPOCH,1.0,48.88999999999942,60444.0,MIM,2026-08-13T19:42:00+00:00
PER_SESSION_CONDITIONAL_UNKNOWN_EPOCH,2.0,0.0,0.0,YANK,2026-08-13T19:42:00+00:00
PER_SESSION_CONDITIONAL_UNKNOWN_EPOCH,1.0,28.889999999999418,60424.0,MIM,2026-08-13T19:43:00+00:00
PER_SESSION_CONDITIONAL_UNKNOWN_EPOCH,2.0,0.0,0.0,YANK,2026-08-13T19:43:00+00:00
PER_SESSION_CONDITIONAL_UNKNOWN_EPOCH,1.0,29.889999999999418,60425.0,MIM,2026-08-13T19:44:00+00:00
PER_SESSION_CONDITIONAL_UNKNOWN_EPOCH,2.0,0.0,0.0,YANK,2026-08-13T19:44:00+00:00
PER_SESSION_CONDITIONAL_UNKNOWN_EPOCH,1.0,14.389999999999418,60409.5,MIM,2026-08-13T19:45:00+00:00
PER_SESSION_CONDITIONAL_UNKNOWN_EPOCH,2.0,0.0,0.0,YANK,2026-08-13T19:45:00+00:00
PER_SESSION_CONDITIONAL_UNKNOWN_EPOCH,1.0,1.889999999999418,60397.0,MIM,2026-08-13T19:46:00+00:00
PER_SESSION_CONDITIONAL_UNKNOWN_EPOCH,2.0,0.0,0.0,YANK,2026-08-13T19:46:00+00:00
PER_SESSION_CONDITIONAL_UNKNOWN_EPOCH,1.0,12.389999999999418,60407.5,MIM,2026-08-13T19:47:00+00:00
PER_SESSION_CONDITIONAL_UNKNOWN_EPOCH,2.0,0.0,0.0,YANK,2026-08-13T19:47:00+00:00
PER_SESSION_CONDITIONAL_UNKNOWN_EPOCH,1.0,-1.610000000000582,60393.5,MIM,2026-08-13T19:48:00+00:00
PER_SESSION_CONDITIONAL_UNKNOWN_EPOCH,2.0,0.0,0.0,YANK,2026-08-13T19:48:00+00:00
PER_SESSION_CONDITIONAL_UNKNOWN_EPOCH,1.0,8.889999999999418,60404.0,MIM,2026-08-13T19:49:00+00:00
PER_SESSION_CONDITIONAL_UNKNOWN_EPOCH,2.0,0.0,0.0,YANK,2026-08-13T19:49:00+00:00
PER_SESSION_CONDITIONAL_UNKNOWN_EPOCH,1.0,8.389999999999418,60403.5,MIM,2026-08-13T19:50:00+00:00
PER_SESSION_CONDITIONAL_UNKNOWN_EPOCH,2.0,0.0,0.0,YANK,2026-08-13T19:50:00+00:00
PER_SESSION_CONDITIONAL_UNKNOWN_EPOCH,1.0,-15.610000000000582,60379.5,MIM,2026-08-13T19:51:00+00:00
PER_SESSION_CONDITIONAL_UNKNOWN_EPOCH,2.0,0.0,0.0,YANK,2026-08-13T19:51:00+00:00
PER_SESSION_CONDITIONAL_UNKNOWN_EPOCH,1.0,-10.110000000000582,60385.0,MIM,2026-08-13T19:52:00+00:00
PER_SESSION_CONDITIONAL_UNKNOWN_EPOCH,2.0,0.0,0.0,YANK,2026-08-13T19:52:00+00:00
PER_SESSION_CONDITIONAL_UNKNOWN_EPOCH,1.0,-17.110000000000582,60378.0,MIM,2026-08-13T19:53:00+00:00
PER_SESSION_CONDITIONAL_UNKNOWN_EPOCH,2.0,0.0,0.0,YANK,2026-08-13T19:53:00+00:00
PER_SESSION_CONDITIONAL_UNKNOWN_EPOCH,1.0,-8.610000000000582,60386.5,MIM,2026-08-13T19:54:00+00:00
PER_SESSION_CONDITIONAL_UNKNOWN_EPOCH,2.0,0.0,0.0,YANK,2026-08-13T19:54:00+00:00
PER_SESSION_CONDITIONAL_UNKNOWN_EPOCH,1.0,-11.610000000000582,60383.5,MIM,2026-08-13T19:55:00+00:00
PER_SESSION_CONDITIONAL_UNKNOWN_EPOCH,2.0,0.0,0.0,YANK,2026-08-13T19:55:00+00:00
PER_SESSION_CONDITIONAL_UNKNOWN_EPOCH,1.0,-34.11000000000058,60361.0,MIM,2026-08-13T19:56:00+00:00
PER_SESSION_CONDITIONAL_UNKNOWN_EPOCH,2.0,0.0,0.0,YANK,2026-08-13T19:56:00+00:00
PER_SESSION_CONDITIONAL_UNKNOWN_EPOCH,1.0,-34.11000000000058,60361.0,MIM,2026-08-13T19:57:00+00:00
PER_SESSION_CONDITIONAL_UNKNOWN_EPOCH,2.0,0.0,0.0,YANK,2026-08-13T19:57:00+00:00
PER_SESSION_CONDITIONAL_UNKNOWN_EPOCH,1.0,-26.110000000000582,60369.0,MIM,2026-08-13T19:58:00+00:00
PER_SESSION_CONDITIONAL_UNKNOWN_EPOCH,2.0,0.0,0.0,YANK,2026-08-13T19:58:00+00:00
PER_SESSION_CONDITIONAL_UNKNOWN_EPOCH,1.0,-26.610000000000582,60368.5,MIM,2026-08-13T19:59:00+00:00
PER_SESSION_CONDITIONAL_UNKNOWN_EPOCH,2.0,0.0,0.0,YANK,2026-08-13T19:59:00+00:00
PER_SESSION_CONDITIONAL_UNKNOWN_EPOCH,1.0,-5.610000000000582,60389.5,MIM,2026-08-13T20:00:00+00:00
PER_SESSION_CONDITIONAL_UNKNOWN_EPOCH,2.0,0.0,0.0,YANK,2026-08-13T20:00:00+00:00
PER_SESSION_CONDITIONAL_UNKNOWN_EPOCH,1.0,-3.720000000001164,0.0,MIM,2026-08-13T20:01:00+00:00
PER_SESSION_CONDITIONAL_UNKNOWN_EPOCH,2.0,0.0,0.0,YANK,2026-08-13T20:01:00+00:00
PER_SESSION_CONDITIONAL_UNKNOWN_EPOCH,1.0,0.0,0.0,MIM,2026-08-14T13:31:00+00:00
PER_SESSION_CONDITIONAL_UNKNOWN_EPOCH,2.0,0.0,0.0,YANK,2026-08-14T13:31:00+00:00
PER_SESSION_CONDITIONAL_UNKNOWN_EPOCH,1.0,0.0,0.0,MIM,2026-08-14T13:32:00+00:00
PER_SESSION_CONDITIONAL_UNKNOWN_EPOCH,2.0,0.0,0.0,YANK,2026-08-14T13:32:00+00:00
PER_SESSION_CONDITIONAL_UNKNOWN_EPOCH,1.0,0.0,0.0,MIM,2026-08-14T13:33:00+00:00
PER_SESSION_CONDITIONAL_UNKNOWN_EPOCH,2.0,0.0,0.0,YANK,2026-08-14T13:33:00+00:00
PER_SESSION_CONDITIONAL_UNKNOWN_EPOCH,1.0,0.0,0.0,MIM,2026-08-14T13:34:00+00:00
PER_SESSION_CONDITIONAL_UNKNOWN_EPOCH,2.0,0.0,0.0,YANK,2026-08-14T13:34:00+00:00
PER_SESSION_CONDITIONAL_UNKNOWN_EPOCH,1.0,0.0,0.0,MIM,2026-08-14T13:35:00+00:00
PER_SESSION_CONDITIONAL_UNKNOWN_EPOCH,2.0,0.0,0.0,YANK,2026-08-14T13:35:00+00:00
PER_SESSION_CONDITIONAL_UNKNOWN_EPOCH,1.0,0.0,0.0,MIM,2026-08-14T13:36:00+00:00
PER_SESSION_CONDITIONAL_UNKNOWN_EPOCH,2.0,0.0,0.0,YANK,2026-08-14T13:36:00+00:00
PER_SESSION_CONDITIONAL_UNKNOWN_EPOCH,1.0,0.0,0.0,MIM,2026-08-14T13:37:00+00:00
PER_SESSION_CONDITIONAL_UNKNOWN_EPOCH,2.0,0.0,0.0,YANK,2026-08-14T13:37:00+00:00
PER_SESSION_CONDITIONAL_UNKNOWN_EPOCH,1.0,0.0,0.0,MIM,2026-08-14T13:38:00+00:00
PER_SESSION_CONDITIONAL_UNKNOWN_EPOCH,2.0,0.0,0.0,YANK,2026-08-14T13:38:00+00:00
PER_SESSION_CONDITIONAL_UNKNOWN_EPOCH,1.0,0.0,0.0,MIM,2026-08-14T13:39:00+00:00
PER_SESSION_CONDITIONAL_UNKNOWN_EPOCH,2.0,0.0,0.0,YANK,2026-08-14T13:39:00+00:00
PER_SESSION_CONDITIONAL_UNKNOWN_EPOCH,1.0,0.0,0.0,MIM,2026-08-14T13:40:00+00:00
PER_SESSION_CONDITIONAL_UNKNOWN_EPOCH,2.0,0.0,0.0,YANK,2026-08-14T13:40:00+00:00
PER_SESSION_CONDITIONAL_UNKNOWN_EPOCH,1.0,0.0,0.0,MIM,2026-08-14T13:41:00+00:00
PER_SESSION_CONDITIONAL_UNKNOWN_EPOCH,2.0,0.0,0.0,YANK,2026-08-14T13:41:00+00:00
PER_SESSION_CONDITIONAL_UNKNOWN_EPOCH,1.0,0.0,0.0,MIM,2026-08-14T13:42:00+00:00
PER_SESSION_CONDITIONAL_UNKNOWN_EPOCH,2.0,0.0,0.0,YANK,2026-08-14T13:42:00+00:00
PER_SESSION_CONDITIONAL_UNKNOWN_EPOCH,1.0,0.0,0.0,MIM,2026-08-14T13:43:00+00:00
PER_SESSION_CONDITIONAL_UNKNOWN_EPOCH,2.0,0.0,0.0,YANK,2026-08-14T13:43:00+00:00
PER_SESSION_CONDITIONAL_UNKNOWN_EPOCH,1.0,0.0,0.0,MIM,2026-08-14T13:44:00+00:00
PER_SESSION_CONDITIONAL_UNKNOWN_EPOCH,2.0,0.0,0.0,YANK,2026-08-14T13:44:00+00:00
PER_SESSION_CONDITIONAL_UNKNOWN_EPOCH,1.0,0.0,0.0,MIM,2026-08-14T13:45:00+00:00
PER_SESSION_CONDITIONAL_UNKNOWN_EPOCH,2.0,0.0,0.0,YANK,2026-08-14T13:45:00+00:00
PER_SESSION_CONDITIONAL_UNKNOWN_EPOCH,1.0,0.0,0.0,MIM,2026-08-14T13:46:00+00:00
PER_SESSION_CONDITIONAL_UNKNOWN_EPOCH,2.0,0.0,0.0,YANK,2026-08-14T13:46:00+00:00
PER_SESSION_CONDITIONAL_UNKNOWN_EPOCH,1.0,0.0,0.0,MIM,2026-08-14T13:47:00+00:00
PER_SESSION_CONDITIONAL_UNKNOWN_EPOCH,2.0,0.0,0.0,YANK,2026-08-14T13:47:00+00:00
PER_SESSION_CONDITIONAL_UNKNOWN_EPOCH,1.0,0.0,0.0,MIM,2026-08-14T13:48:00+00:00
PER_SESSION_CONDITIONAL_UNKNOWN_EPOCH,2.0,0.0,0.0,YANK,2026-08-14T13:48:00+00:00
PER_SESSION_CONDITIONAL_UNKNOWN_EPOCH,1.0,0.0,0.0,MIM,2026-08-14T13:49:00+00:00
PER_SESSION_CONDITIONAL_UNKNOWN_EPOCH,2.0,0.0,0.0,YANK,2026-08-14T13:49:00+00:00
PER_SESSION_CONDITIONAL_UNKNOWN_EPOCH,1.0,0.0,0.0,MIM,2026-08-14T13:50:00+00:00
PER_SESSION_CONDITIONAL_UNKNOWN_EPOCH,2.0,0.0,0.0,YANK,2026-08-14T13:50:00+00:00
PER_SESSION_CONDITIONAL_UNKNOWN_EPOCH,1.0,0.0,0.0,MIM,2026-08-14T13:51:00+00:00
PER_SESSION_CONDITIONAL_UNKNOWN_EPOCH,2.0,0.0,0.0,YANK,2026-08-14T13:51:00+00:00
PER_SESSION_CONDITIONAL_UNKNOWN_EPOCH,1.0,0.0,0.0,MIM,2026-08-14T13:52:00+00:00
PER_SESSION_CONDITIONAL_UNKNOWN_EPOCH,2.0,0.0,0.0,YANK,2026-08-14T13:52:00+00:00
PER_SESSION_CONDITIONAL_UNKNOWN_EPOCH,1.0,0.0,0.0,MIM,2026-08-14T13:53:00+00:00
PER_SESSION_CONDITIONAL_UNKNOWN_EPOCH,2.0,0.0,0.0,YANK,2026-08-14T13:53:00+00:00
PER_SESSION_CONDITIONAL_UNKNOWN_EPOCH,1.0,0.0,0.0,MIM,2026-08-14T13:54:00+00:00
PER_SESSION_CONDITIONAL_UNKNOWN_EPOCH,2.0,0.0,0.0,YANK,2026-08-14T13:54:00+00:00
PER_SESSION_CONDITIONAL_UNKNOWN_EPOCH,1.0,0.0,0.0,MIM,2026-08-14T13:55:00+00:00
PER_SESSION_CONDITIONAL_UNKNOWN_EPOCH,2.0,0.0,0.0,YANK,2026-08-14T13:55:00+00:00
PER_SESSION_CONDITIONAL_UNKNOWN_EPOCH,1.0,0.0,0.0,MIM,2026-08-14T13:56:00+00:00
PER_SESSION_CONDITIONAL_UNKNOWN_EPOCH,2.0,0.0,0.0,YANK,2026-08-14T13:56:00+00:00
PER_SESSION_CONDITIONAL_UNKNOWN_EPOCH,1.0,0.0,0.0,MIM,2026-08-14T13:57:00+00:00
PER_SESSION_CONDITIONAL_UNKNOWN_EPOCH,2.0,0.0,0.0,YANK,2026-08-14T13:57:00+00:00
PER_SESSION_CONDITIONAL_UNKNOWN_EPOCH,1.0,0.0,0.0,MIM,2026-08-14T13:58:00+00:00
PER_SESSION_CONDITIONAL_UNKNOWN_EPOCH,2.0,0.0,0.0,YANK,2026-08-14T13:58:00+00:00
PER_SESSION_CONDITIONAL_UNKNOWN_EPOCH,1.0,0.0,0.0,MIM,2026-08-14T13:59:00+00:00
PER_SESSION_CONDITIONAL_UNKNOWN_EPOCH,2.0,0.0,0.0,YANK,2026-08-14T13:59:00+00:00
PER_SESSION_CONDITIONAL_UNKNOWN_EPOCH,1.0,0.0,0.0,MIM,2026-08-14T14:00:00+00:00
PER_SESSION_CONDITIONAL_UNKNOWN_EPOCH,2.0,0.0,0.0,YANK,2026-08-14T14:00:00+00:00
PER_SESSION_CONDITIONAL_UNKNOWN_EPOCH,1.0,0.0,0.0,MIM,2026-08-14T14:01:00+00:00
PER_SESSION_CONDITIONAL_UNKNOWN_EPOCH,2.0,0.0,0.0,YANK,2026-08-14T14:01:00+00:00
PER_SESSION_CONDITIONAL_UNKNOWN_EPOCH,1.0,0.0,0.0,MIM,2026-08-14T14:02:00+00:00
PER_SESSION_CONDITIONAL_UNKNOWN_EPOCH,2.0,0.0,0.0,YANK,2026-08-14T14:02:00+00:00
PER_SESSION_CONDITIONAL_UNKNOWN_EPOCH,1.0,0.0,0.0,MIM,2026-08-14T14:03:00+00:00
PER_SESSION_CONDITIONAL_UNKNOWN_EPOCH,2.0,0.0,0.0,YANK,2026-08-14T14:03:00+00:00
PER_SESSION_CONDITIONAL_UNKNOWN_EPOCH,1.0,0.0,0.0,MIM,2026-08-14T14:04:00+00:00
PER_SESSION_CONDITIONAL_UNKNOWN_EPOCH,2.0,0.0,0.0,YANK,2026-08-14T14:04:00+00:00
PER_SESSION_CONDITIONAL_UNKNOWN_EPOCH,1.0,0.0,0.0,MIM,2026-08-14T14:05:00+00:00
PER_SESSION_CONDITIONAL_UNKNOWN_EPOCH,2.0,0.0,0.0,YANK,2026-08-14T14:05:00+00:00
PER_SESSION_CONDITIONAL_UNKNOWN_EPOCH,1.0,0.0,0.0,MIM,2026-08-14T14:06:00+00:00
PER_SESSION_CONDITIONAL_UNKNOWN_EPOCH,2.0,0.0,0.0,YANK,2026-08-14T14:06:00+00:00
PER_SESSION_CONDITIONAL_UNKNOWN_EPOCH,1.0,0.0,0.0,MIM,2026-08-14T14:07:00+00:00
PER_SESSION_CONDITIONAL_UNKNOWN_EPOCH,2.0,0.0,0.0,YANK,2026-08-14T14:07:00+00:00
PER_SESSION_CONDITIONAL_UNKNOWN_EPOCH,1.0,0.0,0.0,MIM,2026-08-14T14:08:00+00:00
PER_SESSION_CONDITIONAL_UNKNOWN_EPOCH,2.0,0.0,0.0,YANK,2026-08-14T14:08:00+00:00
PER_SESSION_CONDITIONAL_UNKNOWN_EPOCH,1.0,0.0,0.0,MIM,2026-08-14T14:09:00+00:00
PER_SESSION_CONDITIONAL_UNKNOWN_EPOCH,2.0,0.0,0.0,YANK,2026-08-14T14:09:00+00:00
PER_SESSION_CONDITIONAL_UNKNOWN_EPOCH,1.0,0.0,0.0,MIM,2026-08-14T14:10:00+00:00
PER_SESSION_CONDITIONAL_UNKNOWN_EPOCH,2.0,0.0,0.0,YANK,2026-08-14T14:10:00+00:00
PER_SESSION_CONDITIONAL_UNKNOWN_EPOCH,1.0,0.0,0.0,MIM,2026-08-14T14:11:00+00:00
PER_SESSION_CONDITIONAL_UNKNOWN_EPOCH,2.0,0.0,0.0,YANK,2026-08-14T14:11:00+00:00
PER_SESSION_CONDITIONAL_UNKNOWN_EPOCH,1.0,0.0,0.0,MIM,2026-08-14T14:12:00+00:00
PER_SESSION_CONDITIONAL_UNKNOWN_EPOCH,2.0,0.0,0.0,YANK,2026-08-14T14:12:00+00:00
PER_SESSION_CONDITIONAL_UNKNOWN_EPOCH,1.0,0.0,0.0,MIM,2026-08-14T14:13:00+00:00
PER_SESSION_CONDITIONAL_UNKNOWN_EPOCH,2.0,0.0,0.0,YANK,2026-08-14T14:13:00+00:00
PER_SESSION_CONDITIONAL_UNKNOWN_EPOCH,1.0,0.0,0.0,MIM,2026-08-14T14:14:00+00:00
PER_SESSION_CONDITIONAL_UNKNOWN_EPOCH,2.0,0.0,0.0,YANK,2026-08-14T14:14:00+00:00
PER_SESSION_CONDITIONAL_UNKNOWN_EPOCH,1.0,0.0,0.0,MIM,2026-08-14T14:15:00+00:00
PER_SESSION_CONDITIONAL_UNKNOWN_EPOCH,2.0,0.0,0.0,YANK,2026-08-14T14:15:00+00:00
PER_SESSION_CONDITIONAL_UNKNOWN_EPOCH,1.0,0.0,0.0,MIM,2026-08-14T14:16:00+00:00
PER_SESSION_CONDITIONAL_UNKNOWN_EPOCH,2.0,0.0,0.0,YANK,2026-08-14T14:16:00+00:00
PER_SESSION_CONDITIONAL_UNKNOWN_EPOCH,1.0,0.0,0.0,MIM,2026-08-14T14:17:00+00:00
PER_SESSION_CONDITIONAL_UNKNOWN_EPOCH,2.0,0.0,0.0,YANK,2026-08-14T14:17:00+00:00
PER_SESSION_CONDITIONAL_UNKNOWN_EPOCH,1.0,0.0,0.0,MIM,2026-08-14T14:18:00+00:00
PER_SESSION_CONDITIONAL_UNKNOWN_EPOCH,2.0,0.0,0.0,YANK,2026-08-14T14:18:00+00:00
PER_SESSION_CONDITIONAL_UNKNOWN_EPOCH,1.0,0.0,0.0,MIM,2026-08-14T14:19:00+00:00
PER_SESSION_CONDITIONAL_UNKNOWN_EPOCH,2.0,0.0,0.0,YANK,2026-08-14T14:19:00+00:00
PER_SESSION_CONDITIONAL_UNKNOWN_EPOCH,1.0,0.0,0.0,MIM,2026-08-14T14:20:00+00:00
PER_SESSION_CONDITIONAL_UNKNOWN_EPOCH,2.0,0.0,0.0,YANK,2026-08-14T14:20:00+00:00
PER_SESSION_CONDITIONAL_UNKNOWN_EPOCH,1.0,0.0,0.0,MIM,2026-08-14T14:21:00+00:00
PER_SESSION_CONDITIONAL_UNKNOWN_EPOCH,2.0,0.0,0.0,YANK,2026-08-14T14:21:00+00:00
PER_SESSION_CONDITIONAL_UNKNOWN_EPOCH,1.0,0.0,0.0,MIM,2026-08-14T14:22:00+00:00
PER_SESSION_CONDITIONAL_UNKNOWN_EPOCH,2.0,0.0,0.0,YANK,2026-08-14T14:22:00+00:00
PER_SESSION_CONDITIONAL_UNKNOWN_EPOCH,1.0,0.0,0.0,MIM,2026-08-14T14:23:00+00:00
PER_SESSION_CONDITIONAL_UNKNOWN_EPOCH,2.0,0.0,0.0,YANK,2026-08-14T14:23:00+00:00
PER_SESSION_CONDITIONAL_UNKNOWN_EPOCH,1.0,0.0,0.0,MIM,2026-08-14T14:24:00+00:00
PER_SESSION_CONDITIONAL_UNKNOWN_EPOCH,2.0,0.0,0.0,YANK,2026-08-14T14:24:00+00:00
PER_SESSION_CONDITIONAL_UNKNOWN_EPOCH,1.0,0.0,0.0,MIM,2026-08-14T14:25:00+00:00
PER_SESSION_CONDITIONAL_UNKNOWN_EPOCH,2.0,0.0,0.0,YANK,2026-08-14T14:25:00+00:00
PER_SESSION_CONDITIONAL_UNKNOWN_EPOCH,1.0,0.0,0.0,MIM,2026-08-14T14:26:00+00:00
PER_SESSION_CONDITIONAL_UNKNOWN_EPOCH,2.0,0.0,0.0,YANK,2026-08-14T14:26:00+00:00
PER_SESSION_CONDITIONAL_UNKNOWN_EPOCH,1.0,0.0,0.0,MIM,2026-08-14T14:27:00+00:00
PER_SESSION_CONDITIONAL_UNKNOWN_EPOCH,2.0,0.0,0.0,YANK,2026-08-14T14:27:00+00:00
PER_SESSION_CONDITIONAL_UNKNOWN_EPOCH,1.0,0.0,0.0,MIM,2026-08-14T14:28:00+00:00
PER_SESSION_CONDITIONAL_UNKNOWN_EPOCH,2.0,0.0,0.0,YANK,2026-08-14T14:28:00+00:00
PER_SESSION_CONDITIONAL_UNKNOWN_EPOCH,1.0,0.0,0.0,MIM,2026-08-14T14:29:00+00:00
PER_SESSION_CONDITIONAL_UNKNOWN_EPOCH,2.0,0.0,0.0,YANK,2026-08-14T14:29:00+00:00
PER_SESSION_CONDITIONAL_UNKNOWN_EPOCH,1.0,0.0,0.0,MIM,2026-08-14T14:30:00+00:00
PER_SESSION_CONDITIONAL_UNKNOWN_EPOCH,2.0,0.0,0.0,YANK,2026-08-14T14:30:00+00:00
PER_SESSION_CONDITIONAL_UNKNOWN_EPOCH,1.0,0.0,0.0,MIM,2026-08-14T14:31:00+00:00
PER_SESSION_CONDITIONAL_UNKNOWN_EPOCH,2.0,0.0,0.0,YANK,2026-08-14T14:31:00+00:00
PER_SESSION_CONDITIONAL_UNKNOWN_EPOCH,1.0,0.0,0.0,MIM,2026-08-14T14:32:00+00:00
PER_SESSION_CONDITIONAL_UNKNOWN_EPOCH,2.0,0.0,0.0,YANK,2026-08-14T14:32:00+00:00
PER_SESSION_CONDITIONAL_UNKNOWN_EPOCH,1.0,0.0,0.0,MIM,2026-08-14T14:33:00+00:00
PER_SESSION_CONDITIONAL_UNKNOWN_EPOCH,2.0,0.0,0.0,YANK,2026-08-14T14:33:00+00:00
PER_SESSION_CONDITIONAL_UNKNOWN_EPOCH,1.0,0.0,0.0,MIM,2026-08-14T14:34:00+00:00
PER_SESSION_CONDITIONAL_UNKNOWN_EPOCH,2.0,0.0,0.0,YANK,2026-08-14T14:34:00+00:00
PER_SESSION_CONDITIONAL_UNKNOWN_EPOCH,1.0,0.0,0.0,MIM,2026-08-14T14:35:00+00:00
PER_SESSION_CONDITIONAL_UNKNOWN_EPOCH,2.0,0.0,0.0,YANK,2026-08-14T14:35:00+00:00
PER_SESSION_CONDITIONAL_UNKNOWN_EPOCH,1.0,0.0,0.0,MIM,2026-08-14T14:36:00+00:00
PER_SESSION_CONDITIONAL_UNKNOWN_EPOCH,2.0,0.0,0.0,YANK,2026-08-14T14:36:00+00:00
PER_SESSION_CONDITIONAL_UNKNOWN_EPOCH,1.0,0.0,0.0,MIM,2026-08-14T14:37:00+00:00
PER_SESSION_CONDITIONAL_UNKNOWN_EPOCH,2.0,0.0,0.0,YANK,2026-08-14T14:37:00+00:00
PER_SESSION_CONDITIONAL_UNKNOWN_EPOCH,1.0,0.0,0.0,MIM,2026-08-14T14:38:00+00:00
PER_SESSION_CONDITIONAL_UNKNOWN_EPOCH,2.0,0.0,0.0,YANK,2026-08-14T14:38:00+00:00
PER_SESSION_CONDITIONAL_UNKNOWN_EPOCH,1.0,0.0,0.0,MIM,2026-08-14T14:39:00+00:00
PER_SESSION_CONDITIONAL_UNKNOWN_EPOCH,2.0,0.0,0.0,YANK,2026-08-14T14:39:00+00:00
PER_SESSION_CONDITIONAL_UNKNOWN_EPOCH,1.0,0.0,0.0,MIM,2026-08-14T14:40:00+00:00
PER_SESSION_CONDITIONAL_UNKNOWN_EPOCH,2.0,0.0,0.0,YANK,2026-08-14T14:40:00+00:00
PER_SESSION_CONDITIONAL_UNKNOWN_EPOCH,1.0,0.0,0.0,MIM,2026-08-14T14:41:00+00:00
PER_SESSION_CONDITIONAL_UNKNOWN_EPOCH,2.0,0.0,0.0,YANK,2026-08-14T14:41:00+00:00
PER_SESSION_CONDITIONAL_UNKNOWN_EPOCH,1.0,0.0,0.0,MIM,2026-08-14T14:42:00+00:00
PER_SESSION_CONDITIONAL_UNKNOWN_EPOCH,2.0,0.0,0.0,YANK,2026-08-14T14:42:00+00:00
PER_SESSION_CONDITIONAL_UNKNOWN_EPOCH,1.0,0.0,0.0,MIM,2026-08-14T14:43:00+00:00
PER_SESSION_CONDITIONAL_UNKNOWN_EPOCH,2.0,0.0,0.0,YANK,2026-08-14T14:43:00+00:00
PER_SESSION_CONDITIONAL_UNKNOWN_EPOCH,1.0,0.0,0.0,MIM,2026-08-14T14:44:00+00:00
PER_SESSION_CONDITIONAL_UNKNOWN_EPOCH,2.0,0.0,0.0,YANK,2026-08-14T14:44:00+00:00
PER_SESSION_CONDITIONAL_UNKNOWN_EPOCH,1.0,0.0,0.0,MIM,2026-08-14T14:45:00+00:00
PER_SESSION_CONDITIONAL_UNKNOWN_EPOCH,2.0,0.0,0.0,YANK,2026-08-14T14:45:00+00:00
PER_SESSION_CONDITIONAL_UNKNOWN_EPOCH,1.0,0.0,0.0,MIM,2026-08-14T14:46:00+00:00
PER_SESSION_CONDITIONAL_UNKNOWN_EPOCH,2.0,0.0,0.0,YANK,2026-08-14T14:46:00+00:00
PER_SESSION_CONDITIONAL_UNKNOWN_EPOCH,1.0,0.0,0.0,MIM,2026-08-14T14:47:00+00:00
PER_SESSION_CONDITIONAL_UNKNOWN_EPOCH,2.0,0.0,0.0,YANK,2026-08-14T14:47:00+00:00
PER_SESSION_CONDITIONAL_UNKNOWN_EPOCH,1.0,0.0,0.0,MIM,2026-08-14T14:48:00+00:00
PER_SESSION_CONDITIONAL_UNKNOWN_EPOCH,2.0,0.0,0.0,YANK,2026-08-14T14:48:00+00:00
PER_SESSION_CONDITIONAL_UNKNOWN_EPOCH,1.0,0.0,0.0,MIM,2026-08-14T14:49:00+00:00
PER_SESSION_CONDITIONAL_UNKNOWN_EPOCH,2.0,0.0,0.0,YANK,2026-08-14T14:49:00+00:00
PER_SESSION_CONDITIONAL_UNKNOWN_EPOCH,1.0,0.0,0.0,MIM,2026-08-14T14:50:00+00:00
PER_SESSION_CONDITIONAL_UNKNOWN_EPOCH,2.0,0.0,0.0,YANK,2026-08-14T14:50:00+00:00
PER_SESSION_CONDITIONAL_UNKNOWN_EPOCH,1.0,0.0,0.0,MIM,2026-08-14T14:51:00+00:00
PER_SESSION_CONDITIONAL_UNKNOWN_EPOCH,2.0,0.0,0.0,YANK,2026-08-14T14:51:00+00:00
PER_SESSION_CONDITIONAL_UNKNOWN_EPOCH,1.0,0.0,0.0,MIM,2026-08-14T14:52:00+00:00
PER_SESSION_CONDITIONAL_UNKNOWN_EPOCH,2.0,0.0,0.0,YANK,2026-08-14T14:52:00+00:00
PER_SESSION_CONDITIONAL_UNKNOWN_EPOCH,1.0,0.0,0.0,MIM,2026-08-14T14:53:00+00:00
PER_SESSION_CONDITIONAL_UNKNOWN_EPOCH,2.0,0.0,0.0,YANK,2026-08-14T14:53:00+00:00
PER_SESSION_CONDITIONAL_UNKNOWN_EPOCH,1.0,0.0,0.0,MIM,2026-08-14T14:54:00+00:00
PER_SESSION_CONDITIONAL_UNKNOWN_EPOCH,2.0,0.0,0.0,YANK,2026-08-14T14:54:00+00:00
PER_SESSION_CONDITIONAL_UNKNOWN_EPOCH,1.0,0.0,0.0,MIM,2026-08-14T14:55:00+00:00
PER_SESSION_CONDITIONAL_UNKNOWN_EPOCH,2.0,0.0,0.0,YANK,2026-08-14T14:55:00+00:00
PER_SESSION_CONDITIONAL_UNKNOWN_EPOCH,1.0,0.0,0.0,MIM,2026-08-14T14:56:00+00:00
PER_SESSION_CONDITIONAL_UNKNOWN_EPOCH,2.0,0.0,0.0,YANK,2026-08-14T14:56:00+00:00
PER_SESSION_CONDITIONAL_UNKNOWN_EPOCH,1.0,0.0,0.0,MIM,2026-08-14T14:57:00+00:00
PER_SESSION_CONDITIONAL_UNKNOWN_EPOCH,2.0,0.0,0.0,YANK,2026-08-14T14:57:00+00:00
PER_SESSION_CONDITIONAL_UNKNOWN_EPOCH,1.0,0.0,0.0,MIM,2026-08-14T14:58:00+00:00
PER_SESSION_CONDITIONAL_UNKNOWN_EPOCH,2.0,0.0,0.0,YANK,2026-08-14T14:58:00+00:00
PER_SESSION_CONDITIONAL_UNKNOWN_EPOCH,1.0,0.0,0.0,MIM,2026-08-14T14:59:00+00:00
PER_SESSION_CONDITIONAL_UNKNOWN_EPOCH,2.0,0.0,0.0,YANK,2026-08-14T14:59:00+00:00
PER_SESSION_CONDITIONAL_UNKNOWN_EPOCH,1.0,0.0,0.0,MIM,2026-08-14T15:00:00+00:00
PER_SESSION_CONDITIONAL_UNKNOWN_EPOCH,2.0,0.0,0.0,YANK,2026-08-14T15:00:00+00:00
PER_SESSION_CONDITIONAL_UNKNOWN_EPOCH,1.0,0.0,0.0,MIM,2026-08-14T15:01:00+00:00
PER_SESSION_CONDITIONAL_UNKNOWN_EPOCH,2.0,0.0,0.0,YANK,2026-08-14T15:01:00+00:00
PER_SESSION_CONDITIONAL_UNKNOWN_EPOCH,1.0,0.0,0.0,MIM,2026-08-14T15:02:00+00:00
PER_SESSION_CONDITIONAL_UNKNOWN_EPOCH,2.0,0.0,0.0,YANK,2026-08-14T15:02:00+00:00
PER_SESSION_CONDITIONAL_UNKNOWN_EPOCH,1.0,0.0,0.0,MIM,2026-08-14T15:03:00+00:00
PER_SESSION_CONDITIONAL_UNKNOWN_EPOCH,2.0,0.0,0.0,YANK,2026-08-14T15:03:00+00:00
PER_SESSION_CONDITIONAL_UNKNOWN_EPOCH,1.0,0.0,0.0,MIM,2026-08-14T15:04:00+00:00
PER_SESSION_CONDITIONAL_UNKNOWN_EPOCH,2.0,0.0,0.0,YANK,2026-08-14T15:04:00+00:00
PER_SESSION_CONDITIONAL_UNKNOWN_EPOCH,1.0,0.0,0.0,MIM,2026-08-14T15:05:00+00:00
PER_SESSION_CONDITIONAL_UNKNOWN_EPOCH,2.0,0.0,0.0,YANK,2026-08-14T15:05:00+00:00
PER_SESSION_CONDITIONAL_UNKNOWN_EPOCH,1.0,0.0,0.0,MIM,2026-08-14T15:06:00+00:00
PER_SESSION_CONDITIONAL_UNKNOWN_EPOCH,2.0,0.0,0.0,YANK,2026-08-14T15:06:00+00:00
PER_SESSION_CONDITIONAL_UNKNOWN_EPOCH,1.0,0.0,0.0,MIM,2026-08-14T15:07:00+00:00
PER_SESSION_CONDITIONAL_UNKNOWN_EPOCH,2.0,0.0,0.0,YANK,2026-08-14T15:07:00+00:00
PER_SESSION_CONDITIONAL_UNKNOWN_EPOCH,1.0,0.0,0.0,MIM,2026-08-14T15:08:00+00:00
PER_SESSION_CONDITIONAL_UNKNOWN_EPOCH,2.0,0.0,0.0,YANK,2026-08-14T15:08:00+00:00
PER_SESSION_CONDITIONAL_UNKNOWN_EPOCH,1.0,0.0,0.0,MIM,2026-08-14T15:09:00+00:00
PER_SESSION_CONDITIONAL_UNKNOWN_EPOCH,2.0,0.0,0.0,YANK,2026-08-14T15:09:00+00:00
PER_SESSION_CONDITIONAL_UNKNOWN_EPOCH,1.0,0.0,0.0,MIM,2026-08-14T15:10:00+00:00
PER_SESSION_CONDITIONAL_UNKNOWN_EPOCH,2.0,0.0,0.0,YANK,2026-08-14T15:10:00+00:00
PER_SESSION_CONDITIONAL_UNKNOWN_EPOCH,1.0,0.0,0.0,MIM,2026-08-14T15:11:00+00:00
PER_SESSION_CONDITIONAL_UNKNOWN_EPOCH,2.0,0.0,0.0,YANK,2026-08-14T15:11:00+00:00
PER_SESSION_CONDITIONAL_UNKNOWN_EPOCH,1.0,0.0,0.0,MIM,2026-08-14T15:12:00+00:00
PER_SESSION_CONDITIONAL_UNKNOWN_EPOCH,2.0,0.0,0.0,YANK,2026-08-14T15:12:00+00:00
PER_SESSION_CONDITIONAL_UNKNOWN_EPOCH,1.0,0.0,0.0,MIM,2026-08-14T15:13:00+00:00
PER_SESSION_CONDITIONAL_UNKNOWN_EPOCH,2.0,0.0,0.0,YANK,2026-08-14T15:13:00+00:00
PER_SESSION_CONDITIONAL_UNKNOWN_EPOCH,1.0,0.0,0.0,MIM,2026-08-14T15:14:00+00:00
PER_SESSION_CONDITIONAL_UNKNOWN_EPOCH,2.0,0.0,0.0,YANK,2026-08-14T15:14:00+00:00
PER_SESSION_CONDITIONAL_UNKNOWN_EPOCH,1.0,0.0,0.0,MIM,2026-08-14T15:15:00+00:00
PER_SESSION_CONDITIONAL_UNKNOWN_EPOCH,2.0,0.0,0.0,YANK,2026-08-14T15:15:00+00:00
PER_SESSION_CONDITIONAL_UNKNOWN_EPOCH,1.0,0.0,0.0,MIM,2026-08-14T15:16:00+00:00
PER_SESSION_CONDITIONAL_UNKNOWN_EPOCH,2.0,0.0,0.0,YANK,2026-08-14T15:16:00+00:00
PER_SESSION_CONDITIONAL_UNKNOWN_EPOCH,1.0,0.0,0.0,MIM,2026-08-14T15:17:00+00:00
PER_SESSION_CONDITIONAL_UNKNOWN_EPOCH,2.0,0.0,0.0,YANK,2026-08-14T15:17:00+00:00
PER_SESSION_CONDITIONAL_UNKNOWN_EPOCH,1.0,0.0,0.0,MIM,2026-08-14T15:18:00+00:00
PER_SESSION_CONDITIONAL_UNKNOWN_EPOCH,2.0,0.0,0.0,YANK,2026-08-14T15:18:00+00:00
PER_SESSION_CONDITIONAL_UNKNOWN_EPOCH,1.0,0.0,0.0,MIM,2026-08-14T15:19:00+00:00
PER_SESSION_CONDITIONAL_UNKNOWN_EPOCH,2.0,0.0,0.0,YANK,2026-08-14T15:19:00+00:00
PER_SESSION_CONDITIONAL_UNKNOWN_EPOCH,1.0,0.0,0.0,MIM,2026-08-14T15:20:00+00:00
PER_SESSION_CONDITIONAL_UNKNOWN_EPOCH,2.0,0.0,0.0,YANK,2026-08-14T15:20:00+00:00
PER_SESSION_CONDITIONAL_UNKNOWN_EPOCH,1.0,0.0,0.0,MIM,2026-08-14T15:21:00+00:00
PER_SESSION_CONDITIONAL_UNKNOWN_EPOCH,2.0,0.0,0.0,YANK,2026-08-14T15:21:00+00:00
PER_SESSION_CONDITIONAL_UNKNOWN_EPOCH,1.0,0.0,0.0,MIM,2026-08-14T15:22:00+00:00
PER_SESSION_CONDITIONAL_UNKNOWN_EPOCH,2.0,0.0,0.0,YANK,2026-08-14T15:22:00+00:00
PER_SESSION_CONDITIONAL_UNKNOWN_EPOCH,1.0,0.0,0.0,MIM,2026-08-14T15:23:00+00:00
PER_SESSION_CONDITIONAL_UNKNOWN_EPOCH,2.0,0.0,0.0,YANK,2026-08-14T15:23:00+00:00
PER_SESSION_CONDITIONAL_UNKNOWN_EPOCH,1.0,0.0,0.0,MIM,2026-08-14T15:24:00+00:00
PER_SESSION_CONDITIONAL_UNKNOWN_EPOCH,2.0,0.0,0.0,YANK,2026-08-14T15:24:00+00:00
PER_SESSION_CONDITIONAL_UNKNOWN_EPOCH,1.0,0.0,0.0,MIM,2026-08-14T15:25:00+00:00
PER_SESSION_CONDITIONAL_UNKNOWN_EPOCH,2.0,0.0,0.0,YANK,2026-08-14T15:25:00+00:00
PER_SESSION_CONDITIONAL_UNKNOWN_EPOCH,1.0,0.0,0.0,MIM,2026-08-14T15:26:00+00:00
PER_SESSION_CONDITIONAL_UNKNOWN_EPOCH,2.0,0.0,0.0,YANK,2026-08-14T15:26:00+00:00
PER_SESSION_CONDITIONAL_UNKNOWN_EPOCH,1.0,0.0,0.0,MIM,2026-08-14T15:27:00+00:00
PER_SESSION_CONDITIONAL_UNKNOWN_EPOCH,2.0,0.0,0.0,YANK,2026-08-14T15:27:00+00:00
PER_SESSION_CONDITIONAL_UNKNOWN_EPOCH,1.0,0.0,0.0,MIM,2026-08-14T15:28:00+00:00
PER_SESSION_CONDITIONAL_UNKNOWN_EPOCH,2.0,0.0,0.0,YANK,2026-08-14T15:28:00+00:00
PER_SESSION_CONDITIONAL_UNKNOWN_EPOCH,1.0,0.0,0.0,MIM,2026-08-14T15:29:00+00:00
PER_SESSION_CONDITIONAL_UNKNOWN_EPOCH,2.0,0.0,0.0,YANK,2026-08-14T15:29:00+00:00
PER_SESSION_CONDITIONAL_UNKNOWN_EPOCH,1.0,0.0,0.0,MIM,2026-08-14T15:30:00+00:00
PER_SESSION_CONDITIONAL_UNKNOWN_EPOCH,2.0,0.0,0.0,YANK,2026-08-14T15:30:00+00:00
PER_SESSION_CONDITIONAL_UNKNOWN_EPOCH,1.0,0.0,0.0,MIM,2026-08-14T15:31:00+00:00
PER_SESSION_CONDITIONAL_UNKNOWN_EPOCH,2.0,0.0,0.0,YANK,2026-08-14T15:31:00+00:00
PER_SESSION_CONDITIONAL_UNKNOWN_EPOCH,1.0,0.0,0.0,MIM,2026-08-14T15:32:00+00:00
PER_SESSION_CONDITIONAL_UNKNOWN_EPOCH,2.0,0.0,0.0,YANK,2026-08-14T15:32:00+00:00
PER_SESSION_CONDITIONAL_UNKNOWN_EPOCH,1.0,0.0,0.0,MIM,2026-08-14T15:33:00+00:00
PER_SESSION_CONDITIONAL_UNKNOWN_EPOCH,2.0,0.0,0.0,YANK,2026-08-14T15:33:00+00:00
PER_SESSION_CONDITIONAL_UNKNOWN_EPOCH,1.0,0.0,0.0,MIM,2026-08-14T15:34:00+00:00
PER_SESSION_CONDITIONAL_UNKNOWN_EPOCH,2.0,0.0,0.0,YANK,2026-08-14T15:34:00+00:00
PER_SESSION_CONDITIONAL_UNKNOWN_EPOCH,1.0,0.0,0.0,MIM,2026-08-14T15:35:00+00:00
PER_SESSION_CONDITIONAL_UNKNOWN_EPOCH,2.0,0.0,0.0,YANK,2026-08-14T15:35:00+00:00
PER_SESSION_CONDITIONAL_UNKNOWN_EPOCH,1.0,0.0,0.0,MIM,2026-08-14T15:36:00+00:00
PER_SESSION_CONDITIONAL_UNKNOWN_EPOCH,2.0,0.0,0.0,YANK,2026-08-14T15:36:00+00:00
PER_SESSION_CONDITIONAL_UNKNOWN_EPOCH,1.0,0.0,0.0,MIM,2026-08-14T15:37:00+00:00
PER_SESSION_CONDITIONAL_UNKNOWN_EPOCH,2.0,0.0,0.0,YANK,2026-08-14T15:37:00+00:00
PER_SESSION_CONDITIONAL_UNKNOWN_EPOCH,1.0,0.0,0.0,MIM,2026-08-14T15:38:00+00:00
PER_SESSION_CONDITIONAL_UNKNOWN_EPOCH,2.0,0.0,0.0,YANK,2026-08-14T15:38:00+00:00
PER_SESSION_CONDITIONAL_UNKNOWN_EPOCH,1.0,0.0,0.0,MIM,2026-08-14T15:39:00+00:00
PER_SESSION_CONDITIONAL_UNKNOWN_EPOCH,2.0,0.0,0.0,YANK,2026-08-14T15:39:00+00:00
PER_SESSION_CONDITIONAL_UNKNOWN_EPOCH,1.0,0.0,0.0,MIM,2026-08-14T15:40:00+00:00
PER_SESSION_CONDITIONAL_UNKNOWN_EPOCH,2.0,0.0,0.0,YANK,2026-08-14T15:40:00+00:00
PER_SESSION_CONDITIONAL_UNKNOWN_EPOCH,1.0,0.0,0.0,MIM,2026-08-14T15:41:00+00:00
PER_SESSION_CONDITIONAL_UNKNOWN_EPOCH,2.0,0.0,0.0,YANK,2026-08-14T15:41:00+00:00
PER_SESSION_CONDITIONAL_UNKNOWN_EPOCH,1.0,0.0,0.0,MIM,2026-08-14T15:42:00+00:00
PER_SESSION_CONDITIONAL_UNKNOWN_EPOCH,2.0,0.0,0.0,YANK,2026-08-14T15:42:00+00:00
PER_SESSION_CONDITIONAL_UNKNOWN_EPOCH,1.0,0.0,0.0,MIM,2026-08-14T15:43:00+00:00
PER_SESSION_CONDITIONAL_UNKNOWN_EPOCH,2.0,0.0,0.0,YANK,2026-08-14T15:43:00+00:00
PER_SESSION_CONDITIONAL_UNKNOWN_EPOCH,1.0,0.0,0.0,MIM,2026-08-14T15:44:00+00:00
PER_SESSION_CONDITIONAL_UNKNOWN_EPOCH,2.0,0.0,0.0,YANK,2026-08-14T15:44:00+00:00
PER_SESSION_CONDITIONAL_UNKNOWN_EPOCH,1.0,0.0,0.0,MIM,2026-08-14T15:45:00+00:00
PER_SESSION_CONDITIONAL_UNKNOWN_EPOCH,2.0,0.0,0.0,YANK,2026-08-14T15:45:00+00:00
PER_SESSION_CONDITIONAL_UNKNOWN_EPOCH,1.0,0.0,0.0,MIM,2026-08-14T15:46:00+00:00
PER_SESSION_CONDITIONAL_UNKNOWN_EPOCH,2.0,0.0,0.0,YANK,2026-08-14T15:46:00+00:00
PER_SESSION_CONDITIONAL_UNKNOWN_EPOCH,1.0,0.0,0.0,MIM,2026-08-14T15:47:00+00:00
PER_SESSION_CONDITIONAL_UNKNOWN_EPOCH,2.0,0.0,0.0,YANK,2026-08-14T15:47:00+00:00
PER_SESSION_CONDITIONAL_UNKNOWN_EPOCH,1.0,0.0,0.0,MIM,2026-08-14T15:48:00+00:00
PER_SESSION_CONDITIONAL_UNKNOWN_EPOCH,2.0,0.0,0.0,YANK,2026-08-14T15:48:00+00:00
PER_SESSION_CONDITIONAL_UNKNOWN_EPOCH,1.0,0.0,0.0,MIM,2026-08-14T15:49:00+00:00
PER_SESSION_CONDITIONAL_UNKNOWN_EPOCH,2.0,0.0,0.0,YANK,2026-08-14T15:49:00+00:00
PER_SESSION_CONDITIONAL_UNKNOWN_EPOCH,1.0,0.0,0.0,MIM,2026-08-14T15:50:00+00:00
PER_SESSION_CONDITIONAL_UNKNOWN_EPOCH,2.0,0.0,0.0,YANK,2026-08-14T15:50:00+00:00
PER_SESSION_CONDITIONAL_UNKNOWN_EPOCH,1.0,0.0,0.0,MIM,2026-08-14T15:51:00+00:00
PER_SESSION_CONDITIONAL_UNKNOWN_EPOCH,2.0,0.0,0.0,YANK,2026-08-14T15:51:00+00:00
PER_SESSION_CONDITIONAL_UNKNOWN_EPOCH,1.0,0.0,0.0,MIM,2026-08-14T15:52:00+00:00
PER_SESSION_CONDITIONAL_UNKNOWN_EPOCH,2.0,0.0,0.0,YANK,2026-08-14T15:52:00+00:00
PER_SESSION_CONDITIONAL_UNKNOWN_EPOCH,1.0,0.0,0.0,MIM,2026-08-14T15:53:00+00:00
PER_SESSION_CONDITIONAL_UNKNOWN_EPOCH,2.0,0.0,0.0,YANK,2026-08-14T15:53:00+00:00
PER_SESSION_CONDITIONAL_UNKNOWN_EPOCH,1.0,0.0,0.0,MIM,2026-08-14T15:54:00+00:00
PER_SESSION_CONDITIONAL_UNKNOWN_EPOCH,2.0,0.0,0.0,YANK,2026-08-14T15:54:00+00:00
PER_SESSION_CONDITIONAL_UNKNOWN_EPOCH,1.0,0.0,0.0,MIM,2026-08-14T15:55:00+00:00
PER_SESSION_CONDITIONAL_UNKNOWN_EPOCH,2.0,0.0,0.0,YANK,2026-08-14T15:55:00+00:00
PER_SESSION_CONDITIONAL_UNKNOWN_EPOCH,1.0,0.0,0.0,MIM,2026-08-14T15:56:00+00:00
PER_SESSION_CONDITIONAL_UNKNOWN_EPOCH,2.0,0.0,0.0,YANK,2026-08-14T15:56:00+00:00
PER_SESSION_CONDITIONAL_UNKNOWN_EPOCH,1.0,0.0,0.0,MIM,2026-08-14T15:57:00+00:00
PER_SESSION_CONDITIONAL_UNKNOWN_EPOCH,2.0,0.0,0.0,YANK,2026-08-14T15:57:00+00:00
PER_SESSION_CONDITIONAL_UNKNOWN_EPOCH,1.0,0.0,0.0,MIM,2026-08-14T15:58:00+00:00
PER_SESSION_CONDITIONAL_UNKNOWN_EPOCH,2.0,0.0,0.0,YANK,2026-08-14T15:58:00+00:00
PER_SESSION_CONDITIONAL_UNKNOWN_EPOCH,1.0,0.0,0.0,MIM,2026-08-14T15:59:00+00:00
PER_SESSION_CONDITIONAL_UNKNOWN_EPOCH,2.0,0.0,0.0,YANK,2026-08-14T15:59:00+00:00
PER_SESSION_CONDITIONAL_UNKNOWN_EPOCH,1.0,0.0,0.0,MIM,2026-08-14T16:00:00+00:00
PER_SESSION_CONDITIONAL_UNKNOWN_EPOCH,2.0,0.0,0.0,YANK,2026-08-14T16:00:00+00:00
PER_SESSION_CONDITIONAL_UNKNOWN_EPOCH,1.0,0.0,0.0,MIM,2026-08-14T16:01:00+00:00
PER_SESSION_CONDITIONAL_UNKNOWN_EPOCH,2.0,0.0,0.0,YANK,2026-08-14T16:01:00+00:00
PER_SESSION_CONDITIONAL_UNKNOWN_EPOCH,1.0,0.0,0.0,MIM,2026-08-14T16:02:00+00:00
PER_SESSION_CONDITIONAL_UNKNOWN_EPOCH,2.0,0.0,0.0,YANK,2026-08-14T16:02:00+00:00
PER_SESSION_CONDITIONAL_UNKNOWN_EPOCH,1.0,0.0,0.0,MIM,2026-08-14T16:03:00+00:00
PER_SESSION_CONDITIONAL_UNKNOWN_EPOCH,2.0,0.0,0.0,YANK,2026-08-14T16:03:00+00:00
PER_SESSION_CONDITIONAL_UNKNOWN_EPOCH,1.0,0.0,0.0,MIM,2026-08-14T16:04:00+00:00
PER_SESSION_CONDITIONAL_UNKNOWN_EPOCH,2.0,0.0,0.0,YANK,2026-08-14T16:04:00+00:00
PER_SESSION_CONDITIONAL_UNKNOWN_EPOCH,1.0,0.0,0.0,MIM,2026-08-14T16:05:00+00:00
PER_SESSION_CONDITIONAL_UNKNOWN_EPOCH,2.0,0.0,0.0,YANK,2026-08-14T16:05:00+00:00
PER_SESSION_CONDITIONAL_UNKNOWN_EPOCH,1.0,0.0,0.0,MIM,2026-08-14T16:06:00+00:00
PER_SESSION_CONDITIONAL_UNKNOWN_EPOCH,2.0,0.0,0.0,YANK,2026-08-14T16:06:00+00:00
PER_SESSION_CONDITIONAL_UNKNOWN_EPOCH,1.0,0.0,0.0,MIM,2026-08-14T16:07:00+00:00
PER_SESSION_CONDITIONAL_UNKNOWN_EPOCH,2.0,0.0,0.0,YANK,2026-08-14T16:07:00+00:00
PER_SESSION_CONDITIONAL_UNKNOWN_EPOCH,1.0,0.0,0.0,MIM,2026-08-14T16:08:00+00:00
PER_SESSION_CONDITIONAL_UNKNOWN_EPOCH,2.0,0.0,0.0,YANK,2026-08-14T16:08:00+00:00
PER_SESSION_CONDITIONAL_UNKNOWN_EPOCH,1.0,0.0,0.0,MIM,2026-08-14T16:09:00+00:00
PER_SESSION_CONDITIONAL_UNKNOWN_EPOCH,2.0,0.0,0.0,YANK,2026-08-14T16:09:00+00:00
PER_SESSION_CONDITIONAL_UNKNOWN_EPOCH,1.0,0.0,0.0,MIM,2026-08-14T16:10:00+00:00
PER_SESSION_CONDITIONAL_UNKNOWN_EPOCH,2.0,0.0,0.0,YANK,2026-08-14T16:10:00+00:00
PER_SESSION_CONDITIONAL_UNKNOWN_EPOCH,1.0,0.0,0.0,MIM,2026-08-14T16:11:00+00:00
PER_SESSION_CONDITIONAL_UNKNOWN_EPOCH,2.0,0.0,0.0,YANK,2026-08-14T16:11:00+00:00
PER_SESSION_CONDITIONAL_UNKNOWN_EPOCH,1.0,0.0,0.0,MIM,2026-08-14T16:12:00+00:00
PER_SESSION_CONDITIONAL_UNKNOWN_EPOCH,2.0,0.0,0.0,YANK,2026-08-14T16:12:00+00:00
PER_SESSION_CONDITIONAL_UNKNOWN_EPOCH,1.0,0.0,0.0,MIM,2026-08-14T16:13:00+00:00
PER_SESSION_CONDITIONAL_UNKNOWN_EPOCH,2.0,0.0,0.0,YANK,2026-08-14T16:13:00+00:00
PER_SESSION_CONDITIONAL_UNKNOWN_EPOCH,1.0,0.0,0.0,MIM,2026-08-14T16:14:00+00:00
PER_SESSION_CONDITIONAL_UNKNOWN_EPOCH,2.0,0.0,0.0,YANK,2026-08-14T16:14:00+00:00
PER_SESSION_CONDITIONAL_UNKNOWN_EPOCH,1.0,0.0,0.0,MIM,2026-08-14T16:15:00+00:00
PER_SESSION_CONDITIONAL_UNKNOWN_EPOCH,2.0,0.0,0.0,YANK,2026-08-14T16:15:00+00:00
PER_SESSION_CONDITIONAL_UNKNOWN_EPOCH,1.0,0.0,0.0,MIM,2026-08-14T16:16:00+00:00
PER_SESSION_CONDITIONAL_UNKNOWN_EPOCH,2.0,0.0,0.0,YANK,2026-08-14T16:16:00+00:00
PER_SESSION_CONDITIONAL_UNKNOWN_EPOCH,1.0,0.0,0.0,MIM,2026-08-14T16:17:00+00:00
PER_SESSION_CONDITIONAL_UNKNOWN_EPOCH,2.0,0.0,0.0,YANK,2026-08-14T16:17:00+00:00
PER_SESSION_CONDITIONAL_UNKNOWN_EPOCH,1.0,0.0,0.0,MIM,2026-08-14T16:18:00+00:00
PER_SESSION_CONDITIONAL_UNKNOWN_EPOCH,2.0,0.0,0.0,YANK,2026-08-14T16:18:00+00:00
PER_SESSION_CONDITIONAL_UNKNOWN_EPOCH,1.0,0.0,0.0,MIM,2026-08-14T16:19:00+00:00
PER_SESSION_CONDITIONAL_UNKNOWN_EPOCH,2.0,0.0,0.0,YANK,2026-08-14T16:19:00+00:00
PER_SESSION_CONDITIONAL_UNKNOWN_EPOCH,1.0,0.0,0.0,MIM,2026-08-14T16:20:00+00:00
PER_SESSION_CONDITIONAL_UNKNOWN_EPOCH,2.0,0.0,0.0,YANK,2026-08-14T16:20:00+00:00
PER_SESSION_CONDITIONAL_UNKNOWN_EPOCH,1.0,0.0,0.0,MIM,2026-08-14T16:21:00+00:00
PER_SESSION_CONDITIONAL_UNKNOWN_EPOCH,2.0,0.0,0.0,YANK,2026-08-14T16:21:00+00:00
PER_SESSION_CONDITIONAL_UNKNOWN_EPOCH,1.0,0.0,0.0,MIM,2026-08-14T16:22:00+00:00
PER_SESSION_CONDITIONAL_UNKNOWN_EPOCH,2.0,-4.220000000001164,120370.0,YANK,2026-08-14T16:22:00+00:00
PER_SESSION_CONDITIONAL_UNKNOWN_EPOCH,1.0,0.0,0.0,MIM,2026-08-14T16:23:00+00:00
PER_SESSION_CONDITIONAL_UNKNOWN_EPOCH,2.0,17.779999999998836,120348.0,YANK,2026-08-14T16:23:00+00:00
PER_SESSION_CONDITIONAL_UNKNOWN_EPOCH,1.0,0.0,0.0,MIM,2026-08-14T16:24:00+00:00
PER_SESSION_CONDITIONAL_UNKNOWN_EPOCH,2.0,7.779999999998836,120358.0,YANK,2026-08-14T16:24:00+00:00
PER_SESSION_CONDITIONAL_UNKNOWN_EPOCH,1.0,0.0,0.0,MIM,2026-08-14T16:25:00+00:00
PER_SESSION_CONDITIONAL_UNKNOWN_EPOCH,2.0,-6.220000000001164,120372.0,YANK,2026-08-14T16:25:00+00:00
PER_SESSION_CONDITIONAL_UNKNOWN_EPOCH,1.0,0.0,0.0,MIM,2026-08-14T16:26:00+00:00
PER_SESSION_CONDITIONAL_UNKNOWN_EPOCH,2.0,-20.220000000001164,120386.0,YANK,2026-08-14T16:26:00+00:00
PER_SESSION_CONDITIONAL_UNKNOWN_EPOCH,1.0,0.0,0.0,MIM,2026-08-14T16:27:00+00:00
PER_SESSION_CONDITIONAL_UNKNOWN_EPOCH,2.0,-48.220000000001164,120414.0,YANK,2026-08-14T16:27:00+00:00
PER_SESSION_CONDITIONAL_UNKNOWN_EPOCH,1.0,0.0,0.0,MIM,2026-08-14T16:28:00+00:00
PER_SESSION_CONDITIONAL_UNKNOWN_EPOCH,2.0,-44.220000000001164,120410.0,YANK,2026-08-14T16:28:00+00:00
PER_SESSION_CONDITIONAL_UNKNOWN_EPOCH,1.0,0.0,0.0,MIM,2026-08-14T16:29:00+00:00
PER_SESSION_CONDITIONAL_UNKNOWN_EPOCH,2.0,-36.220000000001164,120402.0,YANK,2026-08-14T16:29:00+00:00
PER_SESSION_CONDITIONAL_UNKNOWN_EPOCH,1.0,0.0,0.0,MIM,2026-08-14T16:30:00+00:00
PER_SESSION_CONDITIONAL_UNKNOWN_EPOCH,2.0,-40.220000000001164,120406.0,YANK,2026-08-14T16:30:00+00:00
PER_SESSION_CONDITIONAL_UNKNOWN_EPOCH,1.0,0.0,0.0,MIM,2026-08-14T16:31:00+00:00
PER_SESSION_CONDITIONAL_UNKNOWN_EPOCH,2.0,-12.220000000001164,120378.0,YANK,2026-08-14T16:31:00+00:00
PER_SESSION_CONDITIONAL_UNKNOWN_EPOCH,1.0,0.0,0.0,MIM,2026-08-14T16:32:00+00:00
PER_SESSION_CONDITIONAL_UNKNOWN_EPOCH,2.0,21.779999999998836,120344.0,YANK,2026-08-14T16:32:00+00:00
PER_SESSION_CONDITIONAL_UNKNOWN_EPOCH,1.0,0.0,0.0,MIM,2026-08-14T16:33:00+00:00
PER_SESSION_CONDITIONAL_UNKNOWN_EPOCH,2.0,78.77999999999884,120287.0,YANK,2026-08-14T16:33:00+00:00
PER_SESSION_CONDITIONAL_UNKNOWN_EPOCH,1.0,0.0,0.0,MIM,2026-08-14T16:34:00+00:00
PER_SESSION_CONDITIONAL_UNKNOWN_EPOCH,2.0,73.77999999999884,120292.0,YANK,2026-08-14T16:34:00+00:00
PER_SESSION_CONDITIONAL_UNKNOWN_EPOCH,1.0,0.0,0.0,MIM,2026-08-14T16:35:00+00:00
PER_SESSION_CONDITIONAL_UNKNOWN_EPOCH,2.0,72.77999999999884,120293.0,YANK,2026-08-14T16:35:00+00:00
PER_SESSION_CONDITIONAL_UNKNOWN_EPOCH,1.0,0.0,0.0,MIM,2026-08-14T16:36:00+00:00
PER_SESSION_CONDITIONAL_UNKNOWN_EPOCH,2.0,31.779999999998836,120334.0,YANK,2026-08-14T16:36:00+00:00
PER_SESSION_CONDITIONAL_UNKNOWN_EPOCH,1.0,0.0,0.0,MIM,2026-08-14T16:37:00+00:00
PER_SESSION_CONDITIONAL_UNKNOWN_EPOCH,2.0,0.7799999999988358,120365.0,YANK,2026-08-14T16:37:00+00:00
PER_SESSION_CONDITIONAL_UNKNOWN_EPOCH,1.0,0.0,0.0,MIM,2026-08-14T16:38:00+00:00
PER_SESSION_CONDITIONAL_UNKNOWN_EPOCH,2.0,-5.220000000001164,120371.0,YANK,2026-08-14T16:38:00+00:00
PER_SESSION_CONDITIONAL_UNKNOWN_EPOCH,1.0,0.0,0.0,MIM,2026-08-14T16:39:00+00:00
PER_SESSION_CONDITIONAL_UNKNOWN_EPOCH,2.0,23.779999999998836,120342.0,YANK,2026-08-14T16:39:00+00:00
PER_SESSION_CONDITIONAL_UNKNOWN_EPOCH,1.0,0.0,0.0,MIM,2026-08-14T16:40:00+00:00
PER_SESSION_CONDITIONAL_UNKNOWN_EPOCH,2.0,39.779999999998836,120326.0,YANK,2026-08-14T16:40:00+00:00
PER_SESSION_CONDITIONAL_UNKNOWN_EPOCH,1.0,0.0,0.0,MIM,2026-08-14T16:41:00+00:00
PER_SESSION_CONDITIONAL_UNKNOWN_EPOCH,2.0,51.779999999998836,120314.0,YANK,2026-08-14T16:41:00+00:00
PER_SESSION_CONDITIONAL_UNKNOWN_EPOCH,1.0,0.0,0.0,MIM,2026-08-14T16:42:00+00:00
PER_SESSION_CONDITIONAL_UNKNOWN_EPOCH,2.0,77.77999999999884,120288.0,YANK,2026-08-14T16:42:00+00:00
PER_SESSION_CONDITIONAL_UNKNOWN_EPOCH,1.0,0.0,0.0,MIM,2026-08-14T16:43:00+00:00
PER_SESSION_CONDITIONAL_UNKNOWN_EPOCH,2.0,85.77999999999884,120280.0,YANK,2026-08-14T16:43:00+00:00
PER_SESSION_CONDITIONAL_UNKNOWN_EPOCH,1.0,0.0,0.0,MIM,2026-08-14T16:44:00+00:00
PER_SESSION_CONDITIONAL_UNKNOWN_EPOCH,2.0,77.77999999999884,120288.0,YANK,2026-08-14T16:44:00+00:00
PER_SESSION_CONDITIONAL_UNKNOWN_EPOCH,1.0,0.0,0.0,MIM,2026-08-14T16:45:00+00:00
PER_SESSION_CONDITIONAL_UNKNOWN_EPOCH,2.0,96.77999999999884,120269.0,YANK,2026-08-14T16:45:00+00:00
PER_SESSION_CONDITIONAL_UNKNOWN_EPOCH,1.0,0.0,0.0,MIM,2026-08-14T16:46:00+00:00
PER_SESSION_CONDITIONAL_UNKNOWN_EPOCH,2.0,84.77999999999884,120281.0,YANK,2026-08-14T16:46:00+00:00
PER_SESSION_CONDITIONAL_UNKNOWN_EPOCH,1.0,0.0,0.0,MIM,2026-08-14T16:47:00+00:00
PER_SESSION_CONDITIONAL_UNKNOWN_EPOCH,2.0,103.77999999999884,120262.0,YANK,2026-08-14T16:47:00+00:00
PER_SESSION_CONDITIONAL_UNKNOWN_EPOCH,1.0,0.0,0.0,MIM,2026-08-14T16:48:00+00:00
PER_SESSION_CONDITIONAL_UNKNOWN_EPOCH,2.0,101.77999999999884,120264.0,YANK,2026-08-14T16:48:00+00:00
PER_SESSION_CONDITIONAL_UNKNOWN_EPOCH,1.0,0.0,0.0,MIM,2026-08-14T16:49:00+00:00
PER_SESSION_CONDITIONAL_UNKNOWN_EPOCH,2.0,79.77999999999884,120286.0,YANK,2026-08-14T16:49:00+00:00
PER_SESSION_CONDITIONAL_UNKNOWN_EPOCH,1.0,0.0,0.0,MIM,2026-08-14T16:50:00+00:00
PER_SESSION_CONDITIONAL_UNKNOWN_EPOCH,2.0,68.77999999999884,120297.0,YANK,2026-08-14T16:50:00+00:00
PER_SESSION_CONDITIONAL_UNKNOWN_EPOCH,1.0,0.0,0.0,MIM,2026-08-14T16:51:00+00:00
PER_SESSION_CONDITIONAL_UNKNOWN_EPOCH,2.0,103.77999999999884,120262.0,YANK,2026-08-14T16:51:00+00:00
PER_SESSION_CONDITIONAL_UNKNOWN_EPOCH,1.0,0.0,0.0,MIM,2026-08-14T16:52:00+00:00
PER_SESSION_CONDITIONAL_UNKNOWN_EPOCH,2.0,110.77999999999884,120255.0,YANK,2026-08-14T16:52:00+00:00
PER_SESSION_CONDITIONAL_UNKNOWN_EPOCH,1.0,0.0,0.0,MIM,2026-08-14T16:53:00+00:00
PER_SESSION_CONDITIONAL_UNKNOWN_EPOCH,2.0,129.77999999999884,120236.0,YANK,2026-08-14T16:53:00+00:00
PER_SESSION_CONDITIONAL_UNKNOWN_EPOCH,1.0,0.0,0.0,MIM,2026-08-14T16:54:00+00:00
PER_SESSION_CONDITIONAL_UNKNOWN_EPOCH,2.0,124.77999999999884,120241.0,YANK,2026-08-14T16:54:00+00:00
PER_SESSION_CONDITIONAL_UNKNOWN_EPOCH,1.0,0.0,0.0,MIM,2026-08-14T16:55:00+00:00
PER_SESSION_CONDITIONAL_UNKNOWN_EPOCH,2.0,116.77999999999884,120249.0,YANK,2026-08-14T16:55:00+00:00
PER_SESSION_CONDITIONAL_UNKNOWN_EPOCH,1.0,0.0,0.0,MIM,2026-08-14T16:56:00+00:00
PER_SESSION_CONDITIONAL_UNKNOWN_EPOCH,2.0,101.77999999999884,120264.0,YANK,2026-08-14T16:56:00+00:00
PER_SESSION_CONDITIONAL_UNKNOWN_EPOCH,1.0,0.0,0.0,MIM,2026-08-14T16:57:00+00:00
PER_SESSION_CONDITIONAL_UNKNOWN_EPOCH,2.0,98.77999999999884,120267.0,YANK,2026-08-14T16:57:00+00:00
PER_SESSION_CONDITIONAL_UNKNOWN_EPOCH,1.0,0.0,0.0,MIM,2026-08-14T16:58:00+00:00
PER_SESSION_CONDITIONAL_UNKNOWN_EPOCH,2.0,106.77999999999884,120259.0,YANK,2026-08-14T16:58:00+00:00
PER_SESSION_CONDITIONAL_UNKNOWN_EPOCH,1.0,0.0,0.0,MIM,2026-08-14T16:59:00+00:00
PER_SESSION_CONDITIONAL_UNKNOWN_EPOCH,2.0,133.77999999999884,120232.0,YANK,2026-08-14T16:59:00+00:00
PER_SESSION_CONDITIONAL_UNKNOWN_EPOCH,1.0,0.0,0.0,MIM,2026-08-14T17:00:00+00:00
PER_SESSION_CONDITIONAL_UNKNOWN_EPOCH,2.0,129.77999999999884,120236.0,YANK,2026-08-14T17:00:00+00:00
PER_SESSION_CONDITIONAL_UNKNOWN_EPOCH,1.0,0.0,0.0,MIM,2026-08-14T17:01:00+00:00
PER_SESSION_CONDITIONAL_UNKNOWN_EPOCH,2.0,128.77999999999884,120237.0,YANK,2026-08-14T17:01:00+00:00
PER_SESSION_CONDITIONAL_UNKNOWN_EPOCH,1.0,0.0,0.0,MIM,2026-08-14T17:02:00+00:00
PER_SESSION_CONDITIONAL_UNKNOWN_EPOCH,2.0,120.77999999999884,120245.0,YANK,2026-08-14T17:02:00+00:00
PER_SESSION_CONDITIONAL_UNKNOWN_EPOCH,1.0,0.0,0.0,MIM,2026-08-14T17:03:00+00:00
PER_SESSION_CONDITIONAL_UNKNOWN_EPOCH,2.0,150.77999999999884,120215.0,YANK,2026-08-14T17:03:00+00:00
PER_SESSION_CONDITIONAL_UNKNOWN_EPOCH,1.0,0.0,0.0,MIM,2026-08-14T17:04:00+00:00
PER_SESSION_CONDITIONAL_UNKNOWN_EPOCH,2.0,107.77999999999884,120258.0,YANK,2026-08-14T17:04:00+00:00
PER_SESSION_CONDITIONAL_UNKNOWN_EPOCH,1.0,0.0,0.0,MIM,2026-08-14T17:05:00+00:00
PER_SESSION_CONDITIONAL_UNKNOWN_EPOCH,2.0,122.77999999999884,120243.0,YANK,2026-08-14T17:05:00+00:00
PER_SESSION_CONDITIONAL_UNKNOWN_EPOCH,1.0,0.0,0.0,MIM,2026-08-14T17:06:00+00:00
PER_SESSION_CONDITIONAL_UNKNOWN_EPOCH,2.0,123.77999999999884,120242.0,YANK,2026-08-14T17:06:00+00:00
PER_SESSION_CONDITIONAL_UNKNOWN_EPOCH,1.0,0.0,0.0,MIM,2026-08-14T17:07:00+00:00
PER_SESSION_CONDITIONAL_UNKNOWN_EPOCH,2.0,107.77999999999884,120258.0,YANK,2026-08-14T17:07:00+00:00
PER_SESSION_CONDITIONAL_UNKNOWN_EPOCH,1.0,0.0,0.0,MIM,2026-08-14T17:08:00+00:00
PER_SESSION_CONDITIONAL_UNKNOWN_EPOCH,2.0,80.77999999999884,120285.0,YANK,2026-08-14T17:08:00+00:00
PER_SESSION_CONDITIONAL_UNKNOWN_EPOCH,1.0,0.0,0.0,MIM,2026-08-14T17:09:00+00:00
PER_SESSION_CONDITIONAL_UNKNOWN_EPOCH,2.0,72.77999999999884,120293.0,YANK,2026-08-14T17:09:00+00:00
PER_SESSION_CONDITIONAL_UNKNOWN_EPOCH,1.0,0.0,0.0,MIM,2026-08-14T17:10:00+00:00
PER_SESSION_CONDITIONAL_UNKNOWN_EPOCH,2.0,96.77999999999884,120269.0,YANK,2026-08-14T17:10:00+00:00
PER_SESSION_CONDITIONAL_UNKNOWN_EPOCH,1.0,0.0,0.0,MIM,2026-08-14T17:11:00+00:00
PER_SESSION_CONDITIONAL_UNKNOWN_EPOCH,2.0,97.77999999999884,120268.0,YANK,2026-08-14T17:11:00+00:00
PER_SESSION_CONDITIONAL_UNKNOWN_EPOCH,1.0,0.0,0.0,MIM,2026-08-14T17:12:00+00:00
PER_SESSION_CONDITIONAL_UNKNOWN_EPOCH,2.0,60.779999999998836,120305.0,YANK,2026-08-14T17:12:00+00:00
PER_SESSION_CONDITIONAL_UNKNOWN_EPOCH,1.0,0.0,0.0,MIM,2026-08-14T17:13:00+00:00
PER_SESSION_CONDITIONAL_UNKNOWN_EPOCH,2.0,78.77999999999884,120287.0,YANK,2026-08-14T17:13:00+00:00
PER_SESSION_CONDITIONAL_UNKNOWN_EPOCH,1.0,0.0,0.0,MIM,2026-08-14T17:14:00+00:00
PER_SESSION_CONDITIONAL_UNKNOWN_EPOCH,2.0,101.77999999999884,120264.0,YANK,2026-08-14T17:14:00+00:00
PER_SESSION_CONDITIONAL_UNKNOWN_EPOCH,1.0,0.0,0.0,MIM,2026-08-14T17:15:00+00:00
PER_SESSION_CONDITIONAL_UNKNOWN_EPOCH,2.0,88.77999999999884,120277.0,YANK,2026-08-14T17:15:00+00:00
PER_SESSION_CONDITIONAL_UNKNOWN_EPOCH,1.0,0.0,0.0,MIM,2026-08-14T17:16:00+00:00
PER_SESSION_CONDITIONAL_UNKNOWN_EPOCH,2.0,85.77999999999884,120280.0,YANK,2026-08-14T17:16:00+00:00
PER_SESSION_CONDITIONAL_UNKNOWN_EPOCH,1.0,0.0,0.0,MIM,2026-08-14T17:17:00+00:00
PER_SESSION_CONDITIONAL_UNKNOWN_EPOCH,2.0,127.77999999999884,120238.0,YANK,2026-08-14T17:17:00+00:00
PER_SESSION_CONDITIONAL_UNKNOWN_EPOCH,1.0,0.0,0.0,MIM,2026-08-14T17:18:00+00:00
PER_SESSION_CONDITIONAL_UNKNOWN_EPOCH,2.0,94.77999999999884,120271.0,YANK,2026-08-14T17:18:00+00:00
PER_SESSION_CONDITIONAL_UNKNOWN_EPOCH,1.0,0.0,0.0,MIM,2026-08-14T17:19:00+00:00
PER_SESSION_CONDITIONAL_UNKNOWN_EPOCH,2.0,86.77999999999884,120279.0,YANK,2026-08-14T17:19:00+00:00
PER_SESSION_CONDITIONAL_UNKNOWN_EPOCH,1.0,0.0,0.0,MIM,2026-08-14T17:20:00+00:00
PER_SESSION_CONDITIONAL_UNKNOWN_EPOCH,2.0,91.77999999999884,120274.0,YANK,2026-08-14T17:20:00+00:00
PER_SESSION_CONDITIONAL_UNKNOWN_EPOCH,1.0,0.0,0.0,MIM,2026-08-14T17:21:00+00:00
PER_SESSION_CONDITIONAL_UNKNOWN_EPOCH,2.0,86.77999999999884,120279.0,YANK,2026-08-14T17:21:00+00:00
PER_SESSION_CONDITIONAL_UNKNOWN_EPOCH,1.0,0.0,0.0,MIM,2026-08-14T17:22:00+00:00
PER_SESSION_CONDITIONAL_UNKNOWN_EPOCH,2.0,102.77999999999884,120263.0,YANK,2026-08-14T17:22:00+00:00
PER_SESSION_CONDITIONAL_UNKNOWN_EPOCH,1.0,0.0,0.0,MIM,2026-08-14T17:23:00+00:00
PER_SESSION_CONDITIONAL_UNKNOWN_EPOCH,2.0,69.55999999999767,0.0,YANK,2026-08-14T17:23:00+00:00
PER_SESSION_CONDITIONAL_UNKNOWN_EPOCH,1.0,0.0,0.0,MIM,2026-08-14T17:24:00+00:00
PER_SESSION_CONDITIONAL_UNKNOWN_EPOCH,2.0,69.55999999999767,0.0,YANK,2026-08-14T17:24:00+00:00
PER_SESSION_CONDITIONAL_UNKNOWN_EPOCH,1.0,0.0,0.0,MIM,2026-08-14T17:25:00+00:00
PER_SESSION_CONDITIONAL_UNKNOWN_EPOCH,2.0,69.55999999999767,0.0,YANK,2026-08-14T17:25:00+00:00
PER_SESSION_CONDITIONAL_UNKNOWN_EPOCH,1.0,0.0,0.0,MIM,2026-08-14T17:26:00+00:00
PER_SESSION_CONDITIONAL_UNKNOWN_EPOCH,2.0,69.55999999999767,0.0,YANK,2026-08-14T17:26:00+00:00
PER_SESSION_CONDITIONAL_UNKNOWN_EPOCH,1.0,0.0,0.0,MIM,2026-08-14T17:27:00+00:00
PER_SESSION_CONDITIONAL_UNKNOWN_EPOCH,2.0,69.55999999999767,0.0,YANK,2026-08-14T17:27:00+00:00
PER_SESSION_CONDITIONAL_UNKNOWN_EPOCH,1.0,0.0,0.0,MIM,2026-08-14T17:28:00+00:00
PER_SESSION_CONDITIONAL_UNKNOWN_EPOCH,2.0,69.55999999999767,0.0,YANK,2026-08-14T17:28:00+00:00
PER_SESSION_CONDITIONAL_UNKNOWN_EPOCH,1.0,0.0,0.0,MIM,2026-08-14T17:29:00+00:00
PER_SESSION_CONDITIONAL_UNKNOWN_EPOCH,2.0,69.55999999999767,0.0,YANK,2026-08-14T17:29:00+00:00
PER_SESSION_CONDITIONAL_UNKNOWN_EPOCH,1.0,0.0,0.0,MIM,2026-08-14T17:30:00+00:00
PER_SESSION_CONDITIONAL_UNKNOWN_EPOCH,2.0,69.55999999999767,0.0,YANK,2026-08-14T17:30:00+00:00
PER_SESSION_CONDITIONAL_UNKNOWN_EPOCH,1.0,0.0,0.0,MIM,2026-08-14T17:31:00+00:00
PER_SESSION_CONDITIONAL_UNKNOWN_EPOCH,2.0,69.55999999999767,0.0,YANK,2026-08-14T17:31:00+00:00
PER_SESSION_CONDITIONAL_UNKNOWN_EPOCH,1.0,0.0,0.0,MIM,2026-08-14T17:32:00+00:00
PER_SESSION_CONDITIONAL_UNKNOWN_EPOCH,2.0,69.55999999999767,0.0,YANK,2026-08-14T17:32:00+00:00
PER_SESSION_CONDITIONAL_UNKNOWN_EPOCH,1.0,0.0,0.0,MIM,2026-08-14T17:33:00+00:00
PER_SESSION_CONDITIONAL_UNKNOWN_EPOCH,2.0,69.55999999999767,0.0,YANK,2026-08-14T17:33:00+00:00
PER_SESSION_CONDITIONAL_UNKNOWN_EPOCH,1.0,0.0,0.0,MIM,2026-08-14T17:34:00+00:00
PER_SESSION_CONDITIONAL_UNKNOWN_EPOCH,2.0,69.55999999999767,0.0,YANK,2026-08-14T17:34:00+00:00
PER_SESSION_CONDITIONAL_UNKNOWN_EPOCH,1.0,0.0,0.0,MIM,2026-08-14T17:35:00+00:00
PER_SESSION_CONDITIONAL_UNKNOWN_EPOCH,2.0,69.55999999999767,0.0,YANK,2026-08-14T17:35:00+00:00
PER_SESSION_CONDITIONAL_UNKNOWN_EPOCH,1.0,0.0,0.0,MIM,2026-08-14T17:36:00+00:00
PER_SESSION_CONDITIONAL_UNKNOWN_EPOCH,2.0,69.55999999999767,0.0,YANK,2026-08-14T17:36:00+00:00
PER_SESSION_CONDITIONAL_UNKNOWN_EPOCH,1.0,0.0,0.0,MIM,2026-08-14T17:37:00+00:00
PER_SESSION_CONDITIONAL_UNKNOWN_EPOCH,2.0,69.55999999999767,0.0,YANK,2026-08-14T17:37:00+00:00
PER_SESSION_CONDITIONAL_UNKNOWN_EPOCH,1.0,0.0,0.0,MIM,2026-08-14T17:38:00+00:00
PER_SESSION_CONDITIONAL_UNKNOWN_EPOCH,2.0,69.55999999999767,0.0,YANK,2026-08-14T17:38:00+00:00
PER_SESSION_CONDITIONAL_UNKNOWN_EPOCH,1.0,0.0,0.0,MIM,2026-08-14T17:39:00+00:00
PER_SESSION_CONDITIONAL_UNKNOWN_EPOCH,2.0,69.55999999999767,0.0,YANK,2026-08-14T17:39:00+00:00
PER_SESSION_CONDITIONAL_UNKNOWN_EPOCH,1.0,0.0,0.0,MIM,2026-08-14T17:40:00+00:00
PER_SESSION_CONDITIONAL_UNKNOWN_EPOCH,2.0,69.55999999999767,0.0,YANK,2026-08-14T17:40:00+00:00
PER_SESSION_CONDITIONAL_UNKNOWN_EPOCH,1.0,0.0,0.0,MIM,2026-08-14T17:41:00+00:00
PER_SESSION_CONDITIONAL_UNKNOWN_EPOCH,2.0,69.55999999999767,0.0,YANK,2026-08-14T17:41:00+00:00
PER_SESSION_CONDITIONAL_UNKNOWN_EPOCH,1.0,0.0,0.0,MIM,2026-08-14T17:42:00+00:00
PER_SESSION_CONDITIONAL_UNKNOWN_EPOCH,2.0,69.55999999999767,0.0,YANK,2026-08-14T17:42:00+00:00
PER_SESSION_CONDITIONAL_UNKNOWN_EPOCH,1.0,0.0,0.0,MIM,2026-08-14T17:43:00+00:00
PER_SESSION_CONDITIONAL_UNKNOWN_EPOCH,2.0,69.55999999999767,0.0,YANK,2026-08-14T17:43:00+00:00
PER_SESSION_CONDITIONAL_UNKNOWN_EPOCH,1.0,0.0,0.0,MIM,2026-08-14T17:44:00+00:00
PER_SESSION_CONDITIONAL_UNKNOWN_EPOCH,2.0,69.55999999999767,0.0,YANK,2026-08-14T17:44:00+00:00
PER_SESSION_CONDITIONAL_UNKNOWN_EPOCH,1.0,0.0,0.0,MIM,2026-08-14T17:45:00+00:00
PER_SESSION_CONDITIONAL_UNKNOWN_EPOCH,2.0,69.55999999999767,0.0,YANK,2026-08-14T17:45:00+00:00
PER_SESSION_CONDITIONAL_UNKNOWN_EPOCH,1.0,0.0,0.0,MIM,2026-08-14T17:46:00+00:00
PER_SESSION_CONDITIONAL_UNKNOWN_EPOCH,2.0,69.55999999999767,0.0,YANK,2026-08-14T17:46:00+00:00
PER_SESSION_CONDITIONAL_UNKNOWN_EPOCH,1.0,0.0,0.0,MIM,2026-08-14T17:47:00+00:00
PER_SESSION_CONDITIONAL_UNKNOWN_EPOCH,2.0,69.55999999999767,0.0,YANK,2026-08-14T17:47:00+00:00
PER_SESSION_CONDITIONAL_UNKNOWN_EPOCH,1.0,0.0,0.0,MIM,2026-08-14T17:48:00+00:00
PER_SESSION_CONDITIONAL_UNKNOWN_EPOCH,2.0,69.55999999999767,0.0,YANK,2026-08-14T17:48:00+00:00
PER_SESSION_CONDITIONAL_UNKNOWN_EPOCH,1.0,0.0,0.0,MIM,2026-08-14T17:49:00+00:00
PER_SESSION_CONDITIONAL_UNKNOWN_EPOCH,2.0,69.55999999999767,0.0,YANK,2026-08-14T17:49:00+00:00
PER_SESSION_CONDITIONAL_UNKNOWN_EPOCH,1.0,0.0,0.0,MIM,2026-08-14T17:50:00+00:00
PER_SESSION_CONDITIONAL_UNKNOWN_EPOCH,2.0,69.55999999999767,0.0,YANK,2026-08-14T17:50:00+00:00
PER_SESSION_CONDITIONAL_UNKNOWN_EPOCH,1.0,0.0,0.0,MIM,2026-08-14T17:51:00+00:00
PER_SESSION_CONDITIONAL_UNKNOWN_EPOCH,2.0,69.55999999999767,0.0,YANK,2026-08-14T17:51:00+00:00
PER_SESSION_CONDITIONAL_UNKNOWN_EPOCH,1.0,0.0,0.0,MIM,2026-08-14T17:52:00+00:00
PER_SESSION_CONDITIONAL_UNKNOWN_EPOCH,2.0,69.55999999999767,0.0,YANK,2026-08-14T17:52:00+00:00
PER_SESSION_CONDITIONAL_UNKNOWN_EPOCH,1.0,0.0,0.0,MIM,2026-08-14T17:53:00+00:00
PER_SESSION_CONDITIONAL_UNKNOWN_EPOCH,2.0,69.55999999999767,0.0,YANK,2026-08-14T17:53:00+00:00
PER_SESSION_CONDITIONAL_UNKNOWN_EPOCH,1.0,0.0,0.0,MIM,2026-08-14T17:54:00+00:00
PER_SESSION_CONDITIONAL_UNKNOWN_EPOCH,2.0,69.55999999999767,0.0,YANK,2026-08-14T17:54:00+00:00
PER_SESSION_CONDITIONAL_UNKNOWN_EPOCH,1.0,0.0,0.0,MIM,2026-08-14T17:55:00+00:00
PER_SESSION_CONDITIONAL_UNKNOWN_EPOCH,2.0,69.55999999999767,0.0,YANK,2026-08-14T17:55:00+00:00
PER_SESSION_CONDITIONAL_UNKNOWN_EPOCH,1.0,0.0,0.0,MIM,2026-08-14T17:56:00+00:00
PER_SESSION_CONDITIONAL_UNKNOWN_EPOCH,2.0,69.55999999999767,0.0,YANK,2026-08-14T17:56:00+00:00
PER_SESSION_CONDITIONAL_UNKNOWN_EPOCH,1.0,0.0,0.0,MIM,2026-08-14T17:57:00+00:00
PER_SESSION_CONDITIONAL_UNKNOWN_EPOCH,2.0,69.55999999999767,0.0,YANK,2026-08-14T17:57:00+00:00
PER_SESSION_CONDITIONAL_UNKNOWN_EPOCH,1.0,0.0,0.0,MIM,2026-08-14T17:58:00+00:00
PER_SESSION_CONDITIONAL_UNKNOWN_EPOCH,2.0,69.55999999999767,0.0,YANK,2026-08-14T17:58:00+00:00
PER_SESSION_CONDITIONAL_UNKNOWN_EPOCH,1.0,0.0,0.0,MIM,2026-08-14T17:59:00+00:00
PER_SESSION_CONDITIONAL_UNKNOWN_EPOCH,2.0,69.55999999999767,0.0,YANK,2026-08-14T17:59:00+00:00
PER_SESSION_CONDITIONAL_UNKNOWN_EPOCH,1.0,0.0,0.0,MIM,2026-08-14T18:00:00+00:00
PER_SESSION_CONDITIONAL_UNKNOWN_EPOCH,2.0,69.55999999999767,0.0,YANK,2026-08-14T18:00:00+00:00
PER_SESSION_CONDITIONAL_UNKNOWN_EPOCH,1.0,0.0,0.0,MIM,2026-08-14T18:01:00+00:00
PER_SESSION_CONDITIONAL_UNKNOWN_EPOCH,2.0,69.55999999999767,0.0,YANK,2026-08-14T18:01:00+00:00
PER_SESSION_CONDITIONAL_UNKNOWN_EPOCH,1.0,0.0,0.0,MIM,2026-08-14T18:02:00+00:00
PER_SESSION_CONDITIONAL_UNKNOWN_EPOCH,2.0,69.55999999999767,0.0,YANK,2026-08-14T18:02:00+00:00
PER_SESSION_CONDITIONAL_UNKNOWN_EPOCH,1.0,0.0,0.0,MIM,2026-08-14T18:03:00+00:00
PER_SESSION_CONDITIONAL_UNKNOWN_EPOCH,2.0,69.55999999999767,0.0,YANK,2026-08-14T18:03:00+00:00
PER_SESSION_CONDITIONAL_UNKNOWN_EPOCH,1.0,0.0,0.0,MIM,2026-08-14T18:04:00+00:00
PER_SESSION_CONDITIONAL_UNKNOWN_EPOCH,2.0,69.55999999999767,0.0,YANK,2026-08-14T18:04:00+00:00
PER_SESSION_CONDITIONAL_UNKNOWN_EPOCH,1.0,0.0,0.0,MIM,2026-08-14T18:05:00+00:00
PER_SESSION_CONDITIONAL_UNKNOWN_EPOCH,2.0,69.55999999999767,0.0,YANK,2026-08-14T18:05:00+00:00
PER_SESSION_CONDITIONAL_UNKNOWN_EPOCH,1.0,0.0,0.0,MIM,2026-08-14T18:06:00+00:00
PER_SESSION_CONDITIONAL_UNKNOWN_EPOCH,2.0,69.55999999999767,0.0,YANK,2026-08-14T18:06:00+00:00
PER_SESSION_CONDITIONAL_UNKNOWN_EPOCH,1.0,0.0,0.0,MIM,2026-08-14T18:07:00+00:00
PER_SESSION_CONDITIONAL_UNKNOWN_EPOCH,2.0,69.55999999999767,0.0,YANK,2026-08-14T18:07:00+00:00
PER_SESSION_CONDITIONAL_UNKNOWN_EPOCH,1.0,0.0,0.0,MIM,2026-08-14T18:08:00+00:00
PER_SESSION_CONDITIONAL_UNKNOWN_EPOCH,2.0,69.55999999999767,0.0,YANK,2026-08-14T18:08:00+00:00
PER_SESSION_CONDITIONAL_UNKNOWN_EPOCH,1.0,0.0,0.0,MIM,2026-08-14T18:09:00+00:00
PER_SESSION_CONDITIONAL_UNKNOWN_EPOCH,2.0,69.55999999999767,0.0,YANK,2026-08-14T18:09:00+00:00
PER_SESSION_CONDITIONAL_UNKNOWN_EPOCH,1.0,0.0,0.0,MIM,2026-08-14T18:10:00+00:00
PER_SESSION_CONDITIONAL_UNKNOWN_EPOCH,2.0,69.55999999999767,0.0,YANK,2026-08-14T18:10:00+00:00
PER_SESSION_CONDITIONAL_UNKNOWN_EPOCH,1.0,0.0,0.0,MIM,2026-08-14T18:11:00+00:00
PER_SESSION_CONDITIONAL_UNKNOWN_EPOCH,2.0,69.55999999999767,0.0,YANK,2026-08-14T18:11:00+00:00
PER_SESSION_CONDITIONAL_UNKNOWN_EPOCH,1.0,0.0,0.0,MIM,2026-08-14T18:12:00+00:00
PER_SESSION_CONDITIONAL_UNKNOWN_EPOCH,2.0,69.55999999999767,0.0,YANK,2026-08-14T18:12:00+00:00
PER_SESSION_CONDITIONAL_UNKNOWN_EPOCH,1.0,0.0,0.0,MIM,2026-08-14T18:13:00+00:00
PER_SESSION_CONDITIONAL_UNKNOWN_EPOCH,2.0,69.55999999999767,0.0,YANK,2026-08-14T18:13:00+00:00
PER_SESSION_CONDITIONAL_UNKNOWN_EPOCH,1.0,0.0,0.0,MIM,2026-08-14T18:14:00+00:00
PER_SESSION_CONDITIONAL_UNKNOWN_EPOCH,2.0,69.55999999999767,0.0,YANK,2026-08-14T18:14:00+00:00
PER_SESSION_CONDITIONAL_UNKNOWN_EPOCH,1.0,0.0,0.0,MIM,2026-08-14T18:15:00+00:00
PER_SESSION_CONDITIONAL_UNKNOWN_EPOCH,2.0,69.55999999999767,0.0,YANK,2026-08-14T18:15:00+00:00
PER_SESSION_CONDITIONAL_UNKNOWN_EPOCH,1.0,0.0,0.0,MIM,2026-08-14T18:16:00+00:00
PER_SESSION_CONDITIONAL_UNKNOWN_EPOCH,2.0,69.55999999999767,0.0,YANK,2026-08-14T18:16:00+00:00
PER_SESSION_CONDITIONAL_UNKNOWN_EPOCH,1.0,0.0,0.0,MIM,2026-08-14T18:17:00+00:00
PER_SESSION_CONDITIONAL_UNKNOWN_EPOCH,2.0,69.55999999999767,0.0,YANK,2026-08-14T18:17:00+00:00
PER_SESSION_CONDITIONAL_UNKNOWN_EPOCH,1.0,0.0,0.0,MIM,2026-08-14T18:18:00+00:00
PER_SESSION_CONDITIONAL_UNKNOWN_EPOCH,2.0,69.55999999999767,0.0,YANK,2026-08-14T18:18:00+00:00
PER_SESSION_CONDITIONAL_UNKNOWN_EPOCH,1.0,0.0,0.0,MIM,2026-08-14T18:19:00+00:00
PER_SESSION_CONDITIONAL_UNKNOWN_EPOCH,2.0,69.55999999999767,0.0,YANK,2026-08-14T18:19:00+00:00
PER_SESSION_CONDITIONAL_UNKNOWN_EPOCH,1.0,0.0,0.0,MIM,2026-08-14T18:20:00+00:00
PER_SESSION_CONDITIONAL_UNKNOWN_EPOCH,2.0,69.55999999999767,0.0,YANK,2026-08-14T18:20:00+00:00
PER_SESSION_CONDITIONAL_UNKNOWN_EPOCH,1.0,0.0,0.0,MIM,2026-08-14T18:21:00+00:00
PER_SESSION_CONDITIONAL_UNKNOWN_EPOCH,2.0,69.55999999999767,0.0,YANK,2026-08-14T18:21:00+00:00
PER_SESSION_CONDITIONAL_UNKNOWN_EPOCH,1.0,0.0,0.0,MIM,2026-08-14T18:22:00+00:00
PER_SESSION_CONDITIONAL_UNKNOWN_EPOCH,2.0,69.55999999999767,0.0,YANK,2026-08-14T18:22:00+00:00
PER_SESSION_CONDITIONAL_UNKNOWN_EPOCH,1.0,0.0,0.0,MIM,2026-08-14T18:23:00+00:00
PER_SESSION_CONDITIONAL_UNKNOWN_EPOCH,2.0,69.55999999999767,0.0,YANK,2026-08-14T18:23:00+00:00
PER_SESSION_CONDITIONAL_UNKNOWN_EPOCH,1.0,0.0,0.0,MIM,2026-08-14T18:24:00+00:00
PER_SESSION_CONDITIONAL_UNKNOWN_EPOCH,2.0,69.55999999999767,0.0,YANK,2026-08-14T18:24:00+00:00
PER_SESSION_CONDITIONAL_UNKNOWN_EPOCH,1.0,0.0,0.0,MIM,2026-08-14T18:25:00+00:00
PER_SESSION_CONDITIONAL_UNKNOWN_EPOCH,2.0,69.55999999999767,0.0,YANK,2026-08-14T18:25:00+00:00
PER_SESSION_CONDITIONAL_UNKNOWN_EPOCH,1.0,0.0,0.0,MIM,2026-08-14T18:26:00+00:00
PER_SESSION_CONDITIONAL_UNKNOWN_EPOCH,2.0,69.55999999999767,0.0,YANK,2026-08-14T18:26:00+00:00
PER_SESSION_CONDITIONAL_UNKNOWN_EPOCH,1.0,0.0,0.0,MIM,2026-08-14T18:27:00+00:00
PER_SESSION_CONDITIONAL_UNKNOWN_EPOCH,2.0,69.55999999999767,0.0,YANK,2026-08-14T18:27:00+00:00
PER_SESSION_CONDITIONAL_UNKNOWN_EPOCH,1.0,0.0,0.0,MIM,2026-08-14T18:28:00+00:00
PER_SESSION_CONDITIONAL_UNKNOWN_EPOCH,2.0,69.55999999999767,0.0,YANK,2026-08-14T18:28:00+00:00
PER_SESSION_CONDITIONAL_UNKNOWN_EPOCH,1.0,0.0,0.0,MIM,2026-08-14T18:29:00+00:00
PER_SESSION_CONDITIONAL_UNKNOWN_EPOCH,2.0,69.55999999999767,0.0,YANK,2026-08-14T18:29:00+00:00
PER_SESSION_CONDITIONAL_UNKNOWN_EPOCH,1.0,0.0,0.0,MIM,2026-08-14T18:30:00+00:00
PER_SESSION_CONDITIONAL_UNKNOWN_EPOCH,2.0,69.55999999999767,0.0,YANK,2026-08-14T18:30:00+00:00
PER_SESSION_CONDITIONAL_UNKNOWN_EPOCH,1.0,0.0,0.0,MIM,2026-08-14T18:31:00+00:00
PER_SESSION_CONDITIONAL_UNKNOWN_EPOCH,2.0,69.55999999999767,0.0,YANK,2026-08-14T18:31:00+00:00
PER_SESSION_CONDITIONAL_UNKNOWN_EPOCH,1.0,0.0,0.0,MIM,2026-08-14T18:32:00+00:00
PER_SESSION_CONDITIONAL_UNKNOWN_EPOCH,2.0,69.55999999999767,0.0,YANK,2026-08-14T18:32:00+00:00
PER_SESSION_CONDITIONAL_UNKNOWN_EPOCH,1.0,0.0,0.0,MIM,2026-08-14T18:33:00+00:00
PER_SESSION_CONDITIONAL_UNKNOWN_EPOCH,2.0,69.55999999999767,0.0,YANK,2026-08-14T18:33:00+00:00
PER_SESSION_CONDITIONAL_UNKNOWN_EPOCH,1.0,0.0,0.0,MIM,2026-08-14T18:34:00+00:00
PER_SESSION_CONDITIONAL_UNKNOWN_EPOCH,2.0,69.55999999999767,0.0,YANK,2026-08-14T18:34:00+00:00
PER_SESSION_CONDITIONAL_UNKNOWN_EPOCH,1.0,0.0,0.0,MIM,2026-08-14T18:35:00+00:00
PER_SESSION_CONDITIONAL_UNKNOWN_EPOCH,2.0,69.55999999999767,0.0,YANK,2026-08-14T18:35:00+00:00
PER_SESSION_CONDITIONAL_UNKNOWN_EPOCH,1.0,0.0,0.0,MIM,2026-08-14T18:36:00+00:00
PER_SESSION_CONDITIONAL_UNKNOWN_EPOCH,2.0,69.55999999999767,0.0,YANK,2026-08-14T18:36:00+00:00
PER_SESSION_CONDITIONAL_UNKNOWN_EPOCH,1.0,0.0,0.0,MIM,2026-08-14T18:37:00+00:00
PER_SESSION_CONDITIONAL_UNKNOWN_EPOCH,2.0,69.55999999999767,0.0,YANK,2026-08-14T18:37:00+00:00
PER_SESSION_CONDITIONAL_UNKNOWN_EPOCH,1.0,0.0,0.0,MIM,2026-08-14T18:38:00+00:00
PER_SESSION_CONDITIONAL_UNKNOWN_EPOCH,2.0,69.55999999999767,0.0,YANK,2026-08-14T18:38:00+00:00
PER_SESSION_CONDITIONAL_UNKNOWN_EPOCH,1.0,0.0,0.0,MIM,2026-08-14T18:39:00+00:00
PER_SESSION_CONDITIONAL_UNKNOWN_EPOCH,2.0,69.55999999999767,0.0,YANK,2026-08-14T18:39:00+00:00
PER_SESSION_CONDITIONAL_UNKNOWN_EPOCH,1.0,0.0,0.0,MIM,2026-08-14T18:40:00+00:00
PER_SESSION_CONDITIONAL_UNKNOWN_EPOCH,2.0,69.55999999999767,0.0,YANK,2026-08-14T18:40:00+00:00
PER_SESSION_CONDITIONAL_UNKNOWN_EPOCH,1.0,0.0,0.0,MIM,2026-08-14T18:41:00+00:00
PER_SESSION_CONDITIONAL_UNKNOWN_EPOCH,2.0,69.55999999999767,0.0,YANK,2026-08-14T18:41:00+00:00
PER_SESSION_CONDITIONAL_UNKNOWN_EPOCH,1.0,0.0,0.0,MIM,2026-08-14T18:42:00+00:00
PER_SESSION_CONDITIONAL_UNKNOWN_EPOCH,2.0,69.55999999999767,0.0,YANK,2026-08-14T18:42:00+00:00
PER_SESSION_CONDITIONAL_UNKNOWN_EPOCH,1.0,0.0,0.0,MIM,2026-08-14T18:43:00+00:00
PER_SESSION_CONDITIONAL_UNKNOWN_EPOCH,2.0,69.55999999999767,0.0,YANK,2026-08-14T18:43:00+00:00
PER_SESSION_CONDITIONAL_UNKNOWN_EPOCH,1.0,0.0,0.0,MIM,2026-08-14T18:44:00+00:00
PER_SESSION_CONDITIONAL_UNKNOWN_EPOCH,2.0,69.55999999999767,0.0,YANK,2026-08-14T18:44:00+00:00
PER_SESSION_CONDITIONAL_UNKNOWN_EPOCH,1.0,0.0,0.0,MIM,2026-08-14T18:45:00+00:00
PER_SESSION_CONDITIONAL_UNKNOWN_EPOCH,2.0,69.55999999999767,0.0,YANK,2026-08-14T18:45:00+00:00
PER_SESSION_CONDITIONAL_UNKNOWN_EPOCH,1.0,0.0,0.0,MIM,2026-08-14T18:46:00+00:00
PER_SESSION_CONDITIONAL_UNKNOWN_EPOCH,2.0,69.55999999999767,0.0,YANK,2026-08-14T18:46:00+00:00
PER_SESSION_CONDITIONAL_UNKNOWN_EPOCH,1.0,0.0,0.0,MIM,2026-08-14T18:47:00+00:00
PER_SESSION_CONDITIONAL_UNKNOWN_EPOCH,2.0,69.55999999999767,0.0,YANK,2026-08-14T18:47:00+00:00
PER_SESSION_CONDITIONAL_UNKNOWN_EPOCH,1.0,0.0,0.0,MIM,2026-08-14T18:48:00+00:00
PER_SESSION_CONDITIONAL_UNKNOWN_EPOCH,2.0,69.55999999999767,0.0,YANK,2026-08-14T18:48:00+00:00
PER_SESSION_CONDITIONAL_UNKNOWN_EPOCH,1.0,0.0,0.0,MIM,2026-08-14T18:49:00+00:00
PER_SESSION_CONDITIONAL_UNKNOWN_EPOCH,2.0,69.55999999999767,0.0,YANK,2026-08-14T18:49:00+00:00
PER_SESSION_CONDITIONAL_UNKNOWN_EPOCH,1.0,0.0,0.0,MIM,2026-08-14T18:50:00+00:00
PER_SESSION_CONDITIONAL_UNKNOWN_EPOCH,2.0,69.55999999999767,0.0,YANK,2026-08-14T18:50:00+00:00
PER_SESSION_CONDITIONAL_UNKNOWN_EPOCH,1.0,0.0,0.0,MIM,2026-08-14T18:51:00+00:00
PER_SESSION_CONDITIONAL_UNKNOWN_EPOCH,2.0,69.55999999999767,0.0,YANK,2026-08-14T18:51:00+00:00
PER_SESSION_CONDITIONAL_UNKNOWN_EPOCH,1.0,0.0,0.0,MIM,2026-08-14T18:52:00+00:00
PER_SESSION_CONDITIONAL_UNKNOWN_EPOCH,2.0,69.55999999999767,0.0,YANK,2026-08-14T18:52:00+00:00
PER_SESSION_CONDITIONAL_UNKNOWN_EPOCH,1.0,0.0,0.0,MIM,2026-08-14T18:53:00+00:00
PER_SESSION_CONDITIONAL_UNKNOWN_EPOCH,2.0,69.55999999999767,0.0,YANK,2026-08-14T18:53:00+00:00
PER_SESSION_CONDITIONAL_UNKNOWN_EPOCH,1.0,0.0,0.0,MIM,2026-08-14T18:54:00+00:00
PER_SESSION_CONDITIONAL_UNKNOWN_EPOCH,2.0,69.55999999999767,0.0,YANK,2026-08-14T18:54:00+00:00
PER_SESSION_CONDITIONAL_UNKNOWN_EPOCH,1.0,0.0,0.0,MIM,2026-08-14T18:55:00+00:00
PER_SESSION_CONDITIONAL_UNKNOWN_EPOCH,2.0,69.55999999999767,0.0,YANK,2026-08-14T18:55:00+00:00
PER_SESSION_CONDITIONAL_UNKNOWN_EPOCH,1.0,0.0,0.0,MIM,2026-08-14T18:56:00+00:00
PER_SESSION_CONDITIONAL_UNKNOWN_EPOCH,2.0,69.55999999999767,0.0,YANK,2026-08-14T18:56:00+00:00
PER_SESSION_CONDITIONAL_UNKNOWN_EPOCH,1.0,0.0,0.0,MIM,2026-08-14T18:57:00+00:00
PER_SESSION_CONDITIONAL_UNKNOWN_EPOCH,2.0,69.55999999999767,0.0,YANK,2026-08-14T18:57:00+00:00
PER_SESSION_CONDITIONAL_UNKNOWN_EPOCH,1.0,0.0,0.0,MIM,2026-08-14T18:58:00+00:00
PER_SESSION_CONDITIONAL_UNKNOWN_EPOCH,2.0,69.55999999999767,0.0,YANK,2026-08-14T18:58:00+00:00
PER_SESSION_CONDITIONAL_UNKNOWN_EPOCH,1.0,0.0,0.0,MIM,2026-08-14T18:59:00+00:00
PER_SESSION_CONDITIONAL_UNKNOWN_EPOCH,2.0,69.55999999999767,0.0,YANK,2026-08-14T18:59:00+00:00
PER_SESSION_CONDITIONAL_UNKNOWN_EPOCH,1.0,0.0,0.0,MIM,2026-08-14T19:00:00+00:00
PER_SESSION_CONDITIONAL_UNKNOWN_EPOCH,2.0,69.55999999999767,0.0,YANK,2026-08-14T19:00:00+00:00
PER_SESSION_CONDITIONAL_UNKNOWN_EPOCH,1.0,0.0,0.0,MIM,2026-08-14T19:01:00+00:00
PER_SESSION_CONDITIONAL_UNKNOWN_EPOCH,2.0,69.55999999999767,0.0,YANK,2026-08-14T19:01:00+00:00
PER_SESSION_CONDITIONAL_UNKNOWN_EPOCH,1.0,0.0,0.0,MIM,2026-08-14T19:02:00+00:00
PER_SESSION_CONDITIONAL_UNKNOWN_EPOCH,2.0,69.55999999999767,0.0,YANK,2026-08-14T19:02:00+00:00
PER_SESSION_CONDITIONAL_UNKNOWN_EPOCH,1.0,0.0,0.0,MIM,2026-08-14T19:03:00+00:00
PER_SESSION_CONDITIONAL_UNKNOWN_EPOCH,2.0,69.55999999999767,0.0,YANK,2026-08-14T19:03:00+00:00
PER_SESSION_CONDITIONAL_UNKNOWN_EPOCH,1.0,0.0,0.0,MIM,2026-08-14T19:04:00+00:00
PER_SESSION_CONDITIONAL_UNKNOWN_EPOCH,2.0,69.55999999999767,0.0,YANK,2026-08-14T19:04:00+00:00
PER_SESSION_CONDITIONAL_UNKNOWN_EPOCH,1.0,0.0,0.0,MIM,2026-08-14T19:05:00+00:00
PER_SESSION_CONDITIONAL_UNKNOWN_EPOCH,2.0,69.55999999999767,0.0,YANK,2026-08-14T19:05:00+00:00
PER_SESSION_CONDITIONAL_UNKNOWN_EPOCH,1.0,0.0,0.0,MIM,2026-08-14T19:06:00+00:00
PER_SESSION_CONDITIONAL_UNKNOWN_EPOCH,2.0,69.55999999999767,0.0,YANK,2026-08-14T19:06:00+00:00
PER_SESSION_CONDITIONAL_UNKNOWN_EPOCH,1.0,0.0,0.0,MIM,2026-08-14T19:07:00+00:00
PER_SESSION_CONDITIONAL_UNKNOWN_EPOCH,2.0,69.55999999999767,0.0,YANK,2026-08-14T19:07:00+00:00
PER_SESSION_CONDITIONAL_UNKNOWN_EPOCH,1.0,0.0,0.0,MIM,2026-08-14T19:08:00+00:00
PER_SESSION_CONDITIONAL_UNKNOWN_EPOCH,2.0,69.55999999999767,0.0,YANK,2026-08-14T19:08:00+00:00
PER_SESSION_CONDITIONAL_UNKNOWN_EPOCH,1.0,0.0,0.0,MIM,2026-08-14T19:09:00+00:00
PER_SESSION_CONDITIONAL_UNKNOWN_EPOCH,2.0,69.55999999999767,0.0,YANK,2026-08-14T19:09:00+00:00
PER_SESSION_CONDITIONAL_UNKNOWN_EPOCH,1.0,0.0,0.0,MIM,2026-08-14T19:10:00+00:00
PER_SESSION_CONDITIONAL_UNKNOWN_EPOCH,2.0,69.55999999999767,0.0,YANK,2026-08-14T19:10:00+00:00
PER_SESSION_CONDITIONAL_UNKNOWN_EPOCH,1.0,0.0,0.0,MIM,2026-08-14T19:11:00+00:00
PER_SESSION_CONDITIONAL_UNKNOWN_EPOCH,2.0,69.55999999999767,0.0,YANK,2026-08-14T19:11:00+00:00
PER_SESSION_CONDITIONAL_UNKNOWN_EPOCH,1.0,0.0,0.0,MIM,2026-08-14T19:12:00+00:00
PER_SESSION_CONDITIONAL_UNKNOWN_EPOCH,2.0,69.55999999999767,0.0,YANK,2026-08-14T19:12:00+00:00
PER_SESSION_CONDITIONAL_UNKNOWN_EPOCH,1.0,0.0,0.0,MIM,2026-08-14T19:13:00+00:00
PER_SESSION_CONDITIONAL_UNKNOWN_EPOCH,2.0,69.55999999999767,0.0,YANK,2026-08-14T19:13:00+00:00
PER_SESSION_CONDITIONAL_UNKNOWN_EPOCH,1.0,0.0,0.0,MIM,2026-08-14T19:14:00+00:00
PER_SESSION_CONDITIONAL_UNKNOWN_EPOCH,2.0,69.55999999999767,0.0,YANK,2026-08-14T19:14:00+00:00
PER_SESSION_CONDITIONAL_UNKNOWN_EPOCH,1.0,0.0,0.0,MIM,2026-08-14T19:15:00+00:00
PER_SESSION_CONDITIONAL_UNKNOWN_EPOCH,2.0,69.55999999999767,0.0,YANK,2026-08-14T19:15:00+00:00
PER_SESSION_CONDITIONAL_UNKNOWN_EPOCH,1.0,0.0,0.0,MIM,2026-08-14T19:16:00+00:00
PER_SESSION_CONDITIONAL_UNKNOWN_EPOCH,2.0,69.55999999999767,0.0,YANK,2026-08-14T19:16:00+00:00
PER_SESSION_CONDITIONAL_UNKNOWN_EPOCH,1.0,0.0,0.0,MIM,2026-08-14T19:17:00+00:00
PER_SESSION_CONDITIONAL_UNKNOWN_EPOCH,2.0,69.55999999999767,0.0,YANK,2026-08-14T19:17:00+00:00
PER_SESSION_CONDITIONAL_UNKNOWN_EPOCH,1.0,0.0,0.0,MIM,2026-08-14T19:18:00+00:00
PER_SESSION_CONDITIONAL_UNKNOWN_EPOCH,2.0,69.55999999999767,0.0,YANK,2026-08-14T19:18:00+00:00
PER_SESSION_CONDITIONAL_UNKNOWN_EPOCH,1.0,0.0,0.0,MIM,2026-08-14T19:19:00+00:00
PER_SESSION_CONDITIONAL_UNKNOWN_EPOCH,2.0,69.55999999999767,0.0,YANK,2026-08-14T19:19:00+00:00
PER_SESSION_CONDITIONAL_UNKNOWN_EPOCH,1.0,0.0,0.0,MIM,2026-08-14T19:20:00+00:00
PER_SESSION_CONDITIONAL_UNKNOWN_EPOCH,2.0,69.55999999999767,0.0,YANK,2026-08-14T19:20:00+00:00
PER_SESSION_CONDITIONAL_UNKNOWN_EPOCH,1.0,0.0,0.0,MIM,2026-08-14T19:21:00+00:00
PER_SESSION_CONDITIONAL_UNKNOWN_EPOCH,2.0,69.55999999999767,0.0,YANK,2026-08-14T19:21:00+00:00
PER_SESSION_CONDITIONAL_UNKNOWN_EPOCH,1.0,0.0,0.0,MIM,2026-08-14T19:22:00+00:00
PER_SESSION_CONDITIONAL_UNKNOWN_EPOCH,2.0,69.55999999999767,0.0,YANK,2026-08-14T19:22:00+00:00
PER_SESSION_CONDITIONAL_UNKNOWN_EPOCH,1.0,0.0,0.0,MIM,2026-08-14T19:23:00+00:00
PER_SESSION_CONDITIONAL_UNKNOWN_EPOCH,2.0,69.55999999999767,0.0,YANK,2026-08-14T19:23:00+00:00
PER_SESSION_CONDITIONAL_UNKNOWN_EPOCH,1.0,0.0,0.0,MIM,2026-08-14T19:24:00+00:00
PER_SESSION_CONDITIONAL_UNKNOWN_EPOCH,2.0,69.55999999999767,0.0,YANK,2026-08-14T19:24:00+00:00
PER_SESSION_CONDITIONAL_UNKNOWN_EPOCH,1.0,0.0,0.0,MIM,2026-08-14T19:25:00+00:00
PER_SESSION_CONDITIONAL_UNKNOWN_EPOCH,2.0,69.55999999999767,0.0,YANK,2026-08-14T19:25:00+00:00
PER_SESSION_CONDITIONAL_UNKNOWN_EPOCH,1.0,0.0,0.0,MIM,2026-08-14T19:26:00+00:00
PER_SESSION_CONDITIONAL_UNKNOWN_EPOCH,2.0,69.55999999999767,0.0,YANK,2026-08-14T19:26:00+00:00
PER_SESSION_CONDITIONAL_UNKNOWN_EPOCH,1.0,0.0,0.0,MIM,2026-08-14T19:27:00+00:00
PER_SESSION_CONDITIONAL_UNKNOWN_EPOCH,2.0,69.55999999999767,0.0,YANK,2026-08-14T19:27:00+00:00
PER_SESSION_CONDITIONAL_UNKNOWN_EPOCH,1.0,0.0,0.0,MIM,2026-08-14T19:28:00+00:00
PER_SESSION_CONDITIONAL_UNKNOWN_EPOCH,2.0,69.55999999999767,0.0,YANK,2026-08-14T19:28:00+00:00
PER_SESSION_CONDITIONAL_UNKNOWN_EPOCH,1.0,0.0,0.0,MIM,2026-08-14T19:29:00+00:00
PER_SESSION_CONDITIONAL_UNKNOWN_EPOCH,2.0,69.55999999999767,0.0,YANK,2026-08-14T19:29:00+00:00
PER_SESSION_CONDITIONAL_UNKNOWN_EPOCH,1.0,0.0,0.0,MIM,2026-08-14T19:30:00+00:00
PER_SESSION_CONDITIONAL_UNKNOWN_EPOCH,2.0,69.55999999999767,0.0,YANK,2026-08-14T19:30:00+00:00
PER_SESSION_CONDITIONAL_UNKNOWN_EPOCH,1.0,0.0,0.0,MIM,2026-08-14T19:31:00+00:00
PER_SESSION_CONDITIONAL_UNKNOWN_EPOCH,2.0,69.55999999999767,0.0,YANK,2026-08-14T19:31:00+00:00
PER_SESSION_CONDITIONAL_UNKNOWN_EPOCH,1.0,0.0,0.0,MIM,2026-08-14T19:32:00+00:00
PER_SESSION_CONDITIONAL_UNKNOWN_EPOCH,2.0,69.55999999999767,0.0,YANK,2026-08-14T19:32:00+00:00
PER_SESSION_CONDITIONAL_UNKNOWN_EPOCH,1.0,0.0,0.0,MIM,2026-08-14T19:33:00+00:00
PER_SESSION_CONDITIONAL_UNKNOWN_EPOCH,2.0,69.55999999999767,0.0,YANK,2026-08-14T19:33:00+00:00
PER_SESSION_CONDITIONAL_UNKNOWN_EPOCH,1.0,0.0,0.0,MIM,2026-08-14T19:34:00+00:00
PER_SESSION_CONDITIONAL_UNKNOWN_EPOCH,2.0,69.55999999999767,0.0,YANK,2026-08-14T19:34:00+00:00
PER_SESSION_CONDITIONAL_UNKNOWN_EPOCH,1.0,0.0,0.0,MIM,2026-08-14T19:35:00+00:00
PER_SESSION_CONDITIONAL_UNKNOWN_EPOCH,2.0,69.55999999999767,0.0,YANK,2026-08-14T19:35:00+00:00
PER_SESSION_CONDITIONAL_UNKNOWN_EPOCH,1.0,0.0,0.0,MIM,2026-08-14T19:36:00+00:00
PER_SESSION_CONDITIONAL_UNKNOWN_EPOCH,2.0,69.55999999999767,0.0,YANK,2026-08-14T19:36:00+00:00
PER_SESSION_CONDITIONAL_UNKNOWN_EPOCH,1.0,0.0,0.0,MIM,2026-08-14T19:37:00+00:00
PER_SESSION_CONDITIONAL_UNKNOWN_EPOCH,2.0,69.55999999999767,0.0,YANK,2026-08-14T19:37:00+00:00
PER_SESSION_CONDITIONAL_UNKNOWN_EPOCH,1.0,0.0,0.0,MIM,2026-08-14T19:38:00+00:00
PER_SESSION_CONDITIONAL_UNKNOWN_EPOCH,2.0,69.55999999999767,0.0,YANK,2026-08-14T19:38:00+00:00
PER_SESSION_CONDITIONAL_UNKNOWN_EPOCH,1.0,0.0,0.0,MIM,2026-08-14T19:39:00+00:00
PER_SESSION_CONDITIONAL_UNKNOWN_EPOCH,2.0,69.55999999999767,0.0,YANK,2026-08-14T19:39:00+00:00
PER_SESSION_CONDITIONAL_UNKNOWN_EPOCH,1.0,0.0,0.0,MIM,2026-08-14T19:40:00+00:00
PER_SESSION_CONDITIONAL_UNKNOWN_EPOCH,2.0,69.55999999999767,0.0,YANK,2026-08-14T19:40:00+00:00
PER_SESSION_CONDITIONAL_UNKNOWN_EPOCH,1.0,0.0,0.0,MIM,2026-08-14T19:41:00+00:00
PER_SESSION_CONDITIONAL_UNKNOWN_EPOCH,2.0,69.55999999999767,0.0,YANK,2026-08-14T19:41:00+00:00
PER_SESSION_CONDITIONAL_UNKNOWN_EPOCH,1.0,0.0,0.0,MIM,2026-08-14T19:42:00+00:00
PER_SESSION_CONDITIONAL_UNKNOWN_EPOCH,2.0,69.55999999999767,0.0,YANK,2026-08-14T19:42:00+00:00
PER_SESSION_CONDITIONAL_UNKNOWN_EPOCH,1.0,0.0,0.0,MIM,2026-08-14T19:43:00+00:00
PER_SESSION_CONDITIONAL_UNKNOWN_EPOCH,2.0,69.55999999999767,0.0,YANK,2026-08-14T19:43:00+00:00
PER_SESSION_CONDITIONAL_UNKNOWN_EPOCH,1.0,0.0,0.0,MIM,2026-08-14T19:44:00+00:00
PER_SESSION_CONDITIONAL_UNKNOWN_EPOCH,2.0,69.55999999999767,0.0,YANK,2026-08-14T19:44:00+00:00
PER_SESSION_CONDITIONAL_UNKNOWN_EPOCH,1.0,0.0,0.0,MIM,2026-08-14T19:45:00+00:00
PER_SESSION_CONDITIONAL_UNKNOWN_EPOCH,2.0,69.55999999999767,0.0,YANK,2026-08-14T19:45:00+00:00
PER_SESSION_CONDITIONAL_UNKNOWN_EPOCH,1.0,0.0,0.0,MIM,2026-08-14T19:46:00+00:00
PER_SESSION_CONDITIONAL_UNKNOWN_EPOCH,2.0,69.55999999999767,0.0,YANK,2026-08-14T19:46:00+00:00
PER_SESSION_CONDITIONAL_UNKNOWN_EPOCH,1.0,0.0,0.0,MIM,2026-08-14T19:47:00+00:00
PER_SESSION_CONDITIONAL_UNKNOWN_EPOCH,2.0,69.55999999999767,0.0,YANK,2026-08-14T19:47:00+00:00
PER_SESSION_CONDITIONAL_UNKNOWN_EPOCH,1.0,0.0,0.0,MIM,2026-08-14T19:48:00+00:00
PER_SESSION_CONDITIONAL_UNKNOWN_EPOCH,2.0,69.55999999999767,0.0,YANK,2026-08-14T19:48:00+00:00
PER_SESSION_CONDITIONAL_UNKNOWN_EPOCH,1.0,0.0,0.0,MIM,2026-08-14T19:49:00+00:00
PER_SESSION_CONDITIONAL_UNKNOWN_EPOCH,2.0,69.55999999999767,0.0,YANK,2026-08-14T19:49:00+00:00
PER_SESSION_CONDITIONAL_UNKNOWN_EPOCH,1.0,0.0,0.0,MIM,2026-08-14T19:50:00+00:00
PER_SESSION_CONDITIONAL_UNKNOWN_EPOCH,2.0,69.55999999999767,0.0,YANK,2026-08-14T19:50:00+00:00
PER_SESSION_CONDITIONAL_UNKNOWN_EPOCH,1.0,0.0,0.0,MIM,2026-08-14T19:51:00+00:00
PER_SESSION_CONDITIONAL_UNKNOWN_EPOCH,2.0,69.55999999999767,0.0,YANK,2026-08-14T19:51:00+00:00
PER_SESSION_CONDITIONAL_UNKNOWN_EPOCH,1.0,0.0,0.0,MIM,2026-08-14T19:52:00+00:00
PER_SESSION_CONDITIONAL_UNKNOWN_EPOCH,2.0,69.55999999999767,0.0,YANK,2026-08-14T19:52:00+00:00
PER_SESSION_CONDITIONAL_UNKNOWN_EPOCH,1.0,0.0,0.0,MIM,2026-08-14T19:53:00+00:00
PER_SESSION_CONDITIONAL_UNKNOWN_EPOCH,2.0,69.55999999999767,0.0,YANK,2026-08-14T19:53:00+00:00
PER_SESSION_CONDITIONAL_UNKNOWN_EPOCH,1.0,0.0,0.0,MIM,2026-08-14T19:54:00+00:00
PER_SESSION_CONDITIONAL_UNKNOWN_EPOCH,2.0,69.55999999999767,0.0,YANK,2026-08-14T19:54:00+00:00
PER_SESSION_CONDITIONAL_UNKNOWN_EPOCH,1.0,0.0,0.0,MIM,2026-08-14T19:55:00+00:00
PER_SESSION_CONDITIONAL_UNKNOWN_EPOCH,2.0,69.55999999999767,0.0,YANK,2026-08-14T19:55:00+00:00
PER_SESSION_CONDITIONAL_UNKNOWN_EPOCH,1.0,0.0,0.0,MIM,2026-08-14T19:56:00+00:00
PER_SESSION_CONDITIONAL_UNKNOWN_EPOCH,2.0,69.55999999999767,0.0,YANK,2026-08-14T19:56:00+00:00
PER_SESSION_CONDITIONAL_UNKNOWN_EPOCH,1.0,0.0,0.0,MIM,2026-08-14T19:57:00+00:00
PER_SESSION_CONDITIONAL_UNKNOWN_EPOCH,2.0,69.55999999999767,0.0,YANK,2026-08-14T19:57:00+00:00
PER_SESSION_CONDITIONAL_UNKNOWN_EPOCH,1.0,0.0,0.0,MIM,2026-08-14T19:58:00+00:00
PER_SESSION_CONDITIONAL_UNKNOWN_EPOCH,2.0,69.55999999999767,0.0,YANK,2026-08-14T19:58:00+00:00
PER_SESSION_CONDITIONAL_UNKNOWN_EPOCH,1.0,0.0,0.0,MIM,2026-08-14T19:59:00+00:00
PER_SESSION_CONDITIONAL_UNKNOWN_EPOCH,2.0,69.55999999999767,0.0,YANK,2026-08-14T19:59:00+00:00
PER_SESSION_CONDITIONAL_UNKNOWN_EPOCH,1.0,0.0,0.0,MIM,2026-08-14T20:00:00+00:00
PER_SESSION_CONDITIONAL_UNKNOWN_EPOCH,2.0,69.55999999999767,0.0,YANK,2026-08-14T20:00:00+00:00
PER_SESSION_CONDITIONAL_UNKNOWN_EPOCH,1.0,0.0,0.0,MIM,2026-08-14T20:01:00+00:00
PER_SESSION_CONDITIONAL_UNKNOWN_EPOCH,2.0,69.55999999999767,0.0,YANK,2026-08-14T20:01:00+00:00
PER_SESSION_CONDITIONAL_UNKNOWN_EPOCH,1.0,0.0,0.0,MIM,2026-08-17T13:31:00+00:00
PER_SESSION_CONDITIONAL_UNKNOWN_EPOCH,2.0,0.0,0.0,YANK,2026-08-17T13:31:00+00:00
PER_SESSION_CONDITIONAL_UNKNOWN_EPOCH,1.0,0.0,0.0,MIM,2026-08-17T13:32:00+00:00
PER_SESSION_CONDITIONAL_UNKNOWN_EPOCH,2.0,47.779999999998836,120993.0,YANK,2026-08-17T13:32:00+00:00
PER_SESSION_CONDITIONAL_UNKNOWN_EPOCH,1.0,0.0,0.0,MIM,2026-08-17T13:33:00+00:00
PER_SESSION_CONDITIONAL_UNKNOWN_EPOCH,2.0,218.77999999999884,120822.0,YANK,2026-08-17T13:33:00+00:00
PER_SESSION_CONDITIONAL_UNKNOWN_EPOCH,1.0,0.0,0.0,MIM,2026-08-17T13:34:00+00:00
PER_SESSION_CONDITIONAL_UNKNOWN_EPOCH,2.0,141.77999999999884,120899.0,YANK,2026-08-17T13:34:00+00:00
PER_SESSION_CONDITIONAL_UNKNOWN_EPOCH,1.0,0.0,0.0,MIM,2026-08-17T13:35:00+00:00
PER_SESSION_CONDITIONAL_UNKNOWN_EPOCH,2.0,253.77999999999884,120787.0,YANK,2026-08-17T13:35:00+00:00
PER_SESSION_CONDITIONAL_UNKNOWN_EPOCH,1.0,0.0,0.0,MIM,2026-08-17T13:36:00+00:00
PER_SESSION_CONDITIONAL_UNKNOWN_EPOCH,2.0,139.77999999999884,120901.0,YANK,2026-08-17T13:36:00+00:00
PER_SESSION_CONDITIONAL_UNKNOWN_EPOCH,1.0,0.0,0.0,MIM,2026-08-17T13:37:00+00:00
PER_SESSION_CONDITIONAL_UNKNOWN_EPOCH,2.0,107.77999999999884,120933.0,YANK,2026-08-17T13:37:00+00:00
PER_SESSION_CONDITIONAL_UNKNOWN_EPOCH,1.0,0.0,0.0,MIM,2026-08-17T13:38:00+00:00
PER_SESSION_CONDITIONAL_UNKNOWN_EPOCH,2.0,208.77999999999884,120832.0,YANK,2026-08-17T13:38:00+00:00
PER_SESSION_CONDITIONAL_UNKNOWN_EPOCH,1.0,0.0,0.0,MIM,2026-08-17T13:39:00+00:00
PER_SESSION_CONDITIONAL_UNKNOWN_EPOCH,2.0,291.77999999999884,120749.0,YANK,2026-08-17T13:39:00+00:00
PER_SESSION_CONDITIONAL_UNKNOWN_EPOCH,1.0,0.0,0.0,MIM,2026-08-17T13:40:00+00:00
PER_SESSION_CONDITIONAL_UNKNOWN_EPOCH,2.0,325.77999999999884,120715.0,YANK,2026-08-17T13:40:00+00:00
PER_SESSION_CONDITIONAL_UNKNOWN_EPOCH,1.0,0.0,0.0,MIM,2026-08-17T13:41:00+00:00
PER_SESSION_CONDITIONAL_UNKNOWN_EPOCH,2.0,274.77999999999884,120766.0,YANK,2026-08-17T13:41:00+00:00
PER_SESSION_CONDITIONAL_UNKNOWN_EPOCH,1.0,0.0,0.0,MIM,2026-08-17T13:42:00+00:00
PER_SESSION_CONDITIONAL_UNKNOWN_EPOCH,2.0,171.77999999999884,120869.0,YANK,2026-08-17T13:42:00+00:00
PER_SESSION_CONDITIONAL_UNKNOWN_EPOCH,1.0,0.0,0.0,MIM,2026-08-17T13:43:00+00:00
PER_SESSION_CONDITIONAL_UNKNOWN_EPOCH,2.0,152.77999999999884,120888.0,YANK,2026-08-17T13:43:00+00:00
PER_SESSION_CONDITIONAL_UNKNOWN_EPOCH,1.0,0.0,0.0,MIM,2026-08-17T13:44:00+00:00
PER_SESSION_CONDITIONAL_UNKNOWN_EPOCH,2.0,232.77999999999884,120808.0,YANK,2026-08-17T13:44:00+00:00
PER_SESSION_CONDITIONAL_UNKNOWN_EPOCH,1.0,0.0,0.0,MIM,2026-08-17T13:45:00+00:00
PER_SESSION_CONDITIONAL_UNKNOWN_EPOCH,2.0,256.77999999999884,120784.0,YANK,2026-08-17T13:45:00+00:00
PER_SESSION_CONDITIONAL_UNKNOWN_EPOCH,1.0,0.0,0.0,MIM,2026-08-17T13:46:00+00:00
PER_SESSION_CONDITIONAL_UNKNOWN_EPOCH,2.0,314.77999999999884,120726.0,YANK,2026-08-17T13:46:00+00:00
PER_SESSION_CONDITIONAL_UNKNOWN_EPOCH,1.0,0.0,0.0,MIM,2026-08-17T13:47:00+00:00
PER_SESSION_CONDITIONAL_UNKNOWN_EPOCH,2.0,312.77999999999884,120728.0,YANK,2026-08-17T13:47:00+00:00
PER_SESSION_CONDITIONAL_UNKNOWN_EPOCH,1.0,0.0,0.0,MIM,2026-08-17T13:48:00+00:00
PER_SESSION_CONDITIONAL_UNKNOWN_EPOCH,2.0,251.77999999999884,120789.0,YANK,2026-08-17T13:48:00+00:00
PER_SESSION_CONDITIONAL_UNKNOWN_EPOCH,1.0,0.0,0.0,MIM,2026-08-17T13:49:00+00:00
PER_SESSION_CONDITIONAL_UNKNOWN_EPOCH,2.0,188.77999999999884,120852.0,YANK,2026-08-17T13:49:00+00:00
PER_SESSION_CONDITIONAL_UNKNOWN_EPOCH,1.0,0.0,0.0,MIM,2026-08-17T13:50:00+00:00
PER_SESSION_CONDITIONAL_UNKNOWN_EPOCH,2.0,136.77999999999884,120904.0,YANK,2026-08-17T13:50:00+00:00
PER_SESSION_CONDITIONAL_UNKNOWN_EPOCH,1.0,0.0,0.0,MIM,2026-08-17T13:51:00+00:00
PER_SESSION_CONDITIONAL_UNKNOWN_EPOCH,2.0,165.77999999999884,120875.0,YANK,2026-08-17T13:51:00+00:00
PER_SESSION_CONDITIONAL_UNKNOWN_EPOCH,1.0,0.0,0.0,MIM,2026-08-17T13:52:00+00:00
PER_SESSION_CONDITIONAL_UNKNOWN_EPOCH,2.0,56.779999999998836,120984.0,YANK,2026-08-17T13:52:00+00:00
PER_SESSION_CONDITIONAL_UNKNOWN_EPOCH,1.0,0.0,0.0,MIM,2026-08-17T13:53:00+00:00
PER_SESSION_CONDITIONAL_UNKNOWN_EPOCH,2.0,135.77999999999884,120905.0,YANK,2026-08-17T13:53:00+00:00
PER_SESSION_CONDITIONAL_UNKNOWN_EPOCH,1.0,0.0,0.0,MIM,2026-08-17T13:54:00+00:00
PER_SESSION_CONDITIONAL_UNKNOWN_EPOCH,2.0,89.77999999999884,120951.0,YANK,2026-08-17T13:54:00+00:00
PER_SESSION_CONDITIONAL_UNKNOWN_EPOCH,1.0,0.0,0.0,MIM,2026-08-17T13:55:00+00:00
PER_SESSION_CONDITIONAL_UNKNOWN_EPOCH,2.0,43.779999999998836,120997.0,YANK,2026-08-17T13:55:00+00:00
PER_SESSION_CONDITIONAL_UNKNOWN_EPOCH,1.0,0.0,0.0,MIM,2026-08-17T13:56:00+00:00
PER_SESSION_CONDITIONAL_UNKNOWN_EPOCH,2.0,90.77999999999884,120950.0,YANK,2026-08-17T13:56:00+00:00
PER_SESSION_CONDITIONAL_UNKNOWN_EPOCH,1.0,0.0,0.0,MIM,2026-08-17T13:57:00+00:00
PER_SESSION_CONDITIONAL_UNKNOWN_EPOCH,2.0,112.77999999999884,120928.0,YANK,2026-08-17T13:57:00+00:00
PER_SESSION_CONDITIONAL_UNKNOWN_EPOCH,1.0,0.0,0.0,MIM,2026-08-17T13:58:00+00:00
PER_SESSION_CONDITIONAL_UNKNOWN_EPOCH,2.0,109.77999999999884,120931.0,YANK,2026-08-17T13:58:00+00:00
PER_SESSION_CONDITIONAL_UNKNOWN_EPOCH,1.0,0.0,0.0,MIM,2026-08-17T13:59:00+00:00
PER_SESSION_CONDITIONAL_UNKNOWN_EPOCH,2.0,153.77999999999884,120887.0,YANK,2026-08-17T13:59:00+00:00
PER_SESSION_CONDITIONAL_UNKNOWN_EPOCH,1.0,0.0,0.0,MIM,2026-08-17T14:00:00+00:00
PER_SESSION_CONDITIONAL_UNKNOWN_EPOCH,2.0,102.77999999999884,120938.0,YANK,2026-08-17T14:00:00+00:00
PER_SESSION_CONDITIONAL_UNKNOWN_EPOCH,1.0,0.0,0.0,MIM,2026-08-17T14:01:00+00:00
PER_SESSION_CONDITIONAL_UNKNOWN_EPOCH,2.0,164.77999999999884,120876.0,YANK,2026-08-17T14:01:00+00:00
PER_SESSION_CONDITIONAL_UNKNOWN_EPOCH,1.0,0.0,0.0,MIM,2026-08-17T14:02:00+00:00
PER_SESSION_CONDITIONAL_UNKNOWN_EPOCH,2.0,170.77999999999884,120870.0,YANK,2026-08-17T14:02:00+00:00
PER_SESSION_CONDITIONAL_UNKNOWN_EPOCH,1.0,0.0,0.0,MIM,2026-08-17T14:03:00+00:00
PER_SESSION_CONDITIONAL_UNKNOWN_EPOCH,2.0,241.77999999999884,120799.0,YANK,2026-08-17T14:03:00+00:00
PER_SESSION_CONDITIONAL_UNKNOWN_EPOCH,1.0,0.0,0.0,MIM,2026-08-17T14:04:00+00:00
PER_SESSION_CONDITIONAL_UNKNOWN_EPOCH,2.0,224.77999999999884,120816.0,YANK,2026-08-17T14:04:00+00:00
PER_SESSION_CONDITIONAL_UNKNOWN_EPOCH,1.0,0.0,0.0,MIM,2026-08-17T14:05:00+00:00
PER_SESSION_CONDITIONAL_UNKNOWN_EPOCH,2.0,211.77999999999884,120829.0,YANK,2026-08-17T14:05:00+00:00
PER_SESSION_CONDITIONAL_UNKNOWN_EPOCH,1.0,0.0,0.0,MIM,2026-08-17T14:06:00+00:00
PER_SESSION_CONDITIONAL_UNKNOWN_EPOCH,2.0,253.77999999999884,120787.0,YANK,2026-08-17T14:06:00+00:00
PER_SESSION_CONDITIONAL_UNKNOWN_EPOCH,1.0,0.0,0.0,MIM,2026-08-17T14:07:00+00:00
PER_SESSION_CONDITIONAL_UNKNOWN_EPOCH,2.0,302.77999999999884,120738.0,YANK,2026-08-17T14:07:00+00:00
PER_SESSION_CONDITIONAL_UNKNOWN_EPOCH,1.0,0.0,0.0,MIM,2026-08-17T14:08:00+00:00
PER_SESSION_CONDITIONAL_UNKNOWN_EPOCH,2.0,334.77999999999884,120706.0,YANK,2026-08-17T14:08:00+00:00
PER_SESSION_CONDITIONAL_UNKNOWN_EPOCH,1.0,0.0,0.0,MIM,2026-08-17T14:09:00+00:00
PER_SESSION_CONDITIONAL_UNKNOWN_EPOCH,2.0,297.77999999999884,120743.0,YANK,2026-08-17T14:09:00+00:00
PER_SESSION_CONDITIONAL_UNKNOWN_EPOCH,1.0,0.0,0.0,MIM,2026-08-17T14:10:00+00:00
PER_SESSION_CONDITIONAL_UNKNOWN_EPOCH,2.0,253.77999999999884,120787.0,YANK,2026-08-17T14:10:00+00:00
PER_SESSION_CONDITIONAL_UNKNOWN_EPOCH,1.0,0.0,0.0,MIM,2026-08-17T14:11:00+00:00
PER_SESSION_CONDITIONAL_UNKNOWN_EPOCH,2.0,177.77999999999884,120863.0,YANK,2026-08-17T14:11:00+00:00
PER_SESSION_CONDITIONAL_UNKNOWN_EPOCH,1.0,0.0,0.0,MIM,2026-08-17T14:12:00+00:00
PER_SESSION_CONDITIONAL_UNKNOWN_EPOCH,2.0,226.77999999999884,120814.0,YANK,2026-08-17T14:12:00+00:00
PER_SESSION_CONDITIONAL_UNKNOWN_EPOCH,1.0,0.0,0.0,MIM,2026-08-17T14:13:00+00:00
PER_SESSION_CONDITIONAL_UNKNOWN_EPOCH,2.0,172.77999999999884,120868.0,YANK,2026-08-17T14:13:00+00:00
PER_SESSION_CONDITIONAL_UNKNOWN_EPOCH,1.0,0.0,0.0,MIM,2026-08-17T14:14:00+00:00
PER_SESSION_CONDITIONAL_UNKNOWN_EPOCH,2.0,169.77999999999884,120871.0,YANK,2026-08-17T14:14:00+00:00
PER_SESSION_CONDITIONAL_UNKNOWN_EPOCH,1.0,0.0,0.0,MIM,2026-08-17T14:15:00+00:00
PER_SESSION_CONDITIONAL_UNKNOWN_EPOCH,2.0,141.77999999999884,120899.0,YANK,2026-08-17T14:15:00+00:00
PER_SESSION_CONDITIONAL_UNKNOWN_EPOCH,1.0,0.0,0.0,MIM,2026-08-17T14:16:00+00:00
PER_SESSION_CONDITIONAL_UNKNOWN_EPOCH,2.0,164.77999999999884,120876.0,YANK,2026-08-17T14:16:00+00:00
PER_SESSION_CONDITIONAL_UNKNOWN_EPOCH,1.0,0.0,0.0,MIM,2026-08-17T14:17:00+00:00
PER_SESSION_CONDITIONAL_UNKNOWN_EPOCH,2.0,253.77999999999884,120787.0,YANK,2026-08-17T14:17:00+00:00
PER_SESSION_CONDITIONAL_UNKNOWN_EPOCH,1.0,0.0,0.0,MIM,2026-08-17T14:18:00+00:00
PER_SESSION_CONDITIONAL_UNKNOWN_EPOCH,2.0,231.77999999999884,120809.0,YANK,2026-08-17T14:18:00+00:00
PER_SESSION_CONDITIONAL_UNKNOWN_EPOCH,1.0,0.0,0.0,MIM,2026-08-17T14:19:00+00:00
PER_SESSION_CONDITIONAL_UNKNOWN_EPOCH,2.0,305.77999999999884,120735.0,YANK,2026-08-17T14:19:00+00:00
PER_SESSION_CONDITIONAL_UNKNOWN_EPOCH,1.0,0.0,0.0,MIM,2026-08-17T14:20:00+00:00
PER_SESSION_CONDITIONAL_UNKNOWN_EPOCH,2.0,318.77999999999884,120722.0,YANK,2026-08-17T14:20:00+00:00
PER_SESSION_CONDITIONAL_UNKNOWN_EPOCH,1.0,0.0,0.0,MIM,2026-08-17T14:21:00+00:00
PER_SESSION_CONDITIONAL_UNKNOWN_EPOCH,2.0,381.77999999999884,120659.0,YANK,2026-08-17T14:21:00+00:00
PER_SESSION_CONDITIONAL_UNKNOWN_EPOCH,1.0,0.0,0.0,MIM,2026-08-17T14:22:00+00:00
PER_SESSION_CONDITIONAL_UNKNOWN_EPOCH,2.0,345.77999999999884,120695.0,YANK,2026-08-17T14:22:00+00:00
PER_SESSION_CONDITIONAL_UNKNOWN_EPOCH,1.0,0.0,0.0,MIM,2026-08-17T14:23:00+00:00
PER_SESSION_CONDITIONAL_UNKNOWN_EPOCH,2.0,334.77999999999884,120706.0,YANK,2026-08-17T14:23:00+00:00
PER_SESSION_CONDITIONAL_UNKNOWN_EPOCH,1.0,0.0,0.0,MIM,2026-08-17T14:24:00+00:00
PER_SESSION_CONDITIONAL_UNKNOWN_EPOCH,2.0,344.77999999999884,120696.0,YANK,2026-08-17T14:24:00+00:00
PER_SESSION_CONDITIONAL_UNKNOWN_EPOCH,1.0,0.0,0.0,MIM,2026-08-17T14:25:00+00:00
PER_SESSION_CONDITIONAL_UNKNOWN_EPOCH,2.0,335.77999999999884,120705.0,YANK,2026-08-17T14:25:00+00:00
PER_SESSION_CONDITIONAL_UNKNOWN_EPOCH,1.0,0.0,0.0,MIM,2026-08-17T14:26:00+00:00
PER_SESSION_CONDITIONAL_UNKNOWN_EPOCH,2.0,339.77999999999884,120701.0,YANK,2026-08-17T14:26:00+00:00
PER_SESSION_CONDITIONAL_UNKNOWN_EPOCH,1.0,0.0,0.0,MIM,2026-08-17T14:27:00+00:00
PER_SESSION_CONDITIONAL_UNKNOWN_EPOCH,2.0,319.77999999999884,120721.0,YANK,2026-08-17T14:27:00+00:00
PER_SESSION_CONDITIONAL_UNKNOWN_EPOCH,1.0,0.0,0.0,MIM,2026-08-17T14:28:00+00:00
PER_SESSION_CONDITIONAL_UNKNOWN_EPOCH,2.0,321.77999999999884,120719.0,YANK,2026-08-17T14:28:00+00:00
PER_SESSION_CONDITIONAL_UNKNOWN_EPOCH,1.0,0.0,0.0,MIM,2026-08-17T14:29:00+00:00
PER_SESSION_CONDITIONAL_UNKNOWN_EPOCH,2.0,343.77999999999884,120697.0,YANK,2026-08-17T14:29:00+00:00
PER_SESSION_CONDITIONAL_UNKNOWN_EPOCH,1.0,0.0,0.0,MIM,2026-08-17T14:30:00+00:00
PER_SESSION_CONDITIONAL_UNKNOWN_EPOCH,2.0,252.77999999999884,120788.0,YANK,2026-08-17T14:30:00+00:00
PER_SESSION_CONDITIONAL_UNKNOWN_EPOCH,1.0,0.0,0.0,MIM,2026-08-17T14:31:00+00:00
PER_SESSION_CONDITIONAL_UNKNOWN_EPOCH,2.0,251.77999999999884,120789.0,YANK,2026-08-17T14:31:00+00:00
PER_SESSION_CONDITIONAL_UNKNOWN_EPOCH,1.0,0.0,0.0,MIM,2026-08-17T14:32:00+00:00
PER_SESSION_CONDITIONAL_UNKNOWN_EPOCH,2.0,229.77999999999884,120811.0,YANK,2026-08-17T14:32:00+00:00
PER_SESSION_CONDITIONAL_UNKNOWN_EPOCH,1.0,0.0,0.0,MIM,2026-08-17T14:33:00+00:00
PER_SESSION_CONDITIONAL_UNKNOWN_EPOCH,2.0,232.55999999999767,0.0,YANK,2026-08-17T14:33:00+00:00
PER_SESSION_CONDITIONAL_UNKNOWN_EPOCH,1.0,0.0,0.0,MIM,2026-08-17T14:34:00+00:00
PER_SESSION_CONDITIONAL_UNKNOWN_EPOCH,2.0,232.55999999999767,0.0,YANK,2026-08-17T14:34:00+00:00
PER_SESSION_CONDITIONAL_UNKNOWN_EPOCH,1.0,0.0,0.0,MIM,2026-08-17T14:35:00+00:00
PER_SESSION_CONDITIONAL_UNKNOWN_EPOCH,2.0,232.55999999999767,0.0,YANK,2026-08-17T14:35:00+00:00
PER_SESSION_CONDITIONAL_UNKNOWN_EPOCH,1.0,0.0,0.0,MIM,2026-08-17T14:36:00+00:00
PER_SESSION_CONDITIONAL_UNKNOWN_EPOCH,2.0,232.55999999999767,0.0,YANK,2026-08-17T14:36:00+00:00
PER_SESSION_CONDITIONAL_UNKNOWN_EPOCH,1.0,0.0,0.0,MIM,2026-08-17T14:37:00+00:00
PER_SESSION_CONDITIONAL_UNKNOWN_EPOCH,2.0,232.55999999999767,0.0,YANK,2026-08-17T14:37:00+00:00
PER_SESSION_CONDITIONAL_UNKNOWN_EPOCH,1.0,0.0,0.0,MIM,2026-08-17T14:38:00+00:00
PER_SESSION_CONDITIONAL_UNKNOWN_EPOCH,2.0,232.55999999999767,0.0,YANK,2026-08-17T14:38:00+00:00
PER_SESSION_CONDITIONAL_UNKNOWN_EPOCH,1.0,0.0,0.0,MIM,2026-08-17T14:39:00+00:00
PER_SESSION_CONDITIONAL_UNKNOWN_EPOCH,2.0,232.55999999999767,0.0,YANK,2026-08-17T14:39:00+00:00
PER_SESSION_CONDITIONAL_UNKNOWN_EPOCH,1.0,0.0,0.0,MIM,2026-08-17T14:40:00+00:00
PER_SESSION_CONDITIONAL_UNKNOWN_EPOCH,2.0,232.55999999999767,0.0,YANK,2026-08-17T14:40:00+00:00
PER_SESSION_CONDITIONAL_UNKNOWN_EPOCH,1.0,0.0,0.0,MIM,2026-08-17T14:41:00+00:00
PER_SESSION_CONDITIONAL_UNKNOWN_EPOCH,2.0,232.55999999999767,0.0,YANK,2026-08-17T14:41:00+00:00
PER_SESSION_CONDITIONAL_UNKNOWN_EPOCH,1.0,0.0,0.0,MIM,2026-08-17T14:42:00+00:00
PER_SESSION_CONDITIONAL_UNKNOWN_EPOCH,2.0,232.55999999999767,0.0,YANK,2026-08-17T14:42:00+00:00
PER_SESSION_CONDITIONAL_UNKNOWN_EPOCH,1.0,0.0,0.0,MIM,2026-08-17T14:43:00+00:00
PER_SESSION_CONDITIONAL_UNKNOWN_EPOCH,2.0,232.55999999999767,0.0,YANK,2026-08-17T14:43:00+00:00
PER_SESSION_CONDITIONAL_UNKNOWN_EPOCH,1.0,0.0,0.0,MIM,2026-08-17T14:44:00+00:00
PER_SESSION_CONDITIONAL_UNKNOWN_EPOCH,2.0,232.55999999999767,0.0,YANK,2026-08-17T14:44:00+00:00
PER_SESSION_CONDITIONAL_UNKNOWN_EPOCH,1.0,0.0,0.0,MIM,2026-08-17T14:45:00+00:00
PER_SESSION_CONDITIONAL_UNKNOWN_EPOCH,2.0,232.55999999999767,0.0,YANK,2026-08-17T14:45:00+00:00
PER_SESSION_CONDITIONAL_UNKNOWN_EPOCH,1.0,0.0,0.0,MIM,2026-08-17T14:46:00+00:00
PER_SESSION_CONDITIONAL_UNKNOWN_EPOCH,2.0,232.55999999999767,0.0,YANK,2026-08-17T14:46:00+00:00
PER_SESSION_CONDITIONAL_UNKNOWN_EPOCH,1.0,0.0,0.0,MIM,2026-08-17T14:47:00+00:00
PER_SESSION_CONDITIONAL_UNKNOWN_EPOCH,2.0,232.55999999999767,0.0,YANK,2026-08-17T14:47:00+00:00
PER_SESSION_CONDITIONAL_UNKNOWN_EPOCH,1.0,0.0,0.0,MIM,2026-08-17T14:48:00+00:00
PER_SESSION_CONDITIONAL_UNKNOWN_EPOCH,2.0,232.55999999999767,0.0,YANK,2026-08-17T14:48:00+00:00
PER_SESSION_CONDITIONAL_UNKNOWN_EPOCH,1.0,0.0,0.0,MIM,2026-08-17T14:49:00+00:00
PER_SESSION_CONDITIONAL_UNKNOWN_EPOCH,2.0,232.55999999999767,0.0,YANK,2026-08-17T14:49:00+00:00
PER_SESSION_CONDITIONAL_UNKNOWN_EPOCH,1.0,0.0,0.0,MIM,2026-08-17T14:50:00+00:00
PER_SESSION_CONDITIONAL_UNKNOWN_EPOCH,2.0,232.55999999999767,0.0,YANK,2026-08-17T14:50:00+00:00
PER_SESSION_CONDITIONAL_UNKNOWN_EPOCH,1.0,0.0,0.0,MIM,2026-08-17T14:51:00+00:00
PER_SESSION_CONDITIONAL_UNKNOWN_EPOCH,2.0,232.55999999999767,0.0,YANK,2026-08-17T14:51:00+00:00
PER_SESSION_CONDITIONAL_UNKNOWN_EPOCH,1.0,0.0,0.0,MIM,2026-08-17T14:52:00+00:00
PER_SESSION_CONDITIONAL_UNKNOWN_EPOCH,2.0,232.55999999999767,0.0,YANK,2026-08-17T14:52:00+00:00
PER_SESSION_CONDITIONAL_UNKNOWN_EPOCH,1.0,0.0,0.0,MIM,2026-08-17T14:53:00+00:00
PER_SESSION_CONDITIONAL_UNKNOWN_EPOCH,2.0,232.55999999999767,0.0,YANK,2026-08-17T14:53:00+00:00
PER_SESSION_CONDITIONAL_UNKNOWN_EPOCH,1.0,0.0,0.0,MIM,2026-08-17T14:54:00+00:00
PER_SESSION_CONDITIONAL_UNKNOWN_EPOCH,2.0,232.55999999999767,0.0,YANK,2026-08-17T14:54:00+00:00
PER_SESSION_CONDITIONAL_UNKNOWN_EPOCH,1.0,0.0,0.0,MIM,2026-08-17T14:55:00+00:00
PER_SESSION_CONDITIONAL_UNKNOWN_EPOCH,2.0,232.55999999999767,0.0,YANK,2026-08-17T14:55:00+00:00
PER_SESSION_CONDITIONAL_UNKNOWN_EPOCH,1.0,0.0,0.0,MIM,2026-08-17T14:56:00+00:00
PER_SESSION_CONDITIONAL_UNKNOWN_EPOCH,2.0,232.55999999999767,0.0,YANK,2026-08-17T14:56:00+00:00
PER_SESSION_CONDITIONAL_UNKNOWN_EPOCH,1.0,0.0,0.0,MIM,2026-08-17T14:57:00+00:00
PER_SESSION_CONDITIONAL_UNKNOWN_EPOCH,2.0,232.55999999999767,0.0,YANK,2026-08-17T14:57:00+00:00
PER_SESSION_CONDITIONAL_UNKNOWN_EPOCH,1.0,0.0,0.0,MIM,2026-08-17T14:58:00+00:00
PER_SESSION_CONDITIONAL_UNKNOWN_EPOCH,2.0,232.55999999999767,0.0,YANK,2026-08-17T14:58:00+00:00
PER_SESSION_CONDITIONAL_UNKNOWN_EPOCH,1.0,0.0,0.0,MIM,2026-08-17T14:59:00+00:00
PER_SESSION_CONDITIONAL_UNKNOWN_EPOCH,2.0,232.55999999999767,0.0,YANK,2026-08-17T14:59:00+00:00
PER_SESSION_CONDITIONAL_UNKNOWN_EPOCH,1.0,0.0,0.0,MIM,2026-08-17T15:00:00+00:00
PER_SESSION_CONDITIONAL_UNKNOWN_EPOCH,2.0,232.55999999999767,0.0,YANK,2026-08-17T15:00:00+00:00
PER_SESSION_CONDITIONAL_UNKNOWN_EPOCH,1.0,0.0,0.0,MIM,2026-08-17T15:01:00+00:00
PER_SESSION_CONDITIONAL_UNKNOWN_EPOCH,2.0,232.55999999999767,0.0,YANK,2026-08-17T15:01:00+00:00
PER_SESSION_CONDITIONAL_UNKNOWN_EPOCH,1.0,0.0,0.0,MIM,2026-08-17T15:02:00+00:00
PER_SESSION_CONDITIONAL_UNKNOWN_EPOCH,2.0,232.55999999999767,0.0,YANK,2026-08-17T15:02:00+00:00
PER_SESSION_CONDITIONAL_UNKNOWN_EPOCH,1.0,0.0,0.0,MIM,2026-08-17T15:03:00+00:00
PER_SESSION_CONDITIONAL_UNKNOWN_EPOCH,2.0,232.55999999999767,0.0,YANK,2026-08-17T15:03:00+00:00
PER_SESSION_CONDITIONAL_UNKNOWN_EPOCH,1.0,0.0,0.0,MIM,2026-08-17T15:04:00+00:00
PER_SESSION_CONDITIONAL_UNKNOWN_EPOCH,2.0,232.55999999999767,0.0,YANK,2026-08-17T15:04:00+00:00
PER_SESSION_CONDITIONAL_UNKNOWN_EPOCH,1.0,0.0,0.0,MIM,2026-08-17T15:05:00+00:00
PER_SESSION_CONDITIONAL_UNKNOWN_EPOCH,2.0,232.55999999999767,0.0,YANK,2026-08-17T15:05:00+00:00
PER_SESSION_CONDITIONAL_UNKNOWN_EPOCH,1.0,0.0,0.0,MIM,2026-08-17T15:06:00+00:00
PER_SESSION_CONDITIONAL_UNKNOWN_EPOCH,2.0,232.55999999999767,0.0,YANK,2026-08-17T15:06:00+00:00
PER_SESSION_CONDITIONAL_UNKNOWN_EPOCH,1.0,0.0,0.0,MIM,2026-08-17T15:07:00+00:00
PER_SESSION_CONDITIONAL_UNKNOWN_EPOCH,2.0,232.55999999999767,0.0,YANK,2026-08-17T15:07:00+00:00
PER_SESSION_CONDITIONAL_UNKNOWN_EPOCH,1.0,0.0,0.0,MIM,2026-08-17T15:08:00+00:00
PER_SESSION_CONDITIONAL_UNKNOWN_EPOCH,2.0,232.55999999999767,0.0,YANK,2026-08-17T15:08:00+00:00
PER_SESSION_CONDITIONAL_UNKNOWN_EPOCH,1.0,0.0,0.0,MIM,2026-08-17T15:09:00+00:00
PER_SESSION_CONDITIONAL_UNKNOWN_EPOCH,2.0,232.55999999999767,0.0,YANK,2026-08-17T15:09:00+00:00
PER_SESSION_CONDITIONAL_UNKNOWN_EPOCH,1.0,0.0,0.0,MIM,2026-08-17T15:10:00+00:00
PER_SESSION_CONDITIONAL_UNKNOWN_EPOCH,2.0,232.55999999999767,0.0,YANK,2026-08-17T15:10:00+00:00
PER_SESSION_CONDITIONAL_UNKNOWN_EPOCH,1.0,0.0,0.0,MIM,2026-08-17T15:11:00+00:00
PER_SESSION_CONDITIONAL_UNKNOWN_EPOCH,2.0,232.55999999999767,0.0,YANK,2026-08-17T15:11:00+00:00
PER_SESSION_CONDITIONAL_UNKNOWN_EPOCH,1.0,0.0,0.0,MIM,2026-08-17T15:12:00+00:00
PER_SESSION_CONDITIONAL_UNKNOWN_EPOCH,2.0,232.55999999999767,0.0,YANK,2026-08-17T15:12:00+00:00
PER_SESSION_CONDITIONAL_UNKNOWN_EPOCH,1.0,0.0,0.0,MIM,2026-08-17T15:13:00+00:00
PER_SESSION_CONDITIONAL_UNKNOWN_EPOCH,2.0,232.55999999999767,0.0,YANK,2026-08-17T15:13:00+00:00
PER_SESSION_CONDITIONAL_UNKNOWN_EPOCH,1.0,0.0,0.0,MIM,2026-08-17T15:14:00+00:00
PER_SESSION_CONDITIONAL_UNKNOWN_EPOCH,2.0,232.55999999999767,0.0,YANK,2026-08-17T15:14:00+00:00
PER_SESSION_CONDITIONAL_UNKNOWN_EPOCH,1.0,0.0,0.0,MIM,2026-08-17T15:15:00+00:00
PER_SESSION_CONDITIONAL_UNKNOWN_EPOCH,2.0,232.55999999999767,0.0,YANK,2026-08-17T15:15:00+00:00
PER_SESSION_CONDITIONAL_UNKNOWN_EPOCH,1.0,0.0,0.0,MIM,2026-08-17T15:16:00+00:00
PER_SESSION_CONDITIONAL_UNKNOWN_EPOCH,2.0,232.55999999999767,0.0,YANK,2026-08-17T15:16:00+00:00
PER_SESSION_CONDITIONAL_UNKNOWN_EPOCH,1.0,0.0,0.0,MIM,2026-08-17T15:17:00+00:00
PER_SESSION_CONDITIONAL_UNKNOWN_EPOCH,2.0,232.55999999999767,0.0,YANK,2026-08-17T15:17:00+00:00
PER_SESSION_CONDITIONAL_UNKNOWN_EPOCH,1.0,0.0,0.0,MIM,2026-08-17T15:18:00+00:00
PER_SESSION_CONDITIONAL_UNKNOWN_EPOCH,2.0,232.55999999999767,0.0,YANK,2026-08-17T15:18:00+00:00
PER_SESSION_CONDITIONAL_UNKNOWN_EPOCH,1.0,0.0,0.0,MIM,2026-08-17T15:19:00+00:00
PER_SESSION_CONDITIONAL_UNKNOWN_EPOCH,2.0,232.55999999999767,0.0,YANK,2026-08-17T15:19:00+00:00
PER_SESSION_CONDITIONAL_UNKNOWN_EPOCH,1.0,0.0,0.0,MIM,2026-08-17T15:20:00+00:00
PER_SESSION_CONDITIONAL_UNKNOWN_EPOCH,2.0,232.55999999999767,0.0,YANK,2026-08-17T15:20:00+00:00
PER_SESSION_CONDITIONAL_UNKNOWN_EPOCH,1.0,0.0,0.0,MIM,2026-08-17T15:21:00+00:00
PER_SESSION_CONDITIONAL_UNKNOWN_EPOCH,2.0,232.55999999999767,0.0,YANK,2026-08-17T15:21:00+00:00
PER_SESSION_CONDITIONAL_UNKNOWN_EPOCH,1.0,0.0,0.0,MIM,2026-08-17T15:22:00+00:00
PER_SESSION_CONDITIONAL_UNKNOWN_EPOCH,2.0,232.55999999999767,0.0,YANK,2026-08-17T15:22:00+00:00
PER_SESSION_CONDITIONAL_UNKNOWN_EPOCH,1.0,0.0,0.0,MIM,2026-08-17T15:23:00+00:00
PER_SESSION_CONDITIONAL_UNKNOWN_EPOCH,2.0,232.55999999999767,0.0,YANK,2026-08-17T15:23:00+00:00
PER_SESSION_CONDITIONAL_UNKNOWN_EPOCH,1.0,0.0,0.0,MIM,2026-08-17T15:24:00+00:00
PER_SESSION_CONDITIONAL_UNKNOWN_EPOCH,2.0,232.55999999999767,0.0,YANK,2026-08-17T15:24:00+00:00
PER_SESSION_CONDITIONAL_UNKNOWN_EPOCH,1.0,0.0,0.0,MIM,2026-08-17T15:25:00+00:00
PER_SESSION_CONDITIONAL_UNKNOWN_EPOCH,2.0,232.55999999999767,0.0,YANK,2026-08-17T15:25:00+00:00
PER_SESSION_CONDITIONAL_UNKNOWN_EPOCH,1.0,0.0,0.0,MIM,2026-08-17T15:26:00+00:00
PER_SESSION_CONDITIONAL_UNKNOWN_EPOCH,2.0,232.55999999999767,0.0,YANK,2026-08-17T15:26:00+00:00
PER_SESSION_CONDITIONAL_UNKNOWN_EPOCH,1.0,0.0,0.0,MIM,2026-08-17T15:27:00+00:00
PER_SESSION_CONDITIONAL_UNKNOWN_EPOCH,2.0,232.55999999999767,0.0,YANK,2026-08-17T15:27:00+00:00
PER_SESSION_CONDITIONAL_UNKNOWN_EPOCH,1.0,0.0,0.0,MIM,2026-08-17T15:28:00+00:00
PER_SESSION_CONDITIONAL_UNKNOWN_EPOCH,2.0,232.55999999999767,0.0,YANK,2026-08-17T15:28:00+00:00
PER_SESSION_CONDITIONAL_UNKNOWN_EPOCH,1.0,0.0,0.0,MIM,2026-08-17T15:29:00+00:00
PER_SESSION_CONDITIONAL_UNKNOWN_EPOCH,2.0,232.55999999999767,0.0,YANK,2026-08-17T15:29:00+00:00
PER_SESSION_CONDITIONAL_UNKNOWN_EPOCH,1.0,0.0,0.0,MIM,2026-08-17T15:30:00+00:00
PER_SESSION_CONDITIONAL_UNKNOWN_EPOCH,2.0,232.55999999999767,0.0,YANK,2026-08-17T15:30:00+00:00
PER_SESSION_CONDITIONAL_UNKNOWN_EPOCH,1.0,0.0,0.0,MIM,2026-08-17T15:31:00+00:00
PER_SESSION_CONDITIONAL_UNKNOWN_EPOCH,2.0,232.55999999999767,0.0,YANK,2026-08-17T15:31:00+00:00
PER_SESSION_CONDITIONAL_UNKNOWN_EPOCH,1.0,0.0,0.0,MIM,2026-08-17T15:32:00+00:00
PER_SESSION_CONDITIONAL_UNKNOWN_EPOCH,2.0,232.55999999999767,0.0,YANK,2026-08-17T15:32:00+00:00
PER_SESSION_CONDITIONAL_UNKNOWN_EPOCH,1.0,0.0,0.0,MIM,2026-08-17T15:33:00+00:00
PER_SESSION_CONDITIONAL_UNKNOWN_EPOCH,2.0,232.55999999999767,0.0,YANK,2026-08-17T15:33:00+00:00
PER_SESSION_CONDITIONAL_UNKNOWN_EPOCH,1.0,0.0,0.0,MIM,2026-08-17T15:34:00+00:00
PER_SESSION_CONDITIONAL_UNKNOWN_EPOCH,2.0,232.55999999999767,0.0,YANK,2026-08-17T15:34:00+00:00
PER_SESSION_CONDITIONAL_UNKNOWN_EPOCH,1.0,0.0,0.0,MIM,2026-08-17T15:35:00+00:00
PER_SESSION_CONDITIONAL_UNKNOWN_EPOCH,2.0,232.55999999999767,0.0,YANK,2026-08-17T15:35:00+00:00
PER_SESSION_CONDITIONAL_UNKNOWN_EPOCH,1.0,0.0,0.0,MIM,2026-08-17T15:36:00+00:00
PER_SESSION_CONDITIONAL_UNKNOWN_EPOCH,2.0,232.55999999999767,0.0,YANK,2026-08-17T15:36:00+00:00
PER_SESSION_CONDITIONAL_UNKNOWN_EPOCH,1.0,0.0,0.0,MIM,2026-08-17T15:37:00+00:00
PER_SESSION_CONDITIONAL_UNKNOWN_EPOCH,2.0,232.55999999999767,0.0,YANK,2026-08-17T15:37:00+00:00
PER_SESSION_CONDITIONAL_UNKNOWN_EPOCH,1.0,0.0,0.0,MIM,2026-08-17T15:38:00+00:00
PER_SESSION_CONDITIONAL_UNKNOWN_EPOCH,2.0,232.55999999999767,0.0,YANK,2026-08-17T15:38:00+00:00
PER_SESSION_CONDITIONAL_UNKNOWN_EPOCH,1.0,0.0,0.0,MIM,2026-08-17T15:39:00+00:00
PER_SESSION_CONDITIONAL_UNKNOWN_EPOCH,2.0,232.55999999999767,0.0,YANK,2026-08-17T15:39:00+00:00
PER_SESSION_CONDITIONAL_UNKNOWN_EPOCH,1.0,0.0,0.0,MIM,2026-08-17T15:40:00+00:00
PER_SESSION_CONDITIONAL_UNKNOWN_EPOCH,2.0,232.55999999999767,0.0,YANK,2026-08-17T15:40:00+00:00
PER_SESSION_CONDITIONAL_UNKNOWN_EPOCH,1.0,0.0,0.0,MIM,2026-08-17T15:41:00+00:00
PER_SESSION_CONDITIONAL_UNKNOWN_EPOCH,2.0,232.55999999999767,0.0,YANK,2026-08-17T15:41:00+00:00
PER_SESSION_CONDITIONAL_UNKNOWN_EPOCH,1.0,0.0,0.0,MIM,2026-08-17T15:42:00+00:00
PER_SESSION_CONDITIONAL_UNKNOWN_EPOCH,2.0,232.55999999999767,0.0,YANK,2026-08-17T15:42:00+00:00
PER_SESSION_CONDITIONAL_UNKNOWN_EPOCH,1.0,0.0,0.0,MIM,2026-08-17T15:43:00+00:00
PER_SESSION_CONDITIONAL_UNKNOWN_EPOCH,2.0,232.55999999999767,0.0,YANK,2026-08-17T15:43:00+00:00
PER_SESSION_CONDITIONAL_UNKNOWN_EPOCH,1.0,0.0,0.0,MIM,2026-08-17T15:44:00+00:00
PER_SESSION_CONDITIONAL_UNKNOWN_EPOCH,2.0,232.55999999999767,0.0,YANK,2026-08-17T15:44:00+00:00
PER_SESSION_CONDITIONAL_UNKNOWN_EPOCH,1.0,0.0,0.0,MIM,2026-08-17T15:45:00+00:00
PER_SESSION_CONDITIONAL_UNKNOWN_EPOCH,2.0,232.55999999999767,0.0,YANK,2026-08-17T15:45:00+00:00
PER_SESSION_CONDITIONAL_UNKNOWN_EPOCH,1.0,0.0,0.0,MIM,2026-08-17T15:46:00+00:00
PER_SESSION_CONDITIONAL_UNKNOWN_EPOCH,2.0,232.55999999999767,0.0,YANK,2026-08-17T15:46:00+00:00
PER_SESSION_CONDITIONAL_UNKNOWN_EPOCH,1.0,0.0,0.0,MIM,2026-08-17T15:47:00+00:00
PER_SESSION_CONDITIONAL_UNKNOWN_EPOCH,2.0,232.55999999999767,0.0,YANK,2026-08-17T15:47:00+00:00
PER_SESSION_CONDITIONAL_UNKNOWN_EPOCH,1.0,0.0,0.0,MIM,2026-08-17T15:48:00+00:00
PER_SESSION_CONDITIONAL_UNKNOWN_EPOCH,2.0,232.55999999999767,0.0,YANK,2026-08-17T15:48:00+00:00
PER_SESSION_CONDITIONAL_UNKNOWN_EPOCH,1.0,0.0,0.0,MIM,2026-08-17T15:49:00+00:00
PER_SESSION_CONDITIONAL_UNKNOWN_EPOCH,2.0,232.55999999999767,0.0,YANK,2026-08-17T15:49:00+00:00
PER_SESSION_CONDITIONAL_UNKNOWN_EPOCH,1.0,0.0,0.0,MIM,2026-08-17T15:50:00+00:00
PER_SESSION_CONDITIONAL_UNKNOWN_EPOCH,2.0,232.55999999999767,0.0,YANK,2026-08-17T15:50:00+00:00
PER_SESSION_CONDITIONAL_UNKNOWN_EPOCH,1.0,0.0,0.0,MIM,2026-08-17T15:51:00+00:00
PER_SESSION_CONDITIONAL_UNKNOWN_EPOCH,2.0,232.55999999999767,0.0,YANK,2026-08-17T15:51:00+00:00
PER_SESSION_CONDITIONAL_UNKNOWN_EPOCH,1.0,0.0,0.0,MIM,2026-08-17T15:52:00+00:00
PER_SESSION_CONDITIONAL_UNKNOWN_EPOCH,2.0,232.55999999999767,0.0,YANK,2026-08-17T15:52:00+00:00
PER_SESSION_CONDITIONAL_UNKNOWN_EPOCH,1.0,0.0,0.0,MIM,2026-08-17T15:53:00+00:00
PER_SESSION_CONDITIONAL_UNKNOWN_EPOCH,2.0,232.55999999999767,0.0,YANK,2026-08-17T15:53:00+00:00
PER_SESSION_CONDITIONAL_UNKNOWN_EPOCH,1.0,0.0,0.0,MIM,2026-08-17T15:54:00+00:00
PER_SESSION_CONDITIONAL_UNKNOWN_EPOCH,2.0,232.55999999999767,0.0,YANK,2026-08-17T15:54:00+00:00
PER_SESSION_CONDITIONAL_UNKNOWN_EPOCH,1.0,0.0,0.0,MIM,2026-08-17T15:55:00+00:00
PER_SESSION_CONDITIONAL_UNKNOWN_EPOCH,2.0,232.55999999999767,0.0,YANK,2026-08-17T15:55:00+00:00
PER_SESSION_CONDITIONAL_UNKNOWN_EPOCH,1.0,0.0,0.0,MIM,2026-08-17T15:56:00+00:00
PER_SESSION_CONDITIONAL_UNKNOWN_EPOCH,2.0,232.55999999999767,0.0,YANK,2026-08-17T15:56:00+00:00
PER_SESSION_CONDITIONAL_UNKNOWN_EPOCH,1.0,0.0,0.0,MIM,2026-08-17T15:57:00+00:00
PER_SESSION_CONDITIONAL_UNKNOWN_EPOCH,2.0,232.55999999999767,0.0,YANK,2026-08-17T15:57:00+00:00
PER_SESSION_CONDITIONAL_UNKNOWN_EPOCH,1.0,0.0,0.0,MIM,2026-08-17T15:58:00+00:00
PER_SESSION_CONDITIONAL_UNKNOWN_EPOCH,2.0,232.55999999999767,0.0,YANK,2026-08-17T15:58:00+00:00
PER_SESSION_CONDITIONAL_UNKNOWN_EPOCH,1.0,0.0,0.0,MIM,2026-08-17T15:59:00+00:00
PER_SESSION_CONDITIONAL_UNKNOWN_EPOCH,2.0,232.55999999999767,0.0,YANK,2026-08-17T15:59:00+00:00
PER_SESSION_CONDITIONAL_UNKNOWN_EPOCH,1.0,0.0,0.0,MIM,2026-08-17T16:00:00+00:00
PER_SESSION_CONDITIONAL_UNKNOWN_EPOCH,2.0,232.55999999999767,0.0,YANK,2026-08-17T16:00:00+00:00
PER_SESSION_CONDITIONAL_UNKNOWN_EPOCH,1.0,0.0,0.0,MIM,2026-08-17T16:01:00+00:00
PER_SESSION_CONDITIONAL_UNKNOWN_EPOCH,2.0,232.55999999999767,0.0,YANK,2026-08-17T16:01:00+00:00
PER_SESSION_CONDITIONAL_UNKNOWN_EPOCH,1.0,0.0,0.0,MIM,2026-08-17T16:02:00+00:00
PER_SESSION_CONDITIONAL_UNKNOWN_EPOCH,2.0,232.55999999999767,0.0,YANK,2026-08-17T16:02:00+00:00
PER_SESSION_CONDITIONAL_UNKNOWN_EPOCH,1.0,0.0,0.0,MIM,2026-08-17T16:03:00+00:00
PER_SESSION_CONDITIONAL_UNKNOWN_EPOCH,2.0,232.55999999999767,0.0,YANK,2026-08-17T16:03:00+00:00
PER_SESSION_CONDITIONAL_UNKNOWN_EPOCH,1.0,0.0,0.0,MIM,2026-08-17T16:04:00+00:00
PER_SESSION_CONDITIONAL_UNKNOWN_EPOCH,2.0,232.55999999999767,0.0,YANK,2026-08-17T16:04:00+00:00
PER_SESSION_CONDITIONAL_UNKNOWN_EPOCH,1.0,0.0,0.0,MIM,2026-08-17T16:05:00+00:00
PER_SESSION_CONDITIONAL_UNKNOWN_EPOCH,2.0,232.55999999999767,0.0,YANK,2026-08-17T16:05:00+00:00
PER_SESSION_CONDITIONAL_UNKNOWN_EPOCH,1.0,0.0,0.0,MIM,2026-08-17T16:06:00+00:00
PER_SESSION_CONDITIONAL_UNKNOWN_EPOCH,2.0,232.55999999999767,0.0,YANK,2026-08-17T16:06:00+00:00
PER_SESSION_CONDITIONAL_UNKNOWN_EPOCH,1.0,0.0,0.0,MIM,2026-08-17T16:07:00+00:00
PER_SESSION_CONDITIONAL_UNKNOWN_EPOCH,2.0,232.55999999999767,0.0,YANK,2026-08-17T16:07:00+00:00
PER_SESSION_CONDITIONAL_UNKNOWN_EPOCH,1.0,0.0,0.0,MIM,2026-08-17T16:08:00+00:00
PER_SESSION_CONDITIONAL_UNKNOWN_EPOCH,2.0,232.55999999999767,0.0,YANK,2026-08-17T16:08:00+00:00
PER_SESSION_CONDITIONAL_UNKNOWN_EPOCH,1.0,0.0,0.0,MIM,2026-08-17T16:09:00+00:00
PER_SESSION_CONDITIONAL_UNKNOWN_EPOCH,2.0,232.55999999999767,0.0,YANK,2026-08-17T16:09:00+00:00
PER_SESSION_CONDITIONAL_UNKNOWN_EPOCH,1.0,0.0,0.0,MIM,2026-08-17T16:10:00+00:00
PER_SESSION_CONDITIONAL_UNKNOWN_EPOCH,2.0,232.55999999999767,0.0,YANK,2026-08-17T16:10:00+00:00
PER_SESSION_CONDITIONAL_UNKNOWN_EPOCH,1.0,0.0,0.0,MIM,2026-08-17T16:11:00+00:00
PER_SESSION_CONDITIONAL_UNKNOWN_EPOCH,2.0,232.55999999999767,0.0,YANK,2026-08-17T16:11:00+00:00
PER_SESSION_CONDITIONAL_UNKNOWN_EPOCH,1.0,0.0,0.0,MIM,2026-08-17T16:12:00+00:00
PER_SESSION_CONDITIONAL_UNKNOWN_EPOCH,2.0,232.55999999999767,0.0,YANK,2026-08-17T16:12:00+00:00
PER_SESSION_CONDITIONAL_UNKNOWN_EPOCH,1.0,0.0,0.0,MIM,2026-08-17T16:13:00+00:00
PER_SESSION_CONDITIONAL_UNKNOWN_EPOCH,2.0,232.55999999999767,0.0,YANK,2026-08-17T16:13:00+00:00
PER_SESSION_CONDITIONAL_UNKNOWN_EPOCH,1.0,0.0,0.0,MIM,2026-08-17T16:14:00+00:00
PER_SESSION_CONDITIONAL_UNKNOWN_EPOCH,2.0,232.55999999999767,0.0,YANK,2026-08-17T16:14:00+00:00
PER_SESSION_CONDITIONAL_UNKNOWN_EPOCH,1.0,0.0,0.0,MIM,2026-08-17T16:15:00+00:00
PER_SESSION_CONDITIONAL_UNKNOWN_EPOCH,2.0,232.55999999999767,0.0,YANK,2026-08-17T16:15:00+00:00
PER_SESSION_CONDITIONAL_UNKNOWN_EPOCH,1.0,0.0,0.0,MIM,2026-08-17T16:16:00+00:00
PER_SESSION_CONDITIONAL_UNKNOWN_EPOCH,2.0,232.55999999999767,0.0,YANK,2026-08-17T16:16:00+00:00
PER_SESSION_CONDITIONAL_UNKNOWN_EPOCH,1.0,0.0,0.0,MIM,2026-08-17T16:17:00+00:00
PER_SESSION_CONDITIONAL_UNKNOWN_EPOCH,2.0,232.55999999999767,0.0,YANK,2026-08-17T16:17:00+00:00
PER_SESSION_CONDITIONAL_UNKNOWN_EPOCH,1.0,0.0,0.0,MIM,2026-08-17T16:18:00+00:00
PER_SESSION_CONDITIONAL_UNKNOWN_EPOCH,2.0,232.55999999999767,0.0,YANK,2026-08-17T16:18:00+00:00
PER_SESSION_CONDITIONAL_UNKNOWN_EPOCH,1.0,0.0,0.0,MIM,2026-08-17T16:19:00+00:00
PER_SESSION_CONDITIONAL_UNKNOWN_EPOCH,2.0,232.55999999999767,0.0,YANK,2026-08-17T16:19:00+00:00
PER_SESSION_CONDITIONAL_UNKNOWN_EPOCH,1.0,0.0,0.0,MIM,2026-08-17T16:20:00+00:00
PER_SESSION_CONDITIONAL_UNKNOWN_EPOCH,2.0,232.55999999999767,0.0,YANK,2026-08-17T16:20:00+00:00
PER_SESSION_CONDITIONAL_UNKNOWN_EPOCH,1.0,0.0,0.0,MIM,2026-08-17T16:21:00+00:00
PER_SESSION_CONDITIONAL_UNKNOWN_EPOCH,2.0,232.55999999999767,0.0,YANK,2026-08-17T16:21:00+00:00
PER_SESSION_CONDITIONAL_UNKNOWN_EPOCH,1.0,0.0,0.0,MIM,2026-08-17T16:22:00+00:00
PER_SESSION_CONDITIONAL_UNKNOWN_EPOCH,2.0,232.55999999999767,0.0,YANK,2026-08-17T16:22:00+00:00
PER_SESSION_CONDITIONAL_UNKNOWN_EPOCH,1.0,0.0,0.0,MIM,2026-08-17T16:23:00+00:00
PER_SESSION_CONDITIONAL_UNKNOWN_EPOCH,2.0,232.55999999999767,0.0,YANK,2026-08-17T16:23:00+00:00
PER_SESSION_CONDITIONAL_UNKNOWN_EPOCH,1.0,0.0,0.0,MIM,2026-08-17T16:24:00+00:00
PER_SESSION_CONDITIONAL_UNKNOWN_EPOCH,2.0,232.55999999999767,0.0,YANK,2026-08-17T16:24:00+00:00
PER_SESSION_CONDITIONAL_UNKNOWN_EPOCH,1.0,0.0,0.0,MIM,2026-08-17T16:25:00+00:00
PER_SESSION_CONDITIONAL_UNKNOWN_EPOCH,2.0,232.55999999999767,0.0,YANK,2026-08-17T16:25:00+00:00
PER_SESSION_CONDITIONAL_UNKNOWN_EPOCH,1.0,0.0,0.0,MIM,2026-08-17T16:26:00+00:00
PER_SESSION_CONDITIONAL_UNKNOWN_EPOCH,2.0,232.55999999999767,0.0,YANK,2026-08-17T16:26:00+00:00
PER_SESSION_CONDITIONAL_UNKNOWN_EPOCH,1.0,0.0,0.0,MIM,2026-08-17T16:27:00+00:00
PER_SESSION_CONDITIONAL_UNKNOWN_EPOCH,2.0,232.55999999999767,0.0,YANK,2026-08-17T16:27:00+00:00
PER_SESSION_CONDITIONAL_UNKNOWN_EPOCH,1.0,0.0,0.0,MIM,2026-08-17T16:28:00+00:00
PER_SESSION_CONDITIONAL_UNKNOWN_EPOCH,2.0,232.55999999999767,0.0,YANK,2026-08-17T16:28:00+00:00
PER_SESSION_CONDITIONAL_UNKNOWN_EPOCH,1.0,0.0,0.0,MIM,2026-08-17T16:29:00+00:00
PER_SESSION_CONDITIONAL_UNKNOWN_EPOCH,2.0,232.55999999999767,0.0,YANK,2026-08-17T16:29:00+00:00
PER_SESSION_CONDITIONAL_UNKNOWN_EPOCH,1.0,0.0,0.0,MIM,2026-08-17T16:30:00+00:00
PER_SESSION_CONDITIONAL_UNKNOWN_EPOCH,2.0,232.55999999999767,0.0,YANK,2026-08-17T16:30:00+00:00
PER_SESSION_CONDITIONAL_UNKNOWN_EPOCH,1.0,0.0,0.0,MIM,2026-08-17T16:31:00+00:00
PER_SESSION_CONDITIONAL_UNKNOWN_EPOCH,2.0,232.55999999999767,0.0,YANK,2026-08-17T16:31:00+00:00
PER_SESSION_CONDITIONAL_UNKNOWN_EPOCH,1.0,0.0,0.0,MIM,2026-08-17T16:32:00+00:00
PER_SESSION_CONDITIONAL_UNKNOWN_EPOCH,2.0,232.55999999999767,0.0,YANK,2026-08-17T16:32:00+00:00
PER_SESSION_CONDITIONAL_UNKNOWN_EPOCH,1.0,0.0,0.0,MIM,2026-08-17T16:33:00+00:00
PER_SESSION_CONDITIONAL_UNKNOWN_EPOCH,2.0,232.55999999999767,0.0,YANK,2026-08-17T16:33:00+00:00
PER_SESSION_CONDITIONAL_UNKNOWN_EPOCH,1.0,0.0,0.0,MIM,2026-08-17T16:34:00+00:00
PER_SESSION_CONDITIONAL_UNKNOWN_EPOCH,2.0,232.55999999999767,0.0,YANK,2026-08-17T16:34:00+00:00
PER_SESSION_CONDITIONAL_UNKNOWN_EPOCH,1.0,0.0,0.0,MIM,2026-08-17T16:35:00+00:00
PER_SESSION_CONDITIONAL_UNKNOWN_EPOCH,2.0,232.55999999999767,0.0,YANK,2026-08-17T16:35:00+00:00
PER_SESSION_CONDITIONAL_UNKNOWN_EPOCH,1.0,0.0,0.0,MIM,2026-08-17T16:36:00+00:00
PER_SESSION_CONDITIONAL_UNKNOWN_EPOCH,2.0,232.55999999999767,0.0,YANK,2026-08-17T16:36:00+00:00
PER_SESSION_CONDITIONAL_UNKNOWN_EPOCH,1.0,0.0,0.0,MIM,2026-08-17T16:37:00+00:00
PER_SESSION_CONDITIONAL_UNKNOWN_EPOCH,2.0,232.55999999999767,0.0,YANK,2026-08-17T16:37:00+00:00
PER_SESSION_CONDITIONAL_UNKNOWN_EPOCH,1.0,0.0,0.0,MIM,2026-08-17T16:38:00+00:00
PER_SESSION_CONDITIONAL_UNKNOWN_EPOCH,2.0,232.55999999999767,0.0,YANK,2026-08-17T16:38:00+00:00
PER_SESSION_CONDITIONAL_UNKNOWN_EPOCH,1.0,0.0,0.0,MIM,2026-08-17T16:39:00+00:00
PER_SESSION_CONDITIONAL_UNKNOWN_EPOCH,2.0,232.55999999999767,0.0,YANK,2026-08-17T16:39:00+00:00
PER_SESSION_CONDITIONAL_UNKNOWN_EPOCH,1.0,0.0,0.0,MIM,2026-08-17T16:40:00+00:00
PER_SESSION_CONDITIONAL_UNKNOWN_EPOCH,2.0,232.55999999999767,0.0,YANK,2026-08-17T16:40:00+00:00
PER_SESSION_CONDITIONAL_UNKNOWN_EPOCH,1.0,0.0,0.0,MIM,2026-08-17T16:41:00+00:00
PER_SESSION_CONDITIONAL_UNKNOWN_EPOCH,2.0,232.55999999999767,0.0,YANK,2026-08-17T16:41:00+00:00
PER_SESSION_CONDITIONAL_UNKNOWN_EPOCH,1.0,0.0,0.0,MIM,2026-08-17T16:42:00+00:00
PER_SESSION_CONDITIONAL_UNKNOWN_EPOCH,2.0,232.55999999999767,0.0,YANK,2026-08-17T16:42:00+00:00
PER_SESSION_CONDITIONAL_UNKNOWN_EPOCH,1.0,0.0,0.0,MIM,2026-08-17T16:43:00+00:00
PER_SESSION_CONDITIONAL_UNKNOWN_EPOCH,2.0,232.55999999999767,0.0,YANK,2026-08-17T16:43:00+00:00
PER_SESSION_CONDITIONAL_UNKNOWN_EPOCH,1.0,0.0,0.0,MIM,2026-08-17T16:44:00+00:00
PER_SESSION_CONDITIONAL_UNKNOWN_EPOCH,2.0,232.55999999999767,0.0,YANK,2026-08-17T16:44:00+00:00
PER_SESSION_CONDITIONAL_UNKNOWN_EPOCH,1.0,0.0,0.0,MIM,2026-08-17T16:45:00+00:00
PER_SESSION_CONDITIONAL_UNKNOWN_EPOCH,2.0,232.55999999999767,0.0,YANK,2026-08-17T16:45:00+00:00
PER_SESSION_CONDITIONAL_UNKNOWN_EPOCH,1.0,0.0,0.0,MIM,2026-08-17T16:46:00+00:00
PER_SESSION_CONDITIONAL_UNKNOWN_EPOCH,2.0,232.55999999999767,0.0,YANK,2026-08-17T16:46:00+00:00
PER_SESSION_CONDITIONAL_UNKNOWN_EPOCH,1.0,0.0,0.0,MIM,2026-08-17T16:47:00+00:00
PER_SESSION_CONDITIONAL_UNKNOWN_EPOCH,2.0,232.55999999999767,0.0,YANK,2026-08-17T16:47:00+00:00
PER_SESSION_CONDITIONAL_UNKNOWN_EPOCH,1.0,0.0,0.0,MIM,2026-08-17T16:48:00+00:00
PER_SESSION_CONDITIONAL_UNKNOWN_EPOCH,2.0,232.55999999999767,0.0,YANK,2026-08-17T16:48:00+00:00
PER_SESSION_CONDITIONAL_UNKNOWN_EPOCH,1.0,0.0,0.0,MIM,2026-08-17T16:49:00+00:00
PER_SESSION_CONDITIONAL_UNKNOWN_EPOCH,2.0,232.55999999999767,0.0,YANK,2026-08-17T16:49:00+00:00
PER_SESSION_CONDITIONAL_UNKNOWN_EPOCH,1.0,0.0,0.0,MIM,2026-08-17T16:50:00+00:00
PER_SESSION_CONDITIONAL_UNKNOWN_EPOCH,2.0,232.55999999999767,0.0,YANK,2026-08-17T16:50:00+00:00
PER_SESSION_CONDITIONAL_UNKNOWN_EPOCH,1.0,0.0,0.0,MIM,2026-08-17T16:51:00+00:00
PER_SESSION_CONDITIONAL_UNKNOWN_EPOCH,2.0,232.55999999999767,0.0,YANK,2026-08-17T16:51:00+00:00
PER_SESSION_CONDITIONAL_UNKNOWN_EPOCH,1.0,0.0,0.0,MIM,2026-08-17T16:52:00+00:00
PER_SESSION_CONDITIONAL_UNKNOWN_EPOCH,2.0,232.55999999999767,0.0,YANK,2026-08-17T16:52:00+00:00
PER_SESSION_CONDITIONAL_UNKNOWN_EPOCH,1.0,0.0,0.0,MIM,2026-08-17T16:53:00+00:00
PER_SESSION_CONDITIONAL_UNKNOWN_EPOCH,2.0,232.55999999999767,0.0,YANK,2026-08-17T16:53:00+00:00
PER_SESSION_CONDITIONAL_UNKNOWN_EPOCH,1.0,0.0,0.0,MIM,2026-08-17T16:54:00+00:00
PER_SESSION_CONDITIONAL_UNKNOWN_EPOCH,2.0,232.55999999999767,0.0,YANK,2026-08-17T16:54:00+00:00
PER_SESSION_CONDITIONAL_UNKNOWN_EPOCH,1.0,0.0,0.0,MIM,2026-08-17T16:55:00+00:00
PER_SESSION_CONDITIONAL_UNKNOWN_EPOCH,2.0,232.55999999999767,0.0,YANK,2026-08-17T16:55:00+00:00
PER_SESSION_CONDITIONAL_UNKNOWN_EPOCH,1.0,0.0,0.0,MIM,2026-08-17T16:56:00+00:00
PER_SESSION_CONDITIONAL_UNKNOWN_EPOCH,2.0,232.55999999999767,0.0,YANK,2026-08-17T16:56:00+00:00
PER_SESSION_CONDITIONAL_UNKNOWN_EPOCH,1.0,0.0,0.0,MIM,2026-08-17T16:57:00+00:00
PER_SESSION_CONDITIONAL_UNKNOWN_EPOCH,2.0,232.55999999999767,0.0,YANK,2026-08-17T16:57:00+00:00
PER_SESSION_CONDITIONAL_UNKNOWN_EPOCH,1.0,0.0,0.0,MIM,2026-08-17T16:58:00+00:00
PER_SESSION_CONDITIONAL_UNKNOWN_EPOCH,2.0,232.55999999999767,0.0,YANK,2026-08-17T16:58:00+00:00
PER_SESSION_CONDITIONAL_UNKNOWN_EPOCH,1.0,0.0,0.0,MIM,2026-08-17T16:59:00+00:00
PER_SESSION_CONDITIONAL_UNKNOWN_EPOCH,2.0,232.55999999999767,0.0,YANK,2026-08-17T16:59:00+00:00
PER_SESSION_CONDITIONAL_UNKNOWN_EPOCH,1.0,0.0,0.0,MIM,2026-08-17T17:00:00+00:00
PER_SESSION_CONDITIONAL_UNKNOWN_EPOCH,2.0,232.55999999999767,0.0,YANK,2026-08-17T17:00:00+00:00
PER_SESSION_CONDITIONAL_UNKNOWN_EPOCH,1.0,0.0,0.0,MIM,2026-08-17T17:01:00+00:00
PER_SESSION_CONDITIONAL_UNKNOWN_EPOCH,2.0,232.55999999999767,0.0,YANK,2026-08-17T17:01:00+00:00
PER_SESSION_CONDITIONAL_UNKNOWN_EPOCH,1.0,0.0,0.0,MIM,2026-08-17T17:02:00+00:00
PER_SESSION_CONDITIONAL_UNKNOWN_EPOCH,2.0,232.55999999999767,0.0,YANK,2026-08-17T17:02:00+00:00
PER_SESSION_CONDITIONAL_UNKNOWN_EPOCH,1.0,0.0,0.0,MIM,2026-08-17T17:03:00+00:00
PER_SESSION_CONDITIONAL_UNKNOWN_EPOCH,2.0,232.55999999999767,0.0,YANK,2026-08-17T17:03:00+00:00
PER_SESSION_CONDITIONAL_UNKNOWN_EPOCH,1.0,0.0,0.0,MIM,2026-08-17T17:04:00+00:00
PER_SESSION_CONDITIONAL_UNKNOWN_EPOCH,2.0,232.55999999999767,0.0,YANK,2026-08-17T17:04:00+00:00
PER_SESSION_CONDITIONAL_UNKNOWN_EPOCH,1.0,0.0,0.0,MIM,2026-08-17T17:05:00+00:00
PER_SESSION_CONDITIONAL_UNKNOWN_EPOCH,2.0,232.55999999999767,0.0,YANK,2026-08-17T17:05:00+00:00
PER_SESSION_CONDITIONAL_UNKNOWN_EPOCH,1.0,0.0,0.0,MIM,2026-08-17T17:06:00+00:00
PER_SESSION_CONDITIONAL_UNKNOWN_EPOCH,2.0,232.55999999999767,0.0,YANK,2026-08-17T17:06:00+00:00
PER_SESSION_CONDITIONAL_UNKNOWN_EPOCH,1.0,0.0,0.0,MIM,2026-08-17T17:07:00+00:00
PER_SESSION_CONDITIONAL_UNKNOWN_EPOCH,2.0,232.55999999999767,0.0,YANK,2026-08-17T17:07:00+00:00
PER_SESSION_CONDITIONAL_UNKNOWN_EPOCH,1.0,0.0,0.0,MIM,2026-08-17T17:08:00+00:00
PER_SESSION_CONDITIONAL_UNKNOWN_EPOCH,2.0,232.55999999999767,0.0,YANK,2026-08-17T17:08:00+00:00
PER_SESSION_CONDITIONAL_UNKNOWN_EPOCH,1.0,0.0,0.0,MIM,2026-08-17T17:09:00+00:00
PER_SESSION_CONDITIONAL_UNKNOWN_EPOCH,2.0,232.55999999999767,0.0,YANK,2026-08-17T17:09:00+00:00
PER_SESSION_CONDITIONAL_UNKNOWN_EPOCH,1.0,0.0,0.0,MIM,2026-08-17T17:10:00+00:00
PER_SESSION_CONDITIONAL_UNKNOWN_EPOCH,2.0,232.55999999999767,0.0,YANK,2026-08-17T17:10:00+00:00
PER_SESSION_CONDITIONAL_UNKNOWN_EPOCH,1.0,0.0,0.0,MIM,2026-08-17T17:11:00+00:00
PER_SESSION_CONDITIONAL_UNKNOWN_EPOCH,2.0,232.55999999999767,0.0,YANK,2026-08-17T17:11:00+00:00
PER_SESSION_CONDITIONAL_UNKNOWN_EPOCH,1.0,0.0,0.0,MIM,2026-08-17T17:12:00+00:00
PER_SESSION_CONDITIONAL_UNKNOWN_EPOCH,2.0,232.55999999999767,0.0,YANK,2026-08-17T17:12:00+00:00
PER_SESSION_CONDITIONAL_UNKNOWN_EPOCH,1.0,0.0,0.0,MIM,2026-08-17T17:13:00+00:00
PER_SESSION_CONDITIONAL_UNKNOWN_EPOCH,2.0,232.55999999999767,0.0,YANK,2026-08-17T17:13:00+00:00
PER_SESSION_CONDITIONAL_UNKNOWN_EPOCH,1.0,0.0,0.0,MIM,2026-08-17T17:14:00+00:00
PER_SESSION_CONDITIONAL_UNKNOWN_EPOCH,2.0,232.55999999999767,0.0,YANK,2026-08-17T17:14:00+00:00
PER_SESSION_CONDITIONAL_UNKNOWN_EPOCH,1.0,0.0,0.0,MIM,2026-08-17T17:15:00+00:00
PER_SESSION_CONDITIONAL_UNKNOWN_EPOCH,2.0,232.55999999999767,0.0,YANK,2026-08-17T17:15:00+00:00
PER_SESSION_CONDITIONAL_UNKNOWN_EPOCH,1.0,0.0,0.0,MIM,2026-08-17T17:16:00+00:00
PER_SESSION_CONDITIONAL_UNKNOWN_EPOCH,2.0,232.55999999999767,0.0,YANK,2026-08-17T17:16:00+00:00
PER_SESSION_CONDITIONAL_UNKNOWN_EPOCH,1.0,0.0,0.0,MIM,2026-08-17T17:17:00+00:00
PER_SESSION_CONDITIONAL_UNKNOWN_EPOCH,2.0,232.55999999999767,0.0,YANK,2026-08-17T17:17:00+00:00
PER_SESSION_CONDITIONAL_UNKNOWN_EPOCH,1.0,0.0,0.0,MIM,2026-08-17T17:18:00+00:00
PER_SESSION_CONDITIONAL_UNKNOWN_EPOCH,2.0,232.55999999999767,0.0,YANK,2026-08-17T17:18:00+00:00
PER_SESSION_CONDITIONAL_UNKNOWN_EPOCH,1.0,0.0,0.0,MIM,2026-08-17T17:19:00+00:00
PER_SESSION_CONDITIONAL_UNKNOWN_EPOCH,2.0,232.55999999999767,0.0,YANK,2026-08-17T17:19:00+00:00
PER_SESSION_CONDITIONAL_UNKNOWN_EPOCH,1.0,0.0,0.0,MIM,2026-08-17T17:20:00+00:00
PER_SESSION_CONDITIONAL_UNKNOWN_EPOCH,2.0,232.55999999999767,0.0,YANK,2026-08-17T17:20:00+00:00
PER_SESSION_CONDITIONAL_UNKNOWN_EPOCH,1.0,0.0,0.0,MIM,2026-08-17T17:21:00+00:00
PER_SESSION_CONDITIONAL_UNKNOWN_EPOCH,2.0,232.55999999999767,0.0,YANK,2026-08-17T17:21:00+00:00
PER_SESSION_CONDITIONAL_UNKNOWN_EPOCH,1.0,0.0,0.0,MIM,2026-08-17T17:22:00+00:00
PER_SESSION_CONDITIONAL_UNKNOWN_EPOCH,2.0,232.55999999999767,0.0,YANK,2026-08-17T17:22:00+00:00
PER_SESSION_CONDITIONAL_UNKNOWN_EPOCH,1.0,0.0,0.0,MIM,2026-08-17T17:23:00+00:00
PER_SESSION_CONDITIONAL_UNKNOWN_EPOCH,2.0,232.55999999999767,0.0,YANK,2026-08-17T17:23:00+00:00
PER_SESSION_CONDITIONAL_UNKNOWN_EPOCH,1.0,0.0,0.0,MIM,2026-08-17T17:24:00+00:00
PER_SESSION_CONDITIONAL_UNKNOWN_EPOCH,2.0,232.55999999999767,0.0,YANK,2026-08-17T17:24:00+00:00
PER_SESSION_CONDITIONAL_UNKNOWN_EPOCH,1.0,0.0,0.0,MIM,2026-08-17T17:25:00+00:00
PER_SESSION_CONDITIONAL_UNKNOWN_EPOCH,2.0,232.55999999999767,0.0,YANK,2026-08-17T17:25:00+00:00
PER_SESSION_CONDITIONAL_UNKNOWN_EPOCH,1.0,0.0,0.0,MIM,2026-08-17T17:26:00+00:00
PER_SESSION_CONDITIONAL_UNKNOWN_EPOCH,2.0,232.55999999999767,0.0,YANK,2026-08-17T17:26:00+00:00
PER_SESSION_CONDITIONAL_UNKNOWN_EPOCH,1.0,0.0,0.0,MIM,2026-08-17T17:27:00+00:00
PER_SESSION_CONDITIONAL_UNKNOWN_EPOCH,2.0,232.55999999999767,0.0,YANK,2026-08-17T17:27:00+00:00
PER_SESSION_CONDITIONAL_UNKNOWN_EPOCH,1.0,0.0,0.0,MIM,2026-08-17T17:28:00+00:00
PER_SESSION_CONDITIONAL_UNKNOWN_EPOCH,2.0,232.55999999999767,0.0,YANK,2026-08-17T17:28:00+00:00
PER_SESSION_CONDITIONAL_UNKNOWN_EPOCH,1.0,0.0,0.0,MIM,2026-08-17T17:29:00+00:00
PER_SESSION_CONDITIONAL_UNKNOWN_EPOCH,2.0,232.55999999999767,0.0,YANK,2026-08-17T17:29:00+00:00
PER_SESSION_CONDITIONAL_UNKNOWN_EPOCH,1.0,0.0,0.0,MIM,2026-08-17T17:30:00+00:00
PER_SESSION_CONDITIONAL_UNKNOWN_EPOCH,2.0,232.55999999999767,0.0,YANK,2026-08-17T17:30:00+00:00
PER_SESSION_CONDITIONAL_UNKNOWN_EPOCH,1.0,0.0,0.0,MIM,2026-08-17T17:31:00+00:00
PER_SESSION_CONDITIONAL_UNKNOWN_EPOCH,2.0,232.55999999999767,0.0,YANK,2026-08-17T17:31:00+00:00
PER_SESSION_CONDITIONAL_UNKNOWN_EPOCH,1.0,0.0,0.0,MIM,2026-08-17T17:32:00+00:00
PER_SESSION_CONDITIONAL_UNKNOWN_EPOCH,2.0,232.55999999999767,0.0,YANK,2026-08-17T17:32:00+00:00
PER_SESSION_CONDITIONAL_UNKNOWN_EPOCH,1.0,0.0,0.0,MIM,2026-08-17T17:33:00+00:00
PER_SESSION_CONDITIONAL_UNKNOWN_EPOCH,2.0,232.55999999999767,0.0,YANK,2026-08-17T17:33:00+00:00
PER_SESSION_CONDITIONAL_UNKNOWN_EPOCH,1.0,0.0,0.0,MIM,2026-08-17T17:34:00+00:00
PER_SESSION_CONDITIONAL_UNKNOWN_EPOCH,2.0,232.55999999999767,0.0,YANK,2026-08-17T17:34:00+00:00
PER_SESSION_CONDITIONAL_UNKNOWN_EPOCH,1.0,0.0,0.0,MIM,2026-08-17T17:35:00+00:00
PER_SESSION_CONDITIONAL_UNKNOWN_EPOCH,2.0,232.55999999999767,0.0,YANK,2026-08-17T17:35:00+00:00
PER_SESSION_CONDITIONAL_UNKNOWN_EPOCH,1.0,0.0,0.0,MIM,2026-08-17T17:36:00+00:00
PER_SESSION_CONDITIONAL_UNKNOWN_EPOCH,2.0,232.55999999999767,0.0,YANK,2026-08-17T17:36:00+00:00
PER_SESSION_CONDITIONAL_UNKNOWN_EPOCH,1.0,0.0,0.0,MIM,2026-08-17T17:37:00+00:00
PER_SESSION_CONDITIONAL_UNKNOWN_EPOCH,2.0,232.55999999999767,0.0,YANK,2026-08-17T17:37:00+00:00
PER_SESSION_CONDITIONAL_UNKNOWN_EPOCH,1.0,0.0,0.0,MIM,2026-08-17T17:38:00+00:00
PER_SESSION_CONDITIONAL_UNKNOWN_EPOCH,2.0,232.55999999999767,0.0,YANK,2026-08-17T17:38:00+00:00
PER_SESSION_CONDITIONAL_UNKNOWN_EPOCH,1.0,0.0,0.0,MIM,2026-08-17T17:39:00+00:00
PER_SESSION_CONDITIONAL_UNKNOWN_EPOCH,2.0,232.55999999999767,0.0,YANK,2026-08-17T17:39:00+00:00
PER_SESSION_CONDITIONAL_UNKNOWN_EPOCH,1.0,0.0,0.0,MIM,2026-08-17T17:40:00+00:00
PER_SESSION_CONDITIONAL_UNKNOWN_EPOCH,2.0,232.55999999999767,0.0,YANK,2026-08-17T17:40:00+00:00
PER_SESSION_CONDITIONAL_UNKNOWN_EPOCH,1.0,0.0,0.0,MIM,2026-08-17T17:41:00+00:00
PER_SESSION_CONDITIONAL_UNKNOWN_EPOCH,2.0,232.55999999999767,0.0,YANK,2026-08-17T17:41:00+00:00
PER_SESSION_CONDITIONAL_UNKNOWN_EPOCH,1.0,0.0,0.0,MIM,2026-08-17T17:42:00+00:00
PER_SESSION_CONDITIONAL_UNKNOWN_EPOCH,2.0,232.55999999999767,0.0,YANK,2026-08-17T17:42:00+00:00
PER_SESSION_CONDITIONAL_UNKNOWN_EPOCH,1.0,0.0,0.0,MIM,2026-08-17T17:43:00+00:00
PER_SESSION_CONDITIONAL_UNKNOWN_EPOCH,2.0,232.55999999999767,0.0,YANK,2026-08-17T17:43:00+00:00
PER_SESSION_CONDITIONAL_UNKNOWN_EPOCH,1.0,0.0,0.0,MIM,2026-08-17T17:44:00+00:00
PER_SESSION_CONDITIONAL_UNKNOWN_EPOCH,2.0,232.55999999999767,0.0,YANK,2026-08-17T17:44:00+00:00
PER_SESSION_CONDITIONAL_UNKNOWN_EPOCH,1.0,0.0,0.0,MIM,2026-08-17T17:45:00+00:00
PER_SESSION_CONDITIONAL_UNKNOWN_EPOCH,2.0,232.55999999999767,0.0,YANK,2026-08-17T17:45:00+00:00
PER_SESSION_CONDITIONAL_UNKNOWN_EPOCH,1.0,0.0,0.0,MIM,2026-08-17T17:46:00+00:00
PER_SESSION_CONDITIONAL_UNKNOWN_EPOCH,2.0,232.55999999999767,0.0,YANK,2026-08-17T17:46:00+00:00
PER_SESSION_CONDITIONAL_UNKNOWN_EPOCH,1.0,0.0,0.0,MIM,2026-08-17T17:47:00+00:00
PER_SESSION_CONDITIONAL_UNKNOWN_EPOCH,2.0,232.55999999999767,0.0,YANK,2026-08-17T17:47:00+00:00
PER_SESSION_CONDITIONAL_UNKNOWN_EPOCH,1.0,0.0,0.0,MIM,2026-08-17T17:48:00+00:00
PER_SESSION_CONDITIONAL_UNKNOWN_EPOCH,2.0,232.55999999999767,0.0,YANK,2026-08-17T17:48:00+00:00
PER_SESSION_CONDITIONAL_UNKNOWN_EPOCH,1.0,0.0,0.0,MIM,2026-08-17T17:49:00+00:00
PER_SESSION_CONDITIONAL_UNKNOWN_EPOCH,2.0,232.55999999999767,0.0,YANK,2026-08-17T17:49:00+00:00
PER_SESSION_CONDITIONAL_UNKNOWN_EPOCH,1.0,0.0,0.0,MIM,2026-08-17T17:50:00+00:00
PER_SESSION_CONDITIONAL_UNKNOWN_EPOCH,2.0,232.55999999999767,0.0,YANK,2026-08-17T17:50:00+00:00
PER_SESSION_CONDITIONAL_UNKNOWN_EPOCH,1.0,0.0,0.0,MIM,2026-08-17T17:51:00+00:00
PER_SESSION_CONDITIONAL_UNKNOWN_EPOCH,2.0,232.55999999999767,0.0,YANK,2026-08-17T17:51:00+00:00
PER_SESSION_CONDITIONAL_UNKNOWN_EPOCH,1.0,0.0,0.0,MIM,2026-08-17T17:52:00+00:00
PER_SESSION_CONDITIONAL_UNKNOWN_EPOCH,2.0,232.55999999999767,0.0,YANK,2026-08-17T17:52:00+00:00
PER_SESSION_CONDITIONAL_UNKNOWN_EPOCH,1.0,0.0,0.0,MIM,2026-08-17T17:53:00+00:00
PER_SESSION_CONDITIONAL_UNKNOWN_EPOCH,2.0,232.55999999999767,0.0,YANK,2026-08-17T17:53:00+00:00
PER_SESSION_CONDITIONAL_UNKNOWN_EPOCH,1.0,0.0,0.0,MIM,2026-08-17T17:54:00+00:00
PER_SESSION_CONDITIONAL_UNKNOWN_EPOCH,2.0,232.55999999999767,0.0,YANK,2026-08-17T17:54:00+00:00
PER_SESSION_CONDITIONAL_UNKNOWN_EPOCH,1.0,0.0,0.0,MIM,2026-08-17T17:55:00+00:00
PER_SESSION_CONDITIONAL_UNKNOWN_EPOCH,2.0,232.55999999999767,0.0,YANK,2026-08-17T17:55:00+00:00
PER_SESSION_CONDITIONAL_UNKNOWN_EPOCH,1.0,0.0,0.0,MIM,2026-08-17T17:56:00+00:00
PER_SESSION_CONDITIONAL_UNKNOWN_EPOCH,2.0,232.55999999999767,0.0,YANK,2026-08-17T17:56:00+00:00
PER_SESSION_CONDITIONAL_UNKNOWN_EPOCH,1.0,0.0,0.0,MIM,2026-08-17T17:57:00+00:00
PER_SESSION_CONDITIONAL_UNKNOWN_EPOCH,2.0,232.55999999999767,0.0,YANK,2026-08-17T17:57:00+00:00
PER_SESSION_CONDITIONAL_UNKNOWN_EPOCH,1.0,0.0,0.0,MIM,2026-08-17T17:58:00+00:00
PER_SESSION_CONDITIONAL_UNKNOWN_EPOCH,2.0,232.55999999999767,0.0,YANK,2026-08-17T17:58:00+00:00
PER_SESSION_CONDITIONAL_UNKNOWN_EPOCH,1.0,0.0,0.0,MIM,2026-08-17T17:59:00+00:00
PER_SESSION_CONDITIONAL_UNKNOWN_EPOCH,2.0,232.55999999999767,0.0,YANK,2026-08-17T17:59:00+00:00
PER_SESSION_CONDITIONAL_UNKNOWN_EPOCH,1.0,0.0,0.0,MIM,2026-08-17T18:00:00+00:00
PER_SESSION_CONDITIONAL_UNKNOWN_EPOCH,2.0,232.55999999999767,0.0,YANK,2026-08-17T18:00:00+00:00
PER_SESSION_CONDITIONAL_UNKNOWN_EPOCH,1.0,0.0,0.0,MIM,2026-08-17T18:01:00+00:00
PER_SESSION_CONDITIONAL_UNKNOWN_EPOCH,2.0,232.55999999999767,0.0,YANK,2026-08-17T18:01:00+00:00
PER_SESSION_CONDITIONAL_UNKNOWN_EPOCH,1.0,0.0,0.0,MIM,2026-08-17T18:02:00+00:00
PER_SESSION_CONDITIONAL_UNKNOWN_EPOCH,2.0,232.55999999999767,0.0,YANK,2026-08-17T18:02:00+00:00
PER_SESSION_CONDITIONAL_UNKNOWN_EPOCH,1.0,0.0,0.0,MIM,2026-08-17T18:03:00+00:00
PER_SESSION_CONDITIONAL_UNKNOWN_EPOCH,2.0,232.55999999999767,0.0,YANK,2026-08-17T18:03:00+00:00
PER_SESSION_CONDITIONAL_UNKNOWN_EPOCH,1.0,0.0,0.0,MIM,2026-08-17T18:04:00+00:00
PER_SESSION_CONDITIONAL_UNKNOWN_EPOCH,2.0,232.55999999999767,0.0,YANK,2026-08-17T18:04:00+00:00
PER_SESSION_CONDITIONAL_UNKNOWN_EPOCH,1.0,0.0,0.0,MIM,2026-08-17T18:05:00+00:00
PER_SESSION_CONDITIONAL_UNKNOWN_EPOCH,2.0,232.55999999999767,0.0,YANK,2026-08-17T18:05:00+00:00
PER_SESSION_CONDITIONAL_UNKNOWN_EPOCH,1.0,0.0,0.0,MIM,2026-08-17T18:06:00+00:00
PER_SESSION_CONDITIONAL_UNKNOWN_EPOCH,2.0,232.55999999999767,0.0,YANK,2026-08-17T18:06:00+00:00
PER_SESSION_CONDITIONAL_UNKNOWN_EPOCH,1.0,0.0,0.0,MIM,2026-08-17T18:07:00+00:00
PER_SESSION_CONDITIONAL_UNKNOWN_EPOCH,2.0,232.55999999999767,0.0,YANK,2026-08-17T18:07:00+00:00
PER_SESSION_CONDITIONAL_UNKNOWN_EPOCH,1.0,0.0,0.0,MIM,2026-08-17T18:08:00+00:00
PER_SESSION_CONDITIONAL_UNKNOWN_EPOCH,2.0,232.55999999999767,0.0,YANK,2026-08-17T18:08:00+00:00
PER_SESSION_CONDITIONAL_UNKNOWN_EPOCH,1.0,0.0,0.0,MIM,2026-08-17T18:09:00+00:00
PER_SESSION_CONDITIONAL_UNKNOWN_EPOCH,2.0,232.55999999999767,0.0,YANK,2026-08-17T18:09:00+00:00
PER_SESSION_CONDITIONAL_UNKNOWN_EPOCH,1.0,0.0,0.0,MIM,2026-08-17T18:10:00+00:00
PER_SESSION_CONDITIONAL_UNKNOWN_EPOCH,2.0,232.55999999999767,0.0,YANK,2026-08-17T18:10:00+00:00
PER_SESSION_CONDITIONAL_UNKNOWN_EPOCH,1.0,0.0,0.0,MIM,2026-08-17T18:11:00+00:00
PER_SESSION_CONDITIONAL_UNKNOWN_EPOCH,2.0,232.55999999999767,0.0,YANK,2026-08-17T18:11:00+00:00
PER_SESSION_CONDITIONAL_UNKNOWN_EPOCH,1.0,0.0,0.0,MIM,2026-08-17T18:12:00+00:00
PER_SESSION_CONDITIONAL_UNKNOWN_EPOCH,2.0,232.55999999999767,0.0,YANK,2026-08-17T18:12:00+00:00
PER_SESSION_CONDITIONAL_UNKNOWN_EPOCH,1.0,0.0,0.0,MIM,2026-08-17T18:13:00+00:00
PER_SESSION_CONDITIONAL_UNKNOWN_EPOCH,2.0,232.55999999999767,0.0,YANK,2026-08-17T18:13:00+00:00
PER_SESSION_CONDITIONAL_UNKNOWN_EPOCH,1.0,0.0,0.0,MIM,2026-08-17T18:14:00+00:00
PER_SESSION_CONDITIONAL_UNKNOWN_EPOCH,2.0,232.55999999999767,0.0,YANK,2026-08-17T18:14:00+00:00
PER_SESSION_CONDITIONAL_UNKNOWN_EPOCH,1.0,0.0,0.0,MIM,2026-08-17T18:15:00+00:00
PER_SESSION_CONDITIONAL_UNKNOWN_EPOCH,2.0,232.55999999999767,0.0,YANK,2026-08-17T18:15:00+00:00
PER_SESSION_CONDITIONAL_UNKNOWN_EPOCH,1.0,0.0,0.0,MIM,2026-08-17T18:16:00+00:00
PER_SESSION_CONDITIONAL_UNKNOWN_EPOCH,2.0,232.55999999999767,0.0,YANK,2026-08-17T18:16:00+00:00
PER_SESSION_CONDITIONAL_UNKNOWN_EPOCH,1.0,0.0,0.0,MIM,2026-08-17T18:17:00+00:00
PER_SESSION_CONDITIONAL_UNKNOWN_EPOCH,2.0,232.55999999999767,0.0,YANK,2026-08-17T18:17:00+00:00
PER_SESSION_CONDITIONAL_UNKNOWN_EPOCH,1.0,0.0,0.0,MIM,2026-08-17T18:18:00+00:00
PER_SESSION_CONDITIONAL_UNKNOWN_EPOCH,2.0,232.55999999999767,0.0,YANK,2026-08-17T18:18:00+00:00
PER_SESSION_CONDITIONAL_UNKNOWN_EPOCH,1.0,0.0,0.0,MIM,2026-08-17T18:19:00+00:00
PER_SESSION_CONDITIONAL_UNKNOWN_EPOCH,2.0,232.55999999999767,0.0,YANK,2026-08-17T18:19:00+00:00
PER_SESSION_CONDITIONAL_UNKNOWN_EPOCH,1.0,0.0,0.0,MIM,2026-08-17T18:20:00+00:00
PER_SESSION_CONDITIONAL_UNKNOWN_EPOCH,2.0,232.55999999999767,0.0,YANK,2026-08-17T18:20:00+00:00
PER_SESSION_CONDITIONAL_UNKNOWN_EPOCH,1.0,0.0,0.0,MIM,2026-08-17T18:21:00+00:00
PER_SESSION_CONDITIONAL_UNKNOWN_EPOCH,2.0,232.55999999999767,0.0,YANK,2026-08-17T18:21:00+00:00
PER_SESSION_CONDITIONAL_UNKNOWN_EPOCH,1.0,0.0,0.0,MIM,2026-08-17T18:22:00+00:00
PER_SESSION_CONDITIONAL_UNKNOWN_EPOCH,2.0,232.55999999999767,0.0,YANK,2026-08-17T18:22:00+00:00
PER_SESSION_CONDITIONAL_UNKNOWN_EPOCH,1.0,0.0,0.0,MIM,2026-08-17T18:23:00+00:00
PER_SESSION_CONDITIONAL_UNKNOWN_EPOCH,2.0,232.55999999999767,0.0,YANK,2026-08-17T18:23:00+00:00
PER_SESSION_CONDITIONAL_UNKNOWN_EPOCH,1.0,0.0,0.0,MIM,2026-08-17T18:24:00+00:00
PER_SESSION_CONDITIONAL_UNKNOWN_EPOCH,2.0,232.55999999999767,0.0,YANK,2026-08-17T18:24:00+00:00
PER_SESSION_CONDITIONAL_UNKNOWN_EPOCH,1.0,0.0,0.0,MIM,2026-08-17T18:25:00+00:00
PER_SESSION_CONDITIONAL_UNKNOWN_EPOCH,2.0,232.55999999999767,0.0,YANK,2026-08-17T18:25:00+00:00
PER_SESSION_CONDITIONAL_UNKNOWN_EPOCH,1.0,0.0,0.0,MIM,2026-08-17T18:26:00+00:00
PER_SESSION_CONDITIONAL_UNKNOWN_EPOCH,2.0,232.55999999999767,0.0,YANK,2026-08-17T18:26:00+00:00
PER_SESSION_CONDITIONAL_UNKNOWN_EPOCH,1.0,0.0,0.0,MIM,2026-08-17T18:27:00+00:00
PER_SESSION_CONDITIONAL_UNKNOWN_EPOCH,2.0,232.55999999999767,0.0,YANK,2026-08-17T18:27:00+00:00
PER_SESSION_CONDITIONAL_UNKNOWN_EPOCH,1.0,0.0,0.0,MIM,2026-08-17T18:28:00+00:00
PER_SESSION_CONDITIONAL_UNKNOWN_EPOCH,2.0,232.55999999999767,0.0,YANK,2026-08-17T18:28:00+00:00
PER_SESSION_CONDITIONAL_UNKNOWN_EPOCH,1.0,0.0,0.0,MIM,2026-08-17T18:29:00+00:00
PER_SESSION_CONDITIONAL_UNKNOWN_EPOCH,2.0,232.55999999999767,0.0,YANK,2026-08-17T18:29:00+00:00
PER_SESSION_CONDITIONAL_UNKNOWN_EPOCH,1.0,0.0,0.0,MIM,2026-08-17T18:30:00+00:00
PER_SESSION_CONDITIONAL_UNKNOWN_EPOCH,2.0,232.55999999999767,0.0,YANK,2026-08-17T18:30:00+00:00
PER_SESSION_CONDITIONAL_UNKNOWN_EPOCH,1.0,0.0,0.0,MIM,2026-08-17T18:31:00+00:00
PER_SESSION_CONDITIONAL_UNKNOWN_EPOCH,2.0,232.55999999999767,0.0,YANK,2026-08-17T18:31:00+00:00
PER_SESSION_CONDITIONAL_UNKNOWN_EPOCH,1.0,0.0,0.0,MIM,2026-08-17T18:32:00+00:00
PER_SESSION_CONDITIONAL_UNKNOWN_EPOCH,2.0,232.55999999999767,0.0,YANK,2026-08-17T18:32:00+00:00
PER_SESSION_CONDITIONAL_UNKNOWN_EPOCH,1.0,0.0,0.0,MIM,2026-08-17T18:33:00+00:00
PER_SESSION_CONDITIONAL_UNKNOWN_EPOCH,2.0,232.55999999999767,0.0,YANK,2026-08-17T18:33:00+00:00
PER_SESSION_CONDITIONAL_UNKNOWN_EPOCH,1.0,0.0,0.0,MIM,2026-08-17T18:34:00+00:00
PER_SESSION_CONDITIONAL_UNKNOWN_EPOCH,2.0,232.55999999999767,0.0,YANK,2026-08-17T18:34:00+00:00
PER_SESSION_CONDITIONAL_UNKNOWN_EPOCH,1.0,0.0,0.0,MIM,2026-08-17T18:35:00+00:00
PER_SESSION_CONDITIONAL_UNKNOWN_EPOCH,2.0,232.55999999999767,0.0,YANK,2026-08-17T18:35:00+00:00
PER_SESSION_CONDITIONAL_UNKNOWN_EPOCH,1.0,0.0,0.0,MIM,2026-08-17T18:36:00+00:00
PER_SESSION_CONDITIONAL_UNKNOWN_EPOCH,2.0,232.55999999999767,0.0,YANK,2026-08-17T18:36:00+00:00
PER_SESSION_CONDITIONAL_UNKNOWN_EPOCH,1.0,0.0,0.0,MIM,2026-08-17T18:37:00+00:00
PER_SESSION_CONDITIONAL_UNKNOWN_EPOCH,2.0,232.55999999999767,0.0,YANK,2026-08-17T18:37:00+00:00
PER_SESSION_CONDITIONAL_UNKNOWN_EPOCH,1.0,0.0,0.0,MIM,2026-08-17T18:38:00+00:00
PER_SESSION_CONDITIONAL_UNKNOWN_EPOCH,2.0,232.55999999999767,0.0,YANK,2026-08-17T18:38:00+00:00
PER_SESSION_CONDITIONAL_UNKNOWN_EPOCH,1.0,0.0,0.0,MIM,2026-08-17T18:39:00+00:00
PER_SESSION_CONDITIONAL_UNKNOWN_EPOCH,2.0,232.55999999999767,0.0,YANK,2026-08-17T18:39:00+00:00
PER_SESSION_CONDITIONAL_UNKNOWN_EPOCH,1.0,0.0,0.0,MIM,2026-08-17T18:40:00+00:00
PER_SESSION_CONDITIONAL_UNKNOWN_EPOCH,2.0,232.55999999999767,0.0,YANK,2026-08-17T18:40:00+00:00
PER_SESSION_CONDITIONAL_UNKNOWN_EPOCH,1.0,0.0,0.0,MIM,2026-08-17T18:41:00+00:00
PER_SESSION_CONDITIONAL_UNKNOWN_EPOCH,2.0,232.55999999999767,0.0,YANK,2026-08-17T18:41:00+00:00
PER_SESSION_CONDITIONAL_UNKNOWN_EPOCH,1.0,0.0,0.0,MIM,2026-08-17T18:42:00+00:00
PER_SESSION_CONDITIONAL_UNKNOWN_EPOCH,2.0,232.55999999999767,0.0,YANK,2026-08-17T18:42:00+00:00
PER_SESSION_CONDITIONAL_UNKNOWN_EPOCH,1.0,0.0,0.0,MIM,2026-08-17T18:43:00+00:00
PER_SESSION_CONDITIONAL_UNKNOWN_EPOCH,2.0,232.55999999999767,0.0,YANK,2026-08-17T18:43:00+00:00
PER_SESSION_CONDITIONAL_UNKNOWN_EPOCH,1.0,0.0,0.0,MIM,2026-08-17T18:44:00+00:00
PER_SESSION_CONDITIONAL_UNKNOWN_EPOCH,2.0,232.55999999999767,0.0,YANK,2026-08-17T18:44:00+00:00
PER_SESSION_CONDITIONAL_UNKNOWN_EPOCH,1.0,0.0,0.0,MIM,2026-08-17T18:45:00+00:00
PER_SESSION_CONDITIONAL_UNKNOWN_EPOCH,2.0,232.55999999999767,0.0,YANK,2026-08-17T18:45:00+00:00
PER_SESSION_CONDITIONAL_UNKNOWN_EPOCH,1.0,0.0,0.0,MIM,2026-08-17T18:46:00+00:00
PER_SESSION_CONDITIONAL_UNKNOWN_EPOCH,2.0,232.55999999999767,0.0,YANK,2026-08-17T18:46:00+00:00
PER_SESSION_CONDITIONAL_UNKNOWN_EPOCH,1.0,0.0,0.0,MIM,2026-08-17T18:47:00+00:00
PER_SESSION_CONDITIONAL_UNKNOWN_EPOCH,2.0,232.55999999999767,0.0,YANK,2026-08-17T18:47:00+00:00
PER_SESSION_CONDITIONAL_UNKNOWN_EPOCH,1.0,0.0,0.0,MIM,2026-08-17T18:48:00+00:00
PER_SESSION_CONDITIONAL_UNKNOWN_EPOCH,2.0,232.55999999999767,0.0,YANK,2026-08-17T18:48:00+00:00
PER_SESSION_CONDITIONAL_UNKNOWN_EPOCH,1.0,0.0,0.0,MIM,2026-08-17T18:49:00+00:00
PER_SESSION_CONDITIONAL_UNKNOWN_EPOCH,2.0,232.55999999999767,0.0,YANK,2026-08-17T18:49:00+00:00
PER_SESSION_CONDITIONAL_UNKNOWN_EPOCH,1.0,0.0,0.0,MIM,2026-08-17T18:50:00+00:00
PER_SESSION_CONDITIONAL_UNKNOWN_EPOCH,2.0,232.55999999999767,0.0,YANK,2026-08-17T18:50:00+00:00
PER_SESSION_CONDITIONAL_UNKNOWN_EPOCH,1.0,0.0,0.0,MIM,2026-08-17T18:51:00+00:00
PER_SESSION_CONDITIONAL_UNKNOWN_EPOCH,2.0,232.55999999999767,0.0,YANK,2026-08-17T18:51:00+00:00
PER_SESSION_CONDITIONAL_UNKNOWN_EPOCH,1.0,0.0,0.0,MIM,2026-08-17T18:52:00+00:00
PER_SESSION_CONDITIONAL_UNKNOWN_EPOCH,2.0,232.55999999999767,0.0,YANK,2026-08-17T18:52:00+00:00
PER_SESSION_CONDITIONAL_UNKNOWN_EPOCH,1.0,0.0,0.0,MIM,2026-08-17T18:53:00+00:00
PER_SESSION_CONDITIONAL_UNKNOWN_EPOCH,2.0,232.55999999999767,0.0,YANK,2026-08-17T18:53:00+00:00
PER_SESSION_CONDITIONAL_UNKNOWN_EPOCH,1.0,0.0,0.0,MIM,2026-08-17T18:54:00+00:00
PER_SESSION_CONDITIONAL_UNKNOWN_EPOCH,2.0,232.55999999999767,0.0,YANK,2026-08-17T18:54:00+00:00
PER_SESSION_CONDITIONAL_UNKNOWN_EPOCH,1.0,0.0,0.0,MIM,2026-08-17T18:55:00+00:00
PER_SESSION_CONDITIONAL_UNKNOWN_EPOCH,2.0,232.55999999999767,0.0,YANK,2026-08-17T18:55:00+00:00
PER_SESSION_CONDITIONAL_UNKNOWN_EPOCH,1.0,0.0,0.0,MIM,2026-08-17T18:56:00+00:00
PER_SESSION_CONDITIONAL_UNKNOWN_EPOCH,2.0,232.55999999999767,0.0,YANK,2026-08-17T18:56:00+00:00
PER_SESSION_CONDITIONAL_UNKNOWN_EPOCH,1.0,0.0,0.0,MIM,2026-08-17T18:57:00+00:00
PER_SESSION_CONDITIONAL_UNKNOWN_EPOCH,2.0,232.55999999999767,0.0,YANK,2026-08-17T18:57:00+00:00
PER_SESSION_CONDITIONAL_UNKNOWN_EPOCH,1.0,0.0,0.0,MIM,2026-08-17T18:58:00+00:00
PER_SESSION_CONDITIONAL_UNKNOWN_EPOCH,2.0,232.55999999999767,0.0,YANK,2026-08-17T18:58:00+00:00
PER_SESSION_CONDITIONAL_UNKNOWN_EPOCH,1.0,0.0,0.0,MIM,2026-08-17T18:59:00+00:00
PER_SESSION_CONDITIONAL_UNKNOWN_EPOCH,2.0,232.55999999999767,0.0,YANK,2026-08-17T18:59:00+00:00
PER_SESSION_CONDITIONAL_UNKNOWN_EPOCH,1.0,0.0,0.0,MIM,2026-08-17T19:00:00+00:00
PER_SESSION_CONDITIONAL_UNKNOWN_EPOCH,2.0,232.55999999999767,0.0,YANK,2026-08-17T19:00:00+00:00
PER_SESSION_CONDITIONAL_UNKNOWN_EPOCH,1.0,0.0,0.0,MIM,2026-08-17T19:01:00+00:00
PER_SESSION_CONDITIONAL_UNKNOWN_EPOCH,2.0,232.55999999999767,0.0,YANK,2026-08-17T19:01:00+00:00
PER_SESSION_CONDITIONAL_UNKNOWN_EPOCH,1.0,0.0,0.0,MIM,2026-08-17T19:02:00+00:00
PER_SESSION_CONDITIONAL_UNKNOWN_EPOCH,2.0,232.55999999999767,0.0,YANK,2026-08-17T19:02:00+00:00
PER_SESSION_CONDITIONAL_UNKNOWN_EPOCH,1.0,0.0,0.0,MIM,2026-08-17T19:03:00+00:00
PER_SESSION_CONDITIONAL_UNKNOWN_EPOCH,2.0,232.55999999999767,0.0,YANK,2026-08-17T19:03:00+00:00
PER_SESSION_CONDITIONAL_UNKNOWN_EPOCH,1.0,0.0,0.0,MIM,2026-08-17T19:04:00+00:00
PER_SESSION_CONDITIONAL_UNKNOWN_EPOCH,2.0,232.55999999999767,0.0,YANK,2026-08-17T19:04:00+00:00
PER_SESSION_CONDITIONAL_UNKNOWN_EPOCH,1.0,0.0,0.0,MIM,2026-08-17T19:05:00+00:00
PER_SESSION_CONDITIONAL_UNKNOWN_EPOCH,2.0,232.55999999999767,0.0,YANK,2026-08-17T19:05:00+00:00
PER_SESSION_CONDITIONAL_UNKNOWN_EPOCH,1.0,0.0,0.0,MIM,2026-08-17T19:06:00+00:00
PER_SESSION_CONDITIONAL_UNKNOWN_EPOCH,2.0,232.55999999999767,0.0,YANK,2026-08-17T19:06:00+00:00
PER_SESSION_CONDITIONAL_UNKNOWN_EPOCH,1.0,0.0,0.0,MIM,2026-08-17T19:07:00+00:00
PER_SESSION_CONDITIONAL_UNKNOWN_EPOCH,2.0,232.55999999999767,0.0,YANK,2026-08-17T19:07:00+00:00
PER_SESSION_CONDITIONAL_UNKNOWN_EPOCH,1.0,0.0,0.0,MIM,2026-08-17T19:08:00+00:00
PER_SESSION_CONDITIONAL_UNKNOWN_EPOCH,2.0,232.55999999999767,0.0,YANK,2026-08-17T19:08:00+00:00
PER_SESSION_CONDITIONAL_UNKNOWN_EPOCH,1.0,0.0,0.0,MIM,2026-08-17T19:09:00+00:00
PER_SESSION_CONDITIONAL_UNKNOWN_EPOCH,2.0,232.55999999999767,0.0,YANK,2026-08-17T19:09:00+00:00
PER_SESSION_CONDITIONAL_UNKNOWN_EPOCH,1.0,0.0,0.0,MIM,2026-08-17T19:10:00+00:00
PER_SESSION_CONDITIONAL_UNKNOWN_EPOCH,2.0,232.55999999999767,0.0,YANK,2026-08-17T19:10:00+00:00
PER_SESSION_CONDITIONAL_UNKNOWN_EPOCH,1.0,0.0,0.0,MIM,2026-08-17T19:11:00+00:00
PER_SESSION_CONDITIONAL_UNKNOWN_EPOCH,2.0,232.55999999999767,0.0,YANK,2026-08-17T19:11:00+00:00
PER_SESSION_CONDITIONAL_UNKNOWN_EPOCH,1.0,0.0,0.0,MIM,2026-08-17T19:12:00+00:00
PER_SESSION_CONDITIONAL_UNKNOWN_EPOCH,2.0,232.55999999999767,0.0,YANK,2026-08-17T19:12:00+00:00
PER_SESSION_CONDITIONAL_UNKNOWN_EPOCH,1.0,0.0,0.0,MIM,2026-08-17T19:13:00+00:00
PER_SESSION_CONDITIONAL_UNKNOWN_EPOCH,2.0,232.55999999999767,0.0,YANK,2026-08-17T19:13:00+00:00
PER_SESSION_CONDITIONAL_UNKNOWN_EPOCH,1.0,0.0,0.0,MIM,2026-08-17T19:14:00+00:00
PER_SESSION_CONDITIONAL_UNKNOWN_EPOCH,2.0,232.55999999999767,0.0,YANK,2026-08-17T19:14:00+00:00
PER_SESSION_CONDITIONAL_UNKNOWN_EPOCH,1.0,0.0,0.0,MIM,2026-08-17T19:15:00+00:00
PER_SESSION_CONDITIONAL_UNKNOWN_EPOCH,2.0,232.55999999999767,0.0,YANK,2026-08-17T19:15:00+00:00
PER_SESSION_CONDITIONAL_UNKNOWN_EPOCH,1.0,0.0,0.0,MIM,2026-08-17T19:16:00+00:00
PER_SESSION_CONDITIONAL_UNKNOWN_EPOCH,2.0,232.55999999999767,0.0,YANK,2026-08-17T19:16:00+00:00
PER_SESSION_CONDITIONAL_UNKNOWN_EPOCH,1.0,0.0,0.0,MIM,2026-08-17T19:17:00+00:00
PER_SESSION_CONDITIONAL_UNKNOWN_EPOCH,2.0,232.55999999999767,0.0,YANK,2026-08-17T19:17:00+00:00
PER_SESSION_CONDITIONAL_UNKNOWN_EPOCH,1.0,0.0,0.0,MIM,2026-08-17T19:18:00+00:00
PER_SESSION_CONDITIONAL_UNKNOWN_EPOCH,2.0,232.55999999999767,0.0,YANK,2026-08-17T19:18:00+00:00
PER_SESSION_CONDITIONAL_UNKNOWN_EPOCH,1.0,0.0,0.0,MIM,2026-08-17T19:19:00+00:00
PER_SESSION_CONDITIONAL_UNKNOWN_EPOCH,2.0,232.55999999999767,0.0,YANK,2026-08-17T19:19:00+00:00
PER_SESSION_CONDITIONAL_UNKNOWN_EPOCH,1.0,0.0,0.0,MIM,2026-08-17T19:20:00+00:00
PER_SESSION_CONDITIONAL_UNKNOWN_EPOCH,2.0,232.55999999999767,0.0,YANK,2026-08-17T19:20:00+00:00
PER_SESSION_CONDITIONAL_UNKNOWN_EPOCH,1.0,0.0,0.0,MIM,2026-08-17T19:21:00+00:00
PER_SESSION_CONDITIONAL_UNKNOWN_EPOCH,2.0,232.55999999999767,0.0,YANK,2026-08-17T19:21:00+00:00
PER_SESSION_CONDITIONAL_UNKNOWN_EPOCH,1.0,0.0,0.0,MIM,2026-08-17T19:22:00+00:00
PER_SESSION_CONDITIONAL_UNKNOWN_EPOCH,2.0,232.55999999999767,0.0,YANK,2026-08-17T19:22:00+00:00
PER_SESSION_CONDITIONAL_UNKNOWN_EPOCH,1.0,0.0,0.0,MIM,2026-08-17T19:23:00+00:00
PER_SESSION_CONDITIONAL_UNKNOWN_EPOCH,2.0,232.55999999999767,0.0,YANK,2026-08-17T19:23:00+00:00
PER_SESSION_CONDITIONAL_UNKNOWN_EPOCH,1.0,0.0,0.0,MIM,2026-08-17T19:24:00+00:00
PER_SESSION_CONDITIONAL_UNKNOWN_EPOCH,2.0,232.55999999999767,0.0,YANK,2026-08-17T19:24:00+00:00
PER_SESSION_CONDITIONAL_UNKNOWN_EPOCH,1.0,0.0,0.0,MIM,2026-08-17T19:25:00+00:00
PER_SESSION_CONDITIONAL_UNKNOWN_EPOCH,2.0,232.55999999999767,0.0,YANK,2026-08-17T19:25:00+00:00
PER_SESSION_CONDITIONAL_UNKNOWN_EPOCH,1.0,0.0,0.0,MIM,2026-08-17T19:26:00+00:00
PER_SESSION_CONDITIONAL_UNKNOWN_EPOCH,2.0,232.55999999999767,0.0,YANK,2026-08-17T19:26:00+00:00
PER_SESSION_CONDITIONAL_UNKNOWN_EPOCH,1.0,0.0,0.0,MIM,2026-08-17T19:27:00+00:00
PER_SESSION_CONDITIONAL_UNKNOWN_EPOCH,2.0,232.55999999999767,0.0,YANK,2026-08-17T19:27:00+00:00
PER_SESSION_CONDITIONAL_UNKNOWN_EPOCH,1.0,0.0,0.0,MIM,2026-08-17T19:28:00+00:00
PER_SESSION_CONDITIONAL_UNKNOWN_EPOCH,2.0,232.55999999999767,0.0,YANK,2026-08-17T19:28:00+00:00
PER_SESSION_CONDITIONAL_UNKNOWN_EPOCH,1.0,0.0,0.0,MIM,2026-08-17T19:29:00+00:00
PER_SESSION_CONDITIONAL_UNKNOWN_EPOCH,2.0,232.55999999999767,0.0,YANK,2026-08-17T19:29:00+00:00
PER_SESSION_CONDITIONAL_UNKNOWN_EPOCH,1.0,0.0,0.0,MIM,2026-08-17T19:30:00+00:00
PER_SESSION_CONDITIONAL_UNKNOWN_EPOCH,2.0,232.55999999999767,0.0,YANK,2026-08-17T19:30:00+00:00
PER_SESSION_CONDITIONAL_UNKNOWN_EPOCH,1.0,0.0,0.0,MIM,2026-08-17T19:31:00+00:00
PER_SESSION_CONDITIONAL_UNKNOWN_EPOCH,2.0,232.55999999999767,0.0,YANK,2026-08-17T19:31:00+00:00
PER_SESSION_CONDITIONAL_UNKNOWN_EPOCH,1.0,0.0,0.0,MIM,2026-08-17T19:32:00+00:00
PER_SESSION_CONDITIONAL_UNKNOWN_EPOCH,2.0,232.55999999999767,0.0,YANK,2026-08-17T19:32:00+00:00
PER_SESSION_CONDITIONAL_UNKNOWN_EPOCH,1.0,0.0,0.0,MIM,2026-08-17T19:33:00+00:00
PER_SESSION_CONDITIONAL_UNKNOWN_EPOCH,2.0,232.55999999999767,0.0,YANK,2026-08-17T19:33:00+00:00
PER_SESSION_CONDITIONAL_UNKNOWN_EPOCH,1.0,0.0,0.0,MIM,2026-08-17T19:34:00+00:00
PER_SESSION_CONDITIONAL_UNKNOWN_EPOCH,2.0,232.55999999999767,0.0,YANK,2026-08-17T19:34:00+00:00
PER_SESSION_CONDITIONAL_UNKNOWN_EPOCH,1.0,0.0,0.0,MIM,2026-08-17T19:35:00+00:00
PER_SESSION_CONDITIONAL_UNKNOWN_EPOCH,2.0,232.55999999999767,0.0,YANK,2026-08-17T19:35:00+00:00
PER_SESSION_CONDITIONAL_UNKNOWN_EPOCH,1.0,0.0,0.0,MIM,2026-08-17T19:36:00+00:00
PER_SESSION_CONDITIONAL_UNKNOWN_EPOCH,2.0,232.55999999999767,0.0,YANK,2026-08-17T19:36:00+00:00
PER_SESSION_CONDITIONAL_UNKNOWN_EPOCH,1.0,0.0,0.0,MIM,2026-08-17T19:37:00+00:00
PER_SESSION_CONDITIONAL_UNKNOWN_EPOCH,2.0,232.55999999999767,0.0,YANK,2026-08-17T19:37:00+00:00
PER_SESSION_CONDITIONAL_UNKNOWN_EPOCH,1.0,0.0,0.0,MIM,2026-08-17T19:38:00+00:00
PER_SESSION_CONDITIONAL_UNKNOWN_EPOCH,2.0,232.55999999999767,0.0,YANK,2026-08-17T19:38:00+00:00
PER_SESSION_CONDITIONAL_UNKNOWN_EPOCH,1.0,0.0,0.0,MIM,2026-08-17T19:39:00+00:00
PER_SESSION_CONDITIONAL_UNKNOWN_EPOCH,2.0,232.55999999999767,0.0,YANK,2026-08-17T19:39:00+00:00
PER_SESSION_CONDITIONAL_UNKNOWN_EPOCH,1.0,0.0,0.0,MIM,2026-08-17T19:40:00+00:00
PER_SESSION_CONDITIONAL_UNKNOWN_EPOCH,2.0,232.55999999999767,0.0,YANK,2026-08-17T19:40:00+00:00
PER_SESSION_CONDITIONAL_UNKNOWN_EPOCH,1.0,0.0,0.0,MIM,2026-08-17T19:41:00+00:00
PER_SESSION_CONDITIONAL_UNKNOWN_EPOCH,2.0,232.55999999999767,0.0,YANK,2026-08-17T19:41:00+00:00
PER_SESSION_CONDITIONAL_UNKNOWN_EPOCH,1.0,0.0,0.0,MIM,2026-08-17T19:42:00+00:00
PER_SESSION_CONDITIONAL_UNKNOWN_EPOCH,2.0,232.55999999999767,0.0,YANK,2026-08-17T19:42:00+00:00
PER_SESSION_CONDITIONAL_UNKNOWN_EPOCH,1.0,0.0,0.0,MIM,2026-08-17T19:43:00+00:00
PER_SESSION_CONDITIONAL_UNKNOWN_EPOCH,2.0,232.55999999999767,0.0,YANK,2026-08-17T19:43:00+00:00
PER_SESSION_CONDITIONAL_UNKNOWN_EPOCH,1.0,0.0,0.0,MIM,2026-08-17T19:44:00+00:00
PER_SESSION_CONDITIONAL_UNKNOWN_EPOCH,2.0,232.55999999999767,0.0,YANK,2026-08-17T19:44:00+00:00
PER_SESSION_CONDITIONAL_UNKNOWN_EPOCH,1.0,0.0,0.0,MIM,2026-08-17T19:45:00+00:00
PER_SESSION_CONDITIONAL_UNKNOWN_EPOCH,2.0,232.55999999999767,0.0,YANK,2026-08-17T19:45:00+00:00
PER_SESSION_CONDITIONAL_UNKNOWN_EPOCH,1.0,0.0,0.0,MIM,2026-08-17T19:46:00+00:00
PER_SESSION_CONDITIONAL_UNKNOWN_EPOCH,2.0,232.55999999999767,0.0,YANK,2026-08-17T19:46:00+00:00
PER_SESSION_CONDITIONAL_UNKNOWN_EPOCH,1.0,0.0,0.0,MIM,2026-08-17T19:47:00+00:00
PER_SESSION_CONDITIONAL_UNKNOWN_EPOCH,2.0,232.55999999999767,0.0,YANK,2026-08-17T19:47:00+00:00
PER_SESSION_CONDITIONAL_UNKNOWN_EPOCH,1.0,0.0,0.0,MIM,2026-08-17T19:48:00+00:00
PER_SESSION_CONDITIONAL_UNKNOWN_EPOCH,2.0,232.55999999999767,0.0,YANK,2026-08-17T19:48:00+00:00
PER_SESSION_CONDITIONAL_UNKNOWN_EPOCH,1.0,0.0,0.0,MIM,2026-08-17T19:49:00+00:00
PER_SESSION_CONDITIONAL_UNKNOWN_EPOCH,2.0,232.55999999999767,0.0,YANK,2026-08-17T19:49:00+00:00
PER_SESSION_CONDITIONAL_UNKNOWN_EPOCH,1.0,0.0,0.0,MIM,2026-08-17T19:50:00+00:00
PER_SESSION_CONDITIONAL_UNKNOWN_EPOCH,2.0,232.55999999999767,0.0,YANK,2026-08-17T19:50:00+00:00
PER_SESSION_CONDITIONAL_UNKNOWN_EPOCH,1.0,0.0,0.0,MIM,2026-08-17T19:51:00+00:00
PER_SESSION_CONDITIONAL_UNKNOWN_EPOCH,2.0,232.55999999999767,0.0,YANK,2026-08-17T19:51:00+00:00
PER_SESSION_CONDITIONAL_UNKNOWN_EPOCH,1.0,0.0,0.0,MIM,2026-08-17T19:52:00+00:00
PER_SESSION_CONDITIONAL_UNKNOWN_EPOCH,2.0,232.55999999999767,0.0,YANK,2026-08-17T19:52:00+00:00
PER_SESSION_CONDITIONAL_UNKNOWN_EPOCH,1.0,0.0,0.0,MIM,2026-08-17T19:53:00+00:00
PER_SESSION_CONDITIONAL_UNKNOWN_EPOCH,2.0,232.55999999999767,0.0,YANK,2026-08-17T19:53:00+00:00
PER_SESSION_CONDITIONAL_UNKNOWN_EPOCH,1.0,0.0,0.0,MIM,2026-08-17T19:54:00+00:00
PER_SESSION_CONDITIONAL_UNKNOWN_EPOCH,2.0,232.55999999999767,0.0,YANK,2026-08-17T19:54:00+00:00
PER_SESSION_CONDITIONAL_UNKNOWN_EPOCH,1.0,0.0,0.0,MIM,2026-08-17T19:55:00+00:00
PER_SESSION_CONDITIONAL_UNKNOWN_EPOCH,2.0,232.55999999999767,0.0,YANK,2026-08-17T19:55:00+00:00
PER_SESSION_CONDITIONAL_UNKNOWN_EPOCH,1.0,0.0,0.0,MIM,2026-08-17T19:56:00+00:00
PER_SESSION_CONDITIONAL_UNKNOWN_EPOCH,2.0,232.55999999999767,0.0,YANK,2026-08-17T19:56:00+00:00
PER_SESSION_CONDITIONAL_UNKNOWN_EPOCH,1.0,0.0,0.0,MIM,2026-08-17T19:57:00+00:00
PER_SESSION_CONDITIONAL_UNKNOWN_EPOCH,2.0,232.55999999999767,0.0,YANK,2026-08-17T19:57:00+00:00
PER_SESSION_CONDITIONAL_UNKNOWN_EPOCH,1.0,0.0,0.0,MIM,2026-08-17T19:58:00+00:00
PER_SESSION_CONDITIONAL_UNKNOWN_EPOCH,2.0,232.55999999999767,0.0,YANK,2026-08-17T19:58:00+00:00
PER_SESSION_CONDITIONAL_UNKNOWN_EPOCH,1.0,0.0,0.0,MIM,2026-08-17T19:59:00+00:00
PER_SESSION_CONDITIONAL_UNKNOWN_EPOCH,2.0,232.55999999999767,0.0,YANK,2026-08-17T19:59:00+00:00
PER_SESSION_CONDITIONAL_UNKNOWN_EPOCH,1.0,0.0,0.0,MIM,2026-08-17T20:00:00+00:00
PER_SESSION_CONDITIONAL_UNKNOWN_EPOCH,2.0,232.55999999999767,0.0,YANK,2026-08-17T20:00:00+00:00
PER_SESSION_CONDITIONAL_UNKNOWN_EPOCH,1.0,0.0,0.0,MIM,2026-08-17T20:01:00+00:00
PER_SESSION_CONDITIONAL_UNKNOWN_EPOCH,2.0,232.55999999999767,0.0,YANK,2026-08-17T20:01:00+00:00
PER_SESSION_CONDITIONAL_UNKNOWN_EPOCH,1.0,0.0,0.0,MIM,2026-08-24T13:31:00+00:00
PER_SESSION_CONDITIONAL_UNKNOWN_EPOCH,2.0,0.0,0.0,YANK,2026-08-24T13:31:00+00:00
PER_SESSION_CONDITIONAL_UNKNOWN_EPOCH,1.0,0.0,0.0,MIM,2026-08-24T13:32:00+00:00
PER_SESSION_CONDITIONAL_UNKNOWN_EPOCH,2.0,0.0,0.0,YANK,2026-08-24T13:32:00+00:00
PER_SESSION_CONDITIONAL_UNKNOWN_EPOCH,1.0,0.0,0.0,MIM,2026-08-24T13:33:00+00:00
PER_SESSION_CONDITIONAL_UNKNOWN_EPOCH,2.0,0.0,0.0,YANK,2026-08-24T13:33:00+00:00
PER_SESSION_CONDITIONAL_UNKNOWN_EPOCH,1.0,0.0,0.0,MIM,2026-08-24T13:34:00+00:00
PER_SESSION_CONDITIONAL_UNKNOWN_EPOCH,2.0,0.0,0.0,YANK,2026-08-24T13:34:00+00:00
PER_SESSION_CONDITIONAL_UNKNOWN_EPOCH,1.0,0.0,0.0,MIM,2026-08-24T13:35:00+00:00
PER_SESSION_CONDITIONAL_UNKNOWN_EPOCH,2.0,0.0,0.0,YANK,2026-08-24T13:35:00+00:00
PER_SESSION_CONDITIONAL_UNKNOWN_EPOCH,1.0,0.0,0.0,MIM,2026-08-24T13:36:00+00:00
PER_SESSION_CONDITIONAL_UNKNOWN_EPOCH,2.0,0.0,0.0,YANK,2026-08-24T13:36:00+00:00
PER_SESSION_CONDITIONAL_UNKNOWN_EPOCH,1.0,0.0,0.0,MIM,2026-08-24T13:37:00+00:00
PER_SESSION_CONDITIONAL_UNKNOWN_EPOCH,2.0,0.0,0.0,YANK,2026-08-24T13:37:00+00:00
PER_SESSION_CONDITIONAL_UNKNOWN_EPOCH,1.0,0.0,0.0,MIM,2026-08-24T13:38:00+00:00
PER_SESSION_CONDITIONAL_UNKNOWN_EPOCH,2.0,0.0,0.0,YANK,2026-08-24T13:38:00+00:00
PER_SESSION_CONDITIONAL_UNKNOWN_EPOCH,1.0,0.0,0.0,MIM,2026-08-24T13:39:00+00:00
PER_SESSION_CONDITIONAL_UNKNOWN_EPOCH,2.0,0.0,0.0,YANK,2026-08-24T13:39:00+00:00
PER_SESSION_CONDITIONAL_UNKNOWN_EPOCH,1.0,0.0,0.0,MIM,2026-08-24T13:40:00+00:00
PER_SESSION_CONDITIONAL_UNKNOWN_EPOCH,2.0,0.0,0.0,YANK,2026-08-24T13:40:00+00:00
PER_SESSION_CONDITIONAL_UNKNOWN_EPOCH,1.0,0.0,0.0,MIM,2026-08-24T13:41:00+00:00
PER_SESSION_CONDITIONAL_UNKNOWN_EPOCH,2.0,0.0,0.0,YANK,2026-08-24T13:41:00+00:00
PER_SESSION_CONDITIONAL_UNKNOWN_EPOCH,1.0,0.0,0.0,MIM,2026-08-24T13:42:00+00:00
PER_SESSION_CONDITIONAL_UNKNOWN_EPOCH,2.0,0.0,0.0,YANK,2026-08-24T13:42:00+00:00
PER_SESSION_CONDITIONAL_UNKNOWN_EPOCH,1.0,0.0,0.0,MIM,2026-08-24T13:43:00+00:00
PER_SESSION_CONDITIONAL_UNKNOWN_EPOCH,2.0,0.0,0.0,YANK,2026-08-24T13:43:00+00:00
PER_SESSION_CONDITIONAL_UNKNOWN_EPOCH,1.0,0.0,0.0,MIM,2026-08-24T13:44:00+00:00
PER_SESSION_CONDITIONAL_UNKNOWN_EPOCH,2.0,0.0,0.0,YANK,2026-08-24T13:44:00+00:00
PER_SESSION_CONDITIONAL_UNKNOWN_EPOCH,1.0,0.0,0.0,MIM,2026-08-24T13:45:00+00:00
PER_SESSION_CONDITIONAL_UNKNOWN_EPOCH,2.0,0.0,0.0,YANK,2026-08-24T13:45:00+00:00
PER_SESSION_CONDITIONAL_UNKNOWN_EPOCH,1.0,0.0,0.0,MIM,2026-08-24T13:46:00+00:00
PER_SESSION_CONDITIONAL_UNKNOWN_EPOCH,2.0,0.0,0.0,YANK,2026-08-24T13:46:00+00:00
PER_SESSION_CONDITIONAL_UNKNOWN_EPOCH,1.0,0.0,0.0,MIM,2026-08-24T13:47:00+00:00
PER_SESSION_CONDITIONAL_UNKNOWN_EPOCH,2.0,0.0,0.0,YANK,2026-08-24T13:47:00+00:00
PER_SESSION_CONDITIONAL_UNKNOWN_EPOCH,1.0,0.0,0.0,MIM,2026-08-24T13:48:00+00:00
PER_SESSION_CONDITIONAL_UNKNOWN_EPOCH,2.0,0.0,0.0,YANK,2026-08-24T13:48:00+00:00
PER_SESSION_CONDITIONAL_UNKNOWN_EPOCH,1.0,0.0,0.0,MIM,2026-08-24T13:49:00+00:00
PER_SESSION_CONDITIONAL_UNKNOWN_EPOCH,2.0,0.0,0.0,YANK,2026-08-24T13:49:00+00:00
PER_SESSION_CONDITIONAL_UNKNOWN_EPOCH,1.0,0.0,0.0,MIM,2026-08-24T13:50:00+00:00
PER_SESSION_CONDITIONAL_UNKNOWN_EPOCH,2.0,0.0,0.0,YANK,2026-08-24T13:50:00+00:00
PER_SESSION_CONDITIONAL_UNKNOWN_EPOCH,1.0,0.0,0.0,MIM,2026-08-24T13:51:00+00:00
PER_SESSION_CONDITIONAL_UNKNOWN_EPOCH,2.0,0.0,0.0,YANK,2026-08-24T13:51:00+00:00
PER_SESSION_CONDITIONAL_UNKNOWN_EPOCH,1.0,0.0,0.0,MIM,2026-08-24T13:52:00+00:00
PER_SESSION_CONDITIONAL_UNKNOWN_EPOCH,2.0,0.0,0.0,YANK,2026-08-24T13:52:00+00:00
PER_SESSION_CONDITIONAL_UNKNOWN_EPOCH,1.0,0.0,0.0,MIM,2026-08-24T13:53:00+00:00
PER_SESSION_CONDITIONAL_UNKNOWN_EPOCH,2.0,0.0,0.0,YANK,2026-08-24T13:53:00+00:00
PER_SESSION_CONDITIONAL_UNKNOWN_EPOCH,1.0,0.0,0.0,MIM,2026-08-24T13:54:00+00:00
PER_SESSION_CONDITIONAL_UNKNOWN_EPOCH,2.0,0.0,0.0,YANK,2026-08-24T13:54:00+00:00
PER_SESSION_CONDITIONAL_UNKNOWN_EPOCH,1.0,0.0,0.0,MIM,2026-08-24T13:55:00+00:00
PER_SESSION_CONDITIONAL_UNKNOWN_EPOCH,2.0,0.0,0.0,YANK,2026-08-24T13:55:00+00:00
PER_SESSION_CONDITIONAL_UNKNOWN_EPOCH,1.0,0.0,0.0,MIM,2026-08-24T13:56:00+00:00
PER_SESSION_CONDITIONAL_UNKNOWN_EPOCH,2.0,0.0,0.0,YANK,2026-08-24T13:56:00+00:00
PER_SESSION_CONDITIONAL_UNKNOWN_EPOCH,1.0,0.0,0.0,MIM,2026-08-24T13:57:00+00:00
PER_SESSION_CONDITIONAL_UNKNOWN_EPOCH,2.0,0.0,0.0,YANK,2026-08-24T13:57:00+00:00
PER_SESSION_CONDITIONAL_UNKNOWN_EPOCH,1.0,0.0,0.0,MIM,2026-08-24T13:58:00+00:00
PER_SESSION_CONDITIONAL_UNKNOWN_EPOCH,2.0,0.0,0.0,YANK,2026-08-24T13:58:00+00:00
PER_SESSION_CONDITIONAL_UNKNOWN_EPOCH,1.0,0.0,0.0,MIM,2026-08-24T13:59:00+00:00
PER_SESSION_CONDITIONAL_UNKNOWN_EPOCH,2.0,0.0,0.0,YANK,2026-08-24T13:59:00+00:00
PER_SESSION_CONDITIONAL_UNKNOWN_EPOCH,1.0,0.0,0.0,MIM,2026-08-24T14:00:00+00:00
PER_SESSION_CONDITIONAL_UNKNOWN_EPOCH,2.0,0.0,0.0,YANK,2026-08-24T14:00:00+00:00
PER_SESSION_CONDITIONAL_UNKNOWN_EPOCH,1.0,3.389999999999418,58027.0,MIM,2026-08-24T14:01:00+00:00
PER_SESSION_CONDITIONAL_UNKNOWN_EPOCH,2.0,0.0,0.0,YANK,2026-08-24T14:01:00+00:00
PER_SESSION_CONDITIONAL_UNKNOWN_EPOCH,1.0,-14.610000000000582,58045.0,MIM,2026-08-24T14:02:00+00:00
PER_SESSION_CONDITIONAL_UNKNOWN_EPOCH,2.0,0.0,0.0,YANK,2026-08-24T14:02:00+00:00
PER_SESSION_CONDITIONAL_UNKNOWN_EPOCH,1.0,78.38999999999942,57952.0,MIM,2026-08-24T14:03:00+00:00
PER_SESSION_CONDITIONAL_UNKNOWN_EPOCH,2.0,0.0,0.0,YANK,2026-08-24T14:03:00+00:00
PER_SESSION_CONDITIONAL_UNKNOWN_EPOCH,1.0,77.38999999999942,57953.0,MIM,2026-08-24T14:04:00+00:00
PER_SESSION_CONDITIONAL_UNKNOWN_EPOCH,2.0,0.0,0.0,YANK,2026-08-24T14:04:00+00:00
PER_SESSION_CONDITIONAL_UNKNOWN_EPOCH,1.0,78.88999999999942,57951.5,MIM,2026-08-24T14:05:00+00:00
PER_SESSION_CONDITIONAL_UNKNOWN_EPOCH,2.0,0.0,0.0,YANK,2026-08-24T14:05:00+00:00
PER_SESSION_CONDITIONAL_UNKNOWN_EPOCH,1.0,45.88999999999942,57984.5,MIM,2026-08-24T14:06:00+00:00
PER_SESSION_CONDITIONAL_UNKNOWN_EPOCH,2.0,0.0,0.0,YANK,2026-08-24T14:06:00+00:00
PER_SESSION_CONDITIONAL_UNKNOWN_EPOCH,1.0,46.88999999999942,57983.5,MIM,2026-08-24T14:07:00+00:00
PER_SESSION_CONDITIONAL_UNKNOWN_EPOCH,2.0,0.0,0.0,YANK,2026-08-24T14:07:00+00:00
PER_SESSION_CONDITIONAL_UNKNOWN_EPOCH,1.0,47.38999999999942,57983.0,MIM,2026-08-24T14:08:00+00:00
PER_SESSION_CONDITIONAL_UNKNOWN_EPOCH,2.0,0.0,0.0,YANK,2026-08-24T14:08:00+00:00
PER_SESSION_CONDITIONAL_UNKNOWN_EPOCH,1.0,88.38999999999942,57942.0,MIM,2026-08-24T14:09:00+00:00
PER_SESSION_CONDITIONAL_UNKNOWN_EPOCH,2.0,0.0,0.0,YANK,2026-08-24T14:09:00+00:00
PER_SESSION_CONDITIONAL_UNKNOWN_EPOCH,1.0,74.88999999999942,57955.5,MIM,2026-08-24T14:10:00+00:00
PER_SESSION_CONDITIONAL_UNKNOWN_EPOCH,2.0,0.0,0.0,YANK,2026-08-24T14:10:00+00:00
PER_SESSION_CONDITIONAL_UNKNOWN_EPOCH,1.0,71.38999999999942,57959.0,MIM,2026-08-24T14:11:00+00:00
PER_SESSION_CONDITIONAL_UNKNOWN_EPOCH,2.0,0.0,0.0,YANK,2026-08-24T14:11:00+00:00
PER_SESSION_CONDITIONAL_UNKNOWN_EPOCH,1.0,103.38999999999942,57927.0,MIM,2026-08-24T14:12:00+00:00
PER_SESSION_CONDITIONAL_UNKNOWN_EPOCH,2.0,0.0,0.0,YANK,2026-08-24T14:12:00+00:00
PER_SESSION_CONDITIONAL_UNKNOWN_EPOCH,1.0,118.38999999999942,57912.0,MIM,2026-08-24T14:13:00+00:00
PER_SESSION_CONDITIONAL_UNKNOWN_EPOCH,2.0,0.0,0.0,YANK,2026-08-24T14:13:00+00:00
PER_SESSION_CONDITIONAL_UNKNOWN_EPOCH,1.0,88.38999999999942,57942.0,MIM,2026-08-24T14:14:00+00:00
PER_SESSION_CONDITIONAL_UNKNOWN_EPOCH,2.0,0.0,0.0,YANK,2026-08-24T14:14:00+00:00
PER_SESSION_CONDITIONAL_UNKNOWN_EPOCH,1.0,43.38999999999942,57987.0,MIM,2026-08-24T14:15:00+00:00
PER_SESSION_CONDITIONAL_UNKNOWN_EPOCH,2.0,0.0,0.0,YANK,2026-08-24T14:15:00+00:00
PER_SESSION_CONDITIONAL_UNKNOWN_EPOCH,1.0,38.88999999999942,57991.5,MIM,2026-08-24T14:16:00+00:00
PER_SESSION_CONDITIONAL_UNKNOWN_EPOCH,2.0,0.0,0.0,YANK,2026-08-24T14:16:00+00:00
PER_SESSION_CONDITIONAL_UNKNOWN_EPOCH,1.0,45.88999999999942,57984.5,MIM,2026-08-24T14:17:00+00:00
PER_SESSION_CONDITIONAL_UNKNOWN_EPOCH,2.0,0.0,0.0,YANK,2026-08-24T14:17:00+00:00
PER_SESSION_CONDITIONAL_UNKNOWN_EPOCH,1.0,70.38999999999942,57960.0,MIM,2026-08-24T14:18:00+00:00
PER_SESSION_CONDITIONAL_UNKNOWN_EPOCH,2.0,0.0,0.0,YANK,2026-08-24T14:18:00+00:00
PER_SESSION_CONDITIONAL_UNKNOWN_EPOCH,1.0,64.38999999999942,57966.0,MIM,2026-08-24T14:19:00+00:00
PER_SESSION_CONDITIONAL_UNKNOWN_EPOCH,2.0,0.0,0.0,YANK,2026-08-24T14:19:00+00:00
PER_SESSION_CONDITIONAL_UNKNOWN_EPOCH,1.0,75.38999999999942,57955.0,MIM,2026-08-24T14:20:00+00:00
PER_SESSION_CONDITIONAL_UNKNOWN_EPOCH,2.0,0.0,0.0,YANK,2026-08-24T14:20:00+00:00
PER_SESSION_CONDITIONAL_UNKNOWN_EPOCH,1.0,32.88999999999942,57997.5,MIM,2026-08-24T14:21:00+00:00
PER_SESSION_CONDITIONAL_UNKNOWN_EPOCH,2.0,0.0,0.0,YANK,2026-08-24T14:21:00+00:00
PER_SESSION_CONDITIONAL_UNKNOWN_EPOCH,1.0,-11.610000000000582,58042.0,MIM,2026-08-24T14:22:00+00:00
PER_SESSION_CONDITIONAL_UNKNOWN_EPOCH,2.0,0.0,0.0,YANK,2026-08-24T14:22:00+00:00
PER_SESSION_CONDITIONAL_UNKNOWN_EPOCH,1.0,-29.110000000000582,58059.5,MIM,2026-08-24T14:23:00+00:00
PER_SESSION_CONDITIONAL_UNKNOWN_EPOCH,2.0,0.0,0.0,YANK,2026-08-24T14:23:00+00:00
PER_SESSION_CONDITIONAL_UNKNOWN_EPOCH,1.0,8.389999999999418,58022.0,MIM,2026-08-24T14:24:00+00:00
PER_SESSION_CONDITIONAL_UNKNOWN_EPOCH,2.0,0.0,0.0,YANK,2026-08-24T14:24:00+00:00
PER_SESSION_CONDITIONAL_UNKNOWN_EPOCH,1.0,27.389999999999418,58003.0,MIM,2026-08-24T14:25:00+00:00
PER_SESSION_CONDITIONAL_UNKNOWN_EPOCH,2.0,0.0,0.0,YANK,2026-08-24T14:25:00+00:00
PER_SESSION_CONDITIONAL_UNKNOWN_EPOCH,1.0,58.88999999999942,57971.5,MIM,2026-08-24T14:26:00+00:00
PER_SESSION_CONDITIONAL_UNKNOWN_EPOCH,2.0,0.0,0.0,YANK,2026-08-24T14:26:00+00:00
PER_SESSION_CONDITIONAL_UNKNOWN_EPOCH,1.0,52.38999999999942,57978.0,MIM,2026-08-24T14:27:00+00:00
PER_SESSION_CONDITIONAL_UNKNOWN_EPOCH,2.0,0.0,0.0,YANK,2026-08-24T14:27:00+00:00
PER_SESSION_CONDITIONAL_UNKNOWN_EPOCH,1.0,46.38999999999942,57984.0,MIM,2026-08-24T14:28:00+00:00
PER_SESSION_CONDITIONAL_UNKNOWN_EPOCH,2.0,0.0,0.0,YANK,2026-08-24T14:28:00+00:00
PER_SESSION_CONDITIONAL_UNKNOWN_EPOCH,1.0,-1.110000000000582,58031.5,MIM,2026-08-24T14:29:00+00:00
PER_SESSION_CONDITIONAL_UNKNOWN_EPOCH,2.0,0.0,0.0,YANK,2026-08-24T14:29:00+00:00
PER_SESSION_CONDITIONAL_UNKNOWN_EPOCH,1.0,6.889999999999418,58023.5,MIM,2026-08-24T14:30:00+00:00
PER_SESSION_CONDITIONAL_UNKNOWN_EPOCH,2.0,0.0,0.0,YANK,2026-08-24T14:30:00+00:00
PER_SESSION_CONDITIONAL_UNKNOWN_EPOCH,1.0,-51.11000000000058,58081.5,MIM,2026-08-24T14:31:00+00:00
PER_SESSION_CONDITIONAL_UNKNOWN_EPOCH,2.0,0.0,0.0,YANK,2026-08-24T14:31:00+00:00
PER_SESSION_CONDITIONAL_UNKNOWN_EPOCH,1.0,-53.61000000000058,58084.0,MIM,2026-08-24T14:32:00+00:00
PER_SESSION_CONDITIONAL_UNKNOWN_EPOCH,2.0,0.0,0.0,YANK,2026-08-24T14:32:00+00:00
PER_SESSION_CONDITIONAL_UNKNOWN_EPOCH,1.0,-67.61000000000058,58098.0,MIM,2026-08-24T14:33:00+00:00
PER_SESSION_CONDITIONAL_UNKNOWN_EPOCH,2.0,0.0,0.0,YANK,2026-08-24T14:33:00+00:00
PER_SESSION_CONDITIONAL_UNKNOWN_EPOCH,1.0,-92.11000000000058,58122.5,MIM,2026-08-24T14:34:00+00:00
PER_SESSION_CONDITIONAL_UNKNOWN_EPOCH,2.0,0.0,0.0,YANK,2026-08-24T14:34:00+00:00
PER_SESSION_CONDITIONAL_UNKNOWN_EPOCH,1.0,-123.61000000000058,58154.0,MIM,2026-08-24T14:35:00+00:00
PER_SESSION_CONDITIONAL_UNKNOWN_EPOCH,2.0,0.0,0.0,YANK,2026-08-24T14:35:00+00:00
PER_SESSION_CONDITIONAL_UNKNOWN_EPOCH,1.0,-109.61000000000058,58140.0,MIM,2026-08-24T14:36:00+00:00
PER_SESSION_CONDITIONAL_UNKNOWN_EPOCH,2.0,0.0,0.0,YANK,2026-08-24T14:36:00+00:00
PER_SESSION_CONDITIONAL_UNKNOWN_EPOCH,1.0,-155.11000000000058,58185.5,MIM,2026-08-24T14:37:00+00:00
PER_SESSION_CONDITIONAL_UNKNOWN_EPOCH,2.0,0.0,0.0,YANK,2026-08-24T14:37:00+00:00
PER_SESSION_CONDITIONAL_UNKNOWN_EPOCH,1.0,-128.11000000000058,58158.5,MIM,2026-08-24T14:38:00+00:00
PER_SESSION_CONDITIONAL_UNKNOWN_EPOCH,2.0,0.0,0.0,YANK,2026-08-24T14:38:00+00:00
PER_SESSION_CONDITIONAL_UNKNOWN_EPOCH,1.0,-147.11000000000058,58177.5,MIM,2026-08-24T14:39:00+00:00
PER_SESSION_CONDITIONAL_UNKNOWN_EPOCH,2.0,0.0,0.0,YANK,2026-08-24T14:39:00+00:00
PER_SESSION_CONDITIONAL_UNKNOWN_EPOCH,1.0,-134.11000000000058,58164.5,MIM,2026-08-24T14:40:00+00:00
PER_SESSION_CONDITIONAL_UNKNOWN_EPOCH,2.0,0.0,0.0,YANK,2026-08-24T14:40:00+00:00
PER_SESSION_CONDITIONAL_UNKNOWN_EPOCH,1.0,-145.11000000000058,58175.5,MIM,2026-08-24T14:41:00+00:00
PER_SESSION_CONDITIONAL_UNKNOWN_EPOCH,2.0,0.0,0.0,YANK,2026-08-24T14:41:00+00:00
PER_SESSION_CONDITIONAL_UNKNOWN_EPOCH,1.0,-187.11000000000058,58217.5,MIM,2026-08-24T14:42:00+00:00
PER_SESSION_CONDITIONAL_UNKNOWN_EPOCH,2.0,0.0,0.0,YANK,2026-08-24T14:42:00+00:00
PER_SESSION_CONDITIONAL_UNKNOWN_EPOCH,1.0,-154.61000000000058,58185.0,MIM,2026-08-24T14:43:00+00:00
PER_SESSION_CONDITIONAL_UNKNOWN_EPOCH,2.0,0.0,0.0,YANK,2026-08-24T14:43:00+00:00
PER_SESSION_CONDITIONAL_UNKNOWN_EPOCH,1.0,-112.61000000000058,58143.0,MIM,2026-08-24T14:44:00+00:00
PER_SESSION_CONDITIONAL_UNKNOWN_EPOCH,2.0,0.0,0.0,YANK,2026-08-24T14:44:00+00:00
PER_SESSION_CONDITIONAL_UNKNOWN_EPOCH,1.0,-140.11000000000058,58170.5,MIM,2026-08-24T14:45:00+00:00
PER_SESSION_CONDITIONAL_UNKNOWN_EPOCH,2.0,0.0,0.0,YANK,2026-08-24T14:45:00+00:00
PER_SESSION_CONDITIONAL_UNKNOWN_EPOCH,1.0,-150.11000000000058,58180.5,MIM,2026-08-24T14:46:00+00:00
PER_SESSION_CONDITIONAL_UNKNOWN_EPOCH,2.0,0.0,0.0,YANK,2026-08-24T14:46:00+00:00
PER_SESSION_CONDITIONAL_UNKNOWN_EPOCH,1.0,-156.61000000000058,58187.0,MIM,2026-08-24T14:47:00+00:00
PER_SESSION_CONDITIONAL_UNKNOWN_EPOCH,2.0,0.0,0.0,YANK,2026-08-24T14:47:00+00:00
PER_SESSION_CONDITIONAL_UNKNOWN_EPOCH,1.0,-171.11000000000058,58201.5,MIM,2026-08-24T14:48:00+00:00
PER_SESSION_CONDITIONAL_UNKNOWN_EPOCH,2.0,0.0,0.0,YANK,2026-08-24T14:48:00+00:00
PER_SESSION_CONDITIONAL_UNKNOWN_EPOCH,1.0,-175.61000000000058,58206.0,MIM,2026-08-24T14:49:00+00:00
PER_SESSION_CONDITIONAL_UNKNOWN_EPOCH,2.0,0.0,0.0,YANK,2026-08-24T14:49:00+00:00
PER_SESSION_CONDITIONAL_UNKNOWN_EPOCH,1.0,-183.61000000000058,58214.0,MIM,2026-08-24T14:50:00+00:00
PER_SESSION_CONDITIONAL_UNKNOWN_EPOCH,2.0,0.0,0.0,YANK,2026-08-24T14:50:00+00:00
PER_SESSION_CONDITIONAL_UNKNOWN_EPOCH,1.0,-157.61000000000058,58188.0,MIM,2026-08-24T14:51:00+00:00
PER_SESSION_CONDITIONAL_UNKNOWN_EPOCH,2.0,0.0,0.0,YANK,2026-08-24T14:51:00+00:00
PER_SESSION_CONDITIONAL_UNKNOWN_EPOCH,1.0,-152.61000000000058,58183.0,MIM,2026-08-24T14:52:00+00:00
PER_SESSION_CONDITIONAL_UNKNOWN_EPOCH,2.0,0.0,0.0,YANK,2026-08-24T14:52:00+00:00
PER_SESSION_CONDITIONAL_UNKNOWN_EPOCH,1.0,-149.61000000000058,58180.0,MIM,2026-08-24T14:53:00+00:00
PER_SESSION_CONDITIONAL_UNKNOWN_EPOCH,2.0,0.0,0.0,YANK,2026-08-24T14:53:00+00:00
PER_SESSION_CONDITIONAL_UNKNOWN_EPOCH,1.0,-150.11000000000058,58180.5,MIM,2026-08-24T14:54:00+00:00
PER_SESSION_CONDITIONAL_UNKNOWN_EPOCH,2.0,0.0,0.0,YANK,2026-08-24T14:54:00+00:00
PER_SESSION_CONDITIONAL_UNKNOWN_EPOCH,1.0,-163.61000000000058,58194.0,MIM,2026-08-24T14:55:00+00:00
PER_SESSION_CONDITIONAL_UNKNOWN_EPOCH,2.0,0.0,0.0,YANK,2026-08-24T14:55:00+00:00
PER_SESSION_CONDITIONAL_UNKNOWN_EPOCH,1.0,-151.11000000000058,58181.5,MIM,2026-08-24T14:56:00+00:00
PER_SESSION_CONDITIONAL_UNKNOWN_EPOCH,2.0,0.0,0.0,YANK,2026-08-24T14:56:00+00:00
PER_SESSION_CONDITIONAL_UNKNOWN_EPOCH,1.0,-156.11000000000058,58186.5,MIM,2026-08-24T14:57:00+00:00
PER_SESSION_CONDITIONAL_UNKNOWN_EPOCH,2.0,0.0,0.0,YANK,2026-08-24T14:57:00+00:00
PER_SESSION_CONDITIONAL_UNKNOWN_EPOCH,1.0,-147.11000000000058,58177.5,MIM,2026-08-24T14:58:00+00:00
PER_SESSION_CONDITIONAL_UNKNOWN_EPOCH,2.0,0.0,0.0,YANK,2026-08-24T14:58:00+00:00
PER_SESSION_CONDITIONAL_UNKNOWN_EPOCH,1.0,-140.11000000000058,58170.5,MIM,2026-08-24T14:59:00+00:00
PER_SESSION_CONDITIONAL_UNKNOWN_EPOCH,2.0,0.0,0.0,YANK,2026-08-24T14:59:00+00:00
PER_SESSION_CONDITIONAL_UNKNOWN_EPOCH,1.0,-135.61000000000058,58166.0,MIM,2026-08-24T15:00:00+00:00
PER_SESSION_CONDITIONAL_UNKNOWN_EPOCH,2.0,0.0,0.0,YANK,2026-08-24T15:00:00+00:00
PER_SESSION_CONDITIONAL_UNKNOWN_EPOCH,1.0,-109.61000000000058,58140.0,MIM,2026-08-24T15:01:00+00:00
PER_SESSION_CONDITIONAL_UNKNOWN_EPOCH,2.0,0.0,0.0,YANK,2026-08-24T15:01:00+00:00
PER_SESSION_CONDITIONAL_UNKNOWN_EPOCH,1.0,-104.61000000000058,58135.0,MIM,2026-08-24T15:02:00+00:00
PER_SESSION_CONDITIONAL_UNKNOWN_EPOCH,2.0,0.0,0.0,YANK,2026-08-24T15:02:00+00:00
PER_SESSION_CONDITIONAL_UNKNOWN_EPOCH,1.0,-109.61000000000058,58140.0,MIM,2026-08-24T15:03:00+00:00
PER_SESSION_CONDITIONAL_UNKNOWN_EPOCH,2.0,0.0,0.0,YANK,2026-08-24T15:03:00+00:00
PER_SESSION_CONDITIONAL_UNKNOWN_EPOCH,1.0,-94.61000000000058,58125.0,MIM,2026-08-24T15:04:00+00:00
PER_SESSION_CONDITIONAL_UNKNOWN_EPOCH,2.0,0.0,0.0,YANK,2026-08-24T15:04:00+00:00
PER_SESSION_CONDITIONAL_UNKNOWN_EPOCH,1.0,-87.11000000000058,58117.5,MIM,2026-08-24T15:05:00+00:00
PER_SESSION_CONDITIONAL_UNKNOWN_EPOCH,2.0,0.0,0.0,YANK,2026-08-24T15:05:00+00:00
PER_SESSION_CONDITIONAL_UNKNOWN_EPOCH,1.0,-59.11000000000058,58089.5,MIM,2026-08-24T15:06:00+00:00
PER_SESSION_CONDITIONAL_UNKNOWN_EPOCH,2.0,0.0,0.0,YANK,2026-08-24T15:06:00+00:00
PER_SESSION_CONDITIONAL_UNKNOWN_EPOCH,1.0,-79.61000000000058,58110.0,MIM,2026-08-24T15:07:00+00:00
PER_SESSION_CONDITIONAL_UNKNOWN_EPOCH,2.0,0.0,0.0,YANK,2026-08-24T15:07:00+00:00
PER_SESSION_CONDITIONAL_UNKNOWN_EPOCH,1.0,-70.61000000000058,58101.0,MIM,2026-08-24T15:08:00+00:00
PER_SESSION_CONDITIONAL_UNKNOWN_EPOCH,2.0,0.0,0.0,YANK,2026-08-24T15:08:00+00:00
PER_SESSION_CONDITIONAL_UNKNOWN_EPOCH,1.0,-81.11000000000058,58111.5,MIM,2026-08-24T15:09:00+00:00
PER_SESSION_CONDITIONAL_UNKNOWN_EPOCH,2.0,0.0,0.0,YANK,2026-08-24T15:09:00+00:00
PER_SESSION_CONDITIONAL_UNKNOWN_EPOCH,1.0,-89.61000000000058,58120.0,MIM,2026-08-24T15:10:00+00:00
PER_SESSION_CONDITIONAL_UNKNOWN_EPOCH,2.0,0.0,0.0,YANK,2026-08-24T15:10:00+00:00
PER_SESSION_CONDITIONAL_UNKNOWN_EPOCH,1.0,-86.61000000000058,58117.0,MIM,2026-08-24T15:11:00+00:00
PER_SESSION_CONDITIONAL_UNKNOWN_EPOCH,2.0,0.0,0.0,YANK,2026-08-24T15:11:00+00:00
PER_SESSION_CONDITIONAL_UNKNOWN_EPOCH,1.0,-91.61000000000058,58122.0,MIM,2026-08-24T15:12:00+00:00
PER_SESSION_CONDITIONAL_UNKNOWN_EPOCH,2.0,0.0,0.0,YANK,2026-08-24T15:12:00+00:00
PER_SESSION_CONDITIONAL_UNKNOWN_EPOCH,1.0,-97.61000000000058,58128.0,MIM,2026-08-24T15:13:00+00:00
PER_SESSION_CONDITIONAL_UNKNOWN_EPOCH,2.0,0.0,0.0,YANK,2026-08-24T15:13:00+00:00
PER_SESSION_CONDITIONAL_UNKNOWN_EPOCH,1.0,-82.11000000000058,58112.5,MIM,2026-08-24T15:14:00+00:00
PER_SESSION_CONDITIONAL_UNKNOWN_EPOCH,2.0,0.0,0.0,YANK,2026-08-24T15:14:00+00:00
PER_SESSION_CONDITIONAL_UNKNOWN_EPOCH,1.0,-66.61000000000058,58097.0,MIM,2026-08-24T15:15:00+00:00
PER_SESSION_CONDITIONAL_UNKNOWN_EPOCH,2.0,0.0,0.0,YANK,2026-08-24T15:15:00+00:00
PER_SESSION_CONDITIONAL_UNKNOWN_EPOCH,1.0,-65.11000000000058,58095.5,MIM,2026-08-24T15:16:00+00:00
PER_SESSION_CONDITIONAL_UNKNOWN_EPOCH,2.0,0.0,0.0,YANK,2026-08-24T15:16:00+00:00
PER_SESSION_CONDITIONAL_UNKNOWN_EPOCH,1.0,-74.11000000000058,58104.5,MIM,2026-08-24T15:17:00+00:00
PER_SESSION_CONDITIONAL_UNKNOWN_EPOCH,2.0,0.0,0.0,YANK,2026-08-24T15:17:00+00:00
PER_SESSION_CONDITIONAL_UNKNOWN_EPOCH,1.0,-86.11000000000058,58116.5,MIM,2026-08-24T15:18:00+00:00
PER_SESSION_CONDITIONAL_UNKNOWN_EPOCH,2.0,0.0,0.0,YANK,2026-08-24T15:18:00+00:00
PER_SESSION_CONDITIONAL_UNKNOWN_EPOCH,1.0,-90.61000000000058,58121.0,MIM,2026-08-24T15:19:00+00:00
PER_SESSION_CONDITIONAL_UNKNOWN_EPOCH,2.0,0.0,0.0,YANK,2026-08-24T15:19:00+00:00
PER_SESSION_CONDITIONAL_UNKNOWN_EPOCH,1.0,-85.11000000000058,58115.5,MIM,2026-08-24T15:20:00+00:00
PER_SESSION_CONDITIONAL_UNKNOWN_EPOCH,2.0,0.0,0.0,YANK,2026-08-24T15:20:00+00:00
PER_SESSION_CONDITIONAL_UNKNOWN_EPOCH,1.0,-80.11000000000058,58110.5,MIM,2026-08-24T15:21:00+00:00
PER_SESSION_CONDITIONAL_UNKNOWN_EPOCH,2.0,0.0,0.0,YANK,2026-08-24T15:21:00+00:00
PER_SESSION_CONDITIONAL_UNKNOWN_EPOCH,1.0,-88.61000000000058,58119.0,MIM,2026-08-24T15:22:00+00:00
PER_SESSION_CONDITIONAL_UNKNOWN_EPOCH,2.0,0.0,0.0,YANK,2026-08-24T15:22:00+00:00
PER_SESSION_CONDITIONAL_UNKNOWN_EPOCH,1.0,-84.11000000000058,58114.5,MIM,2026-08-24T15:23:00+00:00
PER_SESSION_CONDITIONAL_UNKNOWN_EPOCH,2.0,0.0,0.0,YANK,2026-08-24T15:23:00+00:00
PER_SESSION_CONDITIONAL_UNKNOWN_EPOCH,1.0,-110.61000000000058,58141.0,MIM,2026-08-24T15:24:00+00:00
PER_SESSION_CONDITIONAL_UNKNOWN_EPOCH,2.0,0.0,0.0,YANK,2026-08-24T15:24:00+00:00
PER_SESSION_CONDITIONAL_UNKNOWN_EPOCH,1.0,-132.11000000000058,58162.5,MIM,2026-08-24T15:25:00+00:00
PER_SESSION_CONDITIONAL_UNKNOWN_EPOCH,2.0,0.0,0.0,YANK,2026-08-24T15:25:00+00:00
PER_SESSION_CONDITIONAL_UNKNOWN_EPOCH,1.0,-146.61000000000058,58177.0,MIM,2026-08-24T15:26:00+00:00
PER_SESSION_CONDITIONAL_UNKNOWN_EPOCH,2.0,0.0,0.0,YANK,2026-08-24T15:26:00+00:00
PER_SESSION_CONDITIONAL_UNKNOWN_EPOCH,1.0,-138.61000000000058,58169.0,MIM,2026-08-24T15:27:00+00:00
PER_SESSION_CONDITIONAL_UNKNOWN_EPOCH,2.0,0.0,0.0,YANK,2026-08-24T15:27:00+00:00
PER_SESSION_CONDITIONAL_UNKNOWN_EPOCH,1.0,-137.11000000000058,58167.5,MIM,2026-08-24T15:28:00+00:00
PER_SESSION_CONDITIONAL_UNKNOWN_EPOCH,2.0,0.0,0.0,YANK,2026-08-24T15:28:00+00:00
PER_SESSION_CONDITIONAL_UNKNOWN_EPOCH,1.0,-173.61000000000058,58204.0,MIM,2026-08-24T15:29:00+00:00
PER_SESSION_CONDITIONAL_UNKNOWN_EPOCH,2.0,0.0,0.0,YANK,2026-08-24T15:29:00+00:00
PER_SESSION_CONDITIONAL_UNKNOWN_EPOCH,1.0,-212.61000000000058,58243.0,MIM,2026-08-24T15:30:00+00:00
PER_SESSION_CONDITIONAL_UNKNOWN_EPOCH,2.0,0.0,0.0,YANK,2026-08-24T15:30:00+00:00
PER_SESSION_CONDITIONAL_UNKNOWN_EPOCH,1.0,-230.11000000000058,58260.5,MIM,2026-08-24T15:31:00+00:00
PER_SESSION_CONDITIONAL_UNKNOWN_EPOCH,2.0,0.0,0.0,YANK,2026-08-24T15:31:00+00:00
PER_SESSION_CONDITIONAL_UNKNOWN_EPOCH,1.0,-205.11000000000058,58235.5,MIM,2026-08-24T15:32:00+00:00
PER_SESSION_CONDITIONAL_UNKNOWN_EPOCH,2.0,0.0,0.0,YANK,2026-08-24T15:32:00+00:00
PER_SESSION_CONDITIONAL_UNKNOWN_EPOCH,1.0,-209.61000000000058,58240.0,MIM,2026-08-24T15:33:00+00:00
PER_SESSION_CONDITIONAL_UNKNOWN_EPOCH,2.0,0.0,0.0,YANK,2026-08-24T15:33:00+00:00
PER_SESSION_CONDITIONAL_UNKNOWN_EPOCH,1.0,-236.61000000000058,58267.0,MIM,2026-08-24T15:34:00+00:00
PER_SESSION_CONDITIONAL_UNKNOWN_EPOCH,2.0,0.0,0.0,YANK,2026-08-24T15:34:00+00:00
PER_SESSION_CONDITIONAL_UNKNOWN_EPOCH,1.0,-240.11000000000058,58270.5,MIM,2026-08-24T15:35:00+00:00
PER_SESSION_CONDITIONAL_UNKNOWN_EPOCH,2.0,0.0,0.0,YANK,2026-08-24T15:35:00+00:00
PER_SESSION_CONDITIONAL_UNKNOWN_EPOCH,1.0,-235.61000000000058,58266.0,MIM,2026-08-24T15:36:00+00:00
PER_SESSION_CONDITIONAL_UNKNOWN_EPOCH,2.0,0.0,0.0,YANK,2026-08-24T15:36:00+00:00
PER_SESSION_CONDITIONAL_UNKNOWN_EPOCH,1.0,-250.11000000000058,58280.5,MIM,2026-08-24T15:37:00+00:00
PER_SESSION_CONDITIONAL_UNKNOWN_EPOCH,2.0,0.0,0.0,YANK,2026-08-24T15:37:00+00:00
PER_SESSION_CONDITIONAL_UNKNOWN_EPOCH,1.0,-272.6100000000006,58303.0,MIM,2026-08-24T15:38:00+00:00
PER_SESSION_CONDITIONAL_UNKNOWN_EPOCH,2.0,0.0,0.0,YANK,2026-08-24T15:38:00+00:00
PER_SESSION_CONDITIONAL_UNKNOWN_EPOCH,1.0,-262.6100000000006,58293.0,MIM,2026-08-24T15:39:00+00:00
PER_SESSION_CONDITIONAL_UNKNOWN_EPOCH,2.0,0.0,0.0,YANK,2026-08-24T15:39:00+00:00
PER_SESSION_CONDITIONAL_UNKNOWN_EPOCH,1.0,-285.6100000000006,58316.0,MIM,2026-08-24T15:40:00+00:00
PER_SESSION_CONDITIONAL_UNKNOWN_EPOCH,2.0,0.0,0.0,YANK,2026-08-24T15:40:00+00:00
PER_SESSION_CONDITIONAL_UNKNOWN_EPOCH,1.0,-320.1100000000006,58350.5,MIM,2026-08-24T15:41:00+00:00
PER_SESSION_CONDITIONAL_UNKNOWN_EPOCH,2.0,0.0,0.0,YANK,2026-08-24T15:41:00+00:00
PER_SESSION_CONDITIONAL_UNKNOWN_EPOCH,1.0,-326.6100000000006,58357.0,MIM,2026-08-24T15:42:00+00:00
PER_SESSION_CONDITIONAL_UNKNOWN_EPOCH,2.0,0.0,0.0,YANK,2026-08-24T15:42:00+00:00
PER_SESSION_CONDITIONAL_UNKNOWN_EPOCH,1.0,-318.6100000000006,58349.0,MIM,2026-08-24T15:43:00+00:00
PER_SESSION_CONDITIONAL_UNKNOWN_EPOCH,2.0,0.0,0.0,YANK,2026-08-24T15:43:00+00:00
PER_SESSION_CONDITIONAL_UNKNOWN_EPOCH,1.0,-312.1100000000006,58342.5,MIM,2026-08-24T15:44:00+00:00
PER_SESSION_CONDITIONAL_UNKNOWN_EPOCH,2.0,0.0,0.0,YANK,2026-08-24T15:44:00+00:00
PER_SESSION_CONDITIONAL_UNKNOWN_EPOCH,1.0,-321.6100000000006,58352.0,MIM,2026-08-24T15:45:00+00:00
PER_SESSION_CONDITIONAL_UNKNOWN_EPOCH,2.0,0.0,0.0,YANK,2026-08-24T15:45:00+00:00
PER_SESSION_CONDITIONAL_UNKNOWN_EPOCH,1.0,-338.6100000000006,58369.0,MIM,2026-08-24T15:46:00+00:00
PER_SESSION_CONDITIONAL_UNKNOWN_EPOCH,2.0,0.0,0.0,YANK,2026-08-24T15:46:00+00:00
PER_SESSION_CONDITIONAL_UNKNOWN_EPOCH,1.0,-360.6100000000006,58391.0,MIM,2026-08-24T15:47:00+00:00
PER_SESSION_CONDITIONAL_UNKNOWN_EPOCH,2.0,0.0,0.0,YANK,2026-08-24T15:47:00+00:00
PER_SESSION_CONDITIONAL_UNKNOWN_EPOCH,1.0,-363.6100000000006,58394.0,MIM,2026-08-24T15:48:00+00:00
PER_SESSION_CONDITIONAL_UNKNOWN_EPOCH,2.0,0.0,0.0,YANK,2026-08-24T15:48:00+00:00
PER_SESSION_CONDITIONAL_UNKNOWN_EPOCH,1.0,-329.6100000000006,58360.0,MIM,2026-08-24T15:49:00+00:00
PER_SESSION_CONDITIONAL_UNKNOWN_EPOCH,2.0,0.0,0.0,YANK,2026-08-24T15:49:00+00:00
PER_SESSION_CONDITIONAL_UNKNOWN_EPOCH,1.0,-341.6100000000006,58372.0,MIM,2026-08-24T15:50:00+00:00
PER_SESSION_CONDITIONAL_UNKNOWN_EPOCH,2.0,0.0,0.0,YANK,2026-08-24T15:50:00+00:00
PER_SESSION_CONDITIONAL_UNKNOWN_EPOCH,1.0,-341.1100000000006,58371.5,MIM,2026-08-24T15:51:00+00:00
PER_SESSION_CONDITIONAL_UNKNOWN_EPOCH,2.0,0.0,0.0,YANK,2026-08-24T15:51:00+00:00
PER_SESSION_CONDITIONAL_UNKNOWN_EPOCH,1.0,-336.6100000000006,58367.0,MIM,2026-08-24T15:52:00+00:00
PER_SESSION_CONDITIONAL_UNKNOWN_EPOCH,2.0,0.0,0.0,YANK,2026-08-24T15:52:00+00:00
PER_SESSION_CONDITIONAL_UNKNOWN_EPOCH,1.0,-344.1100000000006,58374.5,MIM,2026-08-24T15:53:00+00:00
PER_SESSION_CONDITIONAL_UNKNOWN_EPOCH,2.0,0.0,0.0,YANK,2026-08-24T15:53:00+00:00
PER_SESSION_CONDITIONAL_UNKNOWN_EPOCH,1.0,-359.1100000000006,58389.5,MIM,2026-08-24T15:54:00+00:00
PER_SESSION_CONDITIONAL_UNKNOWN_EPOCH,2.0,0.0,0.0,YANK,2026-08-24T15:54:00+00:00
PER_SESSION_CONDITIONAL_UNKNOWN_EPOCH,1.0,-333.6100000000006,58364.0,MIM,2026-08-24T15:55:00+00:00
PER_SESSION_CONDITIONAL_UNKNOWN_EPOCH,2.0,0.0,0.0,YANK,2026-08-24T15:55:00+00:00
PER_SESSION_CONDITIONAL_UNKNOWN_EPOCH,1.0,-328.6100000000006,58359.0,MIM,2026-08-24T15:56:00+00:00
PER_SESSION_CONDITIONAL_UNKNOWN_EPOCH,2.0,0.0,0.0,YANK,2026-08-24T15:56:00+00:00
PER_SESSION_CONDITIONAL_UNKNOWN_EPOCH,1.0,-307.6100000000006,58338.0,MIM,2026-08-24T15:57:00+00:00
PER_SESSION_CONDITIONAL_UNKNOWN_EPOCH,2.0,0.0,0.0,YANK,2026-08-24T15:57:00+00:00
PER_SESSION_CONDITIONAL_UNKNOWN_EPOCH,1.0,-284.6100000000006,58315.0,MIM,2026-08-24T15:58:00+00:00
PER_SESSION_CONDITIONAL_UNKNOWN_EPOCH,2.0,0.0,0.0,YANK,2026-08-24T15:58:00+00:00
PER_SESSION_CONDITIONAL_UNKNOWN_EPOCH,1.0,-277.1100000000006,58307.5,MIM,2026-08-24T15:59:00+00:00
PER_SESSION_CONDITIONAL_UNKNOWN_EPOCH,2.0,0.0,0.0,YANK,2026-08-24T15:59:00+00:00
PER_SESSION_CONDITIONAL_UNKNOWN_EPOCH,1.0,-306.6100000000006,58337.0,MIM,2026-08-24T16:00:00+00:00
PER_SESSION_CONDITIONAL_UNKNOWN_EPOCH,2.0,0.0,0.0,YANK,2026-08-24T16:00:00+00:00
PER_SESSION_CONDITIONAL_UNKNOWN_EPOCH,1.0,-289.6100000000006,58320.0,MIM,2026-08-24T16:01:00+00:00
PER_SESSION_CONDITIONAL_UNKNOWN_EPOCH,2.0,0.0,0.0,YANK,2026-08-24T16:01:00+00:00
PER_SESSION_CONDITIONAL_UNKNOWN_EPOCH,1.0,-325.1100000000006,58355.5,MIM,2026-08-24T16:02:00+00:00
PER_SESSION_CONDITIONAL_UNKNOWN_EPOCH,2.0,0.0,0.0,YANK,2026-08-24T16:02:00+00:00
PER_SESSION_CONDITIONAL_UNKNOWN_EPOCH,1.0,-334.1100000000006,58364.5,MIM,2026-08-24T16:03:00+00:00
PER_SESSION_CONDITIONAL_UNKNOWN_EPOCH,2.0,0.0,0.0,YANK,2026-08-24T16:03:00+00:00
PER_SESSION_CONDITIONAL_UNKNOWN_EPOCH,1.0,-327.1100000000006,58357.5,MIM,2026-08-24T16:04:00+00:00
PER_SESSION_CONDITIONAL_UNKNOWN_EPOCH,2.0,0.0,0.0,YANK,2026-08-24T16:04:00+00:00
PER_SESSION_CONDITIONAL_UNKNOWN_EPOCH,1.0,-314.1100000000006,58344.5,MIM,2026-08-24T16:05:00+00:00
PER_SESSION_CONDITIONAL_UNKNOWN_EPOCH,2.0,0.0,0.0,YANK,2026-08-24T16:05:00+00:00
PER_SESSION_CONDITIONAL_UNKNOWN_EPOCH,1.0,-296.1100000000006,58326.5,MIM,2026-08-24T16:06:00+00:00
PER_SESSION_CONDITIONAL_UNKNOWN_EPOCH,2.0,0.0,0.0,YANK,2026-08-24T16:06:00+00:00
PER_SESSION_CONDITIONAL_UNKNOWN_EPOCH,1.0,-308.1100000000006,58338.5,MIM,2026-08-24T16:07:00+00:00
PER_SESSION_CONDITIONAL_UNKNOWN_EPOCH,2.0,0.0,0.0,YANK,2026-08-24T16:07:00+00:00
PER_SESSION_CONDITIONAL_UNKNOWN_EPOCH,1.0,-323.6100000000006,58354.0,MIM,2026-08-24T16:08:00+00:00
PER_SESSION_CONDITIONAL_UNKNOWN_EPOCH,2.0,0.0,0.0,YANK,2026-08-24T16:08:00+00:00
PER_SESSION_CONDITIONAL_UNKNOWN_EPOCH,1.0,-309.1100000000006,58339.5,MIM,2026-08-24T16:09:00+00:00
PER_SESSION_CONDITIONAL_UNKNOWN_EPOCH,2.0,0.0,0.0,YANK,2026-08-24T16:09:00+00:00
PER_SESSION_CONDITIONAL_UNKNOWN_EPOCH,1.0,-288.6100000000006,58319.0,MIM,2026-08-24T16:10:00+00:00
PER_SESSION_CONDITIONAL_UNKNOWN_EPOCH,2.0,0.0,0.0,YANK,2026-08-24T16:10:00+00:00
PER_SESSION_CONDITIONAL_UNKNOWN_EPOCH,1.0,-296.6100000000006,58327.0,MIM,2026-08-24T16:11:00+00:00
PER_SESSION_CONDITIONAL_UNKNOWN_EPOCH,2.0,0.0,0.0,YANK,2026-08-24T16:11:00+00:00
PER_SESSION_CONDITIONAL_UNKNOWN_EPOCH,1.0,-301.6100000000006,58332.0,MIM,2026-08-24T16:12:00+00:00
PER_SESSION_CONDITIONAL_UNKNOWN_EPOCH,2.0,0.0,0.0,YANK,2026-08-24T16:12:00+00:00
PER_SESSION_CONDITIONAL_UNKNOWN_EPOCH,1.0,-302.1100000000006,58332.5,MIM,2026-08-24T16:13:00+00:00
PER_SESSION_CONDITIONAL_UNKNOWN_EPOCH,2.0,0.0,0.0,YANK,2026-08-24T16:13:00+00:00
PER_SESSION_CONDITIONAL_UNKNOWN_EPOCH,1.0,-303.1100000000006,58333.5,MIM,2026-08-24T16:14:00+00:00
PER_SESSION_CONDITIONAL_UNKNOWN_EPOCH,2.0,0.0,0.0,YANK,2026-08-24T16:14:00+00:00
PER_SESSION_CONDITIONAL_UNKNOWN_EPOCH,1.0,-331.1100000000006,58361.5,MIM,2026-08-24T16:15:00+00:00
PER_SESSION_CONDITIONAL_UNKNOWN_EPOCH,2.0,0.0,0.0,YANK,2026-08-24T16:15:00+00:00
PER_SESSION_CONDITIONAL_UNKNOWN_EPOCH,1.0,-362.1100000000006,58392.5,MIM,2026-08-24T16:16:00+00:00
PER_SESSION_CONDITIONAL_UNKNOWN_EPOCH,2.0,0.0,0.0,YANK,2026-08-24T16:16:00+00:00
PER_SESSION_CONDITIONAL_UNKNOWN_EPOCH,1.0,-385.6100000000006,58416.0,MIM,2026-08-24T16:17:00+00:00
PER_SESSION_CONDITIONAL_UNKNOWN_EPOCH,2.0,0.0,0.0,YANK,2026-08-24T16:17:00+00:00
PER_SESSION_CONDITIONAL_UNKNOWN_EPOCH,1.0,-362.1100000000006,58392.5,MIM,2026-08-24T16:18:00+00:00
PER_SESSION_CONDITIONAL_UNKNOWN_EPOCH,2.0,0.0,0.0,YANK,2026-08-24T16:18:00+00:00
PER_SESSION_CONDITIONAL_UNKNOWN_EPOCH,1.0,-357.1100000000006,58387.5,MIM,2026-08-24T16:19:00+00:00
PER_SESSION_CONDITIONAL_UNKNOWN_EPOCH,2.0,0.0,0.0,YANK,2026-08-24T16:19:00+00:00
PER_SESSION_CONDITIONAL_UNKNOWN_EPOCH,1.0,-366.1100000000006,58396.5,MIM,2026-08-24T16:20:00+00:00
PER_SESSION_CONDITIONAL_UNKNOWN_EPOCH,2.0,0.0,0.0,YANK,2026-08-24T16:20:00+00:00
PER_SESSION_CONDITIONAL_UNKNOWN_EPOCH,1.0,-366.6100000000006,58397.0,MIM,2026-08-24T16:21:00+00:00
PER_SESSION_CONDITIONAL_UNKNOWN_EPOCH,2.0,0.0,0.0,YANK,2026-08-24T16:21:00+00:00
PER_SESSION_CONDITIONAL_UNKNOWN_EPOCH,1.0,-393.1100000000006,58423.5,MIM,2026-08-24T16:22:00+00:00
PER_SESSION_CONDITIONAL_UNKNOWN_EPOCH,2.0,0.0,0.0,YANK,2026-08-24T16:22:00+00:00
PER_SESSION_CONDITIONAL_UNKNOWN_EPOCH,1.0,-393.1100000000006,58423.5,MIM,2026-08-24T16:23:00+00:00
PER_SESSION_CONDITIONAL_UNKNOWN_EPOCH,2.0,0.0,0.0,YANK,2026-08-24T16:23:00+00:00
PER_SESSION_CONDITIONAL_UNKNOWN_EPOCH,1.0,-375.6100000000006,58406.0,MIM,2026-08-24T16:24:00+00:00
PER_SESSION_CONDITIONAL_UNKNOWN_EPOCH,2.0,0.0,0.0,YANK,2026-08-24T16:24:00+00:00
PER_SESSION_CONDITIONAL_UNKNOWN_EPOCH,1.0,-378.1100000000006,58408.5,MIM,2026-08-24T16:25:00+00:00
PER_SESSION_CONDITIONAL_UNKNOWN_EPOCH,2.0,0.0,0.0,YANK,2026-08-24T16:25:00+00:00
PER_SESSION_CONDITIONAL_UNKNOWN_EPOCH,1.0,-378.6100000000006,58409.0,MIM,2026-08-24T16:26:00+00:00
PER_SESSION_CONDITIONAL_UNKNOWN_EPOCH,2.0,0.0,0.0,YANK,2026-08-24T16:26:00+00:00
PER_SESSION_CONDITIONAL_UNKNOWN_EPOCH,1.0,-378.1100000000006,58408.5,MIM,2026-08-24T16:27:00+00:00
PER_SESSION_CONDITIONAL_UNKNOWN_EPOCH,2.0,0.0,0.0,YANK,2026-08-24T16:27:00+00:00
PER_SESSION_CONDITIONAL_UNKNOWN_EPOCH,1.0,-366.1100000000006,58396.5,MIM,2026-08-24T16:28:00+00:00
PER_SESSION_CONDITIONAL_UNKNOWN_EPOCH,2.0,0.0,0.0,YANK,2026-08-24T16:28:00+00:00
PER_SESSION_CONDITIONAL_UNKNOWN_EPOCH,1.0,-376.6100000000006,58407.0,MIM,2026-08-24T16:29:00+00:00
PER_SESSION_CONDITIONAL_UNKNOWN_EPOCH,2.0,0.0,0.0,YANK,2026-08-24T16:29:00+00:00
PER_SESSION_CONDITIONAL_UNKNOWN_EPOCH,1.0,-375.6100000000006,58406.0,MIM,2026-08-24T16:30:00+00:00
PER_SESSION_CONDITIONAL_UNKNOWN_EPOCH,2.0,0.0,0.0,YANK,2026-08-24T16:30:00+00:00
PER_SESSION_CONDITIONAL_UNKNOWN_EPOCH,1.0,-375.1100000000006,58405.5,MIM,2026-08-24T16:31:00+00:00
PER_SESSION_CONDITIONAL_UNKNOWN_EPOCH,2.0,0.0,0.0,YANK,2026-08-24T16:31:00+00:00
PER_SESSION_CONDITIONAL_UNKNOWN_EPOCH,1.0,-346.1100000000006,58376.5,MIM,2026-08-24T16:32:00+00:00
PER_SESSION_CONDITIONAL_UNKNOWN_EPOCH,2.0,0.0,0.0,YANK,2026-08-24T16:32:00+00:00
PER_SESSION_CONDITIONAL_UNKNOWN_EPOCH,1.0,-343.6100000000006,58374.0,MIM,2026-08-24T16:33:00+00:00
PER_SESSION_CONDITIONAL_UNKNOWN_EPOCH,2.0,0.0,0.0,YANK,2026-08-24T16:33:00+00:00
PER_SESSION_CONDITIONAL_UNKNOWN_EPOCH,1.0,-350.1100000000006,58380.5,MIM,2026-08-24T16:34:00+00:00
PER_SESSION_CONDITIONAL_UNKNOWN_EPOCH,2.0,0.0,0.0,YANK,2026-08-24T16:34:00+00:00
PER_SESSION_CONDITIONAL_UNKNOWN_EPOCH,1.0,-345.6100000000006,58376.0,MIM,2026-08-24T16:35:00+00:00
PER_SESSION_CONDITIONAL_UNKNOWN_EPOCH,2.0,0.0,0.0,YANK,2026-08-24T16:35:00+00:00
PER_SESSION_CONDITIONAL_UNKNOWN_EPOCH,1.0,-352.1100000000006,58382.5,MIM,2026-08-24T16:36:00+00:00
PER_SESSION_CONDITIONAL_UNKNOWN_EPOCH,2.0,0.0,0.0,YANK,2026-08-24T16:36:00+00:00
PER_SESSION_CONDITIONAL_UNKNOWN_EPOCH,1.0,-363.6100000000006,58394.0,MIM,2026-08-24T16:37:00+00:00
PER_SESSION_CONDITIONAL_UNKNOWN_EPOCH,2.0,0.0,0.0,YANK,2026-08-24T16:37:00+00:00
PER_SESSION_CONDITIONAL_UNKNOWN_EPOCH,1.0,-367.1100000000006,58397.5,MIM,2026-08-24T16:38:00+00:00
PER_SESSION_CONDITIONAL_UNKNOWN_EPOCH,2.0,0.0,0.0,YANK,2026-08-24T16:38:00+00:00
PER_SESSION_CONDITIONAL_UNKNOWN_EPOCH,1.0,-341.1100000000006,58371.5,MIM,2026-08-24T16:39:00+00:00
PER_SESSION_CONDITIONAL_UNKNOWN_EPOCH,2.0,0.0,0.0,YANK,2026-08-24T16:39:00+00:00
PER_SESSION_CONDITIONAL_UNKNOWN_EPOCH,1.0,-342.6100000000006,58373.0,MIM,2026-08-24T16:40:00+00:00
PER_SESSION_CONDITIONAL_UNKNOWN_EPOCH,2.0,0.0,0.0,YANK,2026-08-24T16:40:00+00:00
PER_SESSION_CONDITIONAL_UNKNOWN_EPOCH,1.0,-343.1100000000006,58373.5,MIM,2026-08-24T16:41:00+00:00
PER_SESSION_CONDITIONAL_UNKNOWN_EPOCH,2.0,0.0,0.0,YANK,2026-08-24T16:41:00+00:00
PER_SESSION_CONDITIONAL_UNKNOWN_EPOCH,1.0,-337.1100000000006,58367.5,MIM,2026-08-24T16:42:00+00:00
PER_SESSION_CONDITIONAL_UNKNOWN_EPOCH,2.0,0.0,0.0,YANK,2026-08-24T16:42:00+00:00
PER_SESSION_CONDITIONAL_UNKNOWN_EPOCH,1.0,-319.6100000000006,58350.0,MIM,2026-08-24T16:43:00+00:00
PER_SESSION_CONDITIONAL_UNKNOWN_EPOCH,2.0,0.0,0.0,YANK,2026-08-24T16:43:00+00:00
PER_SESSION_CONDITIONAL_UNKNOWN_EPOCH,1.0,-332.1100000000006,58362.5,MIM,2026-08-24T16:44:00+00:00
PER_SESSION_CONDITIONAL_UNKNOWN_EPOCH,2.0,0.0,0.0,YANK,2026-08-24T16:44:00+00:00
PER_SESSION_CONDITIONAL_UNKNOWN_EPOCH,1.0,-338.6100000000006,58369.0,MIM,2026-08-24T16:45:00+00:00
PER_SESSION_CONDITIONAL_UNKNOWN_EPOCH,2.0,0.0,0.0,YANK,2026-08-24T16:45:00+00:00
PER_SESSION_CONDITIONAL_UNKNOWN_EPOCH,1.0,-329.6100000000006,58360.0,MIM,2026-08-24T16:46:00+00:00
PER_SESSION_CONDITIONAL_UNKNOWN_EPOCH,2.0,0.0,0.0,YANK,2026-08-24T16:46:00+00:00
PER_SESSION_CONDITIONAL_UNKNOWN_EPOCH,1.0,-321.6100000000006,58352.0,MIM,2026-08-24T16:47:00+00:00
PER_SESSION_CONDITIONAL_UNKNOWN_EPOCH,2.0,0.0,0.0,YANK,2026-08-24T16:47:00+00:00
PER_SESSION_CONDITIONAL_UNKNOWN_EPOCH,1.0,-328.6100000000006,58359.0,MIM,2026-08-24T16:48:00+00:00
PER_SESSION_CONDITIONAL_UNKNOWN_EPOCH,2.0,0.0,0.0,YANK,2026-08-24T16:48:00+00:00
PER_SESSION_CONDITIONAL_UNKNOWN_EPOCH,1.0,-324.1100000000006,58354.5,MIM,2026-08-24T16:49:00+00:00
PER_SESSION_CONDITIONAL_UNKNOWN_EPOCH,2.0,0.0,0.0,YANK,2026-08-24T16:49:00+00:00
PER_SESSION_CONDITIONAL_UNKNOWN_EPOCH,1.0,-346.1100000000006,58376.5,MIM,2026-08-24T16:50:00+00:00
PER_SESSION_CONDITIONAL_UNKNOWN_EPOCH,2.0,0.0,0.0,YANK,2026-08-24T16:50:00+00:00
PER_SESSION_CONDITIONAL_UNKNOWN_EPOCH,1.0,-330.1100000000006,58360.5,MIM,2026-08-24T16:51:00+00:00
PER_SESSION_CONDITIONAL_UNKNOWN_EPOCH,2.0,0.0,0.0,YANK,2026-08-24T16:51:00+00:00
PER_SESSION_CONDITIONAL_UNKNOWN_EPOCH,1.0,-316.6100000000006,58347.0,MIM,2026-08-24T16:52:00+00:00
PER_SESSION_CONDITIONAL_UNKNOWN_EPOCH,2.0,0.0,0.0,YANK,2026-08-24T16:52:00+00:00
PER_SESSION_CONDITIONAL_UNKNOWN_EPOCH,1.0,-333.6100000000006,58364.0,MIM,2026-08-24T16:53:00+00:00
PER_SESSION_CONDITIONAL_UNKNOWN_EPOCH,2.0,0.0,0.0,YANK,2026-08-24T16:53:00+00:00
PER_SESSION_CONDITIONAL_UNKNOWN_EPOCH,1.0,-336.6100000000006,58367.0,MIM,2026-08-24T16:54:00+00:00
PER_SESSION_CONDITIONAL_UNKNOWN_EPOCH,2.0,0.0,0.0,YANK,2026-08-24T16:54:00+00:00
PER_SESSION_CONDITIONAL_UNKNOWN_EPOCH,1.0,-333.6100000000006,58364.0,MIM,2026-08-24T16:55:00+00:00
PER_SESSION_CONDITIONAL_UNKNOWN_EPOCH,2.0,0.0,0.0,YANK,2026-08-24T16:55:00+00:00
PER_SESSION_CONDITIONAL_UNKNOWN_EPOCH,1.0,-315.1100000000006,58345.5,MIM,2026-08-24T16:56:00+00:00
PER_SESSION_CONDITIONAL_UNKNOWN_EPOCH,2.0,0.0,0.0,YANK,2026-08-24T16:56:00+00:00
PER_SESSION_CONDITIONAL_UNKNOWN_EPOCH,1.0,-322.6100000000006,58353.0,MIM,2026-08-24T16:57:00+00:00
PER_SESSION_CONDITIONAL_UNKNOWN_EPOCH,2.0,0.0,0.0,YANK,2026-08-24T16:57:00+00:00
PER_SESSION_CONDITIONAL_UNKNOWN_EPOCH,1.0,-314.6100000000006,58345.0,MIM,2026-08-24T16:58:00+00:00
PER_SESSION_CONDITIONAL_UNKNOWN_EPOCH,2.0,0.0,0.0,YANK,2026-08-24T16:58:00+00:00
PER_SESSION_CONDITIONAL_UNKNOWN_EPOCH,1.0,-318.1100000000006,58348.5,MIM,2026-08-24T16:59:00+00:00
PER_SESSION_CONDITIONAL_UNKNOWN_EPOCH,2.0,0.0,0.0,YANK,2026-08-24T16:59:00+00:00
PER_SESSION_CONDITIONAL_UNKNOWN_EPOCH,1.0,-310.6100000000006,58341.0,MIM,2026-08-24T17:00:00+00:00
PER_SESSION_CONDITIONAL_UNKNOWN_EPOCH,2.0,0.0,0.0,YANK,2026-08-24T17:00:00+00:00
PER_SESSION_CONDITIONAL_UNKNOWN_EPOCH,1.0,-301.1100000000006,58331.5,MIM,2026-08-24T17:01:00+00:00
PER_SESSION_CONDITIONAL_UNKNOWN_EPOCH,2.0,0.0,0.0,YANK,2026-08-24T17:01:00+00:00
PER_SESSION_CONDITIONAL_UNKNOWN_EPOCH,1.0,-301.6100000000006,58332.0,MIM,2026-08-24T17:02:00+00:00
PER_SESSION_CONDITIONAL_UNKNOWN_EPOCH,2.0,0.0,0.0,YANK,2026-08-24T17:02:00+00:00
PER_SESSION_CONDITIONAL_UNKNOWN_EPOCH,1.0,-288.1100000000006,58318.5,MIM,2026-08-24T17:03:00+00:00
PER_SESSION_CONDITIONAL_UNKNOWN_EPOCH,2.0,0.0,0.0,YANK,2026-08-24T17:03:00+00:00
PER_SESSION_CONDITIONAL_UNKNOWN_EPOCH,1.0,-289.6100000000006,58320.0,MIM,2026-08-24T17:04:00+00:00
PER_SESSION_CONDITIONAL_UNKNOWN_EPOCH,2.0,0.0,0.0,YANK,2026-08-24T17:04:00+00:00
PER_SESSION_CONDITIONAL_UNKNOWN_EPOCH,1.0,-287.6100000000006,58318.0,MIM,2026-08-24T17:05:00+00:00
PER_SESSION_CONDITIONAL_UNKNOWN_EPOCH,2.0,0.0,0.0,YANK,2026-08-24T17:05:00+00:00
PER_SESSION_CONDITIONAL_UNKNOWN_EPOCH,1.0,-297.1100000000006,58327.5,MIM,2026-08-24T17:06:00+00:00
PER_SESSION_CONDITIONAL_UNKNOWN_EPOCH,2.0,0.0,0.0,YANK,2026-08-24T17:06:00+00:00
PER_SESSION_CONDITIONAL_UNKNOWN_EPOCH,1.0,-302.6100000000006,58333.0,MIM,2026-08-24T17:07:00+00:00
PER_SESSION_CONDITIONAL_UNKNOWN_EPOCH,2.0,0.0,0.0,YANK,2026-08-24T17:07:00+00:00
PER_SESSION_CONDITIONAL_UNKNOWN_EPOCH,1.0,-350.6100000000006,58381.0,MIM,2026-08-24T17:08:00+00:00
PER_SESSION_CONDITIONAL_UNKNOWN_EPOCH,2.0,0.0,0.0,YANK,2026-08-24T17:08:00+00:00
PER_SESSION_CONDITIONAL_UNKNOWN_EPOCH,1.0,-344.1100000000006,58374.5,MIM,2026-08-24T17:09:00+00:00
PER_SESSION_CONDITIONAL_UNKNOWN_EPOCH,2.0,0.0,0.0,YANK,2026-08-24T17:09:00+00:00
PER_SESSION_CONDITIONAL_UNKNOWN_EPOCH,1.0,-350.6100000000006,58381.0,MIM,2026-08-24T17:10:00+00:00
PER_SESSION_CONDITIONAL_UNKNOWN_EPOCH,2.0,0.0,0.0,YANK,2026-08-24T17:10:00+00:00
PER_SESSION_CONDITIONAL_UNKNOWN_EPOCH,1.0,-341.6100000000006,58372.0,MIM,2026-08-24T17:11:00+00:00
PER_SESSION_CONDITIONAL_UNKNOWN_EPOCH,2.0,0.0,0.0,YANK,2026-08-24T17:11:00+00:00
PER_SESSION_CONDITIONAL_UNKNOWN_EPOCH,1.0,-388.1100000000006,58418.5,MIM,2026-08-24T17:12:00+00:00
PER_SESSION_CONDITIONAL_UNKNOWN_EPOCH,2.0,0.0,0.0,YANK,2026-08-24T17:12:00+00:00
PER_SESSION_CONDITIONAL_UNKNOWN_EPOCH,1.0,-369.1100000000006,58399.5,MIM,2026-08-24T17:13:00+00:00
PER_SESSION_CONDITIONAL_UNKNOWN_EPOCH,2.0,0.0,0.0,YANK,2026-08-24T17:13:00+00:00
PER_SESSION_CONDITIONAL_UNKNOWN_EPOCH,1.0,-353.6100000000006,58384.0,MIM,2026-08-24T17:14:00+00:00
PER_SESSION_CONDITIONAL_UNKNOWN_EPOCH,2.0,0.0,0.0,YANK,2026-08-24T17:14:00+00:00
PER_SESSION_CONDITIONAL_UNKNOWN_EPOCH,1.0,-358.1100000000006,58388.5,MIM,2026-08-24T17:15:00+00:00
PER_SESSION_CONDITIONAL_UNKNOWN_EPOCH,2.0,0.0,0.0,YANK,2026-08-24T17:15:00+00:00
PER_SESSION_CONDITIONAL_UNKNOWN_EPOCH,1.0,-341.1100000000006,58371.5,MIM,2026-08-24T17:16:00+00:00
PER_SESSION_CONDITIONAL_UNKNOWN_EPOCH,2.0,0.0,0.0,YANK,2026-08-24T17:16:00+00:00
PER_SESSION_CONDITIONAL_UNKNOWN_EPOCH,1.0,-331.1100000000006,58361.5,MIM,2026-08-24T17:17:00+00:00
PER_SESSION_CONDITIONAL_UNKNOWN_EPOCH,2.0,0.0,0.0,YANK,2026-08-24T17:17:00+00:00
PER_SESSION_CONDITIONAL_UNKNOWN_EPOCH,1.0,-352.6100000000006,58383.0,MIM,2026-08-24T17:18:00+00:00
PER_SESSION_CONDITIONAL_UNKNOWN_EPOCH,2.0,0.0,0.0,YANK,2026-08-24T17:18:00+00:00
PER_SESSION_CONDITIONAL_UNKNOWN_EPOCH,1.0,-316.6100000000006,58347.0,MIM,2026-08-24T17:19:00+00:00
PER_SESSION_CONDITIONAL_UNKNOWN_EPOCH,2.0,0.0,0.0,YANK,2026-08-24T17:19:00+00:00
PER_SESSION_CONDITIONAL_UNKNOWN_EPOCH,1.0,-303.6100000000006,58334.0,MIM,2026-08-24T17:20:00+00:00
PER_SESSION_CONDITIONAL_UNKNOWN_EPOCH,2.0,0.0,0.0,YANK,2026-08-24T17:20:00+00:00
PER_SESSION_CONDITIONAL_UNKNOWN_EPOCH,1.0,-289.1100000000006,58319.5,MIM,2026-08-24T17:21:00+00:00
PER_SESSION_CONDITIONAL_UNKNOWN_EPOCH,2.0,0.0,0.0,YANK,2026-08-24T17:21:00+00:00
PER_SESSION_CONDITIONAL_UNKNOWN_EPOCH,1.0,-261.1100000000006,58291.5,MIM,2026-08-24T17:22:00+00:00
PER_SESSION_CONDITIONAL_UNKNOWN_EPOCH,2.0,0.0,0.0,YANK,2026-08-24T17:22:00+00:00
PER_SESSION_CONDITIONAL_UNKNOWN_EPOCH,1.0,-262.1100000000006,58292.5,MIM,2026-08-24T17:23:00+00:00
PER_SESSION_CONDITIONAL_UNKNOWN_EPOCH,2.0,0.0,0.0,YANK,2026-08-24T17:23:00+00:00
PER_SESSION_CONDITIONAL_UNKNOWN_EPOCH,1.0,-262.1100000000006,58292.5,MIM,2026-08-24T17:24:00+00:00
PER_SESSION_CONDITIONAL_UNKNOWN_EPOCH,2.0,0.0,0.0,YANK,2026-08-24T17:24:00+00:00
PER_SESSION_CONDITIONAL_UNKNOWN_EPOCH,1.0,-258.1100000000006,58288.5,MIM,2026-08-24T17:25:00+00:00
PER_SESSION_CONDITIONAL_UNKNOWN_EPOCH,2.0,0.0,0.0,YANK,2026-08-24T17:25:00+00:00
PER_SESSION_CONDITIONAL_UNKNOWN_EPOCH,1.0,-251.61000000000058,58282.0,MIM,2026-08-24T17:26:00+00:00
PER_SESSION_CONDITIONAL_UNKNOWN_EPOCH,2.0,0.0,0.0,YANK,2026-08-24T17:26:00+00:00
PER_SESSION_CONDITIONAL_UNKNOWN_EPOCH,1.0,-274.6100000000006,58305.0,MIM,2026-08-24T17:27:00+00:00
PER_SESSION_CONDITIONAL_UNKNOWN_EPOCH,2.0,0.0,0.0,YANK,2026-08-24T17:27:00+00:00
PER_SESSION_CONDITIONAL_UNKNOWN_EPOCH,1.0,-280.6100000000006,58311.0,MIM,2026-08-24T17:28:00+00:00
PER_SESSION_CONDITIONAL_UNKNOWN_EPOCH,2.0,0.0,0.0,YANK,2026-08-24T17:28:00+00:00
PER_SESSION_CONDITIONAL_UNKNOWN_EPOCH,1.0,-264.6100000000006,58295.0,MIM,2026-08-24T17:29:00+00:00
PER_SESSION_CONDITIONAL_UNKNOWN_EPOCH,2.0,0.0,0.0,YANK,2026-08-24T17:29:00+00:00
PER_SESSION_CONDITIONAL_UNKNOWN_EPOCH,1.0,-249.11000000000058,58279.5,MIM,2026-08-24T17:30:00+00:00
PER_SESSION_CONDITIONAL_UNKNOWN_EPOCH,2.0,0.0,0.0,YANK,2026-08-24T17:30:00+00:00
PER_SESSION_CONDITIONAL_UNKNOWN_EPOCH,1.0,-245.11000000000058,58275.5,MIM,2026-08-24T17:31:00+00:00
PER_SESSION_CONDITIONAL_UNKNOWN_EPOCH,2.0,0.0,0.0,YANK,2026-08-24T17:31:00+00:00
PER_SESSION_CONDITIONAL_UNKNOWN_EPOCH,1.0,-239.11000000000058,58269.5,MIM,2026-08-24T17:32:00+00:00
PER_SESSION_CONDITIONAL_UNKNOWN_EPOCH,2.0,0.0,0.0,YANK,2026-08-24T17:32:00+00:00
PER_SESSION_CONDITIONAL_UNKNOWN_EPOCH,1.0,-243.61000000000058,58274.0,MIM,2026-08-24T17:33:00+00:00
PER_SESSION_CONDITIONAL_UNKNOWN_EPOCH,2.0,0.0,0.0,YANK,2026-08-24T17:33:00+00:00
PER_SESSION_CONDITIONAL_UNKNOWN_EPOCH,1.0,-235.61000000000058,58266.0,MIM,2026-08-24T17:34:00+00:00
PER_SESSION_CONDITIONAL_UNKNOWN_EPOCH,2.0,0.0,0.0,YANK,2026-08-24T17:34:00+00:00
PER_SESSION_CONDITIONAL_UNKNOWN_EPOCH,1.0,-227.61000000000058,58258.0,MIM,2026-08-24T17:35:00+00:00
PER_SESSION_CONDITIONAL_UNKNOWN_EPOCH,2.0,0.0,0.0,YANK,2026-08-24T17:35:00+00:00
PER_SESSION_CONDITIONAL_UNKNOWN_EPOCH,1.0,-224.61000000000058,58255.0,MIM,2026-08-24T17:36:00+00:00
PER_SESSION_CONDITIONAL_UNKNOWN_EPOCH,2.0,0.0,0.0,YANK,2026-08-24T17:36:00+00:00
PER_SESSION_CONDITIONAL_UNKNOWN_EPOCH,1.0,-220.61000000000058,58251.0,MIM,2026-08-24T17:37:00+00:00
PER_SESSION_CONDITIONAL_UNKNOWN_EPOCH,2.0,0.0,0.0,YANK,2026-08-24T17:37:00+00:00
PER_SESSION_CONDITIONAL_UNKNOWN_EPOCH,1.0,-211.11000000000058,58241.5,MIM,2026-08-24T17:38:00+00:00
PER_SESSION_CONDITIONAL_UNKNOWN_EPOCH,2.0,0.0,0.0,YANK,2026-08-24T17:38:00+00:00
PER_SESSION_CONDITIONAL_UNKNOWN_EPOCH,1.0,-213.11000000000058,58243.5,MIM,2026-08-24T17:39:00+00:00
PER_SESSION_CONDITIONAL_UNKNOWN_EPOCH,2.0,0.0,0.0,YANK,2026-08-24T17:39:00+00:00
PER_SESSION_CONDITIONAL_UNKNOWN_EPOCH,1.0,-234.11000000000058,58264.5,MIM,2026-08-24T17:40:00+00:00
PER_SESSION_CONDITIONAL_UNKNOWN_EPOCH,2.0,0.0,0.0,YANK,2026-08-24T17:40:00+00:00
PER_SESSION_CONDITIONAL_UNKNOWN_EPOCH,1.0,-233.11000000000058,58263.5,MIM,2026-08-24T17:41:00+00:00
PER_SESSION_CONDITIONAL_UNKNOWN_EPOCH,2.0,0.0,0.0,YANK,2026-08-24T17:41:00+00:00
PER_SESSION_CONDITIONAL_UNKNOWN_EPOCH,1.0,-225.61000000000058,58256.0,MIM,2026-08-24T17:42:00+00:00
PER_SESSION_CONDITIONAL_UNKNOWN_EPOCH,2.0,0.0,0.0,YANK,2026-08-24T17:42:00+00:00
PER_SESSION_CONDITIONAL_UNKNOWN_EPOCH,1.0,-235.61000000000058,58266.0,MIM,2026-08-24T17:43:00+00:00
PER_SESSION_CONDITIONAL_UNKNOWN_EPOCH,2.0,0.0,0.0,YANK,2026-08-24T17:43:00+00:00
PER_SESSION_CONDITIONAL_UNKNOWN_EPOCH,1.0,-227.11000000000058,58257.5,MIM,2026-08-24T17:44:00+00:00
PER_SESSION_CONDITIONAL_UNKNOWN_EPOCH,2.0,0.0,0.0,YANK,2026-08-24T17:44:00+00:00
PER_SESSION_CONDITIONAL_UNKNOWN_EPOCH,1.0,-208.61000000000058,58239.0,MIM,2026-08-24T17:45:00+00:00
PER_SESSION_CONDITIONAL_UNKNOWN_EPOCH,2.0,0.0,0.0,YANK,2026-08-24T17:45:00+00:00
PER_SESSION_CONDITIONAL_UNKNOWN_EPOCH,1.0,-219.61000000000058,58250.0,MIM,2026-08-24T17:46:00+00:00
PER_SESSION_CONDITIONAL_UNKNOWN_EPOCH,2.0,0.0,0.0,YANK,2026-08-24T17:46:00+00:00
PER_SESSION_CONDITIONAL_UNKNOWN_EPOCH,1.0,-209.11000000000058,58239.5,MIM,2026-08-24T17:47:00+00:00
PER_SESSION_CONDITIONAL_UNKNOWN_EPOCH,2.0,0.0,0.0,YANK,2026-08-24T17:47:00+00:00
PER_SESSION_CONDITIONAL_UNKNOWN_EPOCH,1.0,-216.11000000000058,58246.5,MIM,2026-08-24T17:48:00+00:00
PER_SESSION_CONDITIONAL_UNKNOWN_EPOCH,2.0,0.0,0.0,YANK,2026-08-24T17:48:00+00:00
PER_SESSION_CONDITIONAL_UNKNOWN_EPOCH,1.0,-237.61000000000058,58268.0,MIM,2026-08-24T17:49:00+00:00
PER_SESSION_CONDITIONAL_UNKNOWN_EPOCH,2.0,0.0,0.0,YANK,2026-08-24T17:49:00+00:00
PER_SESSION_CONDITIONAL_UNKNOWN_EPOCH,1.0,-233.11000000000058,58263.5,MIM,2026-08-24T17:50:00+00:00
PER_SESSION_CONDITIONAL_UNKNOWN_EPOCH,2.0,0.0,0.0,YANK,2026-08-24T17:50:00+00:00
PER_SESSION_CONDITIONAL_UNKNOWN_EPOCH,1.0,-252.61000000000058,58283.0,MIM,2026-08-24T17:51:00+00:00
PER_SESSION_CONDITIONAL_UNKNOWN_EPOCH,2.0,0.0,0.0,YANK,2026-08-24T17:51:00+00:00
PER_SESSION_CONDITIONAL_UNKNOWN_EPOCH,1.0,-219.11000000000058,58249.5,MIM,2026-08-24T17:52:00+00:00
PER_SESSION_CONDITIONAL_UNKNOWN_EPOCH,2.0,0.0,0.0,YANK,2026-08-24T17:52:00+00:00
PER_SESSION_CONDITIONAL_UNKNOWN_EPOCH,1.0,-210.11000000000058,58240.5,MIM,2026-08-24T17:53:00+00:00
PER_SESSION_CONDITIONAL_UNKNOWN_EPOCH,2.0,0.0,0.0,YANK,2026-08-24T17:53:00+00:00
PER_SESSION_CONDITIONAL_UNKNOWN_EPOCH,1.0,-213.61000000000058,58244.0,MIM,2026-08-24T17:54:00+00:00
PER_SESSION_CONDITIONAL_UNKNOWN_EPOCH,2.0,0.0,0.0,YANK,2026-08-24T17:54:00+00:00
PER_SESSION_CONDITIONAL_UNKNOWN_EPOCH,1.0,-211.11000000000058,58241.5,MIM,2026-08-24T17:55:00+00:00
PER_SESSION_CONDITIONAL_UNKNOWN_EPOCH,2.0,0.0,0.0,YANK,2026-08-24T17:55:00+00:00
PER_SESSION_CONDITIONAL_UNKNOWN_EPOCH,1.0,-212.11000000000058,58242.5,MIM,2026-08-24T17:56:00+00:00
PER_SESSION_CONDITIONAL_UNKNOWN_EPOCH,2.0,0.0,0.0,YANK,2026-08-24T17:56:00+00:00
PER_SESSION_CONDITIONAL_UNKNOWN_EPOCH,1.0,-215.11000000000058,58245.5,MIM,2026-08-24T17:57:00+00:00
PER_SESSION_CONDITIONAL_UNKNOWN_EPOCH,2.0,0.0,0.0,YANK,2026-08-24T17:57:00+00:00
PER_SESSION_CONDITIONAL_UNKNOWN_EPOCH,1.0,-205.61000000000058,58236.0,MIM,2026-08-24T17:58:00+00:00
PER_SESSION_CONDITIONAL_UNKNOWN_EPOCH,2.0,0.0,0.0,YANK,2026-08-24T17:58:00+00:00
PER_SESSION_CONDITIONAL_UNKNOWN_EPOCH,1.0,-214.11000000000058,58244.5,MIM,2026-08-24T17:59:00+00:00
PER_SESSION_CONDITIONAL_UNKNOWN_EPOCH,2.0,0.0,0.0,YANK,2026-08-24T17:59:00+00:00
PER_SESSION_CONDITIONAL_UNKNOWN_EPOCH,1.0,-215.61000000000058,58246.0,MIM,2026-08-24T18:00:00+00:00
PER_SESSION_CONDITIONAL_UNKNOWN_EPOCH,2.0,0.0,0.0,YANK,2026-08-24T18:00:00+00:00
PER_SESSION_CONDITIONAL_UNKNOWN_EPOCH,1.0,-257.6100000000006,58288.0,MIM,2026-08-24T18:01:00+00:00
PER_SESSION_CONDITIONAL_UNKNOWN_EPOCH,2.0,0.0,0.0,YANK,2026-08-24T18:01:00+00:00
PER_SESSION_CONDITIONAL_UNKNOWN_EPOCH,1.0,-266.6100000000006,58297.0,MIM,2026-08-24T18:02:00+00:00
PER_SESSION_CONDITIONAL_UNKNOWN_EPOCH,2.0,0.0,0.0,YANK,2026-08-24T18:02:00+00:00
PER_SESSION_CONDITIONAL_UNKNOWN_EPOCH,1.0,-260.6100000000006,58291.0,MIM,2026-08-24T18:03:00+00:00
PER_SESSION_CONDITIONAL_UNKNOWN_EPOCH,2.0,0.0,0.0,YANK,2026-08-24T18:03:00+00:00
PER_SESSION_CONDITIONAL_UNKNOWN_EPOCH,1.0,-268.6100000000006,58299.0,MIM,2026-08-24T18:04:00+00:00
PER_SESSION_CONDITIONAL_UNKNOWN_EPOCH,2.0,0.0,0.0,YANK,2026-08-24T18:04:00+00:00
PER_SESSION_CONDITIONAL_UNKNOWN_EPOCH,1.0,-267.6100000000006,58298.0,MIM,2026-08-24T18:05:00+00:00
PER_SESSION_CONDITIONAL_UNKNOWN_EPOCH,2.0,0.0,0.0,YANK,2026-08-24T18:05:00+00:00
PER_SESSION_CONDITIONAL_UNKNOWN_EPOCH,1.0,-282.6100000000006,58313.0,MIM,2026-08-24T18:06:00+00:00
PER_SESSION_CONDITIONAL_UNKNOWN_EPOCH,2.0,0.0,0.0,YANK,2026-08-24T18:06:00+00:00
PER_SESSION_CONDITIONAL_UNKNOWN_EPOCH,1.0,-301.1100000000006,58331.5,MIM,2026-08-24T18:07:00+00:00
PER_SESSION_CONDITIONAL_UNKNOWN_EPOCH,2.0,0.0,0.0,YANK,2026-08-24T18:07:00+00:00
PER_SESSION_CONDITIONAL_UNKNOWN_EPOCH,1.0,-315.1100000000006,58345.5,MIM,2026-08-24T18:08:00+00:00
PER_SESSION_CONDITIONAL_UNKNOWN_EPOCH,2.0,0.0,0.0,YANK,2026-08-24T18:08:00+00:00
PER_SESSION_CONDITIONAL_UNKNOWN_EPOCH,1.0,-322.6100000000006,58353.0,MIM,2026-08-24T18:09:00+00:00
PER_SESSION_CONDITIONAL_UNKNOWN_EPOCH,2.0,0.0,0.0,YANK,2026-08-24T18:09:00+00:00
PER_SESSION_CONDITIONAL_UNKNOWN_EPOCH,1.0,-329.6100000000006,58360.0,MIM,2026-08-24T18:10:00+00:00
PER_SESSION_CONDITIONAL_UNKNOWN_EPOCH,2.0,0.0,0.0,YANK,2026-08-24T18:10:00+00:00
PER_SESSION_CONDITIONAL_UNKNOWN_EPOCH,1.0,-315.6100000000006,58346.0,MIM,2026-08-24T18:11:00+00:00
PER_SESSION_CONDITIONAL_UNKNOWN_EPOCH,2.0,0.0,0.0,YANK,2026-08-24T18:11:00+00:00
PER_SESSION_CONDITIONAL_UNKNOWN_EPOCH,1.0,-320.1100000000006,58350.5,MIM,2026-08-24T18:12:00+00:00
PER_SESSION_CONDITIONAL_UNKNOWN_EPOCH,2.0,0.0,0.0,YANK,2026-08-24T18:12:00+00:00
PER_SESSION_CONDITIONAL_UNKNOWN_EPOCH,1.0,-309.6100000000006,58340.0,MIM,2026-08-24T18:13:00+00:00
PER_SESSION_CONDITIONAL_UNKNOWN_EPOCH,2.0,0.0,0.0,YANK,2026-08-24T18:13:00+00:00
PER_SESSION_CONDITIONAL_UNKNOWN_EPOCH,1.0,-319.6100000000006,58350.0,MIM,2026-08-24T18:14:00+00:00
PER_SESSION_CONDITIONAL_UNKNOWN_EPOCH,2.0,0.0,0.0,YANK,2026-08-24T18:14:00+00:00
PER_SESSION_CONDITIONAL_UNKNOWN_EPOCH,1.0,-344.1100000000006,58374.5,MIM,2026-08-24T18:15:00+00:00
PER_SESSION_CONDITIONAL_UNKNOWN_EPOCH,2.0,0.0,0.0,YANK,2026-08-24T18:15:00+00:00
PER_SESSION_CONDITIONAL_UNKNOWN_EPOCH,1.0,-347.6100000000006,58378.0,MIM,2026-08-24T18:16:00+00:00
PER_SESSION_CONDITIONAL_UNKNOWN_EPOCH,2.0,0.0,0.0,YANK,2026-08-24T18:16:00+00:00
PER_SESSION_CONDITIONAL_UNKNOWN_EPOCH,1.0,-346.1100000000006,58376.5,MIM,2026-08-24T18:17:00+00:00
PER_SESSION_CONDITIONAL_UNKNOWN_EPOCH,2.0,0.0,0.0,YANK,2026-08-24T18:17:00+00:00
PER_SESSION_CONDITIONAL_UNKNOWN_EPOCH,1.0,-332.1100000000006,58362.5,MIM,2026-08-24T18:18:00+00:00
PER_SESSION_CONDITIONAL_UNKNOWN_EPOCH,2.0,0.0,0.0,YANK,2026-08-24T18:18:00+00:00
PER_SESSION_CONDITIONAL_UNKNOWN_EPOCH,1.0,-322.6100000000006,58353.0,MIM,2026-08-24T18:19:00+00:00
PER_SESSION_CONDITIONAL_UNKNOWN_EPOCH,2.0,0.0,0.0,YANK,2026-08-24T18:19:00+00:00
PER_SESSION_CONDITIONAL_UNKNOWN_EPOCH,1.0,-323.1100000000006,58353.5,MIM,2026-08-24T18:20:00+00:00
PER_SESSION_CONDITIONAL_UNKNOWN_EPOCH,2.0,0.0,0.0,YANK,2026-08-24T18:20:00+00:00
PER_SESSION_CONDITIONAL_UNKNOWN_EPOCH,1.0,-350.6100000000006,58381.0,MIM,2026-08-24T18:21:00+00:00
PER_SESSION_CONDITIONAL_UNKNOWN_EPOCH,2.0,0.0,0.0,YANK,2026-08-24T18:21:00+00:00
PER_SESSION_CONDITIONAL_UNKNOWN_EPOCH,1.0,-366.6100000000006,58397.0,MIM,2026-08-24T18:22:00+00:00
PER_SESSION_CONDITIONAL_UNKNOWN_EPOCH,2.0,0.0,0.0,YANK,2026-08-24T18:22:00+00:00
PER_SESSION_CONDITIONAL_UNKNOWN_EPOCH,1.0,-390.6100000000006,58421.0,MIM,2026-08-24T18:23:00+00:00
PER_SESSION_CONDITIONAL_UNKNOWN_EPOCH,2.0,0.0,0.0,YANK,2026-08-24T18:23:00+00:00
PER_SESSION_CONDITIONAL_UNKNOWN_EPOCH,1.0,-402.1100000000006,58432.5,MIM,2026-08-24T18:24:00+00:00
PER_SESSION_CONDITIONAL_UNKNOWN_EPOCH,2.0,0.0,0.0,YANK,2026-08-24T18:24:00+00:00
PER_SESSION_CONDITIONAL_UNKNOWN_EPOCH,1.0,-404.1100000000006,58434.5,MIM,2026-08-24T18:25:00+00:00
PER_SESSION_CONDITIONAL_UNKNOWN_EPOCH,2.0,0.0,0.0,YANK,2026-08-24T18:25:00+00:00
PER_SESSION_CONDITIONAL_UNKNOWN_EPOCH,1.0,-403.6100000000006,58434.0,MIM,2026-08-24T18:26:00+00:00
PER_SESSION_CONDITIONAL_UNKNOWN_EPOCH,2.0,0.0,0.0,YANK,2026-08-24T18:26:00+00:00
PER_SESSION_CONDITIONAL_UNKNOWN_EPOCH,1.0,-399.6100000000006,58430.0,MIM,2026-08-24T18:27:00+00:00
PER_SESSION_CONDITIONAL_UNKNOWN_EPOCH,2.0,0.0,0.0,YANK,2026-08-24T18:27:00+00:00
PER_SESSION_CONDITIONAL_UNKNOWN_EPOCH,1.0,-399.1100000000006,58429.5,MIM,2026-08-24T18:28:00+00:00
PER_SESSION_CONDITIONAL_UNKNOWN_EPOCH,2.0,0.0,0.0,YANK,2026-08-24T18:28:00+00:00
PER_SESSION_CONDITIONAL_UNKNOWN_EPOCH,1.0,-410.1100000000006,58440.5,MIM,2026-08-24T18:29:00+00:00
PER_SESSION_CONDITIONAL_UNKNOWN_EPOCH,2.0,0.0,0.0,YANK,2026-08-24T18:29:00+00:00
PER_SESSION_CONDITIONAL_UNKNOWN_EPOCH,1.0,-405.6100000000006,58436.0,MIM,2026-08-24T18:30:00+00:00
PER_SESSION_CONDITIONAL_UNKNOWN_EPOCH,2.0,0.0,0.0,YANK,2026-08-24T18:30:00+00:00
PER_SESSION_CONDITIONAL_UNKNOWN_EPOCH,1.0,-421.1100000000006,58451.5,MIM,2026-08-24T18:31:00+00:00
PER_SESSION_CONDITIONAL_UNKNOWN_EPOCH,2.0,0.0,0.0,YANK,2026-08-24T18:31:00+00:00
PER_SESSION_CONDITIONAL_UNKNOWN_EPOCH,1.0,-398.6100000000006,58429.0,MIM,2026-08-24T18:32:00+00:00
PER_SESSION_CONDITIONAL_UNKNOWN_EPOCH,2.0,0.0,0.0,YANK,2026-08-24T18:32:00+00:00
PER_SESSION_CONDITIONAL_UNKNOWN_EPOCH,1.0,-417.6100000000006,58448.0,MIM,2026-08-24T18:33:00+00:00
PER_SESSION_CONDITIONAL_UNKNOWN_EPOCH,2.0,0.0,0.0,YANK,2026-08-24T18:33:00+00:00
PER_SESSION_CONDITIONAL_UNKNOWN_EPOCH,1.0,-412.6100000000006,58443.0,MIM,2026-08-24T18:34:00+00:00
PER_SESSION_CONDITIONAL_UNKNOWN_EPOCH,2.0,0.0,0.0,YANK,2026-08-24T18:34:00+00:00
PER_SESSION_CONDITIONAL_UNKNOWN_EPOCH,1.0,-409.6100000000006,58440.0,MIM,2026-08-24T18:35:00+00:00
PER_SESSION_CONDITIONAL_UNKNOWN_EPOCH,2.0,0.0,0.0,YANK,2026-08-24T18:35:00+00:00
PER_SESSION_CONDITIONAL_UNKNOWN_EPOCH,1.0,-404.6100000000006,58435.0,MIM,2026-08-24T18:36:00+00:00
PER_SESSION_CONDITIONAL_UNKNOWN_EPOCH,2.0,0.0,0.0,YANK,2026-08-24T18:36:00+00:00
PER_SESSION_CONDITIONAL_UNKNOWN_EPOCH,1.0,-374.1100000000006,58404.5,MIM,2026-08-24T18:37:00+00:00
PER_SESSION_CONDITIONAL_UNKNOWN_EPOCH,2.0,0.0,0.0,YANK,2026-08-24T18:37:00+00:00
PER_SESSION_CONDITIONAL_UNKNOWN_EPOCH,1.0,-362.1100000000006,58392.5,MIM,2026-08-24T18:38:00+00:00
PER_SESSION_CONDITIONAL_UNKNOWN_EPOCH,2.0,0.0,0.0,YANK,2026-08-24T18:38:00+00:00
PER_SESSION_CONDITIONAL_UNKNOWN_EPOCH,1.0,-341.1100000000006,58371.5,MIM,2026-08-24T18:39:00+00:00
PER_SESSION_CONDITIONAL_UNKNOWN_EPOCH,2.0,0.0,0.0,YANK,2026-08-24T18:39:00+00:00
PER_SESSION_CONDITIONAL_UNKNOWN_EPOCH,1.0,-343.6100000000006,58374.0,MIM,2026-08-24T18:40:00+00:00
PER_SESSION_CONDITIONAL_UNKNOWN_EPOCH,2.0,0.0,0.0,YANK,2026-08-24T18:40:00+00:00
PER_SESSION_CONDITIONAL_UNKNOWN_EPOCH,1.0,-349.1100000000006,58379.5,MIM,2026-08-24T18:41:00+00:00
PER_SESSION_CONDITIONAL_UNKNOWN_EPOCH,2.0,0.0,0.0,YANK,2026-08-24T18:41:00+00:00
PER_SESSION_CONDITIONAL_UNKNOWN_EPOCH,1.0,-354.6100000000006,58385.0,MIM,2026-08-24T18:42:00+00:00
PER_SESSION_CONDITIONAL_UNKNOWN_EPOCH,2.0,0.0,0.0,YANK,2026-08-24T18:42:00+00:00
PER_SESSION_CONDITIONAL_UNKNOWN_EPOCH,1.0,-344.1100000000006,58374.5,MIM,2026-08-24T18:43:00+00:00
PER_SESSION_CONDITIONAL_UNKNOWN_EPOCH,2.0,0.0,0.0,YANK,2026-08-24T18:43:00+00:00
PER_SESSION_CONDITIONAL_UNKNOWN_EPOCH,1.0,-349.1100000000006,58379.5,MIM,2026-08-24T18:44:00+00:00
PER_SESSION_CONDITIONAL_UNKNOWN_EPOCH,2.0,0.0,0.0,YANK,2026-08-24T18:44:00+00:00
PER_SESSION_CONDITIONAL_UNKNOWN_EPOCH,1.0,-349.6100000000006,58380.0,MIM,2026-08-24T18:45:00+00:00
PER_SESSION_CONDITIONAL_UNKNOWN_EPOCH,2.0,0.0,0.0,YANK,2026-08-24T18:45:00+00:00
PER_SESSION_CONDITIONAL_UNKNOWN_EPOCH,1.0,-334.1100000000006,58364.5,MIM,2026-08-24T18:46:00+00:00
PER_SESSION_CONDITIONAL_UNKNOWN_EPOCH,2.0,0.0,0.0,YANK,2026-08-24T18:46:00+00:00
PER_SESSION_CONDITIONAL_UNKNOWN_EPOCH,1.0,-331.6100000000006,58362.0,MIM,2026-08-24T18:47:00+00:00
PER_SESSION_CONDITIONAL_UNKNOWN_EPOCH,2.0,0.0,0.0,YANK,2026-08-24T18:47:00+00:00
PER_SESSION_CONDITIONAL_UNKNOWN_EPOCH,1.0,-333.6100000000006,58364.0,MIM,2026-08-24T18:48:00+00:00
PER_SESSION_CONDITIONAL_UNKNOWN_EPOCH,2.0,0.0,0.0,YANK,2026-08-24T18:48:00+00:00
PER_SESSION_CONDITIONAL_UNKNOWN_EPOCH,1.0,-328.6100000000006,58359.0,MIM,2026-08-24T18:49:00+00:00
PER_SESSION_CONDITIONAL_UNKNOWN_EPOCH,2.0,0.0,0.0,YANK,2026-08-24T18:49:00+00:00
PER_SESSION_CONDITIONAL_UNKNOWN_EPOCH,1.0,-327.1100000000006,58357.5,MIM,2026-08-24T18:50:00+00:00
PER_SESSION_CONDITIONAL_UNKNOWN_EPOCH,2.0,0.0,0.0,YANK,2026-08-24T18:50:00+00:00
PER_SESSION_CONDITIONAL_UNKNOWN_EPOCH,1.0,-339.6100000000006,58370.0,MIM,2026-08-24T18:51:00+00:00
PER_SESSION_CONDITIONAL_UNKNOWN_EPOCH,2.0,0.0,0.0,YANK,2026-08-24T18:51:00+00:00
PER_SESSION_CONDITIONAL_UNKNOWN_EPOCH,1.0,-319.6100000000006,58350.0,MIM,2026-08-24T18:52:00+00:00
PER_SESSION_CONDITIONAL_UNKNOWN_EPOCH,2.0,0.0,0.0,YANK,2026-08-24T18:52:00+00:00
PER_SESSION_CONDITIONAL_UNKNOWN_EPOCH,1.0,-311.1100000000006,58341.5,MIM,2026-08-24T18:53:00+00:00
PER_SESSION_CONDITIONAL_UNKNOWN_EPOCH,2.0,0.0,0.0,YANK,2026-08-24T18:53:00+00:00
PER_SESSION_CONDITIONAL_UNKNOWN_EPOCH,1.0,-301.1100000000006,58331.5,MIM,2026-08-24T18:54:00+00:00
PER_SESSION_CONDITIONAL_UNKNOWN_EPOCH,2.0,0.0,0.0,YANK,2026-08-24T18:54:00+00:00
PER_SESSION_CONDITIONAL_UNKNOWN_EPOCH,1.0,-305.6100000000006,58336.0,MIM,2026-08-24T18:55:00+00:00
PER_SESSION_CONDITIONAL_UNKNOWN_EPOCH,2.0,0.0,0.0,YANK,2026-08-24T18:55:00+00:00
PER_SESSION_CONDITIONAL_UNKNOWN_EPOCH,1.0,-296.1100000000006,58326.5,MIM,2026-08-24T18:56:00+00:00
PER_SESSION_CONDITIONAL_UNKNOWN_EPOCH,2.0,0.0,0.0,YANK,2026-08-24T18:56:00+00:00
PER_SESSION_CONDITIONAL_UNKNOWN_EPOCH,1.0,-292.6100000000006,58323.0,MIM,2026-08-24T18:57:00+00:00
PER_SESSION_CONDITIONAL_UNKNOWN_EPOCH,2.0,0.0,0.0,YANK,2026-08-24T18:57:00+00:00
PER_SESSION_CONDITIONAL_UNKNOWN_EPOCH,1.0,-289.6100000000006,58320.0,MIM,2026-08-24T18:58:00+00:00
PER_SESSION_CONDITIONAL_UNKNOWN_EPOCH,2.0,0.0,0.0,YANK,2026-08-24T18:58:00+00:00
PER_SESSION_CONDITIONAL_UNKNOWN_EPOCH,1.0,-292.1100000000006,58322.5,MIM,2026-08-24T18:59:00+00:00
PER_SESSION_CONDITIONAL_UNKNOWN_EPOCH,2.0,0.0,0.0,YANK,2026-08-24T18:59:00+00:00
PER_SESSION_CONDITIONAL_UNKNOWN_EPOCH,1.0,-277.1100000000006,58307.5,MIM,2026-08-24T19:00:00+00:00
PER_SESSION_CONDITIONAL_UNKNOWN_EPOCH,2.0,0.0,0.0,YANK,2026-08-24T19:00:00+00:00
PER_SESSION_CONDITIONAL_UNKNOWN_EPOCH,1.0,-277.6100000000006,58308.0,MIM,2026-08-24T19:01:00+00:00
PER_SESSION_CONDITIONAL_UNKNOWN_EPOCH,2.0,0.0,0.0,YANK,2026-08-24T19:01:00+00:00
PER_SESSION_CONDITIONAL_UNKNOWN_EPOCH,1.0,-291.6100000000006,58322.0,MIM,2026-08-24T19:02:00+00:00
PER_SESSION_CONDITIONAL_UNKNOWN_EPOCH,2.0,0.0,0.0,YANK,2026-08-24T19:02:00+00:00
PER_SESSION_CONDITIONAL_UNKNOWN_EPOCH,1.0,-286.1100000000006,58316.5,MIM,2026-08-24T19:03:00+00:00
PER_SESSION_CONDITIONAL_UNKNOWN_EPOCH,2.0,0.0,0.0,YANK,2026-08-24T19:03:00+00:00
PER_SESSION_CONDITIONAL_UNKNOWN_EPOCH,1.0,-268.1100000000006,58298.5,MIM,2026-08-24T19:04:00+00:00
PER_SESSION_CONDITIONAL_UNKNOWN_EPOCH,2.0,0.0,0.0,YANK,2026-08-24T19:04:00+00:00
PER_SESSION_CONDITIONAL_UNKNOWN_EPOCH,1.0,-277.6100000000006,58308.0,MIM,2026-08-24T19:05:00+00:00
PER_SESSION_CONDITIONAL_UNKNOWN_EPOCH,2.0,0.0,0.0,YANK,2026-08-24T19:05:00+00:00
PER_SESSION_CONDITIONAL_UNKNOWN_EPOCH,1.0,-294.1100000000006,58324.5,MIM,2026-08-24T19:06:00+00:00
PER_SESSION_CONDITIONAL_UNKNOWN_EPOCH,2.0,0.0,0.0,YANK,2026-08-24T19:06:00+00:00
PER_SESSION_CONDITIONAL_UNKNOWN_EPOCH,1.0,-284.6100000000006,58315.0,MIM,2026-08-24T19:07:00+00:00
PER_SESSION_CONDITIONAL_UNKNOWN_EPOCH,2.0,0.0,0.0,YANK,2026-08-24T19:07:00+00:00
PER_SESSION_CONDITIONAL_UNKNOWN_EPOCH,1.0,-273.1100000000006,58303.5,MIM,2026-08-24T19:08:00+00:00
PER_SESSION_CONDITIONAL_UNKNOWN_EPOCH,2.0,0.0,0.0,YANK,2026-08-24T19:08:00+00:00
PER_SESSION_CONDITIONAL_UNKNOWN_EPOCH,1.0,-274.6100000000006,58305.0,MIM,2026-08-24T19:09:00+00:00
PER_SESSION_CONDITIONAL_UNKNOWN_EPOCH,2.0,0.0,0.0,YANK,2026-08-24T19:09:00+00:00
PER_SESSION_CONDITIONAL_UNKNOWN_EPOCH,1.0,-264.1100000000006,58294.5,MIM,2026-08-24T19:10:00+00:00
PER_SESSION_CONDITIONAL_UNKNOWN_EPOCH,2.0,0.0,0.0,YANK,2026-08-24T19:10:00+00:00
PER_SESSION_CONDITIONAL_UNKNOWN_EPOCH,1.0,-262.6100000000006,58293.0,MIM,2026-08-24T19:11:00+00:00
PER_SESSION_CONDITIONAL_UNKNOWN_EPOCH,2.0,0.0,0.0,YANK,2026-08-24T19:11:00+00:00
PER_SESSION_CONDITIONAL_UNKNOWN_EPOCH,1.0,-278.1100000000006,58308.5,MIM,2026-08-24T19:12:00+00:00
PER_SESSION_CONDITIONAL_UNKNOWN_EPOCH,2.0,0.0,0.0,YANK,2026-08-24T19:12:00+00:00
PER_SESSION_CONDITIONAL_UNKNOWN_EPOCH,1.0,-274.1100000000006,58304.5,MIM,2026-08-24T19:13:00+00:00
PER_SESSION_CONDITIONAL_UNKNOWN_EPOCH,2.0,0.0,0.0,YANK,2026-08-24T19:13:00+00:00
PER_SESSION_CONDITIONAL_UNKNOWN_EPOCH,1.0,-283.1100000000006,58313.5,MIM,2026-08-24T19:14:00+00:00
PER_SESSION_CONDITIONAL_UNKNOWN_EPOCH,2.0,0.0,0.0,YANK,2026-08-24T19:14:00+00:00
PER_SESSION_CONDITIONAL_UNKNOWN_EPOCH,1.0,-281.1100000000006,58311.5,MIM,2026-08-24T19:15:00+00:00
PER_SESSION_CONDITIONAL_UNKNOWN_EPOCH,2.0,0.0,0.0,YANK,2026-08-24T19:15:00+00:00
PER_SESSION_CONDITIONAL_UNKNOWN_EPOCH,1.0,-263.6100000000006,58294.0,MIM,2026-08-24T19:16:00+00:00
PER_SESSION_CONDITIONAL_UNKNOWN_EPOCH,2.0,0.0,0.0,YANK,2026-08-24T19:16:00+00:00
PER_SESSION_CONDITIONAL_UNKNOWN_EPOCH,1.0,-259.6100000000006,58290.0,MIM,2026-08-24T19:17:00+00:00
PER_SESSION_CONDITIONAL_UNKNOWN_EPOCH,2.0,0.0,0.0,YANK,2026-08-24T19:17:00+00:00
PER_SESSION_CONDITIONAL_UNKNOWN_EPOCH,1.0,-272.1100000000006,58302.5,MIM,2026-08-24T19:18:00+00:00
PER_SESSION_CONDITIONAL_UNKNOWN_EPOCH,2.0,0.0,0.0,YANK,2026-08-24T19:18:00+00:00
PER_SESSION_CONDITIONAL_UNKNOWN_EPOCH,1.0,-286.6100000000006,58317.0,MIM,2026-08-24T19:19:00+00:00
PER_SESSION_CONDITIONAL_UNKNOWN_EPOCH,2.0,0.0,0.0,YANK,2026-08-24T19:19:00+00:00
PER_SESSION_CONDITIONAL_UNKNOWN_EPOCH,1.0,-285.6100000000006,58316.0,MIM,2026-08-24T19:20:00+00:00
PER_SESSION_CONDITIONAL_UNKNOWN_EPOCH,2.0,0.0,0.0,YANK,2026-08-24T19:20:00+00:00
PER_SESSION_CONDITIONAL_UNKNOWN_EPOCH,1.0,-289.1100000000006,58319.5,MIM,2026-08-24T19:21:00+00:00
PER_SESSION_CONDITIONAL_UNKNOWN_EPOCH,2.0,0.0,0.0,YANK,2026-08-24T19:21:00+00:00
PER_SESSION_CONDITIONAL_UNKNOWN_EPOCH,1.0,-293.1100000000006,58323.5,MIM,2026-08-24T19:22:00+00:00
PER_SESSION_CONDITIONAL_UNKNOWN_EPOCH,2.0,0.0,0.0,YANK,2026-08-24T19:22:00+00:00
PER_SESSION_CONDITIONAL_UNKNOWN_EPOCH,1.0,-288.1100000000006,58318.5,MIM,2026-08-24T19:23:00+00:00
PER_SESSION_CONDITIONAL_UNKNOWN_EPOCH,2.0,0.0,0.0,YANK,2026-08-24T19:23:00+00:00
PER_SESSION_CONDITIONAL_UNKNOWN_EPOCH,1.0,-285.1100000000006,58315.5,MIM,2026-08-24T19:24:00+00:00
PER_SESSION_CONDITIONAL_UNKNOWN_EPOCH,2.0,0.0,0.0,YANK,2026-08-24T19:24:00+00:00
PER_SESSION_CONDITIONAL_UNKNOWN_EPOCH,1.0,-280.6100000000006,58311.0,MIM,2026-08-24T19:25:00+00:00
PER_SESSION_CONDITIONAL_UNKNOWN_EPOCH,2.0,0.0,0.0,YANK,2026-08-24T19:25:00+00:00
PER_SESSION_CONDITIONAL_UNKNOWN_EPOCH,1.0,-293.6100000000006,58324.0,MIM,2026-08-24T19:26:00+00:00
PER_SESSION_CONDITIONAL_UNKNOWN_EPOCH,2.0,0.0,0.0,YANK,2026-08-24T19:26:00+00:00
PER_SESSION_CONDITIONAL_UNKNOWN_EPOCH,1.0,-282.1100000000006,58312.5,MIM,2026-08-24T19:27:00+00:00
PER_SESSION_CONDITIONAL_UNKNOWN_EPOCH,2.0,0.0,0.0,YANK,2026-08-24T19:27:00+00:00
PER_SESSION_CONDITIONAL_UNKNOWN_EPOCH,1.0,-288.1100000000006,58318.5,MIM,2026-08-24T19:28:00+00:00
PER_SESSION_CONDITIONAL_UNKNOWN_EPOCH,2.0,0.0,0.0,YANK,2026-08-24T19:28:00+00:00
PER_SESSION_CONDITIONAL_UNKNOWN_EPOCH,1.0,-287.1100000000006,58317.5,MIM,2026-08-24T19:29:00+00:00
PER_SESSION_CONDITIONAL_UNKNOWN_EPOCH,2.0,0.0,0.0,YANK,2026-08-24T19:29:00+00:00
PER_SESSION_CONDITIONAL_UNKNOWN_EPOCH,1.0,-286.1100000000006,58316.5,MIM,2026-08-24T19:30:00+00:00
PER_SESSION_CONDITIONAL_UNKNOWN_EPOCH,2.0,0.0,0.0,YANK,2026-08-24T19:30:00+00:00
PER_SESSION_CONDITIONAL_UNKNOWN_EPOCH,1.0,-312.6100000000006,58343.0,MIM,2026-08-24T19:31:00+00:00
PER_SESSION_CONDITIONAL_UNKNOWN_EPOCH,2.0,0.0,0.0,YANK,2026-08-24T19:31:00+00:00
PER_SESSION_CONDITIONAL_UNKNOWN_EPOCH,1.0,-296.1100000000006,58326.5,MIM,2026-08-24T19:32:00+00:00
PER_SESSION_CONDITIONAL_UNKNOWN_EPOCH,2.0,0.0,0.0,YANK,2026-08-24T19:32:00+00:00
PER_SESSION_CONDITIONAL_UNKNOWN_EPOCH,1.0,-275.6100000000006,58306.0,MIM,2026-08-24T19:33:00+00:00
PER_SESSION_CONDITIONAL_UNKNOWN_EPOCH,2.0,0.0,0.0,YANK,2026-08-24T19:33:00+00:00
PER_SESSION_CONDITIONAL_UNKNOWN_EPOCH,1.0,-275.6100000000006,58306.0,MIM,2026-08-24T19:34:00+00:00
PER_SESSION_CONDITIONAL_UNKNOWN_EPOCH,2.0,0.0,0.0,YANK,2026-08-24T19:34:00+00:00
PER_SESSION_CONDITIONAL_UNKNOWN_EPOCH,1.0,-254.11000000000058,58284.5,MIM,2026-08-24T19:35:00+00:00
PER_SESSION_CONDITIONAL_UNKNOWN_EPOCH,2.0,0.0,0.0,YANK,2026-08-24T19:35:00+00:00
PER_SESSION_CONDITIONAL_UNKNOWN_EPOCH,1.0,-235.61000000000058,58266.0,MIM,2026-08-24T19:36:00+00:00
PER_SESSION_CONDITIONAL_UNKNOWN_EPOCH,2.0,0.0,0.0,YANK,2026-08-24T19:36:00+00:00
PER_SESSION_CONDITIONAL_UNKNOWN_EPOCH,1.0,-227.11000000000058,58257.5,MIM,2026-08-24T19:37:00+00:00
PER_SESSION_CONDITIONAL_UNKNOWN_EPOCH,2.0,0.0,0.0,YANK,2026-08-24T19:37:00+00:00
PER_SESSION_CONDITIONAL_UNKNOWN_EPOCH,1.0,-242.11000000000058,58272.5,MIM,2026-08-24T19:38:00+00:00
PER_SESSION_CONDITIONAL_UNKNOWN_EPOCH,2.0,0.0,0.0,YANK,2026-08-24T19:38:00+00:00
PER_SESSION_CONDITIONAL_UNKNOWN_EPOCH,1.0,-245.11000000000058,58275.5,MIM,2026-08-24T19:39:00+00:00
PER_SESSION_CONDITIONAL_UNKNOWN_EPOCH,2.0,0.0,0.0,YANK,2026-08-24T19:39:00+00:00
PER_SESSION_CONDITIONAL_UNKNOWN_EPOCH,1.0,-233.11000000000058,58263.5,MIM,2026-08-24T19:40:00+00:00
PER_SESSION_CONDITIONAL_UNKNOWN_EPOCH,2.0,0.0,0.0,YANK,2026-08-24T19:40:00+00:00
PER_SESSION_CONDITIONAL_UNKNOWN_EPOCH,1.0,-238.61000000000058,58269.0,MIM,2026-08-24T19:41:00+00:00
PER_SESSION_CONDITIONAL_UNKNOWN_EPOCH,2.0,0.0,0.0,YANK,2026-08-24T19:41:00+00:00
PER_SESSION_CONDITIONAL_UNKNOWN_EPOCH,1.0,-234.11000000000058,58264.5,MIM,2026-08-24T19:42:00+00:00
PER_SESSION_CONDITIONAL_UNKNOWN_EPOCH,2.0,0.0,0.0,YANK,2026-08-24T19:42:00+00:00
PER_SESSION_CONDITIONAL_UNKNOWN_EPOCH,1.0,-223.61000000000058,58254.0,MIM,2026-08-24T19:43:00+00:00
PER_SESSION_CONDITIONAL_UNKNOWN_EPOCH,2.0,0.0,0.0,YANK,2026-08-24T19:43:00+00:00
PER_SESSION_CONDITIONAL_UNKNOWN_EPOCH,1.0,-231.61000000000058,58262.0,MIM,2026-08-24T19:44:00+00:00
PER_SESSION_CONDITIONAL_UNKNOWN_EPOCH,2.0,0.0,0.0,YANK,2026-08-24T19:44:00+00:00
PER_SESSION_CONDITIONAL_UNKNOWN_EPOCH,1.0,-231.61000000000058,58262.0,MIM,2026-08-24T19:45:00+00:00
PER_SESSION_CONDITIONAL_UNKNOWN_EPOCH,2.0,0.0,0.0,YANK,2026-08-24T19:45:00+00:00
PER_SESSION_CONDITIONAL_UNKNOWN_EPOCH,1.0,-222.11000000000058,58252.5,MIM,2026-08-24T19:46:00+00:00
PER_SESSION_CONDITIONAL_UNKNOWN_EPOCH,2.0,0.0,0.0,YANK,2026-08-24T19:46:00+00:00
PER_SESSION_CONDITIONAL_UNKNOWN_EPOCH,1.0,-217.11000000000058,58247.5,MIM,2026-08-24T19:47:00+00:00
PER_SESSION_CONDITIONAL_UNKNOWN_EPOCH,2.0,0.0,0.0,YANK,2026-08-24T19:47:00+00:00
PER_SESSION_CONDITIONAL_UNKNOWN_EPOCH,1.0,-225.61000000000058,58256.0,MIM,2026-08-24T19:48:00+00:00
PER_SESSION_CONDITIONAL_UNKNOWN_EPOCH,2.0,0.0,0.0,YANK,2026-08-24T19:48:00+00:00
PER_SESSION_CONDITIONAL_UNKNOWN_EPOCH,1.0,-226.61000000000058,58257.0,MIM,2026-08-24T19:49:00+00:00
PER_SESSION_CONDITIONAL_UNKNOWN_EPOCH,2.0,0.0,0.0,YANK,2026-08-24T19:49:00+00:00
PER_SESSION_CONDITIONAL_UNKNOWN_EPOCH,1.0,-234.61000000000058,58265.0,MIM,2026-08-24T19:50:00+00:00
PER_SESSION_CONDITIONAL_UNKNOWN_EPOCH,2.0,0.0,0.0,YANK,2026-08-24T19:50:00+00:00
PER_SESSION_CONDITIONAL_UNKNOWN_EPOCH,1.0,-207.61000000000058,58238.0,MIM,2026-08-24T19:51:00+00:00
PER_SESSION_CONDITIONAL_UNKNOWN_EPOCH,2.0,0.0,0.0,YANK,2026-08-24T19:51:00+00:00
PER_SESSION_CONDITIONAL_UNKNOWN_EPOCH,1.0,-202.61000000000058,58233.0,MIM,2026-08-24T19:52:00+00:00
PER_SESSION_CONDITIONAL_UNKNOWN_EPOCH,2.0,0.0,0.0,YANK,2026-08-24T19:52:00+00:00
PER_SESSION_CONDITIONAL_UNKNOWN_EPOCH,1.0,-180.61000000000058,58211.0,MIM,2026-08-24T19:53:00+00:00
PER_SESSION_CONDITIONAL_UNKNOWN_EPOCH,2.0,0.0,0.0,YANK,2026-08-24T19:53:00+00:00
PER_SESSION_CONDITIONAL_UNKNOWN_EPOCH,1.0,-175.61000000000058,58206.0,MIM,2026-08-24T19:54:00+00:00
PER_SESSION_CONDITIONAL_UNKNOWN_EPOCH,2.0,0.0,0.0,YANK,2026-08-24T19:54:00+00:00
PER_SESSION_CONDITIONAL_UNKNOWN_EPOCH,1.0,-219.61000000000058,58250.0,MIM,2026-08-24T19:55:00+00:00
PER_SESSION_CONDITIONAL_UNKNOWN_EPOCH,2.0,0.0,0.0,YANK,2026-08-24T19:55:00+00:00
PER_SESSION_CONDITIONAL_UNKNOWN_EPOCH,1.0,-181.11000000000058,58211.5,MIM,2026-08-24T19:56:00+00:00
PER_SESSION_CONDITIONAL_UNKNOWN_EPOCH,2.0,0.0,0.0,YANK,2026-08-24T19:56:00+00:00
PER_SESSION_CONDITIONAL_UNKNOWN_EPOCH,1.0,-198.61000000000058,58229.0,MIM,2026-08-24T19:57:00+00:00
PER_SESSION_CONDITIONAL_UNKNOWN_EPOCH,2.0,0.0,0.0,YANK,2026-08-24T19:57:00+00:00
PER_SESSION_CONDITIONAL_UNKNOWN_EPOCH,1.0,-202.11000000000058,58232.5,MIM,2026-08-24T19:58:00+00:00
PER_SESSION_CONDITIONAL_UNKNOWN_EPOCH,2.0,0.0,0.0,YANK,2026-08-24T19:58:00+00:00
PER_SESSION_CONDITIONAL_UNKNOWN_EPOCH,1.0,-208.11000000000058,58238.5,MIM,2026-08-24T19:59:00+00:00
PER_SESSION_CONDITIONAL_UNKNOWN_EPOCH,2.0,0.0,0.0,YANK,2026-08-24T19:59:00+00:00
PER_SESSION_CONDITIONAL_UNKNOWN_EPOCH,1.0,-169.11000000000058,58199.5,MIM,2026-08-24T20:00:00+00:00
PER_SESSION_CONDITIONAL_UNKNOWN_EPOCH,2.0,0.0,0.0,YANK,2026-08-24T20:00:00+00:00
PER_SESSION_CONDITIONAL_UNKNOWN_EPOCH,1.0,-176.22000000000116,0.0,MIM,2026-08-24T20:01:00+00:00
PER_SESSION_CONDITIONAL_UNKNOWN_EPOCH,2.0,0.0,0.0,YANK,2026-08-24T20:01:00+00:00
PER_SESSION_CONDITIONAL_UNKNOWN_EPOCH,1.0,0.0,0.0,MIM,2026-08-27T13:31:00+00:00
PER_SESSION_CONDITIONAL_UNKNOWN_EPOCH,2.0,0.0,0.0,YANK,2026-08-27T13:31:00+00:00
PER_SESSION_CONDITIONAL_UNKNOWN_EPOCH,1.0,0.0,0.0,MIM,2026-08-27T13:32:00+00:00
PER_SESSION_CONDITIONAL_UNKNOWN_EPOCH,2.0,0.0,0.0,YANK,2026-08-27T13:32:00+00:00
PER_SESSION_CONDITIONAL_UNKNOWN_EPOCH,1.0,0.0,0.0,MIM,2026-08-27T13:33:00+00:00
PER_SESSION_CONDITIONAL_UNKNOWN_EPOCH,2.0,0.0,0.0,YANK,2026-08-27T13:33:00+00:00
PER_SESSION_CONDITIONAL_UNKNOWN_EPOCH,1.0,0.0,0.0,MIM,2026-08-27T13:34:00+00:00
PER_SESSION_CONDITIONAL_UNKNOWN_EPOCH,2.0,0.0,0.0,YANK,2026-08-27T13:34:00+00:00
PER_SESSION_CONDITIONAL_UNKNOWN_EPOCH,1.0,0.0,0.0,MIM,2026-08-27T13:35:00+00:00
PER_SESSION_CONDITIONAL_UNKNOWN_EPOCH,2.0,0.0,0.0,YANK,2026-08-27T13:35:00+00:00
PER_SESSION_CONDITIONAL_UNKNOWN_EPOCH,1.0,0.0,0.0,MIM,2026-08-27T13:36:00+00:00
PER_SESSION_CONDITIONAL_UNKNOWN_EPOCH,2.0,0.0,0.0,YANK,2026-08-27T13:36:00+00:00
PER_SESSION_CONDITIONAL_UNKNOWN_EPOCH,1.0,0.0,0.0,MIM,2026-08-27T13:37:00+00:00
PER_SESSION_CONDITIONAL_UNKNOWN_EPOCH,2.0,0.0,0.0,YANK,2026-08-27T13:37:00+00:00
PER_SESSION_CONDITIONAL_UNKNOWN_EPOCH,1.0,0.0,0.0,MIM,2026-08-27T13:38:00+00:00
PER_SESSION_CONDITIONAL_UNKNOWN_EPOCH,2.0,0.0,0.0,YANK,2026-08-27T13:38:00+00:00
PER_SESSION_CONDITIONAL_UNKNOWN_EPOCH,1.0,0.0,0.0,MIM,2026-08-27T13:39:00+00:00
PER_SESSION_CONDITIONAL_UNKNOWN_EPOCH,2.0,0.0,0.0,YANK,2026-08-27T13:39:00+00:00
PER_SESSION_CONDITIONAL_UNKNOWN_EPOCH,1.0,0.0,0.0,MIM,2026-08-27T13:40:00+00:00
PER_SESSION_CONDITIONAL_UNKNOWN_EPOCH,2.0,0.0,0.0,YANK,2026-08-27T13:40:00+00:00
PER_SESSION_CONDITIONAL_UNKNOWN_EPOCH,1.0,0.0,0.0,MIM,2026-08-27T13:41:00+00:00
PER_SESSION_CONDITIONAL_UNKNOWN_EPOCH,2.0,0.0,0.0,YANK,2026-08-27T13:41:00+00:00
PER_SESSION_CONDITIONAL_UNKNOWN_EPOCH,1.0,0.0,0.0,MIM,2026-08-27T13:42:00+00:00
PER_SESSION_CONDITIONAL_UNKNOWN_EPOCH,2.0,0.0,0.0,YANK,2026-08-27T13:42:00+00:00
PER_SESSION_CONDITIONAL_UNKNOWN_EPOCH,1.0,0.0,0.0,MIM,2026-08-27T13:43:00+00:00
PER_SESSION_CONDITIONAL_UNKNOWN_EPOCH,2.0,0.0,0.0,YANK,2026-08-27T13:43:00+00:00
PER_SESSION_CONDITIONAL_UNKNOWN_EPOCH,1.0,0.0,0.0,MIM,2026-08-27T13:44:00+00:00
PER_SESSION_CONDITIONAL_UNKNOWN_EPOCH,2.0,0.0,0.0,YANK,2026-08-27T13:44:00+00:00
PER_SESSION_CONDITIONAL_UNKNOWN_EPOCH,1.0,0.0,0.0,MIM,2026-08-27T13:45:00+00:00
PER_SESSION_CONDITIONAL_UNKNOWN_EPOCH,2.0,0.0,0.0,YANK,2026-08-27T13:45:00+00:00
PER_SESSION_CONDITIONAL_UNKNOWN_EPOCH,1.0,0.0,0.0,MIM,2026-08-27T13:46:00+00:00
PER_SESSION_CONDITIONAL_UNKNOWN_EPOCH,2.0,0.0,0.0,YANK,2026-08-27T13:46:00+00:00
PER_SESSION_CONDITIONAL_UNKNOWN_EPOCH,1.0,0.0,0.0,MIM,2026-08-27T13:47:00+00:00
PER_SESSION_CONDITIONAL_UNKNOWN_EPOCH,2.0,0.0,0.0,YANK,2026-08-27T13:47:00+00:00
PER_SESSION_CONDITIONAL_UNKNOWN_EPOCH,1.0,0.0,0.0,MIM,2026-08-27T13:48:00+00:00
PER_SESSION_CONDITIONAL_UNKNOWN_EPOCH,2.0,0.0,0.0,YANK,2026-08-27T13:48:00+00:00
PER_SESSION_CONDITIONAL_UNKNOWN_EPOCH,1.0,0.0,0.0,MIM,2026-08-27T13:49:00+00:00
PER_SESSION_CONDITIONAL_UNKNOWN_EPOCH,2.0,0.0,0.0,YANK,2026-08-27T13:49:00+00:00
PER_SESSION_CONDITIONAL_UNKNOWN_EPOCH,1.0,0.0,0.0,MIM,2026-08-27T13:50:00+00:00
PER_SESSION_CONDITIONAL_UNKNOWN_EPOCH,2.0,0.0,0.0,YANK,2026-08-27T13:50:00+00:00
PER_SESSION_CONDITIONAL_UNKNOWN_EPOCH,1.0,0.0,0.0,MIM,2026-08-27T13:51:00+00:00
PER_SESSION_CONDITIONAL_UNKNOWN_EPOCH,2.0,0.0,0.0,YANK,2026-08-27T13:51:00+00:00
PER_SESSION_CONDITIONAL_UNKNOWN_EPOCH,1.0,0.0,0.0,MIM,2026-08-27T13:52:00+00:00
PER_SESSION_CONDITIONAL_UNKNOWN_EPOCH,2.0,0.0,0.0,YANK,2026-08-27T13:52:00+00:00
PER_SESSION_CONDITIONAL_UNKNOWN_EPOCH,1.0,0.0,0.0,MIM,2026-08-27T13:53:00+00:00
PER_SESSION_CONDITIONAL_UNKNOWN_EPOCH,2.0,0.0,0.0,YANK,2026-08-27T13:53:00+00:00
PER_SESSION_CONDITIONAL_UNKNOWN_EPOCH,1.0,0.0,0.0,MIM,2026-08-27T13:54:00+00:00
PER_SESSION_CONDITIONAL_UNKNOWN_EPOCH,2.0,0.0,0.0,YANK,2026-08-27T13:54:00+00:00
PER_SESSION_CONDITIONAL_UNKNOWN_EPOCH,1.0,0.0,0.0,MIM,2026-08-27T13:55:00+00:00
PER_SESSION_CONDITIONAL_UNKNOWN_EPOCH,2.0,0.0,0.0,YANK,2026-08-27T13:55:00+00:00
PER_SESSION_CONDITIONAL_UNKNOWN_EPOCH,1.0,0.0,0.0,MIM,2026-08-27T13:56:00+00:00
PER_SESSION_CONDITIONAL_UNKNOWN_EPOCH,2.0,0.0,0.0,YANK,2026-08-27T13:56:00+00:00
PER_SESSION_CONDITIONAL_UNKNOWN_EPOCH,1.0,0.0,0.0,MIM,2026-08-27T13:57:00+00:00
PER_SESSION_CONDITIONAL_UNKNOWN_EPOCH,2.0,0.0,0.0,YANK,2026-08-27T13:57:00+00:00
PER_SESSION_CONDITIONAL_UNKNOWN_EPOCH,1.0,0.0,0.0,MIM,2026-08-27T13:58:00+00:00
PER_SESSION_CONDITIONAL_UNKNOWN_EPOCH,2.0,0.0,0.0,YANK,2026-08-27T13:58:00+00:00
PER_SESSION_CONDITIONAL_UNKNOWN_EPOCH,1.0,0.0,0.0,MIM,2026-08-27T13:59:00+00:00
PER_SESSION_CONDITIONAL_UNKNOWN_EPOCH,2.0,0.0,0.0,YANK,2026-08-27T13:59:00+00:00
PER_SESSION_CONDITIONAL_UNKNOWN_EPOCH,1.0,0.0,0.0,MIM,2026-08-27T14:00:00+00:00
PER_SESSION_CONDITIONAL_UNKNOWN_EPOCH,2.0,0.0,0.0,YANK,2026-08-27T14:00:00+00:00
PER_SESSION_CONDITIONAL_UNKNOWN_EPOCH,1.0,0.0,0.0,MIM,2026-08-27T14:01:00+00:00
PER_SESSION_CONDITIONAL_UNKNOWN_EPOCH,2.0,0.0,0.0,YANK,2026-08-27T14:01:00+00:00
PER_SESSION_CONDITIONAL_UNKNOWN_EPOCH,1.0,0.0,0.0,MIM,2026-08-27T14:02:00+00:00
PER_SESSION_CONDITIONAL_UNKNOWN_EPOCH,2.0,0.0,0.0,YANK,2026-08-27T14:02:00+00:00
PER_SESSION_CONDITIONAL_UNKNOWN_EPOCH,1.0,0.0,0.0,MIM,2026-08-27T14:03:00+00:00
PER_SESSION_CONDITIONAL_UNKNOWN_EPOCH,2.0,0.0,0.0,YANK,2026-08-27T14:03:00+00:00
PER_SESSION_CONDITIONAL_UNKNOWN_EPOCH,1.0,0.0,0.0,MIM,2026-08-27T14:04:00+00:00
PER_SESSION_CONDITIONAL_UNKNOWN_EPOCH,2.0,0.0,0.0,YANK,2026-08-27T14:04:00+00:00
PER_SESSION_CONDITIONAL_UNKNOWN_EPOCH,1.0,0.0,0.0,MIM,2026-08-27T14:05:00+00:00
PER_SESSION_CONDITIONAL_UNKNOWN_EPOCH,2.0,0.0,0.0,YANK,2026-08-27T14:05:00+00:00
PER_SESSION_CONDITIONAL_UNKNOWN_EPOCH,1.0,0.0,0.0,MIM,2026-08-27T14:06:00+00:00
PER_SESSION_CONDITIONAL_UNKNOWN_EPOCH,2.0,0.0,0.0,YANK,2026-08-27T14:06:00+00:00
PER_SESSION_CONDITIONAL_UNKNOWN_EPOCH,1.0,0.0,0.0,MIM,2026-08-27T14:07:00+00:00
PER_SESSION_CONDITIONAL_UNKNOWN_EPOCH,2.0,0.0,0.0,YANK,2026-08-27T14:07:00+00:00
PER_SESSION_CONDITIONAL_UNKNOWN_EPOCH,1.0,0.0,0.0,MIM,2026-08-27T14:08:00+00:00
PER_SESSION_CONDITIONAL_UNKNOWN_EPOCH,2.0,0.0,0.0,YANK,2026-08-27T14:08:00+00:00
PER_SESSION_CONDITIONAL_UNKNOWN_EPOCH,1.0,0.0,0.0,MIM,2026-08-27T14:09:00+00:00
PER_SESSION_CONDITIONAL_UNKNOWN_EPOCH,2.0,0.0,0.0,YANK,2026-08-27T14:09:00+00:00
PER_SESSION_CONDITIONAL_UNKNOWN_EPOCH,1.0,0.0,0.0,MIM,2026-08-27T14:10:00+00:00
PER_SESSION_CONDITIONAL_UNKNOWN_EPOCH,2.0,0.0,0.0,YANK,2026-08-27T14:10:00+00:00
PER_SESSION_CONDITIONAL_UNKNOWN_EPOCH,1.0,0.0,0.0,MIM,2026-08-27T14:11:00+00:00
PER_SESSION_CONDITIONAL_UNKNOWN_EPOCH,2.0,0.0,0.0,YANK,2026-08-27T14:11:00+00:00
PER_SESSION_CONDITIONAL_UNKNOWN_EPOCH,1.0,0.0,0.0,MIM,2026-08-27T14:12:00+00:00
PER_SESSION_CONDITIONAL_UNKNOWN_EPOCH,2.0,0.0,0.0,YANK,2026-08-27T14:12:00+00:00
PER_SESSION_CONDITIONAL_UNKNOWN_EPOCH,1.0,0.0,0.0,MIM,2026-08-27T14:13:00+00:00
PER_SESSION_CONDITIONAL_UNKNOWN_EPOCH,2.0,0.0,0.0,YANK,2026-08-27T14:13:00+00:00
PER_SESSION_CONDITIONAL_UNKNOWN_EPOCH,1.0,0.0,0.0,MIM,2026-08-27T14:14:00+00:00
PER_SESSION_CONDITIONAL_UNKNOWN_EPOCH,2.0,0.0,0.0,YANK,2026-08-27T14:14:00+00:00
PER_SESSION_CONDITIONAL_UNKNOWN_EPOCH,1.0,0.0,0.0,MIM,2026-08-27T14:15:00+00:00
PER_SESSION_CONDITIONAL_UNKNOWN_EPOCH,2.0,0.0,0.0,YANK,2026-08-27T14:15:00+00:00
PER_SESSION_CONDITIONAL_UNKNOWN_EPOCH,1.0,0.0,0.0,MIM,2026-08-27T14:16:00+00:00
PER_SESSION_CONDITIONAL_UNKNOWN_EPOCH,2.0,0.0,0.0,YANK,2026-08-27T14:16:00+00:00
PER_SESSION_CONDITIONAL_UNKNOWN_EPOCH,1.0,0.0,0.0,MIM,2026-08-27T14:17:00+00:00
PER_SESSION_CONDITIONAL_UNKNOWN_EPOCH,2.0,0.0,0.0,YANK,2026-08-27T14:17:00+00:00
PER_SESSION_CONDITIONAL_UNKNOWN_EPOCH,1.0,0.0,0.0,MIM,2026-08-27T14:18:00+00:00
PER_SESSION_CONDITIONAL_UNKNOWN_EPOCH,2.0,0.0,0.0,YANK,2026-08-27T14:18:00+00:00
PER_SESSION_CONDITIONAL_UNKNOWN_EPOCH,1.0,0.0,0.0,MIM,2026-08-27T14:19:00+00:00
PER_SESSION_CONDITIONAL_UNKNOWN_EPOCH,2.0,0.0,0.0,YANK,2026-08-27T14:19:00+00:00
PER_SESSION_CONDITIONAL_UNKNOWN_EPOCH,1.0,0.0,0.0,MIM,2026-08-27T14:20:00+00:00
PER_SESSION_CONDITIONAL_UNKNOWN_EPOCH,2.0,0.0,0.0,YANK,2026-08-27T14:20:00+00:00
PER_SESSION_CONDITIONAL_UNKNOWN_EPOCH,1.0,0.0,0.0,MIM,2026-08-27T14:21:00+00:00
PER_SESSION_CONDITIONAL_UNKNOWN_EPOCH,2.0,0.0,0.0,YANK,2026-08-27T14:21:00+00:00
PER_SESSION_CONDITIONAL_UNKNOWN_EPOCH,1.0,0.0,0.0,MIM,2026-08-27T14:22:00+00:00
PER_SESSION_CONDITIONAL_UNKNOWN_EPOCH,2.0,0.0,0.0,YANK,2026-08-27T14:22:00+00:00
PER_SESSION_CONDITIONAL_UNKNOWN_EPOCH,1.0,0.0,0.0,MIM,2026-08-27T14:23:00+00:00
PER_SESSION_CONDITIONAL_UNKNOWN_EPOCH,2.0,0.0,0.0,YANK,2026-08-27T14:23:00+00:00
PER_SESSION_CONDITIONAL_UNKNOWN_EPOCH,1.0,0.0,0.0,MIM,2026-08-27T14:24:00+00:00
PER_SESSION_CONDITIONAL_UNKNOWN_EPOCH,2.0,0.0,0.0,YANK,2026-08-27T14:24:00+00:00
PER_SESSION_CONDITIONAL_UNKNOWN_EPOCH,1.0,0.0,0.0,MIM,2026-08-27T14:25:00+00:00
PER_SESSION_CONDITIONAL_UNKNOWN_EPOCH,2.0,0.0,0.0,YANK,2026-08-27T14:25:00+00:00
PER_SESSION_CONDITIONAL_UNKNOWN_EPOCH,1.0,0.0,0.0,MIM,2026-08-27T14:26:00+00:00
PER_SESSION_CONDITIONAL_UNKNOWN_EPOCH,2.0,0.0,0.0,YANK,2026-08-27T14:26:00+00:00
PER_SESSION_CONDITIONAL_UNKNOWN_EPOCH,1.0,0.0,0.0,MIM,2026-08-27T14:27:00+00:00
PER_SESSION_CONDITIONAL_UNKNOWN_EPOCH,2.0,0.0,0.0,YANK,2026-08-27T14:27:00+00:00
PER_SESSION_CONDITIONAL_UNKNOWN_EPOCH,1.0,0.0,0.0,MIM,2026-08-27T14:28:00+00:00
PER_SESSION_CONDITIONAL_UNKNOWN_EPOCH,2.0,0.0,0.0,YANK,2026-08-27T14:28:00+00:00
PER_SESSION_CONDITIONAL_UNKNOWN_EPOCH,1.0,0.0,0.0,MIM,2026-08-27T14:29:00+00:00
PER_SESSION_CONDITIONAL_UNKNOWN_EPOCH,2.0,0.0,0.0,YANK,2026-08-27T14:29:00+00:00
PER_SESSION_CONDITIONAL_UNKNOWN_EPOCH,1.0,0.0,0.0,MIM,2026-08-27T14:30:00+00:00
PER_SESSION_CONDITIONAL_UNKNOWN_EPOCH,2.0,0.0,0.0,YANK,2026-08-27T14:30:00+00:00
PER_SESSION_CONDITIONAL_UNKNOWN_EPOCH,1.0,0.0,0.0,MIM,2026-08-27T14:31:00+00:00
PER_SESSION_CONDITIONAL_UNKNOWN_EPOCH,2.0,0.0,0.0,YANK,2026-08-27T14:31:00+00:00
PER_SESSION_CONDITIONAL_UNKNOWN_EPOCH,1.0,0.0,0.0,MIM,2026-08-27T14:32:00+00:00
PER_SESSION_CONDITIONAL_UNKNOWN_EPOCH,2.0,0.0,0.0,YANK,2026-08-27T14:32:00+00:00
PER_SESSION_CONDITIONAL_UNKNOWN_EPOCH,1.0,0.0,0.0,MIM,2026-08-27T14:33:00+00:00
PER_SESSION_CONDITIONAL_UNKNOWN_EPOCH,2.0,0.0,0.0,YANK,2026-08-27T14:33:00+00:00
PER_SESSION_CONDITIONAL_UNKNOWN_EPOCH,1.0,0.0,0.0,MIM,2026-08-27T14:34:00+00:00
PER_SESSION_CONDITIONAL_UNKNOWN_EPOCH,2.0,0.0,0.0,YANK,2026-08-27T14:34:00+00:00
PER_SESSION_CONDITIONAL_UNKNOWN_EPOCH,1.0,0.0,0.0,MIM,2026-08-27T14:35:00+00:00
PER_SESSION_CONDITIONAL_UNKNOWN_EPOCH,2.0,0.0,0.0,YANK,2026-08-27T14:35:00+00:00
PER_SESSION_CONDITIONAL_UNKNOWN_EPOCH,1.0,0.0,0.0,MIM,2026-08-27T14:36:00+00:00
PER_SESSION_CONDITIONAL_UNKNOWN_EPOCH,2.0,0.0,0.0,YANK,2026-08-27T14:36:00+00:00
PER_SESSION_CONDITIONAL_UNKNOWN_EPOCH,1.0,0.0,0.0,MIM,2026-08-27T14:37:00+00:00
PER_SESSION_CONDITIONAL_UNKNOWN_EPOCH,2.0,0.0,0.0,YANK,2026-08-27T14:37:00+00:00
PER_SESSION_CONDITIONAL_UNKNOWN_EPOCH,1.0,0.0,0.0,MIM,2026-08-27T14:38:00+00:00
PER_SESSION_CONDITIONAL_UNKNOWN_EPOCH,2.0,0.0,0.0,YANK,2026-08-27T14:38:00+00:00
PER_SESSION_CONDITIONAL_UNKNOWN_EPOCH,1.0,0.0,0.0,MIM,2026-08-27T14:39:00+00:00
PER_SESSION_CONDITIONAL_UNKNOWN_EPOCH,2.0,0.0,0.0,YANK,2026-08-27T14:39:00+00:00
PER_SESSION_CONDITIONAL_UNKNOWN_EPOCH,1.0,0.0,0.0,MIM,2026-08-27T14:40:00+00:00
PER_SESSION_CONDITIONAL_UNKNOWN_EPOCH,2.0,0.0,0.0,YANK,2026-08-27T14:40:00+00:00
PER_SESSION_CONDITIONAL_UNKNOWN_EPOCH,1.0,0.0,0.0,MIM,2026-08-27T14:41:00+00:00
PER_SESSION_CONDITIONAL_UNKNOWN_EPOCH,2.0,0.0,0.0,YANK,2026-08-27T14:41:00+00:00
PER_SESSION_CONDITIONAL_UNKNOWN_EPOCH,1.0,0.0,0.0,MIM,2026-08-27T14:42:00+00:00
PER_SESSION_CONDITIONAL_UNKNOWN_EPOCH,2.0,0.0,0.0,YANK,2026-08-27T14:42:00+00:00
PER_SESSION_CONDITIONAL_UNKNOWN_EPOCH,1.0,0.0,0.0,MIM,2026-08-27T14:43:00+00:00
PER_SESSION_CONDITIONAL_UNKNOWN_EPOCH,2.0,0.0,0.0,YANK,2026-08-27T14:43:00+00:00
PER_SESSION_CONDITIONAL_UNKNOWN_EPOCH,1.0,0.0,0.0,MIM,2026-08-27T14:44:00+00:00
PER_SESSION_CONDITIONAL_UNKNOWN_EPOCH,2.0,0.0,0.0,YANK,2026-08-27T14:44:00+00:00
PER_SESSION_CONDITIONAL_UNKNOWN_EPOCH,1.0,0.0,0.0,MIM,2026-08-27T14:45:00+00:00
PER_SESSION_CONDITIONAL_UNKNOWN_EPOCH,2.0,0.0,0.0,YANK,2026-08-27T14:45:00+00:00
PER_SESSION_CONDITIONAL_UNKNOWN_EPOCH,1.0,0.0,0.0,MIM,2026-08-27T14:46:00+00:00
PER_SESSION_CONDITIONAL_UNKNOWN_EPOCH,2.0,0.0,0.0,YANK,2026-08-27T14:46:00+00:00
PER_SESSION_CONDITIONAL_UNKNOWN_EPOCH,1.0,0.0,0.0,MIM,2026-08-27T14:47:00+00:00
PER_SESSION_CONDITIONAL_UNKNOWN_EPOCH,2.0,0.0,0.0,YANK,2026-08-27T14:47:00+00:00
PER_SESSION_CONDITIONAL_UNKNOWN_EPOCH,1.0,0.0,0.0,MIM,2026-08-27T14:48:00+00:00
PER_SESSION_CONDITIONAL_UNKNOWN_EPOCH,2.0,0.0,0.0,YANK,2026-08-27T14:48:00+00:00
PER_SESSION_CONDITIONAL_UNKNOWN_EPOCH,1.0,0.0,0.0,MIM,2026-08-27T14:49:00+00:00
PER_SESSION_CONDITIONAL_UNKNOWN_EPOCH,2.0,0.0,0.0,YANK,2026-08-27T14:49:00+00:00
PER_SESSION_CONDITIONAL_UNKNOWN_EPOCH,1.0,0.0,0.0,MIM,2026-08-27T14:50:00+00:00
PER_SESSION_CONDITIONAL_UNKNOWN_EPOCH,2.0,0.0,0.0,YANK,2026-08-27T14:50:00+00:00
PER_SESSION_CONDITIONAL_UNKNOWN_EPOCH,1.0,0.0,0.0,MIM,2026-08-27T14:51:00+00:00
PER_SESSION_CONDITIONAL_UNKNOWN_EPOCH,2.0,0.0,0.0,YANK,2026-08-27T14:51:00+00:00
PER_SESSION_CONDITIONAL_UNKNOWN_EPOCH,1.0,0.0,0.0,MIM,2026-08-27T14:52:00+00:00
PER_SESSION_CONDITIONAL_UNKNOWN_EPOCH,2.0,0.0,0.0,YANK,2026-08-27T14:52:00+00:00
PER_SESSION_CONDITIONAL_UNKNOWN_EPOCH,1.0,0.0,0.0,MIM,2026-08-27T14:53:00+00:00
PER_SESSION_CONDITIONAL_UNKNOWN_EPOCH,2.0,0.0,0.0,YANK,2026-08-27T14:53:00+00:00
PER_SESSION_CONDITIONAL_UNKNOWN_EPOCH,1.0,0.0,0.0,MIM,2026-08-27T14:54:00+00:00
PER_SESSION_CONDITIONAL_UNKNOWN_EPOCH,2.0,0.0,0.0,YANK,2026-08-27T14:54:00+00:00
PER_SESSION_CONDITIONAL_UNKNOWN_EPOCH,1.0,0.0,0.0,MIM,2026-08-27T14:55:00+00:00
PER_SESSION_CONDITIONAL_UNKNOWN_EPOCH,2.0,0.0,0.0,YANK,2026-08-27T14:55:00+00:00
PER_SESSION_CONDITIONAL_UNKNOWN_EPOCH,1.0,0.0,0.0,MIM,2026-08-27T14:56:00+00:00
PER_SESSION_CONDITIONAL_UNKNOWN_EPOCH,2.0,0.0,0.0,YANK,2026-08-27T14:56:00+00:00
PER_SESSION_CONDITIONAL_UNKNOWN_EPOCH,1.0,0.0,0.0,MIM,2026-08-27T14:57:00+00:00
PER_SESSION_CONDITIONAL_UNKNOWN_EPOCH,2.0,0.0,0.0,YANK,2026-08-27T14:57:00+00:00
PER_SESSION_CONDITIONAL_UNKNOWN_EPOCH,1.0,0.0,0.0,MIM,2026-08-27T14:58:00+00:00
PER_SESSION_CONDITIONAL_UNKNOWN_EPOCH,2.0,0.0,0.0,YANK,2026-08-27T14:58:00+00:00
PER_SESSION_CONDITIONAL_UNKNOWN_EPOCH,1.0,0.0,0.0,MIM,2026-08-27T14:59:00+00:00
PER_SESSION_CONDITIONAL_UNKNOWN_EPOCH,2.0,0.0,0.0,YANK,2026-08-27T14:59:00+00:00
PER_SESSION_CONDITIONAL_UNKNOWN_EPOCH,1.0,0.0,0.0,MIM,2026-08-27T15:00:00+00:00
PER_SESSION_CONDITIONAL_UNKNOWN_EPOCH,2.0,0.0,0.0,YANK,2026-08-27T15:00:00+00:00
PER_SESSION_CONDITIONAL_UNKNOWN_EPOCH,1.0,0.0,0.0,MIM,2026-08-27T15:01:00+00:00
PER_SESSION_CONDITIONAL_UNKNOWN_EPOCH,2.0,0.0,0.0,YANK,2026-08-27T15:01:00+00:00
PER_SESSION_CONDITIONAL_UNKNOWN_EPOCH,1.0,0.0,0.0,MIM,2026-08-27T15:02:00+00:00
PER_SESSION_CONDITIONAL_UNKNOWN_EPOCH,2.0,0.0,0.0,YANK,2026-08-27T15:02:00+00:00
PER_SESSION_CONDITIONAL_UNKNOWN_EPOCH,1.0,0.0,0.0,MIM,2026-08-27T15:03:00+00:00
PER_SESSION_CONDITIONAL_UNKNOWN_EPOCH,2.0,0.0,0.0,YANK,2026-08-27T15:03:00+00:00
PER_SESSION_CONDITIONAL_UNKNOWN_EPOCH,1.0,0.0,0.0,MIM,2026-08-27T15:04:00+00:00
PER_SESSION_CONDITIONAL_UNKNOWN_EPOCH,2.0,0.0,0.0,YANK,2026-08-27T15:04:00+00:00
PER_SESSION_CONDITIONAL_UNKNOWN_EPOCH,1.0,0.0,0.0,MIM,2026-08-27T15:05:00+00:00
PER_SESSION_CONDITIONAL_UNKNOWN_EPOCH,2.0,0.0,0.0,YANK,2026-08-27T15:05:00+00:00
PER_SESSION_CONDITIONAL_UNKNOWN_EPOCH,1.0,0.0,0.0,MIM,2026-08-27T15:06:00+00:00
PER_SESSION_CONDITIONAL_UNKNOWN_EPOCH,2.0,0.0,0.0,YANK,2026-08-27T15:06:00+00:00
PER_SESSION_CONDITIONAL_UNKNOWN_EPOCH,1.0,0.0,0.0,MIM,2026-08-27T15:07:00+00:00
PER_SESSION_CONDITIONAL_UNKNOWN_EPOCH,2.0,0.0,0.0,YANK,2026-08-27T15:07:00+00:00
PER_SESSION_CONDITIONAL_UNKNOWN_EPOCH,1.0,0.0,0.0,MIM,2026-08-27T15:08:00+00:00
PER_SESSION_CONDITIONAL_UNKNOWN_EPOCH,2.0,0.0,0.0,YANK,2026-08-27T15:08:00+00:00
PER_SESSION_CONDITIONAL_UNKNOWN_EPOCH,1.0,0.0,0.0,MIM,2026-08-27T15:09:00+00:00
PER_SESSION_CONDITIONAL_UNKNOWN_EPOCH,2.0,0.0,0.0,YANK,2026-08-27T15:09:00+00:00
PER_SESSION_CONDITIONAL_UNKNOWN_EPOCH,1.0,0.0,0.0,MIM,2026-08-27T15:10:00+00:00
PER_SESSION_CONDITIONAL_UNKNOWN_EPOCH,2.0,0.0,0.0,YANK,2026-08-27T15:10:00+00:00
PER_SESSION_CONDITIONAL_UNKNOWN_EPOCH,1.0,0.0,0.0,MIM,2026-08-27T15:11:00+00:00
PER_SESSION_CONDITIONAL_UNKNOWN_EPOCH,2.0,0.0,0.0,YANK,2026-08-27T15:11:00+00:00
PER_SESSION_CONDITIONAL_UNKNOWN_EPOCH,1.0,0.0,0.0,MIM,2026-08-27T15:12:00+00:00
PER_SESSION_CONDITIONAL_UNKNOWN_EPOCH,2.0,0.0,0.0,YANK,2026-08-27T15:12:00+00:00
PER_SESSION_CONDITIONAL_UNKNOWN_EPOCH,1.0,0.0,0.0,MIM,2026-08-27T15:13:00+00:00
PER_SESSION_CONDITIONAL_UNKNOWN_EPOCH,2.0,0.0,0.0,YANK,2026-08-27T15:13:00+00:00
PER_SESSION_CONDITIONAL_UNKNOWN_EPOCH,1.0,0.0,0.0,MIM,2026-08-27T15:14:00+00:00
PER_SESSION_CONDITIONAL_UNKNOWN_EPOCH,2.0,0.0,0.0,YANK,2026-08-27T15:14:00+00:00
PER_SESSION_CONDITIONAL_UNKNOWN_EPOCH,1.0,0.0,0.0,MIM,2026-08-27T15:15:00+00:00
PER_SESSION_CONDITIONAL_UNKNOWN_EPOCH,2.0,0.0,0.0,YANK,2026-08-27T15:15:00+00:00
PER_SESSION_CONDITIONAL_UNKNOWN_EPOCH,1.0,0.0,0.0,MIM,2026-08-27T15:16:00+00:00
PER_SESSION_CONDITIONAL_UNKNOWN_EPOCH,2.0,0.0,0.0,YANK,2026-08-27T15:16:00+00:00
PER_SESSION_CONDITIONAL_UNKNOWN_EPOCH,1.0,0.0,0.0,MIM,2026-08-27T15:17:00+00:00
PER_SESSION_CONDITIONAL_UNKNOWN_EPOCH,2.0,0.0,0.0,YANK,2026-08-27T15:17:00+00:00
PER_SESSION_CONDITIONAL_UNKNOWN_EPOCH,1.0,0.0,0.0,MIM,2026-08-27T15:18:00+00:00
PER_SESSION_CONDITIONAL_UNKNOWN_EPOCH,2.0,0.0,0.0,YANK,2026-08-27T15:18:00+00:00
PER_SESSION_CONDITIONAL_UNKNOWN_EPOCH,1.0,0.0,0.0,MIM,2026-08-27T15:19:00+00:00
PER_SESSION_CONDITIONAL_UNKNOWN_EPOCH,2.0,0.0,0.0,YANK,2026-08-27T15:19:00+00:00
PER_SESSION_CONDITIONAL_UNKNOWN_EPOCH,1.0,0.0,0.0,MIM,2026-08-27T15:20:00+00:00
PER_SESSION_CONDITIONAL_UNKNOWN_EPOCH,2.0,0.0,0.0,YANK,2026-08-27T15:20:00+00:00
PER_SESSION_CONDITIONAL_UNKNOWN_EPOCH,1.0,0.0,0.0,MIM,2026-08-27T15:21:00+00:00
PER_SESSION_CONDITIONAL_UNKNOWN_EPOCH,2.0,0.0,0.0,YANK,2026-08-27T15:21:00+00:00
PER_SESSION_CONDITIONAL_UNKNOWN_EPOCH,1.0,0.0,0.0,MIM,2026-08-27T15:22:00+00:00
PER_SESSION_CONDITIONAL_UNKNOWN_EPOCH,2.0,0.0,0.0,YANK,2026-08-27T15:22:00+00:00
PER_SESSION_CONDITIONAL_UNKNOWN_EPOCH,1.0,0.0,0.0,MIM,2026-08-27T15:23:00+00:00
PER_SESSION_CONDITIONAL_UNKNOWN_EPOCH,2.0,0.0,0.0,YANK,2026-08-27T15:23:00+00:00
PER_SESSION_CONDITIONAL_UNKNOWN_EPOCH,1.0,0.0,0.0,MIM,2026-08-27T15:24:00+00:00
PER_SESSION_CONDITIONAL_UNKNOWN_EPOCH,2.0,0.0,0.0,YANK,2026-08-27T15:24:00+00:00
PER_SESSION_CONDITIONAL_UNKNOWN_EPOCH,1.0,0.0,0.0,MIM,2026-08-27T15:25:00+00:00
PER_SESSION_CONDITIONAL_UNKNOWN_EPOCH,2.0,0.0,0.0,YANK,2026-08-27T15:25:00+00:00
PER_SESSION_CONDITIONAL_UNKNOWN_EPOCH,1.0,0.0,0.0,MIM,2026-08-27T15:26:00+00:00
PER_SESSION_CONDITIONAL_UNKNOWN_EPOCH,2.0,0.0,0.0,YANK,2026-08-27T15:26:00+00:00
PER_SESSION_CONDITIONAL_UNKNOWN_EPOCH,1.0,0.0,0.0,MIM,2026-08-27T15:27:00+00:00
PER_SESSION_CONDITIONAL_UNKNOWN_EPOCH,2.0,0.0,0.0,YANK,2026-08-27T15:27:00+00:00
PER_SESSION_CONDITIONAL_UNKNOWN_EPOCH,1.0,0.0,0.0,MIM,2026-08-27T15:28:00+00:00
PER_SESSION_CONDITIONAL_UNKNOWN_EPOCH,2.0,0.0,0.0,YANK,2026-08-27T15:28:00+00:00
PER_SESSION_CONDITIONAL_UNKNOWN_EPOCH,1.0,0.0,0.0,MIM,2026-08-27T15:29:00+00:00
PER_SESSION_CONDITIONAL_UNKNOWN_EPOCH,2.0,0.0,0.0,YANK,2026-08-27T15:29:00+00:00
PER_SESSION_CONDITIONAL_UNKNOWN_EPOCH,1.0,0.0,0.0,MIM,2026-08-27T15:30:00+00:00
PER_SESSION_CONDITIONAL_UNKNOWN_EPOCH,2.0,0.0,0.0,YANK,2026-08-27T15:30:00+00:00
PER_SESSION_CONDITIONAL_UNKNOWN_EPOCH,1.0,0.0,0.0,MIM,2026-08-27T15:31:00+00:00
PER_SESSION_CONDITIONAL_UNKNOWN_EPOCH,2.0,0.0,0.0,YANK,2026-08-27T15:31:00+00:00
PER_SESSION_CONDITIONAL_UNKNOWN_EPOCH,1.0,0.0,0.0,MIM,2026-08-27T15:32:00+00:00
PER_SESSION_CONDITIONAL_UNKNOWN_EPOCH,2.0,0.0,0.0,YANK,2026-08-27T15:32:00+00:00
PER_SESSION_CONDITIONAL_UNKNOWN_EPOCH,1.0,0.0,0.0,MIM,2026-08-27T15:33:00+00:00
PER_SESSION_CONDITIONAL_UNKNOWN_EPOCH,2.0,0.0,0.0,YANK,2026-08-27T15:33:00+00:00
PER_SESSION_CONDITIONAL_UNKNOWN_EPOCH,1.0,0.0,0.0,MIM,2026-08-27T15:34:00+00:00
PER_SESSION_CONDITIONAL_UNKNOWN_EPOCH,2.0,0.0,0.0,YANK,2026-08-27T15:34:00+00:00
PER_SESSION_CONDITIONAL_UNKNOWN_EPOCH,1.0,0.0,0.0,MIM,2026-08-27T15:35:00+00:00
PER_SESSION_CONDITIONAL_UNKNOWN_EPOCH,2.0,0.0,0.0,YANK,2026-08-27T15:35:00+00:00
PER_SESSION_CONDITIONAL_UNKNOWN_EPOCH,1.0,0.0,0.0,MIM,2026-08-27T15:36:00+00:00
PER_SESSION_CONDITIONAL_UNKNOWN_EPOCH,2.0,0.0,0.0,YANK,2026-08-27T15:36:00+00:00
PER_SESSION_CONDITIONAL_UNKNOWN_EPOCH,1.0,0.0,0.0,MIM,2026-08-27T15:37:00+00:00
PER_SESSION_CONDITIONAL_UNKNOWN_EPOCH,2.0,0.0,0.0,YANK,2026-08-27T15:37:00+00:00
PER_SESSION_CONDITIONAL_UNKNOWN_EPOCH,1.0,0.0,0.0,MIM,2026-08-27T15:38:00+00:00
PER_SESSION_CONDITIONAL_UNKNOWN_EPOCH,2.0,0.0,0.0,YANK,2026-08-27T15:38:00+00:00
PER_SESSION_CONDITIONAL_UNKNOWN_EPOCH,1.0,0.0,0.0,MIM,2026-08-27T15:39:00+00:00
PER_SESSION_CONDITIONAL_UNKNOWN_EPOCH,2.0,0.0,0.0,YANK,2026-08-27T15:39:00+00:00
PER_SESSION_CONDITIONAL_UNKNOWN_EPOCH,1.0,0.0,0.0,MIM,2026-08-27T15:40:00+00:00
PER_SESSION_CONDITIONAL_UNKNOWN_EPOCH,2.0,0.0,0.0,YANK,2026-08-27T15:40:00+00:00
PER_SESSION_CONDITIONAL_UNKNOWN_EPOCH,1.0,0.0,0.0,MIM,2026-08-27T15:41:00+00:00
PER_SESSION_CONDITIONAL_UNKNOWN_EPOCH,2.0,0.0,0.0,YANK,2026-08-27T15:41:00+00:00
PER_SESSION_CONDITIONAL_UNKNOWN_EPOCH,1.0,0.0,0.0,MIM,2026-08-27T15:42:00+00:00
PER_SESSION_CONDITIONAL_UNKNOWN_EPOCH,2.0,0.0,0.0,YANK,2026-08-27T15:42:00+00:00
PER_SESSION_CONDITIONAL_UNKNOWN_EPOCH,1.0,0.0,0.0,MIM,2026-08-27T15:43:00+00:00
PER_SESSION_CONDITIONAL_UNKNOWN_EPOCH,2.0,0.0,0.0,YANK,2026-08-27T15:43:00+00:00
PER_SESSION_CONDITIONAL_UNKNOWN_EPOCH,1.0,0.0,0.0,MIM,2026-08-27T15:44:00+00:00
PER_SESSION_CONDITIONAL_UNKNOWN_EPOCH,2.0,0.0,0.0,YANK,2026-08-27T15:44:00+00:00
PER_SESSION_CONDITIONAL_UNKNOWN_EPOCH,1.0,0.0,0.0,MIM,2026-08-27T15:45:00+00:00
PER_SESSION_CONDITIONAL_UNKNOWN_EPOCH,2.0,0.0,0.0,YANK,2026-08-27T15:45:00+00:00
PER_SESSION_CONDITIONAL_UNKNOWN_EPOCH,1.0,0.0,0.0,MIM,2026-08-27T15:46:00+00:00
PER_SESSION_CONDITIONAL_UNKNOWN_EPOCH,2.0,0.0,0.0,YANK,2026-08-27T15:46:00+00:00
PER_SESSION_CONDITIONAL_UNKNOWN_EPOCH,1.0,0.0,0.0,MIM,2026-08-27T15:47:00+00:00
PER_SESSION_CONDITIONAL_UNKNOWN_EPOCH,2.0,0.0,0.0,YANK,2026-08-27T15:47:00+00:00
PER_SESSION_CONDITIONAL_UNKNOWN_EPOCH,1.0,0.0,0.0,MIM,2026-08-27T15:48:00+00:00
PER_SESSION_CONDITIONAL_UNKNOWN_EPOCH,2.0,0.0,0.0,YANK,2026-08-27T15:48:00+00:00
PER_SESSION_CONDITIONAL_UNKNOWN_EPOCH,1.0,0.0,0.0,MIM,2026-08-27T15:49:00+00:00
PER_SESSION_CONDITIONAL_UNKNOWN_EPOCH,2.0,0.0,0.0,YANK,2026-08-27T15:49:00+00:00
PER_SESSION_CONDITIONAL_UNKNOWN_EPOCH,1.0,0.0,0.0,MIM,2026-08-27T15:50:00+00:00
PER_SESSION_CONDITIONAL_UNKNOWN_EPOCH,2.0,0.0,0.0,YANK,2026-08-27T15:50:00+00:00
PER_SESSION_CONDITIONAL_UNKNOWN_EPOCH,1.0,0.0,0.0,MIM,2026-08-27T15:51:00+00:00
PER_SESSION_CONDITIONAL_UNKNOWN_EPOCH,2.0,0.0,0.0,YANK,2026-08-27T15:51:00+00:00
PER_SESSION_CONDITIONAL_UNKNOWN_EPOCH,1.0,0.0,0.0,MIM,2026-08-27T15:52:00+00:00
PER_SESSION_CONDITIONAL_UNKNOWN_EPOCH,2.0,0.0,0.0,YANK,2026-08-27T15:52:00+00:00
PER_SESSION_CONDITIONAL_UNKNOWN_EPOCH,1.0,0.0,0.0,MIM,2026-08-27T15:53:00+00:00
PER_SESSION_CONDITIONAL_UNKNOWN_EPOCH,2.0,0.0,0.0,YANK,2026-08-27T15:53:00+00:00
PER_SESSION_CONDITIONAL_UNKNOWN_EPOCH,1.0,0.0,0.0,MIM,2026-08-27T15:54:00+00:00
PER_SESSION_CONDITIONAL_UNKNOWN_EPOCH,2.0,0.0,0.0,YANK,2026-08-27T15:54:00+00:00
PER_SESSION_CONDITIONAL_UNKNOWN_EPOCH,1.0,0.0,0.0,MIM,2026-08-27T15:55:00+00:00
PER_SESSION_CONDITIONAL_UNKNOWN_EPOCH,2.0,0.0,0.0,YANK,2026-08-27T15:55:00+00:00
PER_SESSION_CONDITIONAL_UNKNOWN_EPOCH,1.0,0.0,0.0,MIM,2026-08-27T15:56:00+00:00
PER_SESSION_CONDITIONAL_UNKNOWN_EPOCH,2.0,0.0,0.0,YANK,2026-08-27T15:56:00+00:00
PER_SESSION_CONDITIONAL_UNKNOWN_EPOCH,1.0,0.0,0.0,MIM,2026-08-27T15:57:00+00:00
PER_SESSION_CONDITIONAL_UNKNOWN_EPOCH,2.0,0.0,0.0,YANK,2026-08-27T15:57:00+00:00
PER_SESSION_CONDITIONAL_UNKNOWN_EPOCH,1.0,0.0,0.0,MIM,2026-08-27T15:58:00+00:00
PER_SESSION_CONDITIONAL_UNKNOWN_EPOCH,2.0,0.0,0.0,YANK,2026-08-27T15:58:00+00:00
PER_SESSION_CONDITIONAL_UNKNOWN_EPOCH,1.0,0.0,0.0,MIM,2026-08-27T15:59:00+00:00
PER_SESSION_CONDITIONAL_UNKNOWN_EPOCH,2.0,0.0,0.0,YANK,2026-08-27T15:59:00+00:00
PER_SESSION_CONDITIONAL_UNKNOWN_EPOCH,1.0,0.0,0.0,MIM,2026-08-27T16:00:00+00:00
PER_SESSION_CONDITIONAL_UNKNOWN_EPOCH,2.0,0.0,0.0,YANK,2026-08-27T16:00:00+00:00
PER_SESSION_CONDITIONAL_UNKNOWN_EPOCH,1.0,0.0,0.0,MIM,2026-08-27T16:01:00+00:00
PER_SESSION_CONDITIONAL_UNKNOWN_EPOCH,2.0,0.0,0.0,YANK,2026-08-27T16:01:00+00:00
PER_SESSION_CONDITIONAL_UNKNOWN_EPOCH,1.0,0.0,0.0,MIM,2026-08-27T16:02:00+00:00
PER_SESSION_CONDITIONAL_UNKNOWN_EPOCH,2.0,0.0,0.0,YANK,2026-08-27T16:02:00+00:00
PER_SESSION_CONDITIONAL_UNKNOWN_EPOCH,1.0,0.0,0.0,MIM,2026-08-27T16:03:00+00:00
PER_SESSION_CONDITIONAL_UNKNOWN_EPOCH,2.0,0.0,0.0,YANK,2026-08-27T16:03:00+00:00
PER_SESSION_CONDITIONAL_UNKNOWN_EPOCH,1.0,0.0,0.0,MIM,2026-08-27T16:04:00+00:00
PER_SESSION_CONDITIONAL_UNKNOWN_EPOCH,2.0,0.0,0.0,YANK,2026-08-27T16:04:00+00:00
PER_SESSION_CONDITIONAL_UNKNOWN_EPOCH,1.0,0.0,0.0,MIM,2026-08-27T16:05:00+00:00
PER_SESSION_CONDITIONAL_UNKNOWN_EPOCH,2.0,0.0,0.0,YANK,2026-08-27T16:05:00+00:00
PER_SESSION_CONDITIONAL_UNKNOWN_EPOCH,1.0,0.0,0.0,MIM,2026-08-27T16:06:00+00:00
PER_SESSION_CONDITIONAL_UNKNOWN_EPOCH,2.0,0.0,0.0,YANK,2026-08-27T16:06:00+00:00
PER_SESSION_CONDITIONAL_UNKNOWN_EPOCH,1.0,0.0,0.0,MIM,2026-08-27T16:07:00+00:00
PER_SESSION_CONDITIONAL_UNKNOWN_EPOCH,2.0,0.0,0.0,YANK,2026-08-27T16:07:00+00:00
PER_SESSION_CONDITIONAL_UNKNOWN_EPOCH,1.0,0.0,0.0,MIM,2026-08-27T16:08:00+00:00
PER_SESSION_CONDITIONAL_UNKNOWN_EPOCH,2.0,0.0,0.0,YANK,2026-08-27T16:08:00+00:00
PER_SESSION_CONDITIONAL_UNKNOWN_EPOCH,1.0,0.0,0.0,MIM,2026-08-27T16:09:00+00:00
PER_SESSION_CONDITIONAL_UNKNOWN_EPOCH,2.0,0.0,0.0,YANK,2026-08-27T16:09:00+00:00
PER_SESSION_CONDITIONAL_UNKNOWN_EPOCH,1.0,0.0,0.0,MIM,2026-08-27T16:10:00+00:00
PER_SESSION_CONDITIONAL_UNKNOWN_EPOCH,2.0,0.0,0.0,YANK,2026-08-27T16:10:00+00:00
PER_SESSION_CONDITIONAL_UNKNOWN_EPOCH,1.0,0.0,0.0,MIM,2026-08-27T16:11:00+00:00
PER_SESSION_CONDITIONAL_UNKNOWN_EPOCH,2.0,0.0,0.0,YANK,2026-08-27T16:11:00+00:00
PER_SESSION_CONDITIONAL_UNKNOWN_EPOCH,1.0,0.0,0.0,MIM,2026-08-27T16:12:00+00:00
PER_SESSION_CONDITIONAL_UNKNOWN_EPOCH,2.0,0.0,0.0,YANK,2026-08-27T16:12:00+00:00
PER_SESSION_CONDITIONAL_UNKNOWN_EPOCH,1.0,0.0,0.0,MIM,2026-08-27T16:13:00+00:00
PER_SESSION_CONDITIONAL_UNKNOWN_EPOCH,2.0,0.0,0.0,YANK,2026-08-27T16:13:00+00:00
PER_SESSION_CONDITIONAL_UNKNOWN_EPOCH,1.0,0.0,0.0,MIM,2026-08-27T16:14:00+00:00
PER_SESSION_CONDITIONAL_UNKNOWN_EPOCH,2.0,0.0,0.0,YANK,2026-08-27T16:14:00+00:00
PER_SESSION_CONDITIONAL_UNKNOWN_EPOCH,1.0,0.0,0.0,MIM,2026-08-27T16:15:00+00:00
PER_SESSION_CONDITIONAL_UNKNOWN_EPOCH,2.0,0.0,0.0,YANK,2026-08-27T16:15:00+00:00
PER_SESSION_CONDITIONAL_UNKNOWN_EPOCH,1.0,0.0,0.0,MIM,2026-08-27T16:16:00+00:00
PER_SESSION_CONDITIONAL_UNKNOWN_EPOCH,2.0,0.0,0.0,YANK,2026-08-27T16:16:00+00:00
PER_SESSION_CONDITIONAL_UNKNOWN_EPOCH,1.0,0.0,0.0,MIM,2026-08-27T16:17:00+00:00
PER_SESSION_CONDITIONAL_UNKNOWN_EPOCH,2.0,0.0,0.0,YANK,2026-08-27T16:17:00+00:00
PER_SESSION_CONDITIONAL_UNKNOWN_EPOCH,1.0,0.0,0.0,MIM,2026-08-27T16:18:00+00:00
PER_SESSION_CONDITIONAL_UNKNOWN_EPOCH,2.0,0.0,0.0,YANK,2026-08-27T16:18:00+00:00
PER_SESSION_CONDITIONAL_UNKNOWN_EPOCH,1.0,0.0,0.0,MIM,2026-08-27T16:19:00+00:00
PER_SESSION_CONDITIONAL_UNKNOWN_EPOCH,2.0,0.0,0.0,YANK,2026-08-27T16:19:00+00:00
PER_SESSION_CONDITIONAL_UNKNOWN_EPOCH,1.0,0.0,0.0,MIM,2026-08-27T16:20:00+00:00
PER_SESSION_CONDITIONAL_UNKNOWN_EPOCH,2.0,0.0,0.0,YANK,2026-08-27T16:20:00+00:00
PER_SESSION_CONDITIONAL_UNKNOWN_EPOCH,1.0,0.0,0.0,MIM,2026-08-27T16:21:00+00:00
PER_SESSION_CONDITIONAL_UNKNOWN_EPOCH,2.0,0.0,0.0,YANK,2026-08-27T16:21:00+00:00
PER_SESSION_CONDITIONAL_UNKNOWN_EPOCH,1.0,0.0,0.0,MIM,2026-08-27T16:22:00+00:00
PER_SESSION_CONDITIONAL_UNKNOWN_EPOCH,2.0,0.0,0.0,YANK,2026-08-27T16:22:00+00:00
PER_SESSION_CONDITIONAL_UNKNOWN_EPOCH,1.0,0.0,0.0,MIM,2026-08-27T16:23:00+00:00
PER_SESSION_CONDITIONAL_UNKNOWN_EPOCH,2.0,0.0,0.0,YANK,2026-08-27T16:23:00+00:00
PER_SESSION_CONDITIONAL_UNKNOWN_EPOCH,1.0,0.0,0.0,MIM,2026-08-27T16:24:00+00:00
PER_SESSION_CONDITIONAL_UNKNOWN_EPOCH,2.0,0.0,0.0,YANK,2026-08-27T16:24:00+00:00
PER_SESSION_CONDITIONAL_UNKNOWN_EPOCH,1.0,0.0,0.0,MIM,2026-08-27T16:25:00+00:00
PER_SESSION_CONDITIONAL_UNKNOWN_EPOCH,2.0,0.0,0.0,YANK,2026-08-27T16:25:00+00:00
PER_SESSION_CONDITIONAL_UNKNOWN_EPOCH,1.0,0.0,0.0,MIM,2026-08-27T16:26:00+00:00
PER_SESSION_CONDITIONAL_UNKNOWN_EPOCH,2.0,0.0,0.0,YANK,2026-08-27T16:26:00+00:00
PER_SESSION_CONDITIONAL_UNKNOWN_EPOCH,1.0,0.0,0.0,MIM,2026-08-27T16:27:00+00:00
PER_SESSION_CONDITIONAL_UNKNOWN_EPOCH,2.0,0.0,0.0,YANK,2026-08-27T16:27:00+00:00
PER_SESSION_CONDITIONAL_UNKNOWN_EPOCH,1.0,0.0,0.0,MIM,2026-08-27T16:28:00+00:00
PER_SESSION_CONDITIONAL_UNKNOWN_EPOCH,2.0,0.0,0.0,YANK,2026-08-27T16:28:00+00:00
PER_SESSION_CONDITIONAL_UNKNOWN_EPOCH,1.0,0.0,0.0,MIM,2026-08-27T16:29:00+00:00
PER_SESSION_CONDITIONAL_UNKNOWN_EPOCH,2.0,0.0,0.0,YANK,2026-08-27T16:29:00+00:00
PER_SESSION_CONDITIONAL_UNKNOWN_EPOCH,1.0,0.0,0.0,MIM,2026-08-27T16:30:00+00:00
PER_SESSION_CONDITIONAL_UNKNOWN_EPOCH,2.0,0.0,0.0,YANK,2026-08-27T16:30:00+00:00
PER_SESSION_CONDITIONAL_UNKNOWN_EPOCH,1.0,-0.6100000000005821,59208.0,MIM,2026-08-27T16:31:00+00:00
PER_SESSION_CONDITIONAL_UNKNOWN_EPOCH,2.0,0.0,0.0,YANK,2026-08-27T16:31:00+00:00
PER_SESSION_CONDITIONAL_UNKNOWN_EPOCH,1.0,6.889999999999418,59215.5,MIM,2026-08-27T16:32:00+00:00
PER_SESSION_CONDITIONAL_UNKNOWN_EPOCH,2.0,0.0,0.0,YANK,2026-08-27T16:32:00+00:00
PER_SESSION_CONDITIONAL_UNKNOWN_EPOCH,1.0,11.889999999999418,59220.5,MIM,2026-08-27T16:33:00+00:00
PER_SESSION_CONDITIONAL_UNKNOWN_EPOCH,2.0,0.0,0.0,YANK,2026-08-27T16:33:00+00:00
PER_SESSION_CONDITIONAL_UNKNOWN_EPOCH,1.0,0.3899999999994179,59209.0,MIM,2026-08-27T16:34:00+00:00
PER_SESSION_CONDITIONAL_UNKNOWN_EPOCH,2.0,0.0,0.0,YANK,2026-08-27T16:34:00+00:00
PER_SESSION_CONDITIONAL_UNKNOWN_EPOCH,1.0,18.889999999999418,59227.5,MIM,2026-08-27T16:35:00+00:00
PER_SESSION_CONDITIONAL_UNKNOWN_EPOCH,2.0,0.0,0.0,YANK,2026-08-27T16:35:00+00:00
PER_SESSION_CONDITIONAL_UNKNOWN_EPOCH,1.0,24.389999999999418,59233.0,MIM,2026-08-27T16:36:00+00:00
PER_SESSION_CONDITIONAL_UNKNOWN_EPOCH,2.0,0.0,0.0,YANK,2026-08-27T16:36:00+00:00
PER_SESSION_CONDITIONAL_UNKNOWN_EPOCH,1.0,34.38999999999942,59243.0,MIM,2026-08-27T16:37:00+00:00
PER_SESSION_CONDITIONAL_UNKNOWN_EPOCH,2.0,0.0,0.0,YANK,2026-08-27T16:37:00+00:00
PER_SESSION_CONDITIONAL_UNKNOWN_EPOCH,1.0,58.38999999999942,59267.0,MIM,2026-08-27T16:38:00+00:00
PER_SESSION_CONDITIONAL_UNKNOWN_EPOCH,2.0,0.0,0.0,YANK,2026-08-27T16:38:00+00:00
PER_SESSION_CONDITIONAL_UNKNOWN_EPOCH,1.0,61.38999999999942,59270.0,MIM,2026-08-27T16:39:00+00:00
PER_SESSION_CONDITIONAL_UNKNOWN_EPOCH,2.0,0.0,0.0,YANK,2026-08-27T16:39:00+00:00
PER_SESSION_CONDITIONAL_UNKNOWN_EPOCH,1.0,69.88999999999942,59278.5,MIM,2026-08-27T16:40:00+00:00
PER_SESSION_CONDITIONAL_UNKNOWN_EPOCH,2.0,0.0,0.0,YANK,2026-08-27T16:40:00+00:00
PER_SESSION_CONDITIONAL_UNKNOWN_EPOCH,1.0,79.88999999999942,59288.5,MIM,2026-08-27T16:41:00+00:00
PER_SESSION_CONDITIONAL_UNKNOWN_EPOCH,2.0,0.0,0.0,YANK,2026-08-27T16:41:00+00:00
PER_SESSION_CONDITIONAL_UNKNOWN_EPOCH,1.0,78.38999999999942,59287.0,MIM,2026-08-27T16:42:00+00:00
PER_SESSION_CONDITIONAL_UNKNOWN_EPOCH,2.0,0.0,0.0,YANK,2026-08-27T16:42:00+00:00
PER_SESSION_CONDITIONAL_UNKNOWN_EPOCH,1.0,86.38999999999942,59295.0,MIM,2026-08-27T16:43:00+00:00
PER_SESSION_CONDITIONAL_UNKNOWN_EPOCH,2.0,0.0,0.0,YANK,2026-08-27T16:43:00+00:00
PER_SESSION_CONDITIONAL_UNKNOWN_EPOCH,1.0,87.88999999999942,59296.5,MIM,2026-08-27T16:44:00+00:00
PER_SESSION_CONDITIONAL_UNKNOWN_EPOCH,2.0,0.0,0.0,YANK,2026-08-27T16:44:00+00:00
PER_SESSION_CONDITIONAL_UNKNOWN_EPOCH,1.0,83.38999999999942,59292.0,MIM,2026-08-27T16:45:00+00:00
PER_SESSION_CONDITIONAL_UNKNOWN_EPOCH,2.0,0.0,0.0,YANK,2026-08-27T16:45:00+00:00
PER_SESSION_CONDITIONAL_UNKNOWN_EPOCH,1.0,107.38999999999942,59316.0,MIM,2026-08-27T16:46:00+00:00
PER_SESSION_CONDITIONAL_UNKNOWN_EPOCH,2.0,0.0,0.0,YANK,2026-08-27T16:46:00+00:00
PER_SESSION_CONDITIONAL_UNKNOWN_EPOCH,1.0,93.88999999999942,59302.5,MIM,2026-08-27T16:47:00+00:00
PER_SESSION_CONDITIONAL_UNKNOWN_EPOCH,2.0,0.0,0.0,YANK,2026-08-27T16:47:00+00:00
PER_SESSION_CONDITIONAL_UNKNOWN_EPOCH,1.0,78.38999999999942,59287.0,MIM,2026-08-27T16:48:00+00:00
PER_SESSION_CONDITIONAL_UNKNOWN_EPOCH,2.0,0.0,0.0,YANK,2026-08-27T16:48:00+00:00
PER_SESSION_CONDITIONAL_UNKNOWN_EPOCH,1.0,91.88999999999942,59300.5,MIM,2026-08-27T16:49:00+00:00
PER_SESSION_CONDITIONAL_UNKNOWN_EPOCH,2.0,0.0,0.0,YANK,2026-08-27T16:49:00+00:00
PER_SESSION_CONDITIONAL_UNKNOWN_EPOCH,1.0,84.38999999999942,59293.0,MIM,2026-08-27T16:50:00+00:00
PER_SESSION_CONDITIONAL_UNKNOWN_EPOCH,2.0,0.0,0.0,YANK,2026-08-27T16:50:00+00:00
PER_SESSION_CONDITIONAL_UNKNOWN_EPOCH,1.0,81.38999999999942,59290.0,MIM,2026-08-27T16:51:00+00:00
PER_SESSION_CONDITIONAL_UNKNOWN_EPOCH,2.0,0.0,0.0,YANK,2026-08-27T16:51:00+00:00
PER_SESSION_CONDITIONAL_UNKNOWN_EPOCH,1.0,78.88999999999942,59287.5,MIM,2026-08-27T16:52:00+00:00
PER_SESSION_CONDITIONAL_UNKNOWN_EPOCH,2.0,0.0,0.0,YANK,2026-08-27T16:52:00+00:00
PER_SESSION_CONDITIONAL_UNKNOWN_EPOCH,1.0,88.38999999999942,59297.0,MIM,2026-08-27T16:53:00+00:00
PER_SESSION_CONDITIONAL_UNKNOWN_EPOCH,2.0,0.0,0.0,YANK,2026-08-27T16:53:00+00:00
PER_SESSION_CONDITIONAL_UNKNOWN_EPOCH,1.0,98.88999999999942,59307.5,MIM,2026-08-27T16:54:00+00:00
PER_SESSION_CONDITIONAL_UNKNOWN_EPOCH,2.0,0.0,0.0,YANK,2026-08-27T16:54:00+00:00
PER_SESSION_CONDITIONAL_UNKNOWN_EPOCH,1.0,99.88999999999942,59308.5,MIM,2026-08-27T16:55:00+00:00
PER_SESSION_CONDITIONAL_UNKNOWN_EPOCH,2.0,0.0,0.0,YANK,2026-08-27T16:55:00+00:00
PER_SESSION_CONDITIONAL_UNKNOWN_EPOCH,1.0,84.88999999999942,59293.5,MIM,2026-08-27T16:56:00+00:00
PER_SESSION_CONDITIONAL_UNKNOWN_EPOCH,2.0,0.0,0.0,YANK,2026-08-27T16:56:00+00:00
PER_SESSION_CONDITIONAL_UNKNOWN_EPOCH,1.0,84.88999999999942,59293.5,MIM,2026-08-27T16:57:00+00:00
PER_SESSION_CONDITIONAL_UNKNOWN_EPOCH,2.0,0.0,0.0,YANK,2026-08-27T16:57:00+00:00
PER_SESSION_CONDITIONAL_UNKNOWN_EPOCH,1.0,87.38999999999942,59296.0,MIM,2026-08-27T16:58:00+00:00
PER_SESSION_CONDITIONAL_UNKNOWN_EPOCH,2.0,0.0,0.0,YANK,2026-08-27T16:58:00+00:00
PER_SESSION_CONDITIONAL_UNKNOWN_EPOCH,1.0,81.88999999999942,59290.5,MIM,2026-08-27T16:59:00+00:00
PER_SESSION_CONDITIONAL_UNKNOWN_EPOCH,2.0,0.0,0.0,YANK,2026-08-27T16:59:00+00:00
PER_SESSION_CONDITIONAL_UNKNOWN_EPOCH,1.0,94.38999999999942,59303.0,MIM,2026-08-27T17:00:00+00:00
PER_SESSION_CONDITIONAL_UNKNOWN_EPOCH,2.0,0.0,0.0,YANK,2026-08-27T17:00:00+00:00
PER_SESSION_CONDITIONAL_UNKNOWN_EPOCH,1.0,95.88999999999942,59304.5,MIM,2026-08-27T17:01:00+00:00
PER_SESSION_CONDITIONAL_UNKNOWN_EPOCH,2.0,0.0,0.0,YANK,2026-08-27T17:01:00+00:00
PER_SESSION_CONDITIONAL_UNKNOWN_EPOCH,1.0,121.38999999999942,59330.0,MIM,2026-08-27T17:02:00+00:00
PER_SESSION_CONDITIONAL_UNKNOWN_EPOCH,2.0,0.0,0.0,YANK,2026-08-27T17:02:00+00:00
PER_SESSION_CONDITIONAL_UNKNOWN_EPOCH,1.0,114.38999999999942,59323.0,MIM,2026-08-27T17:03:00+00:00
PER_SESSION_CONDITIONAL_UNKNOWN_EPOCH,2.0,0.0,0.0,YANK,2026-08-27T17:03:00+00:00
PER_SESSION_CONDITIONAL_UNKNOWN_EPOCH,1.0,115.88999999999942,59324.5,MIM,2026-08-27T17:04:00+00:00
PER_SESSION_CONDITIONAL_UNKNOWN_EPOCH,2.0,0.0,0.0,YANK,2026-08-27T17:04:00+00:00
PER_SESSION_CONDITIONAL_UNKNOWN_EPOCH,1.0,120.88999999999942,59329.5,MIM,2026-08-27T17:05:00+00:00
PER_SESSION_CONDITIONAL_UNKNOWN_EPOCH,2.0,0.0,0.0,YANK,2026-08-27T17:05:00+00:00
PER_SESSION_CONDITIONAL_UNKNOWN_EPOCH,1.0,105.38999999999942,59314.0,MIM,2026-08-27T17:06:00+00:00
PER_SESSION_CONDITIONAL_UNKNOWN_EPOCH,2.0,0.0,0.0,YANK,2026-08-27T17:06:00+00:00
PER_SESSION_CONDITIONAL_UNKNOWN_EPOCH,1.0,89.38999999999942,59298.0,MIM,2026-08-27T17:07:00+00:00
PER_SESSION_CONDITIONAL_UNKNOWN_EPOCH,2.0,0.0,0.0,YANK,2026-08-27T17:07:00+00:00
PER_SESSION_CONDITIONAL_UNKNOWN_EPOCH,1.0,90.38999999999942,59299.0,MIM,2026-08-27T17:08:00+00:00
PER_SESSION_CONDITIONAL_UNKNOWN_EPOCH,2.0,0.0,0.0,YANK,2026-08-27T17:08:00+00:00
PER_SESSION_CONDITIONAL_UNKNOWN_EPOCH,1.0,109.88999999999942,59318.5,MIM,2026-08-27T17:09:00+00:00
PER_SESSION_CONDITIONAL_UNKNOWN_EPOCH,2.0,0.0,0.0,YANK,2026-08-27T17:09:00+00:00
PER_SESSION_CONDITIONAL_UNKNOWN_EPOCH,1.0,126.88999999999942,59335.5,MIM,2026-08-27T17:10:00+00:00
PER_SESSION_CONDITIONAL_UNKNOWN_EPOCH,2.0,0.0,0.0,YANK,2026-08-27T17:10:00+00:00
PER_SESSION_CONDITIONAL_UNKNOWN_EPOCH,1.0,129.38999999999942,59338.0,MIM,2026-08-27T17:11:00+00:00
PER_SESSION_CONDITIONAL_UNKNOWN_EPOCH,2.0,0.0,0.0,YANK,2026-08-27T17:11:00+00:00
PER_SESSION_CONDITIONAL_UNKNOWN_EPOCH,1.0,128.38999999999942,59337.0,MIM,2026-08-27T17:12:00+00:00
PER_SESSION_CONDITIONAL_UNKNOWN_EPOCH,2.0,0.0,0.0,YANK,2026-08-27T17:12:00+00:00
PER_SESSION_CONDITIONAL_UNKNOWN_EPOCH,1.0,133.88999999999942,59342.5,MIM,2026-08-27T17:13:00+00:00
PER_SESSION_CONDITIONAL_UNKNOWN_EPOCH,2.0,0.0,0.0,YANK,2026-08-27T17:13:00+00:00
PER_SESSION_CONDITIONAL_UNKNOWN_EPOCH,1.0,130.88999999999942,59339.5,MIM,2026-08-27T17:14:00+00:00
PER_SESSION_CONDITIONAL_UNKNOWN_EPOCH,2.0,0.0,0.0,YANK,2026-08-27T17:14:00+00:00
PER_SESSION_CONDITIONAL_UNKNOWN_EPOCH,1.0,132.38999999999942,59341.0,MIM,2026-08-27T17:15:00+00:00
PER_SESSION_CONDITIONAL_UNKNOWN_EPOCH,2.0,0.0,0.0,YANK,2026-08-27T17:15:00+00:00
PER_SESSION_CONDITIONAL_UNKNOWN_EPOCH,1.0,129.88999999999942,59338.5,MIM,2026-08-27T17:16:00+00:00
PER_SESSION_CONDITIONAL_UNKNOWN_EPOCH,2.0,0.0,0.0,YANK,2026-08-27T17:16:00+00:00
PER_SESSION_CONDITIONAL_UNKNOWN_EPOCH,1.0,125.88999999999942,59334.5,MIM,2026-08-27T17:17:00+00:00
PER_SESSION_CONDITIONAL_UNKNOWN_EPOCH,2.0,0.0,0.0,YANK,2026-08-27T17:17:00+00:00
PER_SESSION_CONDITIONAL_UNKNOWN_EPOCH,1.0,120.88999999999942,59329.5,MIM,2026-08-27T17:18:00+00:00
PER_SESSION_CONDITIONAL_UNKNOWN_EPOCH,2.0,0.0,0.0,YANK,2026-08-27T17:18:00+00:00
PER_SESSION_CONDITIONAL_UNKNOWN_EPOCH,1.0,119.38999999999942,59328.0,MIM,2026-08-27T17:19:00+00:00
PER_SESSION_CONDITIONAL_UNKNOWN_EPOCH,2.0,0.0,0.0,YANK,2026-08-27T17:19:00+00:00
PER_SESSION_CONDITIONAL_UNKNOWN_EPOCH,1.0,120.88999999999942,59329.5,MIM,2026-08-27T17:20:00+00:00
PER_SESSION_CONDITIONAL_UNKNOWN_EPOCH,2.0,0.0,0.0,YANK,2026-08-27T17:20:00+00:00
PER_SESSION_CONDITIONAL_UNKNOWN_EPOCH,1.0,117.88999999999942,59326.5,MIM,2026-08-27T17:21:00+00:00
PER_SESSION_CONDITIONAL_UNKNOWN_EPOCH,2.0,0.0,0.0,YANK,2026-08-27T17:21:00+00:00
PER_SESSION_CONDITIONAL_UNKNOWN_EPOCH,1.0,123.88999999999942,59332.5,MIM,2026-08-27T17:22:00+00:00
PER_SESSION_CONDITIONAL_UNKNOWN_EPOCH,2.0,0.0,0.0,YANK,2026-08-27T17:22:00+00:00
PER_SESSION_CONDITIONAL_UNKNOWN_EPOCH,1.0,123.88999999999942,59332.5,MIM,2026-08-27T17:23:00+00:00
PER_SESSION_CONDITIONAL_UNKNOWN_EPOCH,2.0,0.0,0.0,YANK,2026-08-27T17:23:00+00:00
PER_SESSION_CONDITIONAL_UNKNOWN_EPOCH,1.0,138.38999999999942,59347.0,MIM,2026-08-27T17:24:00+00:00
PER_SESSION_CONDITIONAL_UNKNOWN_EPOCH,2.0,0.0,0.0,YANK,2026-08-27T17:24:00+00:00
PER_SESSION_CONDITIONAL_UNKNOWN_EPOCH,1.0,136.88999999999942,59345.5,MIM,2026-08-27T17:25:00+00:00
PER_SESSION_CONDITIONAL_UNKNOWN_EPOCH,2.0,0.0,0.0,YANK,2026-08-27T17:25:00+00:00
PER_SESSION_CONDITIONAL_UNKNOWN_EPOCH,1.0,108.38999999999942,59317.0,MIM,2026-08-27T17:26:00+00:00
PER_SESSION_CONDITIONAL_UNKNOWN_EPOCH,2.0,0.0,0.0,YANK,2026-08-27T17:26:00+00:00
PER_SESSION_CONDITIONAL_UNKNOWN_EPOCH,1.0,98.88999999999942,59307.5,MIM,2026-08-27T17:27:00+00:00
PER_SESSION_CONDITIONAL_UNKNOWN_EPOCH,2.0,0.0,0.0,YANK,2026-08-27T17:27:00+00:00
PER_SESSION_CONDITIONAL_UNKNOWN_EPOCH,1.0,78.38999999999942,59287.0,MIM,2026-08-27T17:28:00+00:00
PER_SESSION_CONDITIONAL_UNKNOWN_EPOCH,2.0,0.0,0.0,YANK,2026-08-27T17:28:00+00:00
PER_SESSION_CONDITIONAL_UNKNOWN_EPOCH,1.0,86.88999999999942,59295.5,MIM,2026-08-27T17:29:00+00:00
PER_SESSION_CONDITIONAL_UNKNOWN_EPOCH,2.0,0.0,0.0,YANK,2026-08-27T17:29:00+00:00
PER_SESSION_CONDITIONAL_UNKNOWN_EPOCH,1.0,73.88999999999942,59282.5,MIM,2026-08-27T17:30:00+00:00
PER_SESSION_CONDITIONAL_UNKNOWN_EPOCH,2.0,0.0,0.0,YANK,2026-08-27T17:30:00+00:00
PER_SESSION_CONDITIONAL_UNKNOWN_EPOCH,1.0,76.88999999999942,59285.5,MIM,2026-08-27T17:31:00+00:00
PER_SESSION_CONDITIONAL_UNKNOWN_EPOCH,2.0,0.0,0.0,YANK,2026-08-27T17:31:00+00:00
PER_SESSION_CONDITIONAL_UNKNOWN_EPOCH,1.0,69.38999999999942,59278.0,MIM,2026-08-27T17:32:00+00:00
PER_SESSION_CONDITIONAL_UNKNOWN_EPOCH,2.0,0.0,0.0,YANK,2026-08-27T17:32:00+00:00
PER_SESSION_CONDITIONAL_UNKNOWN_EPOCH,1.0,96.88999999999942,59305.5,MIM,2026-08-27T17:33:00+00:00
PER_SESSION_CONDITIONAL_UNKNOWN_EPOCH,2.0,0.0,0.0,YANK,2026-08-27T17:33:00+00:00
PER_SESSION_CONDITIONAL_UNKNOWN_EPOCH,1.0,97.38999999999942,59306.0,MIM,2026-08-27T17:34:00+00:00
PER_SESSION_CONDITIONAL_UNKNOWN_EPOCH,2.0,0.0,0.0,YANK,2026-08-27T17:34:00+00:00
PER_SESSION_CONDITIONAL_UNKNOWN_EPOCH,1.0,68.38999999999942,59277.0,MIM,2026-08-27T17:35:00+00:00
PER_SESSION_CONDITIONAL_UNKNOWN_EPOCH,2.0,0.0,0.0,YANK,2026-08-27T17:35:00+00:00
PER_SESSION_CONDITIONAL_UNKNOWN_EPOCH,1.0,74.38999999999942,59283.0,MIM,2026-08-27T17:36:00+00:00
PER_SESSION_CONDITIONAL_UNKNOWN_EPOCH,2.0,0.0,0.0,YANK,2026-08-27T17:36:00+00:00
PER_SESSION_CONDITIONAL_UNKNOWN_EPOCH,1.0,80.88999999999942,59289.5,MIM,2026-08-27T17:37:00+00:00
PER_SESSION_CONDITIONAL_UNKNOWN_EPOCH,2.0,0.0,0.0,YANK,2026-08-27T17:37:00+00:00
PER_SESSION_CONDITIONAL_UNKNOWN_EPOCH,1.0,71.88999999999942,59280.5,MIM,2026-08-27T17:38:00+00:00
PER_SESSION_CONDITIONAL_UNKNOWN_EPOCH,2.0,0.0,0.0,YANK,2026-08-27T17:38:00+00:00
PER_SESSION_CONDITIONAL_UNKNOWN_EPOCH,1.0,73.88999999999942,59282.5,MIM,2026-08-27T17:39:00+00:00
PER_SESSION_CONDITIONAL_UNKNOWN_EPOCH,2.0,0.0,0.0,YANK,2026-08-27T17:39:00+00:00
PER_SESSION_CONDITIONAL_UNKNOWN_EPOCH,1.0,55.88999999999942,59264.5,MIM,2026-08-27T17:40:00+00:00
PER_SESSION_CONDITIONAL_UNKNOWN_EPOCH,2.0,0.0,0.0,YANK,2026-08-27T17:40:00+00:00
PER_SESSION_CONDITIONAL_UNKNOWN_EPOCH,1.0,69.38999999999942,59278.0,MIM,2026-08-27T17:41:00+00:00
PER_SESSION_CONDITIONAL_UNKNOWN_EPOCH,2.0,0.0,0.0,YANK,2026-08-27T17:41:00+00:00
PER_SESSION_CONDITIONAL_UNKNOWN_EPOCH,1.0,69.38999999999942,59278.0,MIM,2026-08-27T17:42:00+00:00
PER_SESSION_CONDITIONAL_UNKNOWN_EPOCH,2.0,0.0,0.0,YANK,2026-08-27T17:42:00+00:00
PER_SESSION_CONDITIONAL_UNKNOWN_EPOCH,1.0,67.38999999999942,59276.0,MIM,2026-08-27T17:43:00+00:00
PER_SESSION_CONDITIONAL_UNKNOWN_EPOCH,2.0,0.0,0.0,YANK,2026-08-27T17:43:00+00:00
PER_SESSION_CONDITIONAL_UNKNOWN_EPOCH,1.0,84.88999999999942,59293.5,MIM,2026-08-27T17:44:00+00:00
PER_SESSION_CONDITIONAL_UNKNOWN_EPOCH,2.0,0.0,0.0,YANK,2026-08-27T17:44:00+00:00
PER_SESSION_CONDITIONAL_UNKNOWN_EPOCH,1.0,48.88999999999942,59257.5,MIM,2026-08-27T17:45:00+00:00
PER_SESSION_CONDITIONAL_UNKNOWN_EPOCH,2.0,0.0,0.0,YANK,2026-08-27T17:45:00+00:00
PER_SESSION_CONDITIONAL_UNKNOWN_EPOCH,1.0,35.88999999999942,59244.5,MIM,2026-08-27T17:46:00+00:00
PER_SESSION_CONDITIONAL_UNKNOWN_EPOCH,2.0,0.0,0.0,YANK,2026-08-27T17:46:00+00:00
PER_SESSION_CONDITIONAL_UNKNOWN_EPOCH,1.0,28.889999999999418,59237.5,MIM,2026-08-27T17:47:00+00:00
PER_SESSION_CONDITIONAL_UNKNOWN_EPOCH,2.0,0.0,0.0,YANK,2026-08-27T17:47:00+00:00
PER_SESSION_CONDITIONAL_UNKNOWN_EPOCH,1.0,31.389999999999418,59240.0,MIM,2026-08-27T17:48:00+00:00
PER_SESSION_CONDITIONAL_UNKNOWN_EPOCH,2.0,0.0,0.0,YANK,2026-08-27T17:48:00+00:00
PER_SESSION_CONDITIONAL_UNKNOWN_EPOCH,1.0,18.889999999999418,59227.5,MIM,2026-08-27T17:49:00+00:00
PER_SESSION_CONDITIONAL_UNKNOWN_EPOCH,2.0,0.0,0.0,YANK,2026-08-27T17:49:00+00:00
PER_SESSION_CONDITIONAL_UNKNOWN_EPOCH,1.0,27.389999999999418,59236.0,MIM,2026-08-27T17:50:00+00:00
PER_SESSION_CONDITIONAL_UNKNOWN_EPOCH,2.0,0.0,0.0,YANK,2026-08-27T17:50:00+00:00
PER_SESSION_CONDITIONAL_UNKNOWN_EPOCH,1.0,20.389999999999418,59229.0,MIM,2026-08-27T17:51:00+00:00
PER_SESSION_CONDITIONAL_UNKNOWN_EPOCH,2.0,0.0,0.0,YANK,2026-08-27T17:51:00+00:00
PER_SESSION_CONDITIONAL_UNKNOWN_EPOCH,1.0,23.889999999999418,59232.5,MIM,2026-08-27T17:52:00+00:00
PER_SESSION_CONDITIONAL_UNKNOWN_EPOCH,2.0,0.0,0.0,YANK,2026-08-27T17:52:00+00:00
PER_SESSION_CONDITIONAL_UNKNOWN_EPOCH,1.0,29.889999999999418,59238.5,MIM,2026-08-27T17:53:00+00:00
PER_SESSION_CONDITIONAL_UNKNOWN_EPOCH,2.0,0.0,0.0,YANK,2026-08-27T17:53:00+00:00
PER_SESSION_CONDITIONAL_UNKNOWN_EPOCH,1.0,27.889999999999418,59236.5,MIM,2026-08-27T17:54:00+00:00
PER_SESSION_CONDITIONAL_UNKNOWN_EPOCH,2.0,0.0,0.0,YANK,2026-08-27T17:54:00+00:00
PER_SESSION_CONDITIONAL_UNKNOWN_EPOCH,1.0,41.88999999999942,59250.5,MIM,2026-08-27T17:55:00+00:00
PER_SESSION_CONDITIONAL_UNKNOWN_EPOCH,2.0,0.0,0.0,YANK,2026-08-27T17:55:00+00:00
PER_SESSION_CONDITIONAL_UNKNOWN_EPOCH,1.0,32.88999999999942,59241.5,MIM,2026-08-27T17:56:00+00:00
PER_SESSION_CONDITIONAL_UNKNOWN_EPOCH,2.0,0.0,0.0,YANK,2026-08-27T17:56:00+00:00
PER_SESSION_CONDITIONAL_UNKNOWN_EPOCH,1.0,39.38999999999942,59248.0,MIM,2026-08-27T17:57:00+00:00
PER_SESSION_CONDITIONAL_UNKNOWN_EPOCH,2.0,0.0,0.0,YANK,2026-08-27T17:57:00+00:00
PER_SESSION_CONDITIONAL_UNKNOWN_EPOCH,1.0,19.889999999999418,59228.5,MIM,2026-08-27T17:58:00+00:00
PER_SESSION_CONDITIONAL_UNKNOWN_EPOCH,2.0,0.0,0.0,YANK,2026-08-27T17:58:00+00:00
PER_SESSION_CONDITIONAL_UNKNOWN_EPOCH,1.0,15.889999999999418,59224.5,MIM,2026-08-27T17:59:00+00:00
PER_SESSION_CONDITIONAL_UNKNOWN_EPOCH,2.0,0.0,0.0,YANK,2026-08-27T17:59:00+00:00
PER_SESSION_CONDITIONAL_UNKNOWN_EPOCH,1.0,14.389999999999418,59223.0,MIM,2026-08-27T18:00:00+00:00
PER_SESSION_CONDITIONAL_UNKNOWN_EPOCH,2.0,0.0,0.0,YANK,2026-08-27T18:00:00+00:00
PER_SESSION_CONDITIONAL_UNKNOWN_EPOCH,1.0,21.389999999999418,59230.0,MIM,2026-08-27T18:01:00+00:00
PER_SESSION_CONDITIONAL_UNKNOWN_EPOCH,2.0,0.0,0.0,YANK,2026-08-27T18:01:00+00:00
PER_SESSION_CONDITIONAL_UNKNOWN_EPOCH,1.0,-34.11000000000058,59174.5,MIM,2026-08-27T18:02:00+00:00
PER_SESSION_CONDITIONAL_UNKNOWN_EPOCH,2.0,0.0,0.0,YANK,2026-08-27T18:02:00+00:00
PER_SESSION_CONDITIONAL_UNKNOWN_EPOCH,1.0,-29.110000000000582,59179.5,MIM,2026-08-27T18:03:00+00:00
PER_SESSION_CONDITIONAL_UNKNOWN_EPOCH,2.0,0.0,0.0,YANK,2026-08-27T18:03:00+00:00
PER_SESSION_CONDITIONAL_UNKNOWN_EPOCH,1.0,-29.110000000000582,59179.5,MIM,2026-08-27T18:04:00+00:00
PER_SESSION_CONDITIONAL_UNKNOWN_EPOCH,2.0,0.0,0.0,YANK,2026-08-27T18:04:00+00:00
PER_SESSION_CONDITIONAL_UNKNOWN_EPOCH,1.0,-58.61000000000058,59150.0,MIM,2026-08-27T18:05:00+00:00
PER_SESSION_CONDITIONAL_UNKNOWN_EPOCH,2.0,0.0,0.0,YANK,2026-08-27T18:05:00+00:00
PER_SESSION_CONDITIONAL_UNKNOWN_EPOCH,1.0,-36.61000000000058,59172.0,MIM,2026-08-27T18:06:00+00:00
PER_SESSION_CONDITIONAL_UNKNOWN_EPOCH,2.0,0.0,0.0,YANK,2026-08-27T18:06:00+00:00
PER_SESSION_CONDITIONAL_UNKNOWN_EPOCH,1.0,-30.110000000000582,59178.5,MIM,2026-08-27T18:07:00+00:00
PER_SESSION_CONDITIONAL_UNKNOWN_EPOCH,2.0,0.0,0.0,YANK,2026-08-27T18:07:00+00:00
PER_SESSION_CONDITIONAL_UNKNOWN_EPOCH,1.0,-39.11000000000058,59169.5,MIM,2026-08-27T18:08:00+00:00
PER_SESSION_CONDITIONAL_UNKNOWN_EPOCH,2.0,0.0,0.0,YANK,2026-08-27T18:08:00+00:00
PER_SESSION_CONDITIONAL_UNKNOWN_EPOCH,1.0,-42.11000000000058,59166.5,MIM,2026-08-27T18:09:00+00:00
PER_SESSION_CONDITIONAL_UNKNOWN_EPOCH,2.0,0.0,0.0,YANK,2026-08-27T18:09:00+00:00
PER_SESSION_CONDITIONAL_UNKNOWN_EPOCH,1.0,-46.61000000000058,59162.0,MIM,2026-08-27T18:10:00+00:00
PER_SESSION_CONDITIONAL_UNKNOWN_EPOCH,2.0,0.0,0.0,YANK,2026-08-27T18:10:00+00:00
PER_SESSION_CONDITIONAL_UNKNOWN_EPOCH,1.0,-50.61000000000058,59158.0,MIM,2026-08-27T18:11:00+00:00
PER_SESSION_CONDITIONAL_UNKNOWN_EPOCH,2.0,0.0,0.0,YANK,2026-08-27T18:11:00+00:00
PER_SESSION_CONDITIONAL_UNKNOWN_EPOCH,1.0,-41.61000000000058,59167.0,MIM,2026-08-27T18:12:00+00:00
PER_SESSION_CONDITIONAL_UNKNOWN_EPOCH,2.0,0.0,0.0,YANK,2026-08-27T18:12:00+00:00
PER_SESSION_CONDITIONAL_UNKNOWN_EPOCH,1.0,-52.61000000000058,59156.0,MIM,2026-08-27T18:13:00+00:00
PER_SESSION_CONDITIONAL_UNKNOWN_EPOCH,2.0,0.0,0.0,YANK,2026-08-27T18:13:00+00:00
PER_SESSION_CONDITIONAL_UNKNOWN_EPOCH,1.0,-73.61000000000058,59135.0,MIM,2026-08-27T18:14:00+00:00
PER_SESSION_CONDITIONAL_UNKNOWN_EPOCH,2.0,0.0,0.0,YANK,2026-08-27T18:14:00+00:00
PER_SESSION_CONDITIONAL_UNKNOWN_EPOCH,1.0,-55.61000000000058,59153.0,MIM,2026-08-27T18:15:00+00:00
PER_SESSION_CONDITIONAL_UNKNOWN_EPOCH,2.0,0.0,0.0,YANK,2026-08-27T18:15:00+00:00
PER_SESSION_CONDITIONAL_UNKNOWN_EPOCH,1.0,-58.11000000000058,59150.5,MIM,2026-08-27T18:16:00+00:00
PER_SESSION_CONDITIONAL_UNKNOWN_EPOCH,2.0,0.0,0.0,YANK,2026-08-27T18:16:00+00:00
PER_SESSION_CONDITIONAL_UNKNOWN_EPOCH,1.0,-68.11000000000058,59140.5,MIM,2026-08-27T18:17:00+00:00
PER_SESSION_CONDITIONAL_UNKNOWN_EPOCH,2.0,0.0,0.0,YANK,2026-08-27T18:17:00+00:00
PER_SESSION_CONDITIONAL_UNKNOWN_EPOCH,1.0,-60.11000000000058,59148.5,MIM,2026-08-27T18:18:00+00:00
PER_SESSION_CONDITIONAL_UNKNOWN_EPOCH,2.0,0.0,0.0,YANK,2026-08-27T18:18:00+00:00
PER_SESSION_CONDITIONAL_UNKNOWN_EPOCH,1.0,-41.11000000000058,59167.5,MIM,2026-08-27T18:19:00+00:00
PER_SESSION_CONDITIONAL_UNKNOWN_EPOCH,2.0,0.0,0.0,YANK,2026-08-27T18:19:00+00:00
PER_SESSION_CONDITIONAL_UNKNOWN_EPOCH,1.0,-53.11000000000058,59155.5,MIM,2026-08-27T18:20:00+00:00
PER_SESSION_CONDITIONAL_UNKNOWN_EPOCH,2.0,0.0,0.0,YANK,2026-08-27T18:20:00+00:00
PER_SESSION_CONDITIONAL_UNKNOWN_EPOCH,1.0,-49.61000000000058,59159.0,MIM,2026-08-27T18:21:00+00:00
PER_SESSION_CONDITIONAL_UNKNOWN_EPOCH,2.0,0.0,0.0,YANK,2026-08-27T18:21:00+00:00
PER_SESSION_CONDITIONAL_UNKNOWN_EPOCH,1.0,-48.61000000000058,59160.0,MIM,2026-08-27T18:22:00+00:00
PER_SESSION_CONDITIONAL_UNKNOWN_EPOCH,2.0,0.0,0.0,YANK,2026-08-27T18:22:00+00:00
PER_SESSION_CONDITIONAL_UNKNOWN_EPOCH,1.0,-56.61000000000058,59152.0,MIM,2026-08-27T18:23:00+00:00
PER_SESSION_CONDITIONAL_UNKNOWN_EPOCH,2.0,0.0,0.0,YANK,2026-08-27T18:23:00+00:00
PER_SESSION_CONDITIONAL_UNKNOWN_EPOCH,1.0,-77.61000000000058,59131.0,MIM,2026-08-27T18:24:00+00:00
PER_SESSION_CONDITIONAL_UNKNOWN_EPOCH,2.0,0.0,0.0,YANK,2026-08-27T18:24:00+00:00
PER_SESSION_CONDITIONAL_UNKNOWN_EPOCH,1.0,-73.11000000000058,59135.5,MIM,2026-08-27T18:25:00+00:00
PER_SESSION_CONDITIONAL_UNKNOWN_EPOCH,2.0,0.0,0.0,YANK,2026-08-27T18:25:00+00:00
PER_SESSION_CONDITIONAL_UNKNOWN_EPOCH,1.0,-98.11000000000058,59110.5,MIM,2026-08-27T18:26:00+00:00
PER_SESSION_CONDITIONAL_UNKNOWN_EPOCH,2.0,0.0,0.0,YANK,2026-08-27T18:26:00+00:00
PER_SESSION_CONDITIONAL_UNKNOWN_EPOCH,1.0,-100.61000000000058,59108.0,MIM,2026-08-27T18:27:00+00:00
PER_SESSION_CONDITIONAL_UNKNOWN_EPOCH,2.0,0.0,0.0,YANK,2026-08-27T18:27:00+00:00
PER_SESSION_CONDITIONAL_UNKNOWN_EPOCH,1.0,-137.61000000000058,59071.0,MIM,2026-08-27T18:28:00+00:00
PER_SESSION_CONDITIONAL_UNKNOWN_EPOCH,2.0,0.0,0.0,YANK,2026-08-27T18:28:00+00:00
PER_SESSION_CONDITIONAL_UNKNOWN_EPOCH,1.0,-132.11000000000058,59076.5,MIM,2026-08-27T18:29:00+00:00
PER_SESSION_CONDITIONAL_UNKNOWN_EPOCH,2.0,0.0,0.0,YANK,2026-08-27T18:29:00+00:00
PER_SESSION_CONDITIONAL_UNKNOWN_EPOCH,1.0,-131.61000000000058,59077.0,MIM,2026-08-27T18:30:00+00:00
PER_SESSION_CONDITIONAL_UNKNOWN_EPOCH,2.0,0.0,0.0,YANK,2026-08-27T18:30:00+00:00
PER_SESSION_CONDITIONAL_UNKNOWN_EPOCH,1.0,-114.11000000000058,59094.5,MIM,2026-08-27T18:31:00+00:00
PER_SESSION_CONDITIONAL_UNKNOWN_EPOCH,2.0,0.0,0.0,YANK,2026-08-27T18:31:00+00:00
PER_SESSION_CONDITIONAL_UNKNOWN_EPOCH,1.0,-96.11000000000058,59112.5,MIM,2026-08-27T18:32:00+00:00
PER_SESSION_CONDITIONAL_UNKNOWN_EPOCH,2.0,0.0,0.0,YANK,2026-08-27T18:32:00+00:00
PER_SESSION_CONDITIONAL_UNKNOWN_EPOCH,1.0,-76.61000000000058,59132.0,MIM,2026-08-27T18:33:00+00:00
PER_SESSION_CONDITIONAL_UNKNOWN_EPOCH,2.0,0.0,0.0,YANK,2026-08-27T18:33:00+00:00
PER_SESSION_CONDITIONAL_UNKNOWN_EPOCH,1.0,-117.11000000000058,59091.5,MIM,2026-08-27T18:34:00+00:00
PER_SESSION_CONDITIONAL_UNKNOWN_EPOCH,2.0,0.0,0.0,YANK,2026-08-27T18:34:00+00:00
PER_SESSION_CONDITIONAL_UNKNOWN_EPOCH,1.0,-109.11000000000058,59099.5,MIM,2026-08-27T18:35:00+00:00
PER_SESSION_CONDITIONAL_UNKNOWN_EPOCH,2.0,0.0,0.0,YANK,2026-08-27T18:35:00+00:00
PER_SESSION_CONDITIONAL_UNKNOWN_EPOCH,1.0,-106.11000000000058,59102.5,MIM,2026-08-27T18:36:00+00:00
PER_SESSION_CONDITIONAL_UNKNOWN_EPOCH,2.0,0.0,0.0,YANK,2026-08-27T18:36:00+00:00
PER_SESSION_CONDITIONAL_UNKNOWN_EPOCH,1.0,-93.61000000000058,59115.0,MIM,2026-08-27T18:37:00+00:00
PER_SESSION_CONDITIONAL_UNKNOWN_EPOCH,2.0,0.0,0.0,YANK,2026-08-27T18:37:00+00:00
PER_SESSION_CONDITIONAL_UNKNOWN_EPOCH,1.0,-88.61000000000058,59120.0,MIM,2026-08-27T18:38:00+00:00
PER_SESSION_CONDITIONAL_UNKNOWN_EPOCH,2.0,0.0,0.0,YANK,2026-08-27T18:38:00+00:00
PER_SESSION_CONDITIONAL_UNKNOWN_EPOCH,1.0,-69.61000000000058,59139.0,MIM,2026-08-27T18:39:00+00:00
PER_SESSION_CONDITIONAL_UNKNOWN_EPOCH,2.0,0.0,0.0,YANK,2026-08-27T18:39:00+00:00
PER_SESSION_CONDITIONAL_UNKNOWN_EPOCH,1.0,-50.61000000000058,59158.0,MIM,2026-08-27T18:40:00+00:00
PER_SESSION_CONDITIONAL_UNKNOWN_EPOCH,2.0,0.0,0.0,YANK,2026-08-27T18:40:00+00:00
PER_SESSION_CONDITIONAL_UNKNOWN_EPOCH,1.0,-54.61000000000058,59154.0,MIM,2026-08-27T18:41:00+00:00
PER_SESSION_CONDITIONAL_UNKNOWN_EPOCH,2.0,0.0,0.0,YANK,2026-08-27T18:41:00+00:00
PER_SESSION_CONDITIONAL_UNKNOWN_EPOCH,1.0,-71.11000000000058,59137.5,MIM,2026-08-27T18:42:00+00:00
PER_SESSION_CONDITIONAL_UNKNOWN_EPOCH,2.0,0.0,0.0,YANK,2026-08-27T18:42:00+00:00
PER_SESSION_CONDITIONAL_UNKNOWN_EPOCH,1.0,-66.11000000000058,59142.5,MIM,2026-08-27T18:43:00+00:00
PER_SESSION_CONDITIONAL_UNKNOWN_EPOCH,2.0,0.0,0.0,YANK,2026-08-27T18:43:00+00:00
PER_SESSION_CONDITIONAL_UNKNOWN_EPOCH,1.0,-63.11000000000058,59145.5,MIM,2026-08-27T18:44:00+00:00
PER_SESSION_CONDITIONAL_UNKNOWN_EPOCH,2.0,0.0,0.0,YANK,2026-08-27T18:44:00+00:00
PER_SESSION_CONDITIONAL_UNKNOWN_EPOCH,1.0,-63.11000000000058,59145.5,MIM,2026-08-27T18:45:00+00:00
PER_SESSION_CONDITIONAL_UNKNOWN_EPOCH,2.0,0.0,0.0,YANK,2026-08-27T18:45:00+00:00
PER_SESSION_CONDITIONAL_UNKNOWN_EPOCH,1.0,-69.61000000000058,59139.0,MIM,2026-08-27T18:46:00+00:00
PER_SESSION_CONDITIONAL_UNKNOWN_EPOCH,2.0,0.0,0.0,YANK,2026-08-27T18:46:00+00:00
PER_SESSION_CONDITIONAL_UNKNOWN_EPOCH,1.0,-64.61000000000058,59144.0,MIM,2026-08-27T18:47:00+00:00
PER_SESSION_CONDITIONAL_UNKNOWN_EPOCH,2.0,0.0,0.0,YANK,2026-08-27T18:47:00+00:00
PER_SESSION_CONDITIONAL_UNKNOWN_EPOCH,1.0,-51.11000000000058,59157.5,MIM,2026-08-27T18:48:00+00:00
PER_SESSION_CONDITIONAL_UNKNOWN_EPOCH,2.0,0.0,0.0,YANK,2026-08-27T18:48:00+00:00
PER_SESSION_CONDITIONAL_UNKNOWN_EPOCH,1.0,-62.61000000000058,59146.0,MIM,2026-08-27T18:49:00+00:00
PER_SESSION_CONDITIONAL_UNKNOWN_EPOCH,2.0,0.0,0.0,YANK,2026-08-27T18:49:00+00:00
PER_SESSION_CONDITIONAL_UNKNOWN_EPOCH,1.0,-103.61000000000058,59105.0,MIM,2026-08-27T18:50:00+00:00
PER_SESSION_CONDITIONAL_UNKNOWN_EPOCH,2.0,0.0,0.0,YANK,2026-08-27T18:50:00+00:00
PER_SESSION_CONDITIONAL_UNKNOWN_EPOCH,1.0,-95.11000000000058,59113.5,MIM,2026-08-27T18:51:00+00:00
PER_SESSION_CONDITIONAL_UNKNOWN_EPOCH,2.0,0.0,0.0,YANK,2026-08-27T18:51:00+00:00
PER_SESSION_CONDITIONAL_UNKNOWN_EPOCH,1.0,-86.11000000000058,59122.5,MIM,2026-08-27T18:52:00+00:00
PER_SESSION_CONDITIONAL_UNKNOWN_EPOCH,2.0,0.0,0.0,YANK,2026-08-27T18:52:00+00:00
PER_SESSION_CONDITIONAL_UNKNOWN_EPOCH,1.0,-89.61000000000058,59119.0,MIM,2026-08-27T18:53:00+00:00
PER_SESSION_CONDITIONAL_UNKNOWN_EPOCH,2.0,0.0,0.0,YANK,2026-08-27T18:53:00+00:00
PER_SESSION_CONDITIONAL_UNKNOWN_EPOCH,1.0,-94.11000000000058,59114.5,MIM,2026-08-27T18:54:00+00:00
PER_SESSION_CONDITIONAL_UNKNOWN_EPOCH,2.0,0.0,0.0,YANK,2026-08-27T18:54:00+00:00
PER_SESSION_CONDITIONAL_UNKNOWN_EPOCH,1.0,-99.11000000000058,59109.5,MIM,2026-08-27T18:55:00+00:00
PER_SESSION_CONDITIONAL_UNKNOWN_EPOCH,2.0,0.0,0.0,YANK,2026-08-27T18:55:00+00:00
PER_SESSION_CONDITIONAL_UNKNOWN_EPOCH,1.0,-96.61000000000058,59112.0,MIM,2026-08-27T18:56:00+00:00
PER_SESSION_CONDITIONAL_UNKNOWN_EPOCH,2.0,0.0,0.0,YANK,2026-08-27T18:56:00+00:00
PER_SESSION_CONDITIONAL_UNKNOWN_EPOCH,1.0,-98.11000000000058,59110.5,MIM,2026-08-27T18:57:00+00:00
PER_SESSION_CONDITIONAL_UNKNOWN_EPOCH,2.0,0.0,0.0,YANK,2026-08-27T18:57:00+00:00
PER_SESSION_CONDITIONAL_UNKNOWN_EPOCH,1.0,-80.61000000000058,59128.0,MIM,2026-08-27T18:58:00+00:00
PER_SESSION_CONDITIONAL_UNKNOWN_EPOCH,2.0,0.0,0.0,YANK,2026-08-27T18:58:00+00:00
PER_SESSION_CONDITIONAL_UNKNOWN_EPOCH,1.0,-57.61000000000058,59151.0,MIM,2026-08-27T18:59:00+00:00
PER_SESSION_CONDITIONAL_UNKNOWN_EPOCH,2.0,0.0,0.0,YANK,2026-08-27T18:59:00+00:00
PER_SESSION_CONDITIONAL_UNKNOWN_EPOCH,1.0,-66.11000000000058,59142.5,MIM,2026-08-27T19:00:00+00:00
PER_SESSION_CONDITIONAL_UNKNOWN_EPOCH,2.0,0.0,0.0,YANK,2026-08-27T19:00:00+00:00
PER_SESSION_CONDITIONAL_UNKNOWN_EPOCH,1.0,-52.11000000000058,59156.5,MIM,2026-08-27T19:01:00+00:00
PER_SESSION_CONDITIONAL_UNKNOWN_EPOCH,2.0,0.0,0.0,YANK,2026-08-27T19:01:00+00:00
PER_SESSION_CONDITIONAL_UNKNOWN_EPOCH,1.0,-59.61000000000058,59149.0,MIM,2026-08-27T19:02:00+00:00
PER_SESSION_CONDITIONAL_UNKNOWN_EPOCH,2.0,0.0,0.0,YANK,2026-08-27T19:02:00+00:00
PER_SESSION_CONDITIONAL_UNKNOWN_EPOCH,1.0,-71.11000000000058,59137.5,MIM,2026-08-27T19:03:00+00:00
PER_SESSION_CONDITIONAL_UNKNOWN_EPOCH,2.0,0.0,0.0,YANK,2026-08-27T19:03:00+00:00
PER_SESSION_CONDITIONAL_UNKNOWN_EPOCH,1.0,-53.61000000000058,59155.0,MIM,2026-08-27T19:04:00+00:00
PER_SESSION_CONDITIONAL_UNKNOWN_EPOCH,2.0,0.0,0.0,YANK,2026-08-27T19:04:00+00:00
PER_SESSION_CONDITIONAL_UNKNOWN_EPOCH,1.0,-31.110000000000582,59177.5,MIM,2026-08-27T19:05:00+00:00
PER_SESSION_CONDITIONAL_UNKNOWN_EPOCH,2.0,0.0,0.0,YANK,2026-08-27T19:05:00+00:00
PER_SESSION_CONDITIONAL_UNKNOWN_EPOCH,1.0,-45.61000000000058,59163.0,MIM,2026-08-27T19:06:00+00:00
PER_SESSION_CONDITIONAL_UNKNOWN_EPOCH,2.0,0.0,0.0,YANK,2026-08-27T19:06:00+00:00
PER_SESSION_CONDITIONAL_UNKNOWN_EPOCH,1.0,-33.61000000000058,59175.0,MIM,2026-08-27T19:07:00+00:00
PER_SESSION_CONDITIONAL_UNKNOWN_EPOCH,2.0,0.0,0.0,YANK,2026-08-27T19:07:00+00:00
PER_SESSION_CONDITIONAL_UNKNOWN_EPOCH,1.0,-35.11000000000058,59173.5,MIM,2026-08-27T19:08:00+00:00
PER_SESSION_CONDITIONAL_UNKNOWN_EPOCH,2.0,0.0,0.0,YANK,2026-08-27T19:08:00+00:00
PER_SESSION_CONDITIONAL_UNKNOWN_EPOCH,1.0,-36.61000000000058,59172.0,MIM,2026-08-27T19:09:00+00:00
PER_SESSION_CONDITIONAL_UNKNOWN_EPOCH,2.0,0.0,0.0,YANK,2026-08-27T19:09:00+00:00
PER_SESSION_CONDITIONAL_UNKNOWN_EPOCH,1.0,-26.110000000000582,59182.5,MIM,2026-08-27T19:10:00+00:00
PER_SESSION_CONDITIONAL_UNKNOWN_EPOCH,2.0,0.0,0.0,YANK,2026-08-27T19:10:00+00:00
PER_SESSION_CONDITIONAL_UNKNOWN_EPOCH,1.0,-20.610000000000582,59188.0,MIM,2026-08-27T19:11:00+00:00
PER_SESSION_CONDITIONAL_UNKNOWN_EPOCH,2.0,0.0,0.0,YANK,2026-08-27T19:11:00+00:00
PER_SESSION_CONDITIONAL_UNKNOWN_EPOCH,1.0,-17.110000000000582,59191.5,MIM,2026-08-27T19:12:00+00:00
PER_SESSION_CONDITIONAL_UNKNOWN_EPOCH,2.0,0.0,0.0,YANK,2026-08-27T19:12:00+00:00
PER_SESSION_CONDITIONAL_UNKNOWN_EPOCH,1.0,-14.610000000000582,59194.0,MIM,2026-08-27T19:13:00+00:00
PER_SESSION_CONDITIONAL_UNKNOWN_EPOCH,2.0,0.0,0.0,YANK,2026-08-27T19:13:00+00:00
PER_SESSION_CONDITIONAL_UNKNOWN_EPOCH,1.0,-8.110000000000582,59200.5,MIM,2026-08-27T19:14:00+00:00
PER_SESSION_CONDITIONAL_UNKNOWN_EPOCH,2.0,0.0,0.0,YANK,2026-08-27T19:14:00+00:00
PER_SESSION_CONDITIONAL_UNKNOWN_EPOCH,1.0,-22.610000000000582,59186.0,MIM,2026-08-27T19:15:00+00:00
PER_SESSION_CONDITIONAL_UNKNOWN_EPOCH,2.0,0.0,0.0,YANK,2026-08-27T19:15:00+00:00
PER_SESSION_CONDITIONAL_UNKNOWN_EPOCH,1.0,0.3899999999994179,59209.0,MIM,2026-08-27T19:16:00+00:00
PER_SESSION_CONDITIONAL_UNKNOWN_EPOCH,2.0,0.0,0.0,YANK,2026-08-27T19:16:00+00:00
PER_SESSION_CONDITIONAL_UNKNOWN_EPOCH,1.0,4.389999999999418,59213.0,MIM,2026-08-27T19:17:00+00:00
PER_SESSION_CONDITIONAL_UNKNOWN_EPOCH,2.0,0.0,0.0,YANK,2026-08-27T19:17:00+00:00
PER_SESSION_CONDITIONAL_UNKNOWN_EPOCH,1.0,-9.110000000000582,59199.5,MIM,2026-08-27T19:18:00+00:00
PER_SESSION_CONDITIONAL_UNKNOWN_EPOCH,2.0,0.0,0.0,YANK,2026-08-27T19:18:00+00:00
PER_SESSION_CONDITIONAL_UNKNOWN_EPOCH,1.0,-8.110000000000582,59200.5,MIM,2026-08-27T19:19:00+00:00
PER_SESSION_CONDITIONAL_UNKNOWN_EPOCH,2.0,0.0,0.0,YANK,2026-08-27T19:19:00+00:00
PER_SESSION_CONDITIONAL_UNKNOWN_EPOCH,1.0,2.889999999999418,59211.5,MIM,2026-08-27T19:20:00+00:00
PER_SESSION_CONDITIONAL_UNKNOWN_EPOCH,2.0,0.0,0.0,YANK,2026-08-27T19:20:00+00:00
PER_SESSION_CONDITIONAL_UNKNOWN_EPOCH,1.0,5.389999999999418,59214.0,MIM,2026-08-27T19:21:00+00:00
PER_SESSION_CONDITIONAL_UNKNOWN_EPOCH,2.0,0.0,0.0,YANK,2026-08-27T19:21:00+00:00
PER_SESSION_CONDITIONAL_UNKNOWN_EPOCH,1.0,-0.11000000000058208,59208.5,MIM,2026-08-27T19:22:00+00:00
PER_SESSION_CONDITIONAL_UNKNOWN_EPOCH,2.0,0.0,0.0,YANK,2026-08-27T19:22:00+00:00
PER_SESSION_CONDITIONAL_UNKNOWN_EPOCH,1.0,9.389999999999418,59218.0,MIM,2026-08-27T19:23:00+00:00
PER_SESSION_CONDITIONAL_UNKNOWN_EPOCH,2.0,0.0,0.0,YANK,2026-08-27T19:23:00+00:00
PER_SESSION_CONDITIONAL_UNKNOWN_EPOCH,1.0,7.889999999999418,59216.5,MIM,2026-08-27T19:24:00+00:00
PER_SESSION_CONDITIONAL_UNKNOWN_EPOCH,2.0,0.0,0.0,YANK,2026-08-27T19:24:00+00:00
PER_SESSION_CONDITIONAL_UNKNOWN_EPOCH,1.0,-2.110000000000582,59206.5,MIM,2026-08-27T19:25:00+00:00
PER_SESSION_CONDITIONAL_UNKNOWN_EPOCH,2.0,0.0,0.0,YANK,2026-08-27T19:25:00+00:00
PER_SESSION_CONDITIONAL_UNKNOWN_EPOCH,1.0,0.8899999999994179,59209.5,MIM,2026-08-27T19:26:00+00:00
PER_SESSION_CONDITIONAL_UNKNOWN_EPOCH,2.0,0.0,0.0,YANK,2026-08-27T19:26:00+00:00
PER_SESSION_CONDITIONAL_UNKNOWN_EPOCH,1.0,8.889999999999418,59217.5,MIM,2026-08-27T19:27:00+00:00
PER_SESSION_CONDITIONAL_UNKNOWN_EPOCH,2.0,0.0,0.0,YANK,2026-08-27T19:27:00+00:00
PER_SESSION_CONDITIONAL_UNKNOWN_EPOCH,1.0,-17.110000000000582,59191.5,MIM,2026-08-27T19:28:00+00:00
PER_SESSION_CONDITIONAL_UNKNOWN_EPOCH,2.0,0.0,0.0,YANK,2026-08-27T19:28:00+00:00
PER_SESSION_CONDITIONAL_UNKNOWN_EPOCH,1.0,2.889999999999418,59211.5,MIM,2026-08-27T19:29:00+00:00
PER_SESSION_CONDITIONAL_UNKNOWN_EPOCH,2.0,0.0,0.0,YANK,2026-08-27T19:29:00+00:00
PER_SESSION_CONDITIONAL_UNKNOWN_EPOCH,1.0,-3.610000000000582,59205.0,MIM,2026-08-27T19:30:00+00:00
PER_SESSION_CONDITIONAL_UNKNOWN_EPOCH,2.0,0.0,0.0,YANK,2026-08-27T19:30:00+00:00
PER_SESSION_CONDITIONAL_UNKNOWN_EPOCH,1.0,-0.6100000000005821,59208.0,MIM,2026-08-27T19:31:00+00:00
PER_SESSION_CONDITIONAL_UNKNOWN_EPOCH,2.0,0.0,0.0,YANK,2026-08-27T19:31:00+00:00
PER_SESSION_CONDITIONAL_UNKNOWN_EPOCH,1.0,24.889999999999418,59233.5,MIM,2026-08-27T19:32:00+00:00
PER_SESSION_CONDITIONAL_UNKNOWN_EPOCH,2.0,0.0,0.0,YANK,2026-08-27T19:32:00+00:00
PER_SESSION_CONDITIONAL_UNKNOWN_EPOCH,1.0,25.889999999999418,59234.5,MIM,2026-08-27T19:33:00+00:00
PER_SESSION_CONDITIONAL_UNKNOWN_EPOCH,2.0,0.0,0.0,YANK,2026-08-27T19:33:00+00:00
PER_SESSION_CONDITIONAL_UNKNOWN_EPOCH,1.0,25.889999999999418,59234.5,MIM,2026-08-27T19:34:00+00:00
PER_SESSION_CONDITIONAL_UNKNOWN_EPOCH,2.0,0.0,0.0,YANK,2026-08-27T19:34:00+00:00
PER_SESSION_CONDITIONAL_UNKNOWN_EPOCH,1.0,39.38999999999942,59248.0,MIM,2026-08-27T19:35:00+00:00
PER_SESSION_CONDITIONAL_UNKNOWN_EPOCH,2.0,0.0,0.0,YANK,2026-08-27T19:35:00+00:00
PER_SESSION_CONDITIONAL_UNKNOWN_EPOCH,1.0,42.88999999999942,59251.5,MIM,2026-08-27T19:36:00+00:00
PER_SESSION_CONDITIONAL_UNKNOWN_EPOCH,2.0,0.0,0.0,YANK,2026-08-27T19:36:00+00:00
PER_SESSION_CONDITIONAL_UNKNOWN_EPOCH,1.0,39.88999999999942,59248.5,MIM,2026-08-27T19:37:00+00:00
PER_SESSION_CONDITIONAL_UNKNOWN_EPOCH,2.0,0.0,0.0,YANK,2026-08-27T19:37:00+00:00
PER_SESSION_CONDITIONAL_UNKNOWN_EPOCH,1.0,49.88999999999942,59258.5,MIM,2026-08-27T19:38:00+00:00
PER_SESSION_CONDITIONAL_UNKNOWN_EPOCH,2.0,0.0,0.0,YANK,2026-08-27T19:38:00+00:00
PER_SESSION_CONDITIONAL_UNKNOWN_EPOCH,1.0,45.88999999999942,59254.5,MIM,2026-08-27T19:39:00+00:00
PER_SESSION_CONDITIONAL_UNKNOWN_EPOCH,2.0,0.0,0.0,YANK,2026-08-27T19:39:00+00:00
PER_SESSION_CONDITIONAL_UNKNOWN_EPOCH,1.0,48.38999999999942,59257.0,MIM,2026-08-27T19:40:00+00:00
PER_SESSION_CONDITIONAL_UNKNOWN_EPOCH,2.0,0.0,0.0,YANK,2026-08-27T19:40:00+00:00
PER_SESSION_CONDITIONAL_UNKNOWN_EPOCH,1.0,46.88999999999942,59255.5,MIM,2026-08-27T19:41:00+00:00
PER_SESSION_CONDITIONAL_UNKNOWN_EPOCH,2.0,0.0,0.0,YANK,2026-08-27T19:41:00+00:00
PER_SESSION_CONDITIONAL_UNKNOWN_EPOCH,1.0,47.38999999999942,59256.0,MIM,2026-08-27T19:42:00+00:00
PER_SESSION_CONDITIONAL_UNKNOWN_EPOCH,2.0,0.0,0.0,YANK,2026-08-27T19:42:00+00:00
PER_SESSION_CONDITIONAL_UNKNOWN_EPOCH,1.0,47.38999999999942,59256.0,MIM,2026-08-27T19:43:00+00:00
PER_SESSION_CONDITIONAL_UNKNOWN_EPOCH,2.0,0.0,0.0,YANK,2026-08-27T19:43:00+00:00
PER_SESSION_CONDITIONAL_UNKNOWN_EPOCH,1.0,49.88999999999942,59258.5,MIM,2026-08-27T19:44:00+00:00
PER_SESSION_CONDITIONAL_UNKNOWN_EPOCH,2.0,0.0,0.0,YANK,2026-08-27T19:44:00+00:00
PER_SESSION_CONDITIONAL_UNKNOWN_EPOCH,1.0,57.88999999999942,59266.5,MIM,2026-08-27T19:45:00+00:00
PER_SESSION_CONDITIONAL_UNKNOWN_EPOCH,2.0,0.0,0.0,YANK,2026-08-27T19:45:00+00:00
PER_SESSION_CONDITIONAL_UNKNOWN_EPOCH,1.0,63.88999999999942,59272.5,MIM,2026-08-27T19:46:00+00:00
PER_SESSION_CONDITIONAL_UNKNOWN_EPOCH,2.0,0.0,0.0,YANK,2026-08-27T19:46:00+00:00
PER_SESSION_CONDITIONAL_UNKNOWN_EPOCH,1.0,68.88999999999942,59277.5,MIM,2026-08-27T19:47:00+00:00
PER_SESSION_CONDITIONAL_UNKNOWN_EPOCH,2.0,0.0,0.0,YANK,2026-08-27T19:47:00+00:00
PER_SESSION_CONDITIONAL_UNKNOWN_EPOCH,1.0,71.88999999999942,59280.5,MIM,2026-08-27T19:48:00+00:00
PER_SESSION_CONDITIONAL_UNKNOWN_EPOCH,2.0,0.0,0.0,YANK,2026-08-27T19:48:00+00:00
PER_SESSION_CONDITIONAL_UNKNOWN_EPOCH,1.0,80.88999999999942,59289.5,MIM,2026-08-27T19:49:00+00:00
PER_SESSION_CONDITIONAL_UNKNOWN_EPOCH,2.0,0.0,0.0,YANK,2026-08-27T19:49:00+00:00
PER_SESSION_CONDITIONAL_UNKNOWN_EPOCH,1.0,87.38999999999942,59296.0,MIM,2026-08-27T19:50:00+00:00
PER_SESSION_CONDITIONAL_UNKNOWN_EPOCH,2.0,0.0,0.0,YANK,2026-08-27T19:50:00+00:00
PER_SESSION_CONDITIONAL_UNKNOWN_EPOCH,1.0,68.88999999999942,59277.5,MIM,2026-08-27T19:51:00+00:00
PER_SESSION_CONDITIONAL_UNKNOWN_EPOCH,2.0,0.0,0.0,YANK,2026-08-27T19:51:00+00:00
PER_SESSION_CONDITIONAL_UNKNOWN_EPOCH,1.0,75.38999999999942,59284.0,MIM,2026-08-27T19:52:00+00:00
PER_SESSION_CONDITIONAL_UNKNOWN_EPOCH,2.0,0.0,0.0,YANK,2026-08-27T19:52:00+00:00
PER_SESSION_CONDITIONAL_UNKNOWN_EPOCH,1.0,118.38999999999942,59327.0,MIM,2026-08-27T19:53:00+00:00
PER_SESSION_CONDITIONAL_UNKNOWN_EPOCH,2.0,0.0,0.0,YANK,2026-08-27T19:53:00+00:00
PER_SESSION_CONDITIONAL_UNKNOWN_EPOCH,1.0,124.38999999999942,59333.0,MIM,2026-08-27T19:54:00+00:00
PER_SESSION_CONDITIONAL_UNKNOWN_EPOCH,2.0,0.0,0.0,YANK,2026-08-27T19:54:00+00:00
PER_SESSION_CONDITIONAL_UNKNOWN_EPOCH,1.0,155.88999999999942,59364.5,MIM,2026-08-27T19:55:00+00:00
PER_SESSION_CONDITIONAL_UNKNOWN_EPOCH,2.0,0.0,0.0,YANK,2026-08-27T19:55:00+00:00
PER_SESSION_CONDITIONAL_UNKNOWN_EPOCH,1.0,142.88999999999942,59351.5,MIM,2026-08-27T19:56:00+00:00
PER_SESSION_CONDITIONAL_UNKNOWN_EPOCH,2.0,0.0,0.0,YANK,2026-08-27T19:56:00+00:00
PER_SESSION_CONDITIONAL_UNKNOWN_EPOCH,1.0,161.38999999999942,59370.0,MIM,2026-08-27T19:57:00+00:00
PER_SESSION_CONDITIONAL_UNKNOWN_EPOCH,2.0,0.0,0.0,YANK,2026-08-27T19:57:00+00:00
PER_SESSION_CONDITIONAL_UNKNOWN_EPOCH,1.0,174.38999999999942,59383.0,MIM,2026-08-27T19:58:00+00:00
PER_SESSION_CONDITIONAL_UNKNOWN_EPOCH,2.0,0.0,0.0,YANK,2026-08-27T19:58:00+00:00
PER_SESSION_CONDITIONAL_UNKNOWN_EPOCH,1.0,177.38999999999942,59386.0,MIM,2026-08-27T19:59:00+00:00
PER_SESSION_CONDITIONAL_UNKNOWN_EPOCH,2.0,0.0,0.0,YANK,2026-08-27T19:59:00+00:00
PER_SESSION_CONDITIONAL_UNKNOWN_EPOCH,1.0,174.38999999999942,59383.0,MIM,2026-08-27T20:00:00+00:00
PER_SESSION_CONDITIONAL_UNKNOWN_EPOCH,2.0,0.0,0.0,YANK,2026-08-27T20:00:00+00:00
PER_SESSION_CONDITIONAL_UNKNOWN_EPOCH,1.0,176.77999999999884,0.0,MIM,2026-08-27T20:01:00+00:00
PER_SESSION_CONDITIONAL_UNKNOWN_EPOCH,2.0,0.0,0.0,YANK,2026-08-27T20:01:00+00:00
PER_SESSION_CONDITIONAL_UNKNOWN_EPOCH,1.0,0.0,0.0,MIM,2026-08-28T13:31:00+00:00
PER_SESSION_CONDITIONAL_UNKNOWN_EPOCH,2.0,0.0,0.0,YANK,2026-08-28T13:31:00+00:00
PER_SESSION_CONDITIONAL_UNKNOWN_EPOCH,1.0,0.0,0.0,MIM,2026-08-28T13:32:00+00:00
PER_SESSION_CONDITIONAL_UNKNOWN_EPOCH,2.0,0.0,0.0,YANK,2026-08-28T13:32:00+00:00
PER_SESSION_CONDITIONAL_UNKNOWN_EPOCH,1.0,0.0,0.0,MIM,2026-08-28T13:33:00+00:00
PER_SESSION_CONDITIONAL_UNKNOWN_EPOCH,2.0,0.0,0.0,YANK,2026-08-28T13:33:00+00:00
PER_SESSION_CONDITIONAL_UNKNOWN_EPOCH,1.0,0.0,0.0,MIM,2026-08-28T13:34:00+00:00
PER_SESSION_CONDITIONAL_UNKNOWN_EPOCH,2.0,0.0,0.0,YANK,2026-08-28T13:34:00+00:00
PER_SESSION_CONDITIONAL_UNKNOWN_EPOCH,1.0,0.0,0.0,MIM,2026-08-28T13:35:00+00:00
PER_SESSION_CONDITIONAL_UNKNOWN_EPOCH,2.0,0.0,0.0,YANK,2026-08-28T13:35:00+00:00
PER_SESSION_CONDITIONAL_UNKNOWN_EPOCH,1.0,0.0,0.0,MIM,2026-08-28T13:36:00+00:00
PER_SESSION_CONDITIONAL_UNKNOWN_EPOCH,2.0,0.0,0.0,YANK,2026-08-28T13:36:00+00:00
PER_SESSION_CONDITIONAL_UNKNOWN_EPOCH,1.0,0.0,0.0,MIM,2026-08-28T13:37:00+00:00
PER_SESSION_CONDITIONAL_UNKNOWN_EPOCH,2.0,0.0,0.0,YANK,2026-08-28T13:37:00+00:00
PER_SESSION_CONDITIONAL_UNKNOWN_EPOCH,1.0,0.0,0.0,MIM,2026-08-28T13:38:00+00:00
PER_SESSION_CONDITIONAL_UNKNOWN_EPOCH,2.0,0.0,0.0,YANK,2026-08-28T13:38:00+00:00
PER_SESSION_CONDITIONAL_UNKNOWN_EPOCH,1.0,0.0,0.0,MIM,2026-08-28T13:39:00+00:00
PER_SESSION_CONDITIONAL_UNKNOWN_EPOCH,2.0,0.0,0.0,YANK,2026-08-28T13:39:00+00:00
PER_SESSION_CONDITIONAL_UNKNOWN_EPOCH,1.0,0.0,0.0,MIM,2026-08-28T13:40:00+00:00
PER_SESSION_CONDITIONAL_UNKNOWN_EPOCH,2.0,0.0,0.0,YANK,2026-08-28T13:40:00+00:00
PER_SESSION_CONDITIONAL_UNKNOWN_EPOCH,1.0,0.0,0.0,MIM,2026-08-28T13:41:00+00:00
PER_SESSION_CONDITIONAL_UNKNOWN_EPOCH,2.0,0.0,0.0,YANK,2026-08-28T13:41:00+00:00
PER_SESSION_CONDITIONAL_UNKNOWN_EPOCH,1.0,0.0,0.0,MIM,2026-08-28T13:42:00+00:00
PER_SESSION_CONDITIONAL_UNKNOWN_EPOCH,2.0,0.0,0.0,YANK,2026-08-28T13:42:00+00:00
PER_SESSION_CONDITIONAL_UNKNOWN_EPOCH,1.0,0.0,0.0,MIM,2026-08-28T13:43:00+00:00
PER_SESSION_CONDITIONAL_UNKNOWN_EPOCH,2.0,0.0,0.0,YANK,2026-08-28T13:43:00+00:00
PER_SESSION_CONDITIONAL_UNKNOWN_EPOCH,1.0,0.0,0.0,MIM,2026-08-28T13:44:00+00:00
PER_SESSION_CONDITIONAL_UNKNOWN_EPOCH,2.0,0.0,0.0,YANK,2026-08-28T13:44:00+00:00
PER_SESSION_CONDITIONAL_UNKNOWN_EPOCH,1.0,0.0,0.0,MIM,2026-08-28T13:45:00+00:00
PER_SESSION_CONDITIONAL_UNKNOWN_EPOCH,2.0,0.0,0.0,YANK,2026-08-28T13:45:00+00:00
PER_SESSION_CONDITIONAL_UNKNOWN_EPOCH,1.0,0.0,0.0,MIM,2026-08-28T13:46:00+00:00
PER_SESSION_CONDITIONAL_UNKNOWN_EPOCH,2.0,0.0,0.0,YANK,2026-08-28T13:46:00+00:00
PER_SESSION_CONDITIONAL_UNKNOWN_EPOCH,1.0,0.0,0.0,MIM,2026-08-28T13:47:00+00:00
PER_SESSION_CONDITIONAL_UNKNOWN_EPOCH,2.0,0.0,0.0,YANK,2026-08-28T13:47:00+00:00
PER_SESSION_CONDITIONAL_UNKNOWN_EPOCH,1.0,0.0,0.0,MIM,2026-08-28T13:48:00+00:00
PER_SESSION_CONDITIONAL_UNKNOWN_EPOCH,2.0,0.0,0.0,YANK,2026-08-28T13:48:00+00:00
PER_SESSION_CONDITIONAL_UNKNOWN_EPOCH,1.0,0.0,0.0,MIM,2026-08-28T13:49:00+00:00
PER_SESSION_CONDITIONAL_UNKNOWN_EPOCH,2.0,0.0,0.0,YANK,2026-08-28T13:49:00+00:00
PER_SESSION_CONDITIONAL_UNKNOWN_EPOCH,1.0,0.0,0.0,MIM,2026-08-28T13:50:00+00:00
PER_SESSION_CONDITIONAL_UNKNOWN_EPOCH,2.0,0.0,0.0,YANK,2026-08-28T13:50:00+00:00
PER_SESSION_CONDITIONAL_UNKNOWN_EPOCH,1.0,0.0,0.0,MIM,2026-08-28T13:51:00+00:00
PER_SESSION_CONDITIONAL_UNKNOWN_EPOCH,2.0,0.0,0.0,YANK,2026-08-28T13:51:00+00:00
PER_SESSION_CONDITIONAL_UNKNOWN_EPOCH,1.0,0.0,0.0,MIM,2026-08-28T13:52:00+00:00
PER_SESSION_CONDITIONAL_UNKNOWN_EPOCH,2.0,0.0,0.0,YANK,2026-08-28T13:52:00+00:00
PER_SESSION_CONDITIONAL_UNKNOWN_EPOCH,1.0,0.0,0.0,MIM,2026-08-28T13:53:00+00:00
PER_SESSION_CONDITIONAL_UNKNOWN_EPOCH,2.0,0.0,0.0,YANK,2026-08-28T13:53:00+00:00
PER_SESSION_CONDITIONAL_UNKNOWN_EPOCH,1.0,0.0,0.0,MIM,2026-08-28T13:54:00+00:00
PER_SESSION_CONDITIONAL_UNKNOWN_EPOCH,2.0,0.0,0.0,YANK,2026-08-28T13:54:00+00:00
PER_SESSION_CONDITIONAL_UNKNOWN_EPOCH,1.0,0.0,0.0,MIM,2026-08-28T13:55:00+00:00
PER_SESSION_CONDITIONAL_UNKNOWN_EPOCH,2.0,0.0,0.0,YANK,2026-08-28T13:55:00+00:00
PER_SESSION_CONDITIONAL_UNKNOWN_EPOCH,1.0,0.0,0.0,MIM,2026-08-28T13:56:00+00:00
PER_SESSION_CONDITIONAL_UNKNOWN_EPOCH,2.0,0.0,0.0,YANK,2026-08-28T13:56:00+00:00
PER_SESSION_CONDITIONAL_UNKNOWN_EPOCH,1.0,0.0,0.0,MIM,2026-08-28T13:57:00+00:00
PER_SESSION_CONDITIONAL_UNKNOWN_EPOCH,2.0,0.0,0.0,YANK,2026-08-28T13:57:00+00:00
PER_SESSION_CONDITIONAL_UNKNOWN_EPOCH,1.0,0.0,0.0,MIM,2026-08-28T13:58:00+00:00
PER_SESSION_CONDITIONAL_UNKNOWN_EPOCH,2.0,0.0,0.0,YANK,2026-08-28T13:58:00+00:00
PER_SESSION_CONDITIONAL_UNKNOWN_EPOCH,1.0,0.0,0.0,MIM,2026-08-28T13:59:00+00:00
PER_SESSION_CONDITIONAL_UNKNOWN_EPOCH,2.0,0.0,0.0,YANK,2026-08-28T13:59:00+00:00
PER_SESSION_CONDITIONAL_UNKNOWN_EPOCH,1.0,0.0,0.0,MIM,2026-08-28T14:00:00+00:00
PER_SESSION_CONDITIONAL_UNKNOWN_EPOCH,2.0,0.0,0.0,YANK,2026-08-28T14:00:00+00:00
PER_SESSION_CONDITIONAL_UNKNOWN_EPOCH,1.0,0.0,0.0,MIM,2026-08-28T14:01:00+00:00
PER_SESSION_CONDITIONAL_UNKNOWN_EPOCH,2.0,0.0,0.0,YANK,2026-08-28T14:01:00+00:00
PER_SESSION_CONDITIONAL_UNKNOWN_EPOCH,1.0,0.0,0.0,MIM,2026-08-28T14:02:00+00:00
PER_SESSION_CONDITIONAL_UNKNOWN_EPOCH,2.0,0.0,0.0,YANK,2026-08-28T14:02:00+00:00
PER_SESSION_CONDITIONAL_UNKNOWN_EPOCH,1.0,0.0,0.0,MIM,2026-08-28T14:03:00+00:00
PER_SESSION_CONDITIONAL_UNKNOWN_EPOCH,2.0,0.0,0.0,YANK,2026-08-28T14:03:00+00:00
PER_SESSION_CONDITIONAL_UNKNOWN_EPOCH,1.0,0.0,0.0,MIM,2026-08-28T14:04:00+00:00
PER_SESSION_CONDITIONAL_UNKNOWN_EPOCH,2.0,0.0,0.0,YANK,2026-08-28T14:04:00+00:00
PER_SESSION_CONDITIONAL_UNKNOWN_EPOCH,1.0,0.0,0.0,MIM,2026-08-28T14:05:00+00:00
PER_SESSION_CONDITIONAL_UNKNOWN_EPOCH,2.0,0.0,0.0,YANK,2026-08-28T14:05:00+00:00
PER_SESSION_CONDITIONAL_UNKNOWN_EPOCH,1.0,0.0,0.0,MIM,2026-08-28T14:06:00+00:00
PER_SESSION_CONDITIONAL_UNKNOWN_EPOCH,2.0,0.0,0.0,YANK,2026-08-28T14:06:00+00:00
PER_SESSION_CONDITIONAL_UNKNOWN_EPOCH,1.0,0.0,0.0,MIM,2026-08-28T14:07:00+00:00
PER_SESSION_CONDITIONAL_UNKNOWN_EPOCH,2.0,0.0,0.0,YANK,2026-08-28T14:07:00+00:00
PER_SESSION_CONDITIONAL_UNKNOWN_EPOCH,1.0,0.0,0.0,MIM,2026-08-28T14:08:00+00:00
PER_SESSION_CONDITIONAL_UNKNOWN_EPOCH,2.0,0.0,0.0,YANK,2026-08-28T14:08:00+00:00
PER_SESSION_CONDITIONAL_UNKNOWN_EPOCH,1.0,0.0,0.0,MIM,2026-08-28T14:09:00+00:00
PER_SESSION_CONDITIONAL_UNKNOWN_EPOCH,2.0,0.0,0.0,YANK,2026-08-28T14:09:00+00:00
PER_SESSION_CONDITIONAL_UNKNOWN_EPOCH,1.0,0.0,0.0,MIM,2026-08-28T14:10:00+00:00
PER_SESSION_CONDITIONAL_UNKNOWN_EPOCH,2.0,0.0,0.0,YANK,2026-08-28T14:10:00+00:00
PER_SESSION_CONDITIONAL_UNKNOWN_EPOCH,1.0,0.0,0.0,MIM,2026-08-28T14:11:00+00:00
PER_SESSION_CONDITIONAL_UNKNOWN_EPOCH,2.0,0.0,0.0,YANK,2026-08-28T14:11:00+00:00
PER_SESSION_CONDITIONAL_UNKNOWN_EPOCH,1.0,0.0,0.0,MIM,2026-08-28T14:12:00+00:00
PER_SESSION_CONDITIONAL_UNKNOWN_EPOCH,2.0,0.0,0.0,YANK,2026-08-28T14:12:00+00:00
PER_SESSION_CONDITIONAL_UNKNOWN_EPOCH,1.0,0.0,0.0,MIM,2026-08-28T14:13:00+00:00
PER_SESSION_CONDITIONAL_UNKNOWN_EPOCH,2.0,0.0,0.0,YANK,2026-08-28T14:13:00+00:00
PER_SESSION_CONDITIONAL_UNKNOWN_EPOCH,1.0,0.0,0.0,MIM,2026-08-28T14:14:00+00:00
PER_SESSION_CONDITIONAL_UNKNOWN_EPOCH,2.0,0.0,0.0,YANK,2026-08-28T14:14:00+00:00
PER_SESSION_CONDITIONAL_UNKNOWN_EPOCH,1.0,0.0,0.0,MIM,2026-08-28T14:15:00+00:00
PER_SESSION_CONDITIONAL_UNKNOWN_EPOCH,2.0,0.0,0.0,YANK,2026-08-28T14:15:00+00:00
PER_SESSION_CONDITIONAL_UNKNOWN_EPOCH,1.0,0.0,0.0,MIM,2026-08-28T14:16:00+00:00
PER_SESSION_CONDITIONAL_UNKNOWN_EPOCH,2.0,0.0,0.0,YANK,2026-08-28T14:16:00+00:00
PER_SESSION_CONDITIONAL_UNKNOWN_EPOCH,1.0,0.0,0.0,MIM,2026-08-28T14:17:00+00:00
PER_SESSION_CONDITIONAL_UNKNOWN_EPOCH,2.0,0.0,0.0,YANK,2026-08-28T14:17:00+00:00
PER_SESSION_CONDITIONAL_UNKNOWN_EPOCH,1.0,0.0,0.0,MIM,2026-08-28T14:18:00+00:00
PER_SESSION_CONDITIONAL_UNKNOWN_EPOCH,2.0,0.0,0.0,YANK,2026-08-28T14:18:00+00:00
PER_SESSION_CONDITIONAL_UNKNOWN_EPOCH,1.0,0.0,0.0,MIM,2026-08-28T14:19:00+00:00
PER_SESSION_CONDITIONAL_UNKNOWN_EPOCH,2.0,0.0,0.0,YANK,2026-08-28T14:19:00+00:00
PER_SESSION_CONDITIONAL_UNKNOWN_EPOCH,1.0,0.0,0.0,MIM,2026-08-28T14:20:00+00:00
PER_SESSION_CONDITIONAL_UNKNOWN_EPOCH,2.0,0.0,0.0,YANK,2026-08-28T14:20:00+00:00
PER_SESSION_CONDITIONAL_UNKNOWN_EPOCH,1.0,0.0,0.0,MIM,2026-08-28T14:21:00+00:00
PER_SESSION_CONDITIONAL_UNKNOWN_EPOCH,2.0,0.0,0.0,YANK,2026-08-28T14:21:00+00:00
PER_SESSION_CONDITIONAL_UNKNOWN_EPOCH,1.0,0.0,0.0,MIM,2026-08-28T14:22:00+00:00
PER_SESSION_CONDITIONAL_UNKNOWN_EPOCH,2.0,0.0,0.0,YANK,2026-08-28T14:22:00+00:00
PER_SESSION_CONDITIONAL_UNKNOWN_EPOCH,1.0,0.0,0.0,MIM,2026-08-28T14:23:00+00:00
PER_SESSION_CONDITIONAL_UNKNOWN_EPOCH,2.0,0.0,0.0,YANK,2026-08-28T14:23:00+00:00
PER_SESSION_CONDITIONAL_UNKNOWN_EPOCH,1.0,0.0,0.0,MIM,2026-08-28T14:24:00+00:00
PER_SESSION_CONDITIONAL_UNKNOWN_EPOCH,2.0,0.0,0.0,YANK,2026-08-28T14:24:00+00:00
PER_SESSION_CONDITIONAL_UNKNOWN_EPOCH,1.0,0.0,0.0,MIM,2026-08-28T14:25:00+00:00
PER_SESSION_CONDITIONAL_UNKNOWN_EPOCH,2.0,0.0,0.0,YANK,2026-08-28T14:25:00+00:00
PER_SESSION_CONDITIONAL_UNKNOWN_EPOCH,1.0,0.0,0.0,MIM,2026-08-28T14:26:00+00:00
PER_SESSION_CONDITIONAL_UNKNOWN_EPOCH,2.0,0.0,0.0,YANK,2026-08-28T14:26:00+00:00
PER_SESSION_CONDITIONAL_UNKNOWN_EPOCH,1.0,0.0,0.0,MIM,2026-08-28T14:27:00+00:00
PER_SESSION_CONDITIONAL_UNKNOWN_EPOCH,2.0,0.0,0.0,YANK,2026-08-28T14:27:00+00:00
PER_SESSION_CONDITIONAL_UNKNOWN_EPOCH,1.0,0.0,0.0,MIM,2026-08-28T14:28:00+00:00
PER_SESSION_CONDITIONAL_UNKNOWN_EPOCH,2.0,0.0,0.0,YANK,2026-08-28T14:28:00+00:00
PER_SESSION_CONDITIONAL_UNKNOWN_EPOCH,1.0,0.0,0.0,MIM,2026-08-28T14:29:00+00:00
PER_SESSION_CONDITIONAL_UNKNOWN_EPOCH,2.0,0.0,0.0,YANK,2026-08-28T14:29:00+00:00
PER_SESSION_CONDITIONAL_UNKNOWN_EPOCH,1.0,0.0,0.0,MIM,2026-08-28T14:30:00+00:00
PER_SESSION_CONDITIONAL_UNKNOWN_EPOCH,2.0,0.0,0.0,YANK,2026-08-28T14:30:00+00:00
PER_SESSION_CONDITIONAL_UNKNOWN_EPOCH,1.0,0.0,0.0,MIM,2026-08-28T14:31:00+00:00
PER_SESSION_CONDITIONAL_UNKNOWN_EPOCH,2.0,0.0,0.0,YANK,2026-08-28T14:31:00+00:00
PER_SESSION_CONDITIONAL_UNKNOWN_EPOCH,1.0,0.0,0.0,MIM,2026-08-28T14:32:00+00:00
PER_SESSION_CONDITIONAL_UNKNOWN_EPOCH,2.0,0.0,0.0,YANK,2026-08-28T14:32:00+00:00
PER_SESSION_CONDITIONAL_UNKNOWN_EPOCH,1.0,0.0,0.0,MIM,2026-08-28T14:33:00+00:00
PER_SESSION_CONDITIONAL_UNKNOWN_EPOCH,2.0,0.0,0.0,YANK,2026-08-28T14:33:00+00:00
PER_SESSION_CONDITIONAL_UNKNOWN_EPOCH,1.0,0.0,0.0,MIM,2026-08-28T14:34:00+00:00
PER_SESSION_CONDITIONAL_UNKNOWN_EPOCH,2.0,0.0,0.0,YANK,2026-08-28T14:34:00+00:00
PER_SESSION_CONDITIONAL_UNKNOWN_EPOCH,1.0,0.0,0.0,MIM,2026-08-28T14:35:00+00:00
PER_SESSION_CONDITIONAL_UNKNOWN_EPOCH,2.0,0.0,0.0,YANK,2026-08-28T14:35:00+00:00
PER_SESSION_CONDITIONAL_UNKNOWN_EPOCH,1.0,0.0,0.0,MIM,2026-08-28T14:36:00+00:00
PER_SESSION_CONDITIONAL_UNKNOWN_EPOCH,2.0,0.0,0.0,YANK,2026-08-28T14:36:00+00:00
PER_SESSION_CONDITIONAL_UNKNOWN_EPOCH,1.0,0.0,0.0,MIM,2026-08-28T14:37:00+00:00
PER_SESSION_CONDITIONAL_UNKNOWN_EPOCH,2.0,0.0,0.0,YANK,2026-08-28T14:37:00+00:00
PER_SESSION_CONDITIONAL_UNKNOWN_EPOCH,1.0,0.0,0.0,MIM,2026-08-28T14:38:00+00:00
PER_SESSION_CONDITIONAL_UNKNOWN_EPOCH,2.0,0.0,0.0,YANK,2026-08-28T14:38:00+00:00
PER_SESSION_CONDITIONAL_UNKNOWN_EPOCH,1.0,0.0,0.0,MIM,2026-08-28T14:39:00+00:00
PER_SESSION_CONDITIONAL_UNKNOWN_EPOCH,2.0,0.0,0.0,YANK,2026-08-28T14:39:00+00:00
PER_SESSION_CONDITIONAL_UNKNOWN_EPOCH,1.0,0.0,0.0,MIM,2026-08-28T14:40:00+00:00
PER_SESSION_CONDITIONAL_UNKNOWN_EPOCH,2.0,0.0,0.0,YANK,2026-08-28T14:40:00+00:00
PER_SESSION_CONDITIONAL_UNKNOWN_EPOCH,1.0,0.0,0.0,MIM,2026-08-28T14:41:00+00:00
PER_SESSION_CONDITIONAL_UNKNOWN_EPOCH,2.0,0.0,0.0,YANK,2026-08-28T14:41:00+00:00
PER_SESSION_CONDITIONAL_UNKNOWN_EPOCH,1.0,0.0,0.0,MIM,2026-08-28T14:42:00+00:00
PER_SESSION_CONDITIONAL_UNKNOWN_EPOCH,2.0,0.0,0.0,YANK,2026-08-28T14:42:00+00:00
PER_SESSION_CONDITIONAL_UNKNOWN_EPOCH,1.0,0.0,0.0,MIM,2026-08-28T14:43:00+00:00
PER_SESSION_CONDITIONAL_UNKNOWN_EPOCH,2.0,0.0,0.0,YANK,2026-08-28T14:43:00+00:00
PER_SESSION_CONDITIONAL_UNKNOWN_EPOCH,1.0,0.0,0.0,MIM,2026-08-28T14:44:00+00:00
PER_SESSION_CONDITIONAL_UNKNOWN_EPOCH,2.0,0.0,0.0,YANK,2026-08-28T14:44:00+00:00
PER_SESSION_CONDITIONAL_UNKNOWN_EPOCH,1.0,0.0,0.0,MIM,2026-08-28T14:45:00+00:00
PER_SESSION_CONDITIONAL_UNKNOWN_EPOCH,2.0,0.0,0.0,YANK,2026-08-28T14:45:00+00:00
PER_SESSION_CONDITIONAL_UNKNOWN_EPOCH,1.0,0.0,0.0,MIM,2026-08-28T14:46:00+00:00
PER_SESSION_CONDITIONAL_UNKNOWN_EPOCH,2.0,0.0,0.0,YANK,2026-08-28T14:46:00+00:00
PER_SESSION_CONDITIONAL_UNKNOWN_EPOCH,1.0,0.0,0.0,MIM,2026-08-28T14:47:00+00:00
PER_SESSION_CONDITIONAL_UNKNOWN_EPOCH,2.0,0.0,0.0,YANK,2026-08-28T14:47:00+00:00
PER_SESSION_CONDITIONAL_UNKNOWN_EPOCH,1.0,0.0,0.0,MIM,2026-08-28T14:48:00+00:00
PER_SESSION_CONDITIONAL_UNKNOWN_EPOCH,2.0,0.0,0.0,YANK,2026-08-28T14:48:00+00:00
PER_SESSION_CONDITIONAL_UNKNOWN_EPOCH,1.0,0.0,0.0,MIM,2026-08-28T14:49:00+00:00
PER_SESSION_CONDITIONAL_UNKNOWN_EPOCH,2.0,0.0,0.0,YANK,2026-08-28T14:49:00+00:00
PER_SESSION_CONDITIONAL_UNKNOWN_EPOCH,1.0,0.0,0.0,MIM,2026-08-28T14:50:00+00:00
PER_SESSION_CONDITIONAL_UNKNOWN_EPOCH,2.0,0.0,0.0,YANK,2026-08-28T14:50:00+00:00
PER_SESSION_CONDITIONAL_UNKNOWN_EPOCH,1.0,0.0,0.0,MIM,2026-08-28T14:51:00+00:00
PER_SESSION_CONDITIONAL_UNKNOWN_EPOCH,2.0,0.0,0.0,YANK,2026-08-28T14:51:00+00:00
PER_SESSION_CONDITIONAL_UNKNOWN_EPOCH,1.0,0.0,0.0,MIM,2026-08-28T14:52:00+00:00
PER_SESSION_CONDITIONAL_UNKNOWN_EPOCH,2.0,0.0,0.0,YANK,2026-08-28T14:52:00+00:00
PER_SESSION_CONDITIONAL_UNKNOWN_EPOCH,1.0,0.0,0.0,MIM,2026-08-28T14:53:00+00:00
PER_SESSION_CONDITIONAL_UNKNOWN_EPOCH,2.0,0.0,0.0,YANK,2026-08-28T14:53:00+00:00
PER_SESSION_CONDITIONAL_UNKNOWN_EPOCH,1.0,0.0,0.0,MIM,2026-08-28T14:54:00+00:00
PER_SESSION_CONDITIONAL_UNKNOWN_EPOCH,2.0,0.0,0.0,YANK,2026-08-28T14:54:00+00:00
PER_SESSION_CONDITIONAL_UNKNOWN_EPOCH,1.0,0.0,0.0,MIM,2026-08-28T14:55:00+00:00
PER_SESSION_CONDITIONAL_UNKNOWN_EPOCH,2.0,0.0,0.0,YANK,2026-08-28T14:55:00+00:00
PER_SESSION_CONDITIONAL_UNKNOWN_EPOCH,1.0,0.0,0.0,MIM,2026-08-28T14:56:00+00:00
PER_SESSION_CONDITIONAL_UNKNOWN_EPOCH,2.0,0.0,0.0,YANK,2026-08-28T14:56:00+00:00
PER_SESSION_CONDITIONAL_UNKNOWN_EPOCH,1.0,0.0,0.0,MIM,2026-08-28T14:57:00+00:00
PER_SESSION_CONDITIONAL_UNKNOWN_EPOCH,2.0,0.0,0.0,YANK,2026-08-28T14:57:00+00:00
PER_SESSION_CONDITIONAL_UNKNOWN_EPOCH,1.0,0.0,0.0,MIM,2026-08-28T14:58:00+00:00
PER_SESSION_CONDITIONAL_UNKNOWN_EPOCH,2.0,0.0,0.0,YANK,2026-08-28T14:58:00+00:00
PER_SESSION_CONDITIONAL_UNKNOWN_EPOCH,1.0,0.0,0.0,MIM,2026-08-28T14:59:00+00:00
PER_SESSION_CONDITIONAL_UNKNOWN_EPOCH,2.0,0.0,0.0,YANK,2026-08-28T14:59:00+00:00
PER_SESSION_CONDITIONAL_UNKNOWN_EPOCH,1.0,0.0,0.0,MIM,2026-08-28T15:00:00+00:00
PER_SESSION_CONDITIONAL_UNKNOWN_EPOCH,2.0,0.0,0.0,YANK,2026-08-28T15:00:00+00:00
PER_SESSION_CONDITIONAL_UNKNOWN_EPOCH,1.0,30.889999999999418,59615.0,MIM,2026-08-28T15:01:00+00:00
PER_SESSION_CONDITIONAL_UNKNOWN_EPOCH,2.0,0.0,0.0,YANK,2026-08-28T15:01:00+00:00
PER_SESSION_CONDITIONAL_UNKNOWN_EPOCH,1.0,-6.110000000000582,59578.0,MIM,2026-08-28T15:02:00+00:00
PER_SESSION_CONDITIONAL_UNKNOWN_EPOCH,2.0,0.0,0.0,YANK,2026-08-28T15:02:00+00:00
PER_SESSION_CONDITIONAL_UNKNOWN_EPOCH,1.0,-6.610000000000582,59577.5,MIM,2026-08-28T15:03:00+00:00
PER_SESSION_CONDITIONAL_UNKNOWN_EPOCH,2.0,0.0,0.0,YANK,2026-08-28T15:03:00+00:00
PER_SESSION_CONDITIONAL_UNKNOWN_EPOCH,1.0,12.889999999999418,59597.0,MIM,2026-08-28T15:04:00+00:00
PER_SESSION_CONDITIONAL_UNKNOWN_EPOCH,2.0,0.0,0.0,YANK,2026-08-28T15:04:00+00:00
PER_SESSION_CONDITIONAL_UNKNOWN_EPOCH,1.0,9.889999999999418,59594.0,MIM,2026-08-28T15:05:00+00:00
PER_SESSION_CONDITIONAL_UNKNOWN_EPOCH,2.0,0.0,0.0,YANK,2026-08-28T15:05:00+00:00
PER_SESSION_CONDITIONAL_UNKNOWN_EPOCH,1.0,12.889999999999418,59597.0,MIM,2026-08-28T15:06:00+00:00
PER_SESSION_CONDITIONAL_UNKNOWN_EPOCH,2.0,0.0,0.0,YANK,2026-08-28T15:06:00+00:00
PER_SESSION_CONDITIONAL_UNKNOWN_EPOCH,1.0,-7.610000000000582,59576.5,MIM,2026-08-28T15:07:00+00:00
PER_SESSION_CONDITIONAL_UNKNOWN_EPOCH,2.0,0.0,0.0,YANK,2026-08-28T15:07:00+00:00
PER_SESSION_CONDITIONAL_UNKNOWN_EPOCH,1.0,-4.610000000000582,59579.5,MIM,2026-08-28T15:08:00+00:00
PER_SESSION_CONDITIONAL_UNKNOWN_EPOCH,2.0,0.0,0.0,YANK,2026-08-28T15:08:00+00:00
PER_SESSION_CONDITIONAL_UNKNOWN_EPOCH,1.0,-47.11000000000058,59537.0,MIM,2026-08-28T15:09:00+00:00
PER_SESSION_CONDITIONAL_UNKNOWN_EPOCH,2.0,0.0,0.0,YANK,2026-08-28T15:09:00+00:00
PER_SESSION_CONDITIONAL_UNKNOWN_EPOCH,1.0,-59.11000000000058,59525.0,MIM,2026-08-28T15:10:00+00:00
PER_SESSION_CONDITIONAL_UNKNOWN_EPOCH,2.0,0.0,0.0,YANK,2026-08-28T15:10:00+00:00
PER_SESSION_CONDITIONAL_UNKNOWN_EPOCH,1.0,-65.61000000000058,59518.5,MIM,2026-08-28T15:11:00+00:00
PER_SESSION_CONDITIONAL_UNKNOWN_EPOCH,2.0,0.0,0.0,YANK,2026-08-28T15:11:00+00:00
PER_SESSION_CONDITIONAL_UNKNOWN_EPOCH,1.0,-76.61000000000058,59507.5,MIM,2026-08-28T15:12:00+00:00
PER_SESSION_CONDITIONAL_UNKNOWN_EPOCH,2.0,0.0,0.0,YANK,2026-08-28T15:12:00+00:00
PER_SESSION_CONDITIONAL_UNKNOWN_EPOCH,1.0,-84.11000000000058,59500.0,MIM,2026-08-28T15:13:00+00:00
PER_SESSION_CONDITIONAL_UNKNOWN_EPOCH,2.0,0.0,0.0,YANK,2026-08-28T15:13:00+00:00
PER_SESSION_CONDITIONAL_UNKNOWN_EPOCH,1.0,-67.11000000000058,59517.0,MIM,2026-08-28T15:14:00+00:00
PER_SESSION_CONDITIONAL_UNKNOWN_EPOCH,2.0,0.0,0.0,YANK,2026-08-28T15:14:00+00:00
PER_SESSION_CONDITIONAL_UNKNOWN_EPOCH,1.0,-88.61000000000058,59495.5,MIM,2026-08-28T15:15:00+00:00
PER_SESSION_CONDITIONAL_UNKNOWN_EPOCH,2.0,0.0,0.0,YANK,2026-08-28T15:15:00+00:00
PER_SESSION_CONDITIONAL_UNKNOWN_EPOCH,1.0,-62.61000000000058,59521.5,MIM,2026-08-28T15:16:00+00:00
PER_SESSION_CONDITIONAL_UNKNOWN_EPOCH,2.0,0.0,0.0,YANK,2026-08-28T15:16:00+00:00
PER_SESSION_CONDITIONAL_UNKNOWN_EPOCH,1.0,-62.11000000000058,59522.0,MIM,2026-08-28T15:17:00+00:00
PER_SESSION_CONDITIONAL_UNKNOWN_EPOCH,2.0,0.0,0.0,YANK,2026-08-28T15:17:00+00:00
PER_SESSION_CONDITIONAL_UNKNOWN_EPOCH,1.0,-68.11000000000058,59516.0,MIM,2026-08-28T15:18:00+00:00
PER_SESSION_CONDITIONAL_UNKNOWN_EPOCH,2.0,0.0,0.0,YANK,2026-08-28T15:18:00+00:00
PER_SESSION_CONDITIONAL_UNKNOWN_EPOCH,1.0,-83.61000000000058,59500.5,MIM,2026-08-28T15:19:00+00:00
PER_SESSION_CONDITIONAL_UNKNOWN_EPOCH,2.0,0.0,0.0,YANK,2026-08-28T15:19:00+00:00
PER_SESSION_CONDITIONAL_UNKNOWN_EPOCH,1.0,-88.61000000000058,59495.5,MIM,2026-08-28T15:20:00+00:00
PER_SESSION_CONDITIONAL_UNKNOWN_EPOCH,2.0,0.0,0.0,YANK,2026-08-28T15:20:00+00:00
PER_SESSION_CONDITIONAL_UNKNOWN_EPOCH,1.0,-46.11000000000058,59538.0,MIM,2026-08-28T15:21:00+00:00
PER_SESSION_CONDITIONAL_UNKNOWN_EPOCH,2.0,0.0,0.0,YANK,2026-08-28T15:21:00+00:00
PER_SESSION_CONDITIONAL_UNKNOWN_EPOCH,1.0,-93.11000000000058,59491.0,MIM,2026-08-28T15:22:00+00:00
PER_SESSION_CONDITIONAL_UNKNOWN_EPOCH,2.0,0.0,0.0,YANK,2026-08-28T15:22:00+00:00
PER_SESSION_CONDITIONAL_UNKNOWN_EPOCH,1.0,-93.61000000000058,59490.5,MIM,2026-08-28T15:23:00+00:00
PER_SESSION_CONDITIONAL_UNKNOWN_EPOCH,2.0,0.0,0.0,YANK,2026-08-28T15:23:00+00:00
PER_SESSION_CONDITIONAL_UNKNOWN_EPOCH,1.0,-49.61000000000058,59534.5,MIM,2026-08-28T15:24:00+00:00
PER_SESSION_CONDITIONAL_UNKNOWN_EPOCH,2.0,0.0,0.0,YANK,2026-08-28T15:24:00+00:00
PER_SESSION_CONDITIONAL_UNKNOWN_EPOCH,1.0,-47.61000000000058,59536.5,MIM,2026-08-28T15:25:00+00:00
PER_SESSION_CONDITIONAL_UNKNOWN_EPOCH,2.0,0.0,0.0,YANK,2026-08-28T15:25:00+00:00
PER_SESSION_CONDITIONAL_UNKNOWN_EPOCH,1.0,-16.610000000000582,59567.5,MIM,2026-08-28T15:26:00+00:00
PER_SESSION_CONDITIONAL_UNKNOWN_EPOCH,2.0,0.0,0.0,YANK,2026-08-28T15:26:00+00:00
PER_SESSION_CONDITIONAL_UNKNOWN_EPOCH,1.0,-23.610000000000582,59560.5,MIM,2026-08-28T15:27:00+00:00
PER_SESSION_CONDITIONAL_UNKNOWN_EPOCH,2.0,0.0,0.0,YANK,2026-08-28T15:27:00+00:00
PER_SESSION_CONDITIONAL_UNKNOWN_EPOCH,1.0,-29.110000000000582,59555.0,MIM,2026-08-28T15:28:00+00:00
PER_SESSION_CONDITIONAL_UNKNOWN_EPOCH,2.0,0.0,0.0,YANK,2026-08-28T15:28:00+00:00
PER_SESSION_CONDITIONAL_UNKNOWN_EPOCH,1.0,-18.110000000000582,59566.0,MIM,2026-08-28T15:29:00+00:00
PER_SESSION_CONDITIONAL_UNKNOWN_EPOCH,2.0,0.0,0.0,YANK,2026-08-28T15:29:00+00:00
PER_SESSION_CONDITIONAL_UNKNOWN_EPOCH,1.0,-18.110000000000582,59566.0,MIM,2026-08-28T15:30:00+00:00
PER_SESSION_CONDITIONAL_UNKNOWN_EPOCH,2.0,0.0,0.0,YANK,2026-08-28T15:30:00+00:00
PER_SESSION_CONDITIONAL_UNKNOWN_EPOCH,1.0,-25.110000000000582,59559.0,MIM,2026-08-28T15:31:00+00:00
PER_SESSION_CONDITIONAL_UNKNOWN_EPOCH,2.0,0.0,0.0,YANK,2026-08-28T15:31:00+00:00
PER_SESSION_CONDITIONAL_UNKNOWN_EPOCH,1.0,-40.11000000000058,59544.0,MIM,2026-08-28T15:32:00+00:00
PER_SESSION_CONDITIONAL_UNKNOWN_EPOCH,2.0,0.0,0.0,YANK,2026-08-28T15:32:00+00:00
PER_SESSION_CONDITIONAL_UNKNOWN_EPOCH,1.0,-26.610000000000582,59557.5,MIM,2026-08-28T15:33:00+00:00
PER_SESSION_CONDITIONAL_UNKNOWN_EPOCH,2.0,0.0,0.0,YANK,2026-08-28T15:33:00+00:00
PER_SESSION_CONDITIONAL_UNKNOWN_EPOCH,1.0,-34.11000000000058,59550.0,MIM,2026-08-28T15:34:00+00:00
PER_SESSION_CONDITIONAL_UNKNOWN_EPOCH,2.0,0.0,0.0,YANK,2026-08-28T15:34:00+00:00
PER_SESSION_CONDITIONAL_UNKNOWN_EPOCH,1.0,-57.11000000000058,59527.0,MIM,2026-08-28T15:35:00+00:00
PER_SESSION_CONDITIONAL_UNKNOWN_EPOCH,2.0,0.0,0.0,YANK,2026-08-28T15:35:00+00:00
PER_SESSION_CONDITIONAL_UNKNOWN_EPOCH,1.0,-59.11000000000058,59525.0,MIM,2026-08-28T15:36:00+00:00
PER_SESSION_CONDITIONAL_UNKNOWN_EPOCH,2.0,0.0,0.0,YANK,2026-08-28T15:36:00+00:00
PER_SESSION_CONDITIONAL_UNKNOWN_EPOCH,1.0,-64.61000000000058,59519.5,MIM,2026-08-28T15:37:00+00:00
PER_SESSION_CONDITIONAL_UNKNOWN_EPOCH,2.0,0.0,0.0,YANK,2026-08-28T15:37:00+00:00
PER_SESSION_CONDITIONAL_UNKNOWN_EPOCH,1.0,-86.61000000000058,59497.5,MIM,2026-08-28T15:38:00+00:00
PER_SESSION_CONDITIONAL_UNKNOWN_EPOCH,2.0,0.0,0.0,YANK,2026-08-28T15:38:00+00:00
PER_SESSION_CONDITIONAL_UNKNOWN_EPOCH,1.0,-118.11000000000058,59466.0,MIM,2026-08-28T15:39:00+00:00
PER_SESSION_CONDITIONAL_UNKNOWN_EPOCH,2.0,0.0,0.0,YANK,2026-08-28T15:39:00+00:00
PER_SESSION_CONDITIONAL_UNKNOWN_EPOCH,1.0,-141.61000000000058,59442.5,MIM,2026-08-28T15:40:00+00:00
PER_SESSION_CONDITIONAL_UNKNOWN_EPOCH,2.0,0.0,0.0,YANK,2026-08-28T15:40:00+00:00
PER_SESSION_CONDITIONAL_UNKNOWN_EPOCH,1.0,-228.61000000000058,59355.5,MIM,2026-08-28T15:41:00+00:00
PER_SESSION_CONDITIONAL_UNKNOWN_EPOCH,2.0,0.0,0.0,YANK,2026-08-28T15:41:00+00:00
PER_SESSION_CONDITIONAL_UNKNOWN_EPOCH,1.0,-188.61000000000058,59395.5,MIM,2026-08-28T15:42:00+00:00
PER_SESSION_CONDITIONAL_UNKNOWN_EPOCH,2.0,0.0,0.0,YANK,2026-08-28T15:42:00+00:00
PER_SESSION_CONDITIONAL_UNKNOWN_EPOCH,1.0,-218.11000000000058,59366.0,MIM,2026-08-28T15:43:00+00:00
PER_SESSION_CONDITIONAL_UNKNOWN_EPOCH,2.0,0.0,0.0,YANK,2026-08-28T15:43:00+00:00
PER_SESSION_CONDITIONAL_UNKNOWN_EPOCH,1.0,-205.11000000000058,59379.0,MIM,2026-08-28T15:44:00+00:00
PER_SESSION_CONDITIONAL_UNKNOWN_EPOCH,2.0,0.0,0.0,YANK,2026-08-28T15:44:00+00:00
PER_SESSION_CONDITIONAL_UNKNOWN_EPOCH,1.0,-242.11000000000058,59342.0,MIM,2026-08-28T15:45:00+00:00
PER_SESSION_CONDITIONAL_UNKNOWN_EPOCH,2.0,0.0,0.0,YANK,2026-08-28T15:45:00+00:00
PER_SESSION_CONDITIONAL_UNKNOWN_EPOCH,1.0,-232.61000000000058,59351.5,MIM,2026-08-28T15:46:00+00:00
PER_SESSION_CONDITIONAL_UNKNOWN_EPOCH,2.0,0.0,0.0,YANK,2026-08-28T15:46:00+00:00
PER_SESSION_CONDITIONAL_UNKNOWN_EPOCH,1.0,-258.6100000000006,59325.5,MIM,2026-08-28T15:47:00+00:00
PER_SESSION_CONDITIONAL_UNKNOWN_EPOCH,2.0,0.0,0.0,YANK,2026-08-28T15:47:00+00:00
PER_SESSION_CONDITIONAL_UNKNOWN_EPOCH,1.0,-280.1100000000006,59304.0,MIM,2026-08-28T15:48:00+00:00
PER_SESSION_CONDITIONAL_UNKNOWN_EPOCH,2.0,0.0,0.0,YANK,2026-08-28T15:48:00+00:00
PER_SESSION_CONDITIONAL_UNKNOWN_EPOCH,1.0,-292.1100000000006,59292.0,MIM,2026-08-28T15:49:00+00:00
PER_SESSION_CONDITIONAL_UNKNOWN_EPOCH,2.0,0.0,0.0,YANK,2026-08-28T15:49:00+00:00
PER_SESSION_CONDITIONAL_UNKNOWN_EPOCH,1.0,-316.1100000000006,59268.0,MIM,2026-08-28T15:50:00+00:00
PER_SESSION_CONDITIONAL_UNKNOWN_EPOCH,2.0,0.0,0.0,YANK,2026-08-28T15:50:00+00:00
PER_SESSION_CONDITIONAL_UNKNOWN_EPOCH,1.0,-337.1100000000006,59247.0,MIM,2026-08-28T15:51:00+00:00
PER_SESSION_CONDITIONAL_UNKNOWN_EPOCH,2.0,0.0,0.0,YANK,2026-08-28T15:51:00+00:00
PER_SESSION_CONDITIONAL_UNKNOWN_EPOCH,1.0,-384.1100000000006,59200.0,MIM,2026-08-28T15:52:00+00:00
PER_SESSION_CONDITIONAL_UNKNOWN_EPOCH,2.0,0.0,0.0,YANK,2026-08-28T15:52:00+00:00
PER_SESSION_CONDITIONAL_UNKNOWN_EPOCH,1.0,-402.1100000000006,59182.0,MIM,2026-08-28T15:53:00+00:00
PER_SESSION_CONDITIONAL_UNKNOWN_EPOCH,2.0,0.0,0.0,YANK,2026-08-28T15:53:00+00:00
PER_SESSION_CONDITIONAL_UNKNOWN_EPOCH,1.0,-395.1100000000006,59189.0,MIM,2026-08-28T15:54:00+00:00
PER_SESSION_CONDITIONAL_UNKNOWN_EPOCH,2.0,0.0,0.0,YANK,2026-08-28T15:54:00+00:00
PER_SESSION_CONDITIONAL_UNKNOWN_EPOCH,1.0,-347.1100000000006,59237.0,MIM,2026-08-28T15:55:00+00:00
PER_SESSION_CONDITIONAL_UNKNOWN_EPOCH,2.0,0.0,0.0,YANK,2026-08-28T15:55:00+00:00
PER_SESSION_CONDITIONAL_UNKNOWN_EPOCH,1.0,-415.6100000000006,59168.5,MIM,2026-08-28T15:56:00+00:00
PER_SESSION_CONDITIONAL_UNKNOWN_EPOCH,2.0,0.0,0.0,YANK,2026-08-28T15:56:00+00:00
PER_SESSION_CONDITIONAL_UNKNOWN_EPOCH,1.0,-459.1100000000006,59125.0,MIM,2026-08-28T15:57:00+00:00
PER_SESSION_CONDITIONAL_UNKNOWN_EPOCH,2.0,0.0,0.0,YANK,2026-08-28T15:57:00+00:00
PER_SESSION_CONDITIONAL_UNKNOWN_EPOCH,1.0,-490.72000000000116,0.0,MIM,2026-08-28T15:58:00+00:00
PER_SESSION_CONDITIONAL_UNKNOWN_EPOCH,2.0,0.0,0.0,YANK,2026-08-28T15:58:00+00:00
PER_SESSION_CONDITIONAL_UNKNOWN_EPOCH,1.0,-490.72000000000116,0.0,MIM,2026-08-28T15:59:00+00:00
PER_SESSION_CONDITIONAL_UNKNOWN_EPOCH,2.0,0.0,0.0,YANK,2026-08-28T15:59:00+00:00
PER_SESSION_CONDITIONAL_UNKNOWN_EPOCH,1.0,-490.72000000000116,0.0,MIM,2026-08-28T16:00:00+00:00
PER_SESSION_CONDITIONAL_UNKNOWN_EPOCH,2.0,0.0,0.0,YANK,2026-08-28T16:00:00+00:00
PER_SESSION_CONDITIONAL_UNKNOWN_EPOCH,1.0,-490.72000000000116,0.0,MIM,2026-08-28T16:01:00+00:00
PER_SESSION_CONDITIONAL_UNKNOWN_EPOCH,2.0,0.0,0.0,YANK,2026-08-28T16:01:00+00:00
PER_SESSION_CONDITIONAL_UNKNOWN_EPOCH,1.0,-490.72000000000116,0.0,MIM,2026-08-28T16:02:00+00:00
PER_SESSION_CONDITIONAL_UNKNOWN_EPOCH,2.0,0.0,0.0,YANK,2026-08-28T16:02:00+00:00
PER_SESSION_CONDITIONAL_UNKNOWN_EPOCH,1.0,-490.72000000000116,0.0,MIM,2026-08-28T16:03:00+00:00
PER_SESSION_CONDITIONAL_UNKNOWN_EPOCH,2.0,0.0,0.0,YANK,2026-08-28T16:03:00+00:00
PER_SESSION_CONDITIONAL_UNKNOWN_EPOCH,1.0,-490.72000000000116,0.0,MIM,2026-08-28T16:04:00+00:00
PER_SESSION_CONDITIONAL_UNKNOWN_EPOCH,2.0,0.0,0.0,YANK,2026-08-28T16:04:00+00:00
PER_SESSION_CONDITIONAL_UNKNOWN_EPOCH,1.0,-490.72000000000116,0.0,MIM,2026-08-28T16:05:00+00:00
PER_SESSION_CONDITIONAL_UNKNOWN_EPOCH,2.0,0.0,0.0,YANK,2026-08-28T16:05:00+00:00
PER_SESSION_CONDITIONAL_UNKNOWN_EPOCH,1.0,-490.72000000000116,0.0,MIM,2026-08-28T16:06:00+00:00
PER_SESSION_CONDITIONAL_UNKNOWN_EPOCH,2.0,0.0,0.0,YANK,2026-08-28T16:06:00+00:00
PER_SESSION_CONDITIONAL_UNKNOWN_EPOCH,1.0,-490.72000000000116,0.0,MIM,2026-08-28T16:07:00+00:00
PER_SESSION_CONDITIONAL_UNKNOWN_EPOCH,2.0,0.0,0.0,YANK,2026-08-28T16:07:00+00:00
PER_SESSION_CONDITIONAL_UNKNOWN_EPOCH,1.0,-490.72000000000116,0.0,MIM,2026-08-28T16:08:00+00:00
PER_SESSION_CONDITIONAL_UNKNOWN_EPOCH,2.0,0.0,0.0,YANK,2026-08-28T16:08:00+00:00
PER_SESSION_CONDITIONAL_UNKNOWN_EPOCH,1.0,-490.72000000000116,0.0,MIM,2026-08-28T16:09:00+00:00
PER_SESSION_CONDITIONAL_UNKNOWN_EPOCH,2.0,0.0,0.0,YANK,2026-08-28T16:09:00+00:00
PER_SESSION_CONDITIONAL_UNKNOWN_EPOCH,1.0,-490.72000000000116,0.0,MIM,2026-08-28T16:10:00+00:00
PER_SESSION_CONDITIONAL_UNKNOWN_EPOCH,2.0,0.0,0.0,YANK,2026-08-28T16:10:00+00:00
PER_SESSION_CONDITIONAL_UNKNOWN_EPOCH,1.0,-490.72000000000116,0.0,MIM,2026-08-28T16:11:00+00:00
PER_SESSION_CONDITIONAL_UNKNOWN_EPOCH,2.0,0.0,0.0,YANK,2026-08-28T16:11:00+00:00
PER_SESSION_CONDITIONAL_UNKNOWN_EPOCH,1.0,-490.72000000000116,0.0,MIM,2026-08-28T16:12:00+00:00
PER_SESSION_CONDITIONAL_UNKNOWN_EPOCH,2.0,0.0,0.0,YANK,2026-08-28T16:12:00+00:00
PER_SESSION_CONDITIONAL_UNKNOWN_EPOCH,1.0,-490.72000000000116,0.0,MIM,2026-08-28T16:13:00+00:00
PER_SESSION_CONDITIONAL_UNKNOWN_EPOCH,2.0,0.0,0.0,YANK,2026-08-28T16:13:00+00:00
PER_SESSION_CONDITIONAL_UNKNOWN_EPOCH,1.0,-490.72000000000116,0.0,MIM,2026-08-28T16:14:00+00:00
PER_SESSION_CONDITIONAL_UNKNOWN_EPOCH,2.0,0.0,0.0,YANK,2026-08-28T16:14:00+00:00
PER_SESSION_CONDITIONAL_UNKNOWN_EPOCH,1.0,-490.72000000000116,0.0,MIM,2026-08-28T16:15:00+00:00
PER_SESSION_CONDITIONAL_UNKNOWN_EPOCH,2.0,0.0,0.0,YANK,2026-08-28T16:15:00+00:00
PER_SESSION_CONDITIONAL_UNKNOWN_EPOCH,1.0,-490.72000000000116,0.0,MIM,2026-08-28T16:16:00+00:00
PER_SESSION_CONDITIONAL_UNKNOWN_EPOCH,2.0,0.0,0.0,YANK,2026-08-28T16:16:00+00:00
PER_SESSION_CONDITIONAL_UNKNOWN_EPOCH,1.0,-490.72000000000116,0.0,MIM,2026-08-28T16:17:00+00:00
PER_SESSION_CONDITIONAL_UNKNOWN_EPOCH,2.0,0.0,0.0,YANK,2026-08-28T16:17:00+00:00
PER_SESSION_CONDITIONAL_UNKNOWN_EPOCH,1.0,-490.72000000000116,0.0,MIM,2026-08-28T16:18:00+00:00
PER_SESSION_CONDITIONAL_UNKNOWN_EPOCH,2.0,0.0,0.0,YANK,2026-08-28T16:18:00+00:00
PER_SESSION_CONDITIONAL_UNKNOWN_EPOCH,1.0,-490.72000000000116,0.0,MIM,2026-08-28T16:19:00+00:00
PER_SESSION_CONDITIONAL_UNKNOWN_EPOCH,2.0,0.0,0.0,YANK,2026-08-28T16:19:00+00:00
PER_SESSION_CONDITIONAL_UNKNOWN_EPOCH,1.0,-490.72000000000116,0.0,MIM,2026-08-28T16:20:00+00:00
PER_SESSION_CONDITIONAL_UNKNOWN_EPOCH,2.0,0.0,0.0,YANK,2026-08-28T16:20:00+00:00
PER_SESSION_CONDITIONAL_UNKNOWN_EPOCH,1.0,-490.72000000000116,0.0,MIM,2026-08-28T16:21:00+00:00
PER_SESSION_CONDITIONAL_UNKNOWN_EPOCH,2.0,0.0,0.0,YANK,2026-08-28T16:21:00+00:00
PER_SESSION_CONDITIONAL_UNKNOWN_EPOCH,1.0,-490.72000000000116,0.0,MIM,2026-08-28T16:22:00+00:00
PER_SESSION_CONDITIONAL_UNKNOWN_EPOCH,2.0,0.0,0.0,YANK,2026-08-28T16:22:00+00:00
PER_SESSION_CONDITIONAL_UNKNOWN_EPOCH,1.0,-490.72000000000116,0.0,MIM,2026-08-28T16:23:00+00:00
PER_SESSION_CONDITIONAL_UNKNOWN_EPOCH,2.0,0.0,0.0,YANK,2026-08-28T16:23:00+00:00
PER_SESSION_CONDITIONAL_UNKNOWN_EPOCH,1.0,-490.72000000000116,0.0,MIM,2026-08-28T16:24:00+00:00
PER_SESSION_CONDITIONAL_UNKNOWN_EPOCH,2.0,0.0,0.0,YANK,2026-08-28T16:24:00+00:00
PER_SESSION_CONDITIONAL_UNKNOWN_EPOCH,1.0,-490.72000000000116,0.0,MIM,2026-08-28T16:25:00+00:00
PER_SESSION_CONDITIONAL_UNKNOWN_EPOCH,2.0,0.0,0.0,YANK,2026-08-28T16:25:00+00:00
PER_SESSION_CONDITIONAL_UNKNOWN_EPOCH,1.0,-490.72000000000116,0.0,MIM,2026-08-28T16:26:00+00:00
PER_SESSION_CONDITIONAL_UNKNOWN_EPOCH,2.0,0.0,0.0,YANK,2026-08-28T16:26:00+00:00
PER_SESSION_CONDITIONAL_UNKNOWN_EPOCH,1.0,-490.72000000000116,0.0,MIM,2026-08-28T16:27:00+00:00
PER_SESSION_CONDITIONAL_UNKNOWN_EPOCH,2.0,0.0,0.0,YANK,2026-08-28T16:27:00+00:00
PER_SESSION_CONDITIONAL_UNKNOWN_EPOCH,1.0,-490.72000000000116,0.0,MIM,2026-08-28T16:28:00+00:00
PER_SESSION_CONDITIONAL_UNKNOWN_EPOCH,2.0,0.0,0.0,YANK,2026-08-28T16:28:00+00:00
PER_SESSION_CONDITIONAL_UNKNOWN_EPOCH,1.0,-490.72000000000116,0.0,MIM,2026-08-28T16:29:00+00:00
PER_SESSION_CONDITIONAL_UNKNOWN_EPOCH,2.0,0.0,0.0,YANK,2026-08-28T16:29:00+00:00
PER_SESSION_CONDITIONAL_UNKNOWN_EPOCH,1.0,-490.72000000000116,0.0,MIM,2026-08-28T16:30:00+00:00
PER_SESSION_CONDITIONAL_UNKNOWN_EPOCH,2.0,0.0,0.0,YANK,2026-08-28T16:30:00+00:00
PER_SESSION_CONDITIONAL_UNKNOWN_EPOCH,1.0,-497.83000000000175,59001.0,MIM,2026-08-28T16:31:00+00:00
PER_SESSION_CONDITIONAL_UNKNOWN_EPOCH,2.0,0.0,0.0,YANK,2026-08-28T16:31:00+00:00
PER_SESSION_CONDITIONAL_UNKNOWN_EPOCH,1.0,-507.33000000000175,59010.5,MIM,2026-08-28T16:32:00+00:00
PER_SESSION_CONDITIONAL_UNKNOWN_EPOCH,2.0,0.0,0.0,YANK,2026-08-28T16:32:00+00:00
PER_SESSION_CONDITIONAL_UNKNOWN_EPOCH,1.0,-531.3300000000017,59034.5,MIM,2026-08-28T16:33:00+00:00
PER_SESSION_CONDITIONAL_UNKNOWN_EPOCH,2.0,0.0,0.0,YANK,2026-08-28T16:33:00+00:00
PER_SESSION_CONDITIONAL_UNKNOWN_EPOCH,1.0,-517.3300000000017,59020.5,MIM,2026-08-28T16:34:00+00:00
PER_SESSION_CONDITIONAL_UNKNOWN_EPOCH,2.0,0.0,0.0,YANK,2026-08-28T16:34:00+00:00
PER_SESSION_CONDITIONAL_UNKNOWN_EPOCH,1.0,-450.33000000000175,58953.5,MIM,2026-08-28T16:35:00+00:00
PER_SESSION_CONDITIONAL_UNKNOWN_EPOCH,2.0,0.0,0.0,YANK,2026-08-28T16:35:00+00:00
PER_SESSION_CONDITIONAL_UNKNOWN_EPOCH,1.0,-518.8300000000017,59022.0,MIM,2026-08-28T16:36:00+00:00
PER_SESSION_CONDITIONAL_UNKNOWN_EPOCH,2.0,0.0,0.0,YANK,2026-08-28T16:36:00+00:00
PER_SESSION_CONDITIONAL_UNKNOWN_EPOCH,1.0,-519.8300000000017,59023.0,MIM,2026-08-28T16:37:00+00:00
PER_SESSION_CONDITIONAL_UNKNOWN_EPOCH,2.0,0.0,0.0,YANK,2026-08-28T16:37:00+00:00
PER_SESSION_CONDITIONAL_UNKNOWN_EPOCH,1.0,-539.8300000000017,59043.0,MIM,2026-08-28T16:38:00+00:00
PER_SESSION_CONDITIONAL_UNKNOWN_EPOCH,2.0,0.0,0.0,YANK,2026-08-28T16:38:00+00:00
PER_SESSION_CONDITIONAL_UNKNOWN_EPOCH,1.0,-538.3300000000017,59041.5,MIM,2026-08-28T16:39:00+00:00
PER_SESSION_CONDITIONAL_UNKNOWN_EPOCH,2.0,0.0,0.0,YANK,2026-08-28T16:39:00+00:00
PER_SESSION_CONDITIONAL_UNKNOWN_EPOCH,1.0,-521.3300000000017,59024.5,MIM,2026-08-28T16:40:00+00:00
PER_SESSION_CONDITIONAL_UNKNOWN_EPOCH,2.0,0.0,0.0,YANK,2026-08-28T16:40:00+00:00
PER_SESSION_CONDITIONAL_UNKNOWN_EPOCH,1.0,-483.33000000000175,58986.5,MIM,2026-08-28T16:41:00+00:00
PER_SESSION_CONDITIONAL_UNKNOWN_EPOCH,2.0,0.0,0.0,YANK,2026-08-28T16:41:00+00:00
PER_SESSION_CONDITIONAL_UNKNOWN_EPOCH,1.0,-469.33000000000175,58972.5,MIM,2026-08-28T16:42:00+00:00
PER_SESSION_CONDITIONAL_UNKNOWN_EPOCH,2.0,0.0,0.0,YANK,2026-08-28T16:42:00+00:00
PER_SESSION_CONDITIONAL_UNKNOWN_EPOCH,1.0,-471.83000000000175,58975.0,MIM,2026-08-28T16:43:00+00:00
PER_SESSION_CONDITIONAL_UNKNOWN_EPOCH,2.0,0.0,0.0,YANK,2026-08-28T16:43:00+00:00
PER_SESSION_CONDITIONAL_UNKNOWN_EPOCH,1.0,-461.83000000000175,58965.0,MIM,2026-08-28T16:44:00+00:00
PER_SESSION_CONDITIONAL_UNKNOWN_EPOCH,2.0,0.0,0.0,YANK,2026-08-28T16:44:00+00:00
PER_SESSION_CONDITIONAL_UNKNOWN_EPOCH,1.0,-464.83000000000175,58968.0,MIM,2026-08-28T16:45:00+00:00
PER_SESSION_CONDITIONAL_UNKNOWN_EPOCH,2.0,0.0,0.0,YANK,2026-08-28T16:45:00+00:00
PER_SESSION_CONDITIONAL_UNKNOWN_EPOCH,1.0,-547.8300000000017,59051.0,MIM,2026-08-28T16:46:00+00:00
PER_SESSION_CONDITIONAL_UNKNOWN_EPOCH,2.0,0.0,0.0,YANK,2026-08-28T16:46:00+00:00
PER_SESSION_CONDITIONAL_UNKNOWN_EPOCH,1.0,-545.3300000000017,59048.5,MIM,2026-08-28T16:47:00+00:00
PER_SESSION_CONDITIONAL_UNKNOWN_EPOCH,2.0,0.0,0.0,YANK,2026-08-28T16:47:00+00:00
PER_SESSION_CONDITIONAL_UNKNOWN_EPOCH,1.0,-564.8300000000017,59068.0,MIM,2026-08-28T16:48:00+00:00
PER_SESSION_CONDITIONAL_UNKNOWN_EPOCH,2.0,0.0,0.0,YANK,2026-08-28T16:48:00+00:00
PER_SESSION_CONDITIONAL_UNKNOWN_EPOCH,1.0,-574.8300000000017,59078.0,MIM,2026-08-28T16:49:00+00:00
PER_SESSION_CONDITIONAL_UNKNOWN_EPOCH,2.0,0.0,0.0,YANK,2026-08-28T16:49:00+00:00
PER_SESSION_CONDITIONAL_UNKNOWN_EPOCH,1.0,-571.8300000000017,59075.0,MIM,2026-08-28T16:50:00+00:00
PER_SESSION_CONDITIONAL_UNKNOWN_EPOCH,2.0,0.0,0.0,YANK,2026-08-28T16:50:00+00:00
PER_SESSION_CONDITIONAL_UNKNOWN_EPOCH,1.0,-543.8300000000017,59047.0,MIM,2026-08-28T16:51:00+00:00
PER_SESSION_CONDITIONAL_UNKNOWN_EPOCH,2.0,0.0,0.0,YANK,2026-08-28T16:51:00+00:00
PER_SESSION_CONDITIONAL_UNKNOWN_EPOCH,1.0,-573.8300000000017,59077.0,MIM,2026-08-28T16:52:00+00:00
PER_SESSION_CONDITIONAL_UNKNOWN_EPOCH,2.0,0.0,0.0,YANK,2026-08-28T16:52:00+00:00
PER_SESSION_CONDITIONAL_UNKNOWN_EPOCH,1.0,-594.3300000000017,59097.5,MIM,2026-08-28T16:53:00+00:00
PER_SESSION_CONDITIONAL_UNKNOWN_EPOCH,2.0,0.0,0.0,YANK,2026-08-28T16:53:00+00:00
PER_SESSION_CONDITIONAL_UNKNOWN_EPOCH,1.0,-543.3300000000017,59046.5,MIM,2026-08-28T16:54:00+00:00
PER_SESSION_CONDITIONAL_UNKNOWN_EPOCH,2.0,0.0,0.0,YANK,2026-08-28T16:54:00+00:00
PER_SESSION_CONDITIONAL_UNKNOWN_EPOCH,1.0,-521.3300000000017,59024.5,MIM,2026-08-28T16:55:00+00:00
PER_SESSION_CONDITIONAL_UNKNOWN_EPOCH,2.0,0.0,0.0,YANK,2026-08-28T16:55:00+00:00
PER_SESSION_CONDITIONAL_UNKNOWN_EPOCH,1.0,-525.8300000000017,59029.0,MIM,2026-08-28T16:56:00+00:00
PER_SESSION_CONDITIONAL_UNKNOWN_EPOCH,2.0,0.0,0.0,YANK,2026-08-28T16:56:00+00:00
PER_SESSION_CONDITIONAL_UNKNOWN_EPOCH,1.0,-507.83000000000175,59011.0,MIM,2026-08-28T16:57:00+00:00
PER_SESSION_CONDITIONAL_UNKNOWN_EPOCH,2.0,0.0,0.0,YANK,2026-08-28T16:57:00+00:00
PER_SESSION_CONDITIONAL_UNKNOWN_EPOCH,1.0,-532.8300000000017,59036.0,MIM,2026-08-28T16:58:00+00:00
PER_SESSION_CONDITIONAL_UNKNOWN_EPOCH,2.0,0.0,0.0,YANK,2026-08-28T16:58:00+00:00
PER_SESSION_CONDITIONAL_UNKNOWN_EPOCH,1.0,-526.8300000000017,59030.0,MIM,2026-08-28T16:59:00+00:00
PER_SESSION_CONDITIONAL_UNKNOWN_EPOCH,2.0,0.0,0.0,YANK,2026-08-28T16:59:00+00:00
PER_SESSION_CONDITIONAL_UNKNOWN_EPOCH,1.0,-500.83000000000175,59004.0,MIM,2026-08-28T17:00:00+00:00
PER_SESSION_CONDITIONAL_UNKNOWN_EPOCH,2.0,0.0,0.0,YANK,2026-08-28T17:00:00+00:00
PER_SESSION_CONDITIONAL_UNKNOWN_EPOCH,1.0,-412.33000000000175,58915.5,MIM,2026-08-28T17:01:00+00:00
PER_SESSION_CONDITIONAL_UNKNOWN_EPOCH,2.0,0.0,0.0,YANK,2026-08-28T17:01:00+00:00
PER_SESSION_CONDITIONAL_UNKNOWN_EPOCH,1.0,-407.83000000000175,58911.0,MIM,2026-08-28T17:02:00+00:00
PER_SESSION_CONDITIONAL_UNKNOWN_EPOCH,2.0,0.0,0.0,YANK,2026-08-28T17:02:00+00:00
PER_SESSION_CONDITIONAL_UNKNOWN_EPOCH,1.0,-433.33000000000175,58936.5,MIM,2026-08-28T17:03:00+00:00
PER_SESSION_CONDITIONAL_UNKNOWN_EPOCH,2.0,0.0,0.0,YANK,2026-08-28T17:03:00+00:00
PER_SESSION_CONDITIONAL_UNKNOWN_EPOCH,1.0,-452.33000000000175,58955.5,MIM,2026-08-28T17:04:00+00:00
PER_SESSION_CONDITIONAL_UNKNOWN_EPOCH,2.0,0.0,0.0,YANK,2026-08-28T17:04:00+00:00
PER_SESSION_CONDITIONAL_UNKNOWN_EPOCH,1.0,-435.83000000000175,58939.0,MIM,2026-08-28T17:05:00+00:00
PER_SESSION_CONDITIONAL_UNKNOWN_EPOCH,2.0,0.0,0.0,YANK,2026-08-28T17:05:00+00:00
PER_SESSION_CONDITIONAL_UNKNOWN_EPOCH,1.0,-408.83000000000175,58912.0,MIM,2026-08-28T17:06:00+00:00
PER_SESSION_CONDITIONAL_UNKNOWN_EPOCH,2.0,0.0,0.0,YANK,2026-08-28T17:06:00+00:00
PER_SESSION_CONDITIONAL_UNKNOWN_EPOCH,1.0,-381.33000000000175,58884.5,MIM,2026-08-28T17:07:00+00:00
PER_SESSION_CONDITIONAL_UNKNOWN_EPOCH,2.0,0.0,0.0,YANK,2026-08-28T17:07:00+00:00
PER_SESSION_CONDITIONAL_UNKNOWN_EPOCH,1.0,-403.83000000000175,58907.0,MIM,2026-08-28T17:08:00+00:00
PER_SESSION_CONDITIONAL_UNKNOWN_EPOCH,2.0,0.0,0.0,YANK,2026-08-28T17:08:00+00:00
PER_SESSION_CONDITIONAL_UNKNOWN_EPOCH,1.0,-424.83000000000175,58928.0,MIM,2026-08-28T17:09:00+00:00
PER_SESSION_CONDITIONAL_UNKNOWN_EPOCH,2.0,0.0,0.0,YANK,2026-08-28T17:09:00+00:00
PER_SESSION_CONDITIONAL_UNKNOWN_EPOCH,1.0,-397.83000000000175,58901.0,MIM,2026-08-28T17:10:00+00:00
PER_SESSION_CONDITIONAL_UNKNOWN_EPOCH,2.0,0.0,0.0,YANK,2026-08-28T17:10:00+00:00
PER_SESSION_CONDITIONAL_UNKNOWN_EPOCH,1.0,-398.33000000000175,58901.5,MIM,2026-08-28T17:11:00+00:00
PER_SESSION_CONDITIONAL_UNKNOWN_EPOCH,2.0,0.0,0.0,YANK,2026-08-28T17:11:00+00:00
PER_SESSION_CONDITIONAL_UNKNOWN_EPOCH,1.0,-416.83000000000175,58920.0,MIM,2026-08-28T17:12:00+00:00
PER_SESSION_CONDITIONAL_UNKNOWN_EPOCH,2.0,0.0,0.0,YANK,2026-08-28T17:12:00+00:00
PER_SESSION_CONDITIONAL_UNKNOWN_EPOCH,1.0,-437.83000000000175,58941.0,MIM,2026-08-28T17:13:00+00:00
PER_SESSION_CONDITIONAL_UNKNOWN_EPOCH,2.0,0.0,0.0,YANK,2026-08-28T17:13:00+00:00
PER_SESSION_CONDITIONAL_UNKNOWN_EPOCH,1.0,-451.83000000000175,58955.0,MIM,2026-08-28T17:14:00+00:00
PER_SESSION_CONDITIONAL_UNKNOWN_EPOCH,2.0,0.0,0.0,YANK,2026-08-28T17:14:00+00:00
PER_SESSION_CONDITIONAL_UNKNOWN_EPOCH,1.0,-465.33000000000175,58968.5,MIM,2026-08-28T17:15:00+00:00
PER_SESSION_CONDITIONAL_UNKNOWN_EPOCH,2.0,0.0,0.0,YANK,2026-08-28T17:15:00+00:00
PER_SESSION_CONDITIONAL_UNKNOWN_EPOCH,1.0,-449.83000000000175,58953.0,MIM,2026-08-28T17:16:00+00:00
PER_SESSION_CONDITIONAL_UNKNOWN_EPOCH,2.0,0.0,0.0,YANK,2026-08-28T17:16:00+00:00
PER_SESSION_CONDITIONAL_UNKNOWN_EPOCH,1.0,-440.83000000000175,58944.0,MIM,2026-08-28T17:17:00+00:00
PER_SESSION_CONDITIONAL_UNKNOWN_EPOCH,2.0,0.0,0.0,YANK,2026-08-28T17:17:00+00:00
PER_SESSION_CONDITIONAL_UNKNOWN_EPOCH,1.0,-473.83000000000175,58977.0,MIM,2026-08-28T17:18:00+00:00
PER_SESSION_CONDITIONAL_UNKNOWN_EPOCH,2.0,0.0,0.0,YANK,2026-08-28T17:18:00+00:00
PER_SESSION_CONDITIONAL_UNKNOWN_EPOCH,1.0,-448.33000000000175,58951.5,MIM,2026-08-28T17:19:00+00:00
PER_SESSION_CONDITIONAL_UNKNOWN_EPOCH,2.0,0.0,0.0,YANK,2026-08-28T17:19:00+00:00
PER_SESSION_CONDITIONAL_UNKNOWN_EPOCH,1.0,-453.33000000000175,58956.5,MIM,2026-08-28T17:20:00+00:00
PER_SESSION_CONDITIONAL_UNKNOWN_EPOCH,2.0,0.0,0.0,YANK,2026-08-28T17:20:00+00:00
PER_SESSION_CONDITIONAL_UNKNOWN_EPOCH,1.0,-435.83000000000175,58939.0,MIM,2026-08-28T17:21:00+00:00
PER_SESSION_CONDITIONAL_UNKNOWN_EPOCH,2.0,0.0,0.0,YANK,2026-08-28T17:21:00+00:00
PER_SESSION_CONDITIONAL_UNKNOWN_EPOCH,1.0,-423.83000000000175,58927.0,MIM,2026-08-28T17:22:00+00:00
PER_SESSION_CONDITIONAL_UNKNOWN_EPOCH,2.0,0.0,0.0,YANK,2026-08-28T17:22:00+00:00
PER_SESSION_CONDITIONAL_UNKNOWN_EPOCH,1.0,-408.83000000000175,58912.0,MIM,2026-08-28T17:23:00+00:00
PER_SESSION_CONDITIONAL_UNKNOWN_EPOCH,2.0,0.0,0.0,YANK,2026-08-28T17:23:00+00:00
PER_SESSION_CONDITIONAL_UNKNOWN_EPOCH,1.0,-405.33000000000175,58908.5,MIM,2026-08-28T17:24:00+00:00
PER_SESSION_CONDITIONAL_UNKNOWN_EPOCH,2.0,0.0,0.0,YANK,2026-08-28T17:24:00+00:00
PER_SESSION_CONDITIONAL_UNKNOWN_EPOCH,1.0,-448.83000000000175,58952.0,MIM,2026-08-28T17:25:00+00:00
PER_SESSION_CONDITIONAL_UNKNOWN_EPOCH,2.0,0.0,0.0,YANK,2026-08-28T17:25:00+00:00
PER_SESSION_CONDITIONAL_UNKNOWN_EPOCH,1.0,-430.33000000000175,58933.5,MIM,2026-08-28T17:26:00+00:00
PER_SESSION_CONDITIONAL_UNKNOWN_EPOCH,2.0,0.0,0.0,YANK,2026-08-28T17:26:00+00:00
PER_SESSION_CONDITIONAL_UNKNOWN_EPOCH,1.0,-432.83000000000175,58936.0,MIM,2026-08-28T17:27:00+00:00
PER_SESSION_CONDITIONAL_UNKNOWN_EPOCH,2.0,0.0,0.0,YANK,2026-08-28T17:27:00+00:00
PER_SESSION_CONDITIONAL_UNKNOWN_EPOCH,1.0,-447.83000000000175,58951.0,MIM,2026-08-28T17:28:00+00:00
PER_SESSION_CONDITIONAL_UNKNOWN_EPOCH,2.0,0.0,0.0,YANK,2026-08-28T17:28:00+00:00
PER_SESSION_CONDITIONAL_UNKNOWN_EPOCH,1.0,-472.83000000000175,58976.0,MIM,2026-08-28T17:29:00+00:00
PER_SESSION_CONDITIONAL_UNKNOWN_EPOCH,2.0,0.0,0.0,YANK,2026-08-28T17:29:00+00:00
PER_SESSION_CONDITIONAL_UNKNOWN_EPOCH,1.0,-436.83000000000175,58940.0,MIM,2026-08-28T17:30:00+00:00
PER_SESSION_CONDITIONAL_UNKNOWN_EPOCH,2.0,0.0,0.0,YANK,2026-08-28T17:30:00+00:00
PER_SESSION_CONDITIONAL_UNKNOWN_EPOCH,1.0,-447.83000000000175,58951.0,MIM,2026-08-28T17:31:00+00:00
PER_SESSION_CONDITIONAL_UNKNOWN_EPOCH,2.0,0.0,0.0,YANK,2026-08-28T17:31:00+00:00
PER_SESSION_CONDITIONAL_UNKNOWN_EPOCH,1.0,-470.33000000000175,58973.5,MIM,2026-08-28T17:32:00+00:00
PER_SESSION_CONDITIONAL_UNKNOWN_EPOCH,2.0,0.0,0.0,YANK,2026-08-28T17:32:00+00:00
PER_SESSION_CONDITIONAL_UNKNOWN_EPOCH,1.0,-484.33000000000175,58987.5,MIM,2026-08-28T17:33:00+00:00
PER_SESSION_CONDITIONAL_UNKNOWN_EPOCH,2.0,0.0,0.0,YANK,2026-08-28T17:33:00+00:00
PER_SESSION_CONDITIONAL_UNKNOWN_EPOCH,1.0,-493.83000000000175,58997.0,MIM,2026-08-28T17:34:00+00:00
PER_SESSION_CONDITIONAL_UNKNOWN_EPOCH,2.0,0.0,0.0,YANK,2026-08-28T17:34:00+00:00
PER_SESSION_CONDITIONAL_UNKNOWN_EPOCH,1.0,-490.33000000000175,58993.5,MIM,2026-08-28T17:35:00+00:00
PER_SESSION_CONDITIONAL_UNKNOWN_EPOCH,2.0,0.0,0.0,YANK,2026-08-28T17:35:00+00:00
PER_SESSION_CONDITIONAL_UNKNOWN_EPOCH,1.0,-497.83000000000175,59001.0,MIM,2026-08-28T17:36:00+00:00
PER_SESSION_CONDITIONAL_UNKNOWN_EPOCH,2.0,0.0,0.0,YANK,2026-08-28T17:36:00+00:00
PER_SESSION_CONDITIONAL_UNKNOWN_EPOCH,1.0,-494.83000000000175,58998.0,MIM,2026-08-28T17:37:00+00:00
PER_SESSION_CONDITIONAL_UNKNOWN_EPOCH,2.0,0.0,0.0,YANK,2026-08-28T17:37:00+00:00
PER_SESSION_CONDITIONAL_UNKNOWN_EPOCH,1.0,-476.83000000000175,58980.0,MIM,2026-08-28T17:38:00+00:00
PER_SESSION_CONDITIONAL_UNKNOWN_EPOCH,2.0,0.0,0.0,YANK,2026-08-28T17:38:00+00:00
PER_SESSION_CONDITIONAL_UNKNOWN_EPOCH,1.0,-467.33000000000175,58970.5,MIM,2026-08-28T17:39:00+00:00
PER_SESSION_CONDITIONAL_UNKNOWN_EPOCH,2.0,0.0,0.0,YANK,2026-08-28T17:39:00+00:00
PER_SESSION_CONDITIONAL_UNKNOWN_EPOCH,1.0,-425.83000000000175,58929.0,MIM,2026-08-28T17:40:00+00:00
PER_SESSION_CONDITIONAL_UNKNOWN_EPOCH,2.0,0.0,0.0,YANK,2026-08-28T17:40:00+00:00
PER_SESSION_CONDITIONAL_UNKNOWN_EPOCH,1.0,-441.83000000000175,58945.0,MIM,2026-08-28T17:41:00+00:00
PER_SESSION_CONDITIONAL_UNKNOWN_EPOCH,2.0,0.0,0.0,YANK,2026-08-28T17:41:00+00:00
PER_SESSION_CONDITIONAL_UNKNOWN_EPOCH,1.0,-453.83000000000175,58957.0,MIM,2026-08-28T17:42:00+00:00
PER_SESSION_CONDITIONAL_UNKNOWN_EPOCH,2.0,0.0,0.0,YANK,2026-08-28T17:42:00+00:00
PER_SESSION_CONDITIONAL_UNKNOWN_EPOCH,1.0,-466.33000000000175,58969.5,MIM,2026-08-28T17:43:00+00:00
PER_SESSION_CONDITIONAL_UNKNOWN_EPOCH,2.0,0.0,0.0,YANK,2026-08-28T17:43:00+00:00
PER_SESSION_CONDITIONAL_UNKNOWN_EPOCH,1.0,-466.33000000000175,58969.5,MIM,2026-08-28T17:44:00+00:00
PER_SESSION_CONDITIONAL_UNKNOWN_EPOCH,2.0,0.0,0.0,YANK,2026-08-28T17:44:00+00:00
PER_SESSION_CONDITIONAL_UNKNOWN_EPOCH,1.0,-464.83000000000175,58968.0,MIM,2026-08-28T17:45:00+00:00
PER_SESSION_CONDITIONAL_UNKNOWN_EPOCH,2.0,0.0,0.0,YANK,2026-08-28T17:45:00+00:00
PER_SESSION_CONDITIONAL_UNKNOWN_EPOCH,1.0,-481.83000000000175,58985.0,MIM,2026-08-28T17:46:00+00:00
PER_SESSION_CONDITIONAL_UNKNOWN_EPOCH,2.0,0.0,0.0,YANK,2026-08-28T17:46:00+00:00
PER_SESSION_CONDITIONAL_UNKNOWN_EPOCH,1.0,-512.3300000000017,59015.5,MIM,2026-08-28T17:47:00+00:00
PER_SESSION_CONDITIONAL_UNKNOWN_EPOCH,2.0,0.0,0.0,YANK,2026-08-28T17:47:00+00:00
PER_SESSION_CONDITIONAL_UNKNOWN_EPOCH,1.0,-502.33000000000175,59005.5,MIM,2026-08-28T17:48:00+00:00
PER_SESSION_CONDITIONAL_UNKNOWN_EPOCH,2.0,0.0,0.0,YANK,2026-08-28T17:48:00+00:00
PER_SESSION_CONDITIONAL_UNKNOWN_EPOCH,1.0,-536.3300000000017,59039.5,MIM,2026-08-28T17:49:00+00:00
PER_SESSION_CONDITIONAL_UNKNOWN_EPOCH,2.0,0.0,0.0,YANK,2026-08-28T17:49:00+00:00
PER_SESSION_CONDITIONAL_UNKNOWN_EPOCH,1.0,-544.3300000000017,59047.5,MIM,2026-08-28T17:50:00+00:00
PER_SESSION_CONDITIONAL_UNKNOWN_EPOCH,2.0,0.0,0.0,YANK,2026-08-28T17:50:00+00:00
PER_SESSION_CONDITIONAL_UNKNOWN_EPOCH,1.0,-531.3300000000017,59034.5,MIM,2026-08-28T17:51:00+00:00
PER_SESSION_CONDITIONAL_UNKNOWN_EPOCH,2.0,0.0,0.0,YANK,2026-08-28T17:51:00+00:00
PER_SESSION_CONDITIONAL_UNKNOWN_EPOCH,1.0,-538.8300000000017,59042.0,MIM,2026-08-28T17:52:00+00:00
PER_SESSION_CONDITIONAL_UNKNOWN_EPOCH,2.0,0.0,0.0,YANK,2026-08-28T17:52:00+00:00
PER_SESSION_CONDITIONAL_UNKNOWN_EPOCH,1.0,-533.8300000000017,59037.0,MIM,2026-08-28T17:53:00+00:00
PER_SESSION_CONDITIONAL_UNKNOWN_EPOCH,2.0,0.0,0.0,YANK,2026-08-28T17:53:00+00:00
PER_SESSION_CONDITIONAL_UNKNOWN_EPOCH,1.0,-535.8300000000017,59039.0,MIM,2026-08-28T17:54:00+00:00
PER_SESSION_CONDITIONAL_UNKNOWN_EPOCH,2.0,0.0,0.0,YANK,2026-08-28T17:54:00+00:00
PER_SESSION_CONDITIONAL_UNKNOWN_EPOCH,1.0,-531.3300000000017,59034.5,MIM,2026-08-28T17:55:00+00:00
PER_SESSION_CONDITIONAL_UNKNOWN_EPOCH,2.0,0.0,0.0,YANK,2026-08-28T17:55:00+00:00
PER_SESSION_CONDITIONAL_UNKNOWN_EPOCH,1.0,-493.83000000000175,58997.0,MIM,2026-08-28T17:56:00+00:00
PER_SESSION_CONDITIONAL_UNKNOWN_EPOCH,2.0,0.0,0.0,YANK,2026-08-28T17:56:00+00:00
PER_SESSION_CONDITIONAL_UNKNOWN_EPOCH,1.0,-497.83000000000175,59001.0,MIM,2026-08-28T17:57:00+00:00
PER_SESSION_CONDITIONAL_UNKNOWN_EPOCH,2.0,0.0,0.0,YANK,2026-08-28T17:57:00+00:00
PER_SESSION_CONDITIONAL_UNKNOWN_EPOCH,1.0,-503.83000000000175,59007.0,MIM,2026-08-28T17:58:00+00:00
PER_SESSION_CONDITIONAL_UNKNOWN_EPOCH,2.0,0.0,0.0,YANK,2026-08-28T17:58:00+00:00
PER_SESSION_CONDITIONAL_UNKNOWN_EPOCH,1.0,-524.8300000000017,59028.0,MIM,2026-08-28T17:59:00+00:00
PER_SESSION_CONDITIONAL_UNKNOWN_EPOCH,2.0,0.0,0.0,YANK,2026-08-28T17:59:00+00:00
PER_SESSION_CONDITIONAL_UNKNOWN_EPOCH,1.0,-528.3300000000017,59031.5,MIM,2026-08-28T18:00:00+00:00
PER_SESSION_CONDITIONAL_UNKNOWN_EPOCH,2.0,0.0,0.0,YANK,2026-08-28T18:00:00+00:00
PER_SESSION_CONDITIONAL_UNKNOWN_EPOCH,1.0,-513.3300000000017,59016.5,MIM,2026-08-28T18:01:00+00:00
PER_SESSION_CONDITIONAL_UNKNOWN_EPOCH,2.0,0.0,0.0,YANK,2026-08-28T18:01:00+00:00
PER_SESSION_CONDITIONAL_UNKNOWN_EPOCH,1.0,-507.33000000000175,59010.5,MIM,2026-08-28T18:02:00+00:00
PER_SESSION_CONDITIONAL_UNKNOWN_EPOCH,2.0,0.0,0.0,YANK,2026-08-28T18:02:00+00:00
PER_SESSION_CONDITIONAL_UNKNOWN_EPOCH,1.0,-526.3300000000017,59029.5,MIM,2026-08-28T18:03:00+00:00
PER_SESSION_CONDITIONAL_UNKNOWN_EPOCH,2.0,0.0,0.0,YANK,2026-08-28T18:03:00+00:00
PER_SESSION_CONDITIONAL_UNKNOWN_EPOCH,1.0,-526.8300000000017,59030.0,MIM,2026-08-28T18:04:00+00:00
PER_SESSION_CONDITIONAL_UNKNOWN_EPOCH,2.0,0.0,0.0,YANK,2026-08-28T18:04:00+00:00
PER_SESSION_CONDITIONAL_UNKNOWN_EPOCH,1.0,-501.83000000000175,59005.0,MIM,2026-08-28T18:05:00+00:00
PER_SESSION_CONDITIONAL_UNKNOWN_EPOCH,2.0,0.0,0.0,YANK,2026-08-28T18:05:00+00:00
PER_SESSION_CONDITIONAL_UNKNOWN_EPOCH,1.0,-502.83000000000175,59006.0,MIM,2026-08-28T18:06:00+00:00
PER_SESSION_CONDITIONAL_UNKNOWN_EPOCH,2.0,0.0,0.0,YANK,2026-08-28T18:06:00+00:00
PER_SESSION_CONDITIONAL_UNKNOWN_EPOCH,1.0,-494.83000000000175,58998.0,MIM,2026-08-28T18:07:00+00:00
PER_SESSION_CONDITIONAL_UNKNOWN_EPOCH,2.0,0.0,0.0,YANK,2026-08-28T18:07:00+00:00
PER_SESSION_CONDITIONAL_UNKNOWN_EPOCH,1.0,-504.83000000000175,59008.0,MIM,2026-08-28T18:08:00+00:00
PER_SESSION_CONDITIONAL_UNKNOWN_EPOCH,2.0,0.0,0.0,YANK,2026-08-28T18:08:00+00:00
PER_SESSION_CONDITIONAL_UNKNOWN_EPOCH,1.0,-514.8300000000017,59018.0,MIM,2026-08-28T18:09:00+00:00
PER_SESSION_CONDITIONAL_UNKNOWN_EPOCH,2.0,0.0,0.0,YANK,2026-08-28T18:09:00+00:00
PER_SESSION_CONDITIONAL_UNKNOWN_EPOCH,1.0,-508.83000000000175,59012.0,MIM,2026-08-28T18:10:00+00:00
PER_SESSION_CONDITIONAL_UNKNOWN_EPOCH,2.0,0.0,0.0,YANK,2026-08-28T18:10:00+00:00
PER_SESSION_CONDITIONAL_UNKNOWN_EPOCH,1.0,-516.8300000000017,59020.0,MIM,2026-08-28T18:11:00+00:00
PER_SESSION_CONDITIONAL_UNKNOWN_EPOCH,2.0,0.0,0.0,YANK,2026-08-28T18:11:00+00:00
PER_SESSION_CONDITIONAL_UNKNOWN_EPOCH,1.0,-526.8300000000017,59030.0,MIM,2026-08-28T18:12:00+00:00
PER_SESSION_CONDITIONAL_UNKNOWN_EPOCH,2.0,0.0,0.0,YANK,2026-08-28T18:12:00+00:00
PER_SESSION_CONDITIONAL_UNKNOWN_EPOCH,1.0,-526.8300000000017,59030.0,MIM,2026-08-28T18:13:00+00:00
PER_SESSION_CONDITIONAL_UNKNOWN_EPOCH,2.0,0.0,0.0,YANK,2026-08-28T18:13:00+00:00
PER_SESSION_CONDITIONAL_UNKNOWN_EPOCH,1.0,-501.83000000000175,59005.0,MIM,2026-08-28T18:14:00+00:00
PER_SESSION_CONDITIONAL_UNKNOWN_EPOCH,2.0,0.0,0.0,YANK,2026-08-28T18:14:00+00:00
PER_SESSION_CONDITIONAL_UNKNOWN_EPOCH,1.0,-475.83000000000175,58979.0,MIM,2026-08-28T18:15:00+00:00
PER_SESSION_CONDITIONAL_UNKNOWN_EPOCH,2.0,0.0,0.0,YANK,2026-08-28T18:15:00+00:00
PER_SESSION_CONDITIONAL_UNKNOWN_EPOCH,1.0,-491.33000000000175,58994.5,MIM,2026-08-28T18:16:00+00:00
PER_SESSION_CONDITIONAL_UNKNOWN_EPOCH,2.0,0.0,0.0,YANK,2026-08-28T18:16:00+00:00
PER_SESSION_CONDITIONAL_UNKNOWN_EPOCH,1.0,-476.83000000000175,58980.0,MIM,2026-08-28T18:17:00+00:00
PER_SESSION_CONDITIONAL_UNKNOWN_EPOCH,2.0,0.0,0.0,YANK,2026-08-28T18:17:00+00:00
PER_SESSION_CONDITIONAL_UNKNOWN_EPOCH,1.0,-478.83000000000175,58982.0,MIM,2026-08-28T18:18:00+00:00
PER_SESSION_CONDITIONAL_UNKNOWN_EPOCH,2.0,0.0,0.0,YANK,2026-08-28T18:18:00+00:00
PER_SESSION_CONDITIONAL_UNKNOWN_EPOCH,1.0,-483.33000000000175,58986.5,MIM,2026-08-28T18:19:00+00:00
PER_SESSION_CONDITIONAL_UNKNOWN_EPOCH,2.0,0.0,0.0,YANK,2026-08-28T18:19:00+00:00
PER_SESSION_CONDITIONAL_UNKNOWN_EPOCH,1.0,-485.33000000000175,58988.5,MIM,2026-08-28T18:20:00+00:00
PER_SESSION_CONDITIONAL_UNKNOWN_EPOCH,2.0,0.0,0.0,YANK,2026-08-28T18:20:00+00:00
PER_SESSION_CONDITIONAL_UNKNOWN_EPOCH,1.0,-491.83000000000175,58995.0,MIM,2026-08-28T18:21:00+00:00
PER_SESSION_CONDITIONAL_UNKNOWN_EPOCH,2.0,0.0,0.0,YANK,2026-08-28T18:21:00+00:00
PER_SESSION_CONDITIONAL_UNKNOWN_EPOCH,1.0,-502.83000000000175,59006.0,MIM,2026-08-28T18:22:00+00:00
PER_SESSION_CONDITIONAL_UNKNOWN_EPOCH,2.0,0.0,0.0,YANK,2026-08-28T18:22:00+00:00
PER_SESSION_CONDITIONAL_UNKNOWN_EPOCH,1.0,-488.83000000000175,58992.0,MIM,2026-08-28T18:23:00+00:00
PER_SESSION_CONDITIONAL_UNKNOWN_EPOCH,2.0,0.0,0.0,YANK,2026-08-28T18:23:00+00:00
PER_SESSION_CONDITIONAL_UNKNOWN_EPOCH,1.0,-443.83000000000175,58947.0,MIM,2026-08-28T18:24:00+00:00
PER_SESSION_CONDITIONAL_UNKNOWN_EPOCH,2.0,0.0,0.0,YANK,2026-08-28T18:24:00+00:00
PER_SESSION_CONDITIONAL_UNKNOWN_EPOCH,1.0,-458.83000000000175,58962.0,MIM,2026-08-28T18:25:00+00:00
PER_SESSION_CONDITIONAL_UNKNOWN_EPOCH,2.0,0.0,0.0,YANK,2026-08-28T18:25:00+00:00
PER_SESSION_CONDITIONAL_UNKNOWN_EPOCH,1.0,-458.33000000000175,58961.5,MIM,2026-08-28T18:26:00+00:00
PER_SESSION_CONDITIONAL_UNKNOWN_EPOCH,2.0,0.0,0.0,YANK,2026-08-28T18:26:00+00:00
PER_SESSION_CONDITIONAL_UNKNOWN_EPOCH,1.0,-472.83000000000175,58976.0,MIM,2026-08-28T18:27:00+00:00
PER_SESSION_CONDITIONAL_UNKNOWN_EPOCH,2.0,0.0,0.0,YANK,2026-08-28T18:27:00+00:00
PER_SESSION_CONDITIONAL_UNKNOWN_EPOCH,1.0,-478.83000000000175,58982.0,MIM,2026-08-28T18:28:00+00:00
PER_SESSION_CONDITIONAL_UNKNOWN_EPOCH,2.0,0.0,0.0,YANK,2026-08-28T18:28:00+00:00
PER_SESSION_CONDITIONAL_UNKNOWN_EPOCH,1.0,-480.33000000000175,58983.5,MIM,2026-08-28T18:29:00+00:00
PER_SESSION_CONDITIONAL_UNKNOWN_EPOCH,2.0,0.0,0.0,YANK,2026-08-28T18:29:00+00:00
PER_SESSION_CONDITIONAL_UNKNOWN_EPOCH,1.0,-464.33000000000175,58967.5,MIM,2026-08-28T18:30:00+00:00
PER_SESSION_CONDITIONAL_UNKNOWN_EPOCH,2.0,0.0,0.0,YANK,2026-08-28T18:30:00+00:00
PER_SESSION_CONDITIONAL_UNKNOWN_EPOCH,1.0,-460.83000000000175,58964.0,MIM,2026-08-28T18:31:00+00:00
PER_SESSION_CONDITIONAL_UNKNOWN_EPOCH,2.0,0.0,0.0,YANK,2026-08-28T18:31:00+00:00
PER_SESSION_CONDITIONAL_UNKNOWN_EPOCH,1.0,-481.83000000000175,58985.0,MIM,2026-08-28T18:32:00+00:00
PER_SESSION_CONDITIONAL_UNKNOWN_EPOCH,2.0,0.0,0.0,YANK,2026-08-28T18:32:00+00:00
PER_SESSION_CONDITIONAL_UNKNOWN_EPOCH,1.0,-462.33000000000175,58965.5,MIM,2026-08-28T18:33:00+00:00
PER_SESSION_CONDITIONAL_UNKNOWN_EPOCH,2.0,0.0,0.0,YANK,2026-08-28T18:33:00+00:00
PER_SESSION_CONDITIONAL_UNKNOWN_EPOCH,1.0,-472.33000000000175,58975.5,MIM,2026-08-28T18:34:00+00:00
PER_SESSION_CONDITIONAL_UNKNOWN_EPOCH,2.0,0.0,0.0,YANK,2026-08-28T18:34:00+00:00
PER_SESSION_CONDITIONAL_UNKNOWN_EPOCH,1.0,-490.83000000000175,58994.0,MIM,2026-08-28T18:35:00+00:00
PER_SESSION_CONDITIONAL_UNKNOWN_EPOCH,2.0,0.0,0.0,YANK,2026-08-28T18:35:00+00:00
PER_SESSION_CONDITIONAL_UNKNOWN_EPOCH,1.0,-489.83000000000175,58993.0,MIM,2026-08-28T18:36:00+00:00
PER_SESSION_CONDITIONAL_UNKNOWN_EPOCH,2.0,0.0,0.0,YANK,2026-08-28T18:36:00+00:00
PER_SESSION_CONDITIONAL_UNKNOWN_EPOCH,1.0,-480.33000000000175,58983.5,MIM,2026-08-28T18:37:00+00:00
PER_SESSION_CONDITIONAL_UNKNOWN_EPOCH,2.0,0.0,0.0,YANK,2026-08-28T18:37:00+00:00
PER_SESSION_CONDITIONAL_UNKNOWN_EPOCH,1.0,-469.33000000000175,58972.5,MIM,2026-08-28T18:38:00+00:00
PER_SESSION_CONDITIONAL_UNKNOWN_EPOCH,2.0,0.0,0.0,YANK,2026-08-28T18:38:00+00:00
PER_SESSION_CONDITIONAL_UNKNOWN_EPOCH,1.0,-469.83000000000175,58973.0,MIM,2026-08-28T18:39:00+00:00
PER_SESSION_CONDITIONAL_UNKNOWN_EPOCH,2.0,0.0,0.0,YANK,2026-08-28T18:39:00+00:00
PER_SESSION_CONDITIONAL_UNKNOWN_EPOCH,1.0,-455.33000000000175,58958.5,MIM,2026-08-28T18:40:00+00:00
PER_SESSION_CONDITIONAL_UNKNOWN_EPOCH,2.0,0.0,0.0,YANK,2026-08-28T18:40:00+00:00
PER_SESSION_CONDITIONAL_UNKNOWN_EPOCH,1.0,-492.83000000000175,58996.0,MIM,2026-08-28T18:41:00+00:00
PER_SESSION_CONDITIONAL_UNKNOWN_EPOCH,2.0,0.0,0.0,YANK,2026-08-28T18:41:00+00:00
PER_SESSION_CONDITIONAL_UNKNOWN_EPOCH,1.0,-475.83000000000175,58979.0,MIM,2026-08-28T18:42:00+00:00
PER_SESSION_CONDITIONAL_UNKNOWN_EPOCH,2.0,0.0,0.0,YANK,2026-08-28T18:42:00+00:00
PER_SESSION_CONDITIONAL_UNKNOWN_EPOCH,1.0,-453.33000000000175,58956.5,MIM,2026-08-28T18:43:00+00:00
PER_SESSION_CONDITIONAL_UNKNOWN_EPOCH,2.0,0.0,0.0,YANK,2026-08-28T18:43:00+00:00
PER_SESSION_CONDITIONAL_UNKNOWN_EPOCH,1.0,-461.83000000000175,58965.0,MIM,2026-08-28T18:44:00+00:00
PER_SESSION_CONDITIONAL_UNKNOWN_EPOCH,2.0,0.0,0.0,YANK,2026-08-28T18:44:00+00:00
PER_SESSION_CONDITIONAL_UNKNOWN_EPOCH,1.0,-478.33000000000175,58981.5,MIM,2026-08-28T18:45:00+00:00
PER_SESSION_CONDITIONAL_UNKNOWN_EPOCH,2.0,0.0,0.0,YANK,2026-08-28T18:45:00+00:00
PER_SESSION_CONDITIONAL_UNKNOWN_EPOCH,1.0,-465.33000000000175,58968.5,MIM,2026-08-28T18:46:00+00:00
PER_SESSION_CONDITIONAL_UNKNOWN_EPOCH,2.0,0.0,0.0,YANK,2026-08-28T18:46:00+00:00
PER_SESSION_CONDITIONAL_UNKNOWN_EPOCH,1.0,-454.83000000000175,58958.0,MIM,2026-08-28T18:47:00+00:00
PER_SESSION_CONDITIONAL_UNKNOWN_EPOCH,2.0,0.0,0.0,YANK,2026-08-28T18:47:00+00:00
PER_SESSION_CONDITIONAL_UNKNOWN_EPOCH,1.0,-461.33000000000175,58964.5,MIM,2026-08-28T18:48:00+00:00
PER_SESSION_CONDITIONAL_UNKNOWN_EPOCH,2.0,0.0,0.0,YANK,2026-08-28T18:48:00+00:00
PER_SESSION_CONDITIONAL_UNKNOWN_EPOCH,1.0,-430.33000000000175,58933.5,MIM,2026-08-28T18:49:00+00:00
PER_SESSION_CONDITIONAL_UNKNOWN_EPOCH,2.0,0.0,0.0,YANK,2026-08-28T18:49:00+00:00
PER_SESSION_CONDITIONAL_UNKNOWN_EPOCH,1.0,-428.83000000000175,58932.0,MIM,2026-08-28T18:50:00+00:00
PER_SESSION_CONDITIONAL_UNKNOWN_EPOCH,2.0,0.0,0.0,YANK,2026-08-28T18:50:00+00:00
PER_SESSION_CONDITIONAL_UNKNOWN_EPOCH,1.0,-389.33000000000175,58892.5,MIM,2026-08-28T18:51:00+00:00
PER_SESSION_CONDITIONAL_UNKNOWN_EPOCH,2.0,0.0,0.0,YANK,2026-08-28T18:51:00+00:00
PER_SESSION_CONDITIONAL_UNKNOWN_EPOCH,1.0,-397.83000000000175,58901.0,MIM,2026-08-28T18:52:00+00:00
PER_SESSION_CONDITIONAL_UNKNOWN_EPOCH,2.0,0.0,0.0,YANK,2026-08-28T18:52:00+00:00
PER_SESSION_CONDITIONAL_UNKNOWN_EPOCH,1.0,-386.83000000000175,58890.0,MIM,2026-08-28T18:53:00+00:00
PER_SESSION_CONDITIONAL_UNKNOWN_EPOCH,2.0,0.0,0.0,YANK,2026-08-28T18:53:00+00:00
PER_SESSION_CONDITIONAL_UNKNOWN_EPOCH,1.0,-416.33000000000175,58919.5,MIM,2026-08-28T18:54:00+00:00
PER_SESSION_CONDITIONAL_UNKNOWN_EPOCH,2.0,0.0,0.0,YANK,2026-08-28T18:54:00+00:00
PER_SESSION_CONDITIONAL_UNKNOWN_EPOCH,1.0,-404.33000000000175,58907.5,MIM,2026-08-28T18:55:00+00:00
PER_SESSION_CONDITIONAL_UNKNOWN_EPOCH,2.0,0.0,0.0,YANK,2026-08-28T18:55:00+00:00
PER_SESSION_CONDITIONAL_UNKNOWN_EPOCH,1.0,-399.83000000000175,58903.0,MIM,2026-08-28T18:56:00+00:00
PER_SESSION_CONDITIONAL_UNKNOWN_EPOCH,2.0,0.0,0.0,YANK,2026-08-28T18:56:00+00:00
PER_SESSION_CONDITIONAL_UNKNOWN_EPOCH,1.0,-415.33000000000175,58918.5,MIM,2026-08-28T18:57:00+00:00
PER_SESSION_CONDITIONAL_UNKNOWN_EPOCH,2.0,0.0,0.0,YANK,2026-08-28T18:57:00+00:00
PER_SESSION_CONDITIONAL_UNKNOWN_EPOCH,1.0,-415.83000000000175,58919.0,MIM,2026-08-28T18:58:00+00:00
PER_SESSION_CONDITIONAL_UNKNOWN_EPOCH,2.0,0.0,0.0,YANK,2026-08-28T18:58:00+00:00
PER_SESSION_CONDITIONAL_UNKNOWN_EPOCH,1.0,-415.83000000000175,58919.0,MIM,2026-08-28T18:59:00+00:00
PER_SESSION_CONDITIONAL_UNKNOWN_EPOCH,2.0,0.0,0.0,YANK,2026-08-28T18:59:00+00:00
PER_SESSION_CONDITIONAL_UNKNOWN_EPOCH,1.0,-407.83000000000175,58911.0,MIM,2026-08-28T19:00:00+00:00
PER_SESSION_CONDITIONAL_UNKNOWN_EPOCH,2.0,0.0,0.0,YANK,2026-08-28T19:00:00+00:00
PER_SESSION_CONDITIONAL_UNKNOWN_EPOCH,1.0,-386.83000000000175,58890.0,MIM,2026-08-28T19:01:00+00:00
PER_SESSION_CONDITIONAL_UNKNOWN_EPOCH,2.0,0.0,0.0,YANK,2026-08-28T19:01:00+00:00
PER_SESSION_CONDITIONAL_UNKNOWN_EPOCH,1.0,-435.83000000000175,58939.0,MIM,2026-08-28T19:02:00+00:00
PER_SESSION_CONDITIONAL_UNKNOWN_EPOCH,2.0,0.0,0.0,YANK,2026-08-28T19:02:00+00:00
PER_SESSION_CONDITIONAL_UNKNOWN_EPOCH,1.0,-425.83000000000175,58929.0,MIM,2026-08-28T19:03:00+00:00
PER_SESSION_CONDITIONAL_UNKNOWN_EPOCH,2.0,0.0,0.0,YANK,2026-08-28T19:03:00+00:00
PER_SESSION_CONDITIONAL_UNKNOWN_EPOCH,1.0,-430.33000000000175,58933.5,MIM,2026-08-28T19:04:00+00:00
PER_SESSION_CONDITIONAL_UNKNOWN_EPOCH,2.0,0.0,0.0,YANK,2026-08-28T19:04:00+00:00
PER_SESSION_CONDITIONAL_UNKNOWN_EPOCH,1.0,-422.33000000000175,58925.5,MIM,2026-08-28T19:05:00+00:00
PER_SESSION_CONDITIONAL_UNKNOWN_EPOCH,2.0,0.0,0.0,YANK,2026-08-28T19:05:00+00:00
PER_SESSION_CONDITIONAL_UNKNOWN_EPOCH,1.0,-443.33000000000175,58946.5,MIM,2026-08-28T19:06:00+00:00
PER_SESSION_CONDITIONAL_UNKNOWN_EPOCH,2.0,0.0,0.0,YANK,2026-08-28T19:06:00+00:00
PER_SESSION_CONDITIONAL_UNKNOWN_EPOCH,1.0,-406.33000000000175,58909.5,MIM,2026-08-28T19:07:00+00:00
PER_SESSION_CONDITIONAL_UNKNOWN_EPOCH,2.0,0.0,0.0,YANK,2026-08-28T19:07:00+00:00
PER_SESSION_CONDITIONAL_UNKNOWN_EPOCH,1.0,-436.83000000000175,58940.0,MIM,2026-08-28T19:08:00+00:00
PER_SESSION_CONDITIONAL_UNKNOWN_EPOCH,2.0,0.0,0.0,YANK,2026-08-28T19:08:00+00:00
PER_SESSION_CONDITIONAL_UNKNOWN_EPOCH,1.0,-452.83000000000175,58956.0,MIM,2026-08-28T19:09:00+00:00
PER_SESSION_CONDITIONAL_UNKNOWN_EPOCH,2.0,0.0,0.0,YANK,2026-08-28T19:09:00+00:00
PER_SESSION_CONDITIONAL_UNKNOWN_EPOCH,1.0,-477.33000000000175,58980.5,MIM,2026-08-28T19:10:00+00:00
PER_SESSION_CONDITIONAL_UNKNOWN_EPOCH,2.0,0.0,0.0,YANK,2026-08-28T19:10:00+00:00
PER_SESSION_CONDITIONAL_UNKNOWN_EPOCH,1.0,-452.83000000000175,58956.0,MIM,2026-08-28T19:11:00+00:00
PER_SESSION_CONDITIONAL_UNKNOWN_EPOCH,2.0,0.0,0.0,YANK,2026-08-28T19:11:00+00:00
PER_SESSION_CONDITIONAL_UNKNOWN_EPOCH,1.0,-453.33000000000175,58956.5,MIM,2026-08-28T19:12:00+00:00
PER_SESSION_CONDITIONAL_UNKNOWN_EPOCH,2.0,0.0,0.0,YANK,2026-08-28T19:12:00+00:00
PER_SESSION_CONDITIONAL_UNKNOWN_EPOCH,1.0,-453.83000000000175,58957.0,MIM,2026-08-28T19:13:00+00:00
PER_SESSION_CONDITIONAL_UNKNOWN_EPOCH,2.0,0.0,0.0,YANK,2026-08-28T19:13:00+00:00
PER_SESSION_CONDITIONAL_UNKNOWN_EPOCH,1.0,-441.83000000000175,58945.0,MIM,2026-08-28T19:14:00+00:00
PER_SESSION_CONDITIONAL_UNKNOWN_EPOCH,2.0,0.0,0.0,YANK,2026-08-28T19:14:00+00:00
PER_SESSION_CONDITIONAL_UNKNOWN_EPOCH,1.0,-455.33000000000175,58958.5,MIM,2026-08-28T19:15:00+00:00
PER_SESSION_CONDITIONAL_UNKNOWN_EPOCH,2.0,0.0,0.0,YANK,2026-08-28T19:15:00+00:00
PER_SESSION_CONDITIONAL_UNKNOWN_EPOCH,1.0,-454.33000000000175,58957.5,MIM,2026-08-28T19:16:00+00:00
PER_SESSION_CONDITIONAL_UNKNOWN_EPOCH,2.0,0.0,0.0,YANK,2026-08-28T19:16:00+00:00
PER_SESSION_CONDITIONAL_UNKNOWN_EPOCH,1.0,-442.33000000000175,58945.5,MIM,2026-08-28T19:17:00+00:00
PER_SESSION_CONDITIONAL_UNKNOWN_EPOCH,2.0,0.0,0.0,YANK,2026-08-28T19:17:00+00:00
PER_SESSION_CONDITIONAL_UNKNOWN_EPOCH,1.0,-433.83000000000175,58937.0,MIM,2026-08-28T19:18:00+00:00
PER_SESSION_CONDITIONAL_UNKNOWN_EPOCH,2.0,0.0,0.0,YANK,2026-08-28T19:18:00+00:00
PER_SESSION_CONDITIONAL_UNKNOWN_EPOCH,1.0,-435.83000000000175,58939.0,MIM,2026-08-28T19:19:00+00:00
PER_SESSION_CONDITIONAL_UNKNOWN_EPOCH,2.0,0.0,0.0,YANK,2026-08-28T19:19:00+00:00
PER_SESSION_CONDITIONAL_UNKNOWN_EPOCH,1.0,-454.33000000000175,58957.5,MIM,2026-08-28T19:20:00+00:00
PER_SESSION_CONDITIONAL_UNKNOWN_EPOCH,2.0,0.0,0.0,YANK,2026-08-28T19:20:00+00:00
PER_SESSION_CONDITIONAL_UNKNOWN_EPOCH,1.0,-476.83000000000175,58980.0,MIM,2026-08-28T19:21:00+00:00
PER_SESSION_CONDITIONAL_UNKNOWN_EPOCH,2.0,0.0,0.0,YANK,2026-08-28T19:21:00+00:00
PER_SESSION_CONDITIONAL_UNKNOWN_EPOCH,1.0,-472.83000000000175,58976.0,MIM,2026-08-28T19:22:00+00:00
PER_SESSION_CONDITIONAL_UNKNOWN_EPOCH,2.0,0.0,0.0,YANK,2026-08-28T19:22:00+00:00
PER_SESSION_CONDITIONAL_UNKNOWN_EPOCH,1.0,-475.33000000000175,58978.5,MIM,2026-08-28T19:23:00+00:00
PER_SESSION_CONDITIONAL_UNKNOWN_EPOCH,2.0,0.0,0.0,YANK,2026-08-28T19:23:00+00:00
PER_SESSION_CONDITIONAL_UNKNOWN_EPOCH,1.0,-455.33000000000175,58958.5,MIM,2026-08-28T19:24:00+00:00
PER_SESSION_CONDITIONAL_UNKNOWN_EPOCH,2.0,0.0,0.0,YANK,2026-08-28T19:24:00+00:00
PER_SESSION_CONDITIONAL_UNKNOWN_EPOCH,1.0,-468.33000000000175,58971.5,MIM,2026-08-28T19:25:00+00:00
PER_SESSION_CONDITIONAL_UNKNOWN_EPOCH,2.0,0.0,0.0,YANK,2026-08-28T19:25:00+00:00
PER_SESSION_CONDITIONAL_UNKNOWN_EPOCH,1.0,-484.83000000000175,58988.0,MIM,2026-08-28T19:26:00+00:00
PER_SESSION_CONDITIONAL_UNKNOWN_EPOCH,2.0,0.0,0.0,YANK,2026-08-28T19:26:00+00:00
PER_SESSION_CONDITIONAL_UNKNOWN_EPOCH,1.0,-489.33000000000175,58992.5,MIM,2026-08-28T19:27:00+00:00
PER_SESSION_CONDITIONAL_UNKNOWN_EPOCH,2.0,0.0,0.0,YANK,2026-08-28T19:27:00+00:00
PER_SESSION_CONDITIONAL_UNKNOWN_EPOCH,1.0,-496.83000000000175,59000.0,MIM,2026-08-28T19:28:00+00:00
PER_SESSION_CONDITIONAL_UNKNOWN_EPOCH,2.0,0.0,0.0,YANK,2026-08-28T19:28:00+00:00
PER_SESSION_CONDITIONAL_UNKNOWN_EPOCH,1.0,-484.83000000000175,58988.0,MIM,2026-08-28T19:29:00+00:00
PER_SESSION_CONDITIONAL_UNKNOWN_EPOCH,2.0,0.0,0.0,YANK,2026-08-28T19:29:00+00:00
PER_SESSION_CONDITIONAL_UNKNOWN_EPOCH,1.0,-493.83000000000175,58997.0,MIM,2026-08-28T19:30:00+00:00
PER_SESSION_CONDITIONAL_UNKNOWN_EPOCH,2.0,0.0,0.0,YANK,2026-08-28T19:30:00+00:00
PER_SESSION_CONDITIONAL_UNKNOWN_EPOCH,1.0,-492.33000000000175,58995.5,MIM,2026-08-28T19:31:00+00:00
PER_SESSION_CONDITIONAL_UNKNOWN_EPOCH,2.0,0.0,0.0,YANK,2026-08-28T19:31:00+00:00
PER_SESSION_CONDITIONAL_UNKNOWN_EPOCH,1.0,-492.83000000000175,58996.0,MIM,2026-08-28T19:32:00+00:00
PER_SESSION_CONDITIONAL_UNKNOWN_EPOCH,2.0,0.0,0.0,YANK,2026-08-28T19:32:00+00:00
PER_SESSION_CONDITIONAL_UNKNOWN_EPOCH,1.0,-497.83000000000175,59001.0,MIM,2026-08-28T19:33:00+00:00
PER_SESSION_CONDITIONAL_UNKNOWN_EPOCH,2.0,0.0,0.0,YANK,2026-08-28T19:33:00+00:00
PER_SESSION_CONDITIONAL_UNKNOWN_EPOCH,1.0,-492.33000000000175,58995.5,MIM,2026-08-28T19:34:00+00:00
PER_SESSION_CONDITIONAL_UNKNOWN_EPOCH,2.0,0.0,0.0,YANK,2026-08-28T19:34:00+00:00
PER_SESSION_CONDITIONAL_UNKNOWN_EPOCH,1.0,-491.33000000000175,58994.5,MIM,2026-08-28T19:35:00+00:00
PER_SESSION_CONDITIONAL_UNKNOWN_EPOCH,2.0,0.0,0.0,YANK,2026-08-28T19:35:00+00:00
PER_SESSION_CONDITIONAL_UNKNOWN_EPOCH,1.0,-481.33000000000175,58984.5,MIM,2026-08-28T19:36:00+00:00
PER_SESSION_CONDITIONAL_UNKNOWN_EPOCH,2.0,0.0,0.0,YANK,2026-08-28T19:36:00+00:00
PER_SESSION_CONDITIONAL_UNKNOWN_EPOCH,1.0,-470.33000000000175,58973.5,MIM,2026-08-28T19:37:00+00:00
PER_SESSION_CONDITIONAL_UNKNOWN_EPOCH,2.0,0.0,0.0,YANK,2026-08-28T19:37:00+00:00
PER_SESSION_CONDITIONAL_UNKNOWN_EPOCH,1.0,-475.83000000000175,58979.0,MIM,2026-08-28T19:38:00+00:00
PER_SESSION_CONDITIONAL_UNKNOWN_EPOCH,2.0,0.0,0.0,YANK,2026-08-28T19:38:00+00:00
PER_SESSION_CONDITIONAL_UNKNOWN_EPOCH,1.0,-482.83000000000175,58986.0,MIM,2026-08-28T19:39:00+00:00
PER_SESSION_CONDITIONAL_UNKNOWN_EPOCH,2.0,0.0,0.0,YANK,2026-08-28T19:39:00+00:00
PER_SESSION_CONDITIONAL_UNKNOWN_EPOCH,1.0,-499.33000000000175,59002.5,MIM,2026-08-28T19:40:00+00:00
PER_SESSION_CONDITIONAL_UNKNOWN_EPOCH,2.0,0.0,0.0,YANK,2026-08-28T19:40:00+00:00
PER_SESSION_CONDITIONAL_UNKNOWN_EPOCH,1.0,-511.83000000000175,59015.0,MIM,2026-08-28T19:41:00+00:00
PER_SESSION_CONDITIONAL_UNKNOWN_EPOCH,2.0,0.0,0.0,YANK,2026-08-28T19:41:00+00:00
PER_SESSION_CONDITIONAL_UNKNOWN_EPOCH,1.0,-511.33000000000175,59014.5,MIM,2026-08-28T19:42:00+00:00
PER_SESSION_CONDITIONAL_UNKNOWN_EPOCH,2.0,0.0,0.0,YANK,2026-08-28T19:42:00+00:00
PER_SESSION_CONDITIONAL_UNKNOWN_EPOCH,1.0,-506.83000000000175,59010.0,MIM,2026-08-28T19:43:00+00:00
PER_SESSION_CONDITIONAL_UNKNOWN_EPOCH,2.0,0.0,0.0,YANK,2026-08-28T19:43:00+00:00
PER_SESSION_CONDITIONAL_UNKNOWN_EPOCH,1.0,-515.8300000000017,59019.0,MIM,2026-08-28T19:44:00+00:00
PER_SESSION_CONDITIONAL_UNKNOWN_EPOCH,2.0,0.0,0.0,YANK,2026-08-28T19:44:00+00:00
PER_SESSION_CONDITIONAL_UNKNOWN_EPOCH,1.0,-502.83000000000175,59006.0,MIM,2026-08-28T19:45:00+00:00
PER_SESSION_CONDITIONAL_UNKNOWN_EPOCH,2.0,0.0,0.0,YANK,2026-08-28T19:45:00+00:00
PER_SESSION_CONDITIONAL_UNKNOWN_EPOCH,1.0,-476.83000000000175,58980.0,MIM,2026-08-28T19:46:00+00:00
PER_SESSION_CONDITIONAL_UNKNOWN_EPOCH,2.0,0.0,0.0,YANK,2026-08-28T19:46:00+00:00
PER_SESSION_CONDITIONAL_UNKNOWN_EPOCH,1.0,-461.83000000000175,58965.0,MIM,2026-08-28T19:47:00+00:00
PER_SESSION_CONDITIONAL_UNKNOWN_EPOCH,2.0,0.0,0.0,YANK,2026-08-28T19:47:00+00:00
PER_SESSION_CONDITIONAL_UNKNOWN_EPOCH,1.0,-450.83000000000175,58954.0,MIM,2026-08-28T19:48:00+00:00
PER_SESSION_CONDITIONAL_UNKNOWN_EPOCH,2.0,0.0,0.0,YANK,2026-08-28T19:48:00+00:00
PER_SESSION_CONDITIONAL_UNKNOWN_EPOCH,1.0,-458.83000000000175,58962.0,MIM,2026-08-28T19:49:00+00:00
PER_SESSION_CONDITIONAL_UNKNOWN_EPOCH,2.0,0.0,0.0,YANK,2026-08-28T19:49:00+00:00
PER_SESSION_CONDITIONAL_UNKNOWN_EPOCH,1.0,-479.83000000000175,58983.0,MIM,2026-08-28T19:50:00+00:00
PER_SESSION_CONDITIONAL_UNKNOWN_EPOCH,2.0,0.0,0.0,YANK,2026-08-28T19:50:00+00:00
PER_SESSION_CONDITIONAL_UNKNOWN_EPOCH,1.0,-529.8300000000017,59033.0,MIM,2026-08-28T19:51:00+00:00
PER_SESSION_CONDITIONAL_UNKNOWN_EPOCH,2.0,0.0,0.0,YANK,2026-08-28T19:51:00+00:00
PER_SESSION_CONDITIONAL_UNKNOWN_EPOCH,1.0,-487.83000000000175,58991.0,MIM,2026-08-28T19:52:00+00:00
PER_SESSION_CONDITIONAL_UNKNOWN_EPOCH,2.0,0.0,0.0,YANK,2026-08-28T19:52:00+00:00
PER_SESSION_CONDITIONAL_UNKNOWN_EPOCH,1.0,-487.33000000000175,58990.5,MIM,2026-08-28T19:53:00+00:00
PER_SESSION_CONDITIONAL_UNKNOWN_EPOCH,2.0,0.0,0.0,YANK,2026-08-28T19:53:00+00:00
PER_SESSION_CONDITIONAL_UNKNOWN_EPOCH,1.0,-469.83000000000175,58973.0,MIM,2026-08-28T19:54:00+00:00
PER_SESSION_CONDITIONAL_UNKNOWN_EPOCH,2.0,0.0,0.0,YANK,2026-08-28T19:54:00+00:00
PER_SESSION_CONDITIONAL_UNKNOWN_EPOCH,1.0,-480.83000000000175,58984.0,MIM,2026-08-28T19:55:00+00:00
PER_SESSION_CONDITIONAL_UNKNOWN_EPOCH,2.0,0.0,0.0,YANK,2026-08-28T19:55:00+00:00
PER_SESSION_CONDITIONAL_UNKNOWN_EPOCH,1.0,-515.8300000000017,59019.0,MIM,2026-08-28T19:56:00+00:00
PER_SESSION_CONDITIONAL_UNKNOWN_EPOCH,2.0,0.0,0.0,YANK,2026-08-28T19:56:00+00:00
PER_SESSION_CONDITIONAL_UNKNOWN_EPOCH,1.0,-512.3300000000017,59015.5,MIM,2026-08-28T19:57:00+00:00
PER_SESSION_CONDITIONAL_UNKNOWN_EPOCH,2.0,0.0,0.0,YANK,2026-08-28T19:57:00+00:00
PER_SESSION_CONDITIONAL_UNKNOWN_EPOCH,1.0,-501.33000000000175,59004.5,MIM,2026-08-28T19:58:00+00:00
PER_SESSION_CONDITIONAL_UNKNOWN_EPOCH,2.0,0.0,0.0,YANK,2026-08-28T19:58:00+00:00
PER_SESSION_CONDITIONAL_UNKNOWN_EPOCH,1.0,-496.33000000000175,58999.5,MIM,2026-08-28T19:59:00+00:00
PER_SESSION_CONDITIONAL_UNKNOWN_EPOCH,2.0,0.0,0.0,YANK,2026-08-28T19:59:00+00:00
PER_SESSION_CONDITIONAL_UNKNOWN_EPOCH,1.0,-488.83000000000175,58992.0,MIM,2026-08-28T20:00:00+00:00
PER_SESSION_CONDITIONAL_UNKNOWN_EPOCH,2.0,0.0,0.0,YANK,2026-08-28T20:00:00+00:00
PER_SESSION_CONDITIONAL_UNKNOWN_EPOCH,1.0,-501.4400000000023,0.0,MIM,2026-08-28T20:01:00+00:00
PER_SESSION_CONDITIONAL_UNKNOWN_EPOCH,2.0,0.0,0.0,YANK,2026-08-28T20:01:00+00:00
PER_SESSION_CONDITIONAL_UNKNOWN_EPOCH,1.0,0.0,0.0,MIM,2026-09-03T13:31:00+00:00
PER_SESSION_CONDITIONAL_UNKNOWN_EPOCH,2.0,0.0,0.0,YANK,2026-09-03T13:31:00+00:00
PER_SESSION_CONDITIONAL_UNKNOWN_EPOCH,1.0,0.0,0.0,MIM,2026-09-03T13:32:00+00:00
PER_SESSION_CONDITIONAL_UNKNOWN_EPOCH,2.0,0.0,0.0,YANK,2026-09-03T13:32:00+00:00
PER_SESSION_CONDITIONAL_UNKNOWN_EPOCH,1.0,0.0,0.0,MIM,2026-09-03T13:33:00+00:00
PER_SESSION_CONDITIONAL_UNKNOWN_EPOCH,2.0,0.0,0.0,YANK,2026-09-03T13:33:00+00:00
PER_SESSION_CONDITIONAL_UNKNOWN_EPOCH,1.0,0.0,0.0,MIM,2026-09-03T13:34:00+00:00
PER_SESSION_CONDITIONAL_UNKNOWN_EPOCH,2.0,0.0,0.0,YANK,2026-09-03T13:34:00+00:00
PER_SESSION_CONDITIONAL_UNKNOWN_EPOCH,1.0,0.0,0.0,MIM,2026-09-03T13:35:00+00:00
PER_SESSION_CONDITIONAL_UNKNOWN_EPOCH,2.0,0.0,0.0,YANK,2026-09-03T13:35:00+00:00
PER_SESSION_CONDITIONAL_UNKNOWN_EPOCH,1.0,0.0,0.0,MIM,2026-09-03T13:36:00+00:00
PER_SESSION_CONDITIONAL_UNKNOWN_EPOCH,2.0,0.0,0.0,YANK,2026-09-03T13:36:00+00:00
PER_SESSION_CONDITIONAL_UNKNOWN_EPOCH,1.0,0.0,0.0,MIM,2026-09-03T13:37:00+00:00
PER_SESSION_CONDITIONAL_UNKNOWN_EPOCH,2.0,0.0,0.0,YANK,2026-09-03T13:37:00+00:00
PER_SESSION_CONDITIONAL_UNKNOWN_EPOCH,1.0,0.0,0.0,MIM,2026-09-03T13:38:00+00:00
PER_SESSION_CONDITIONAL_UNKNOWN_EPOCH,2.0,0.0,0.0,YANK,2026-09-03T13:38:00+00:00
PER_SESSION_CONDITIONAL_UNKNOWN_EPOCH,1.0,0.0,0.0,MIM,2026-09-03T13:39:00+00:00
PER_SESSION_CONDITIONAL_UNKNOWN_EPOCH,2.0,0.0,0.0,YANK,2026-09-03T13:39:00+00:00
PER_SESSION_CONDITIONAL_UNKNOWN_EPOCH,1.0,0.0,0.0,MIM,2026-09-03T13:40:00+00:00
PER_SESSION_CONDITIONAL_UNKNOWN_EPOCH,2.0,0.0,0.0,YANK,2026-09-03T13:40:00+00:00
PER_SESSION_CONDITIONAL_UNKNOWN_EPOCH,1.0,0.0,0.0,MIM,2026-09-03T13:41:00+00:00
PER_SESSION_CONDITIONAL_UNKNOWN_EPOCH,2.0,0.0,0.0,YANK,2026-09-03T13:41:00+00:00
PER_SESSION_CONDITIONAL_UNKNOWN_EPOCH,1.0,0.0,0.0,MIM,2026-09-03T13:42:00+00:00
PER_SESSION_CONDITIONAL_UNKNOWN_EPOCH,2.0,0.0,0.0,YANK,2026-09-03T13:42:00+00:00
PER_SESSION_CONDITIONAL_UNKNOWN_EPOCH,1.0,0.0,0.0,MIM,2026-09-03T13:43:00+00:00
PER_SESSION_CONDITIONAL_UNKNOWN_EPOCH,2.0,0.0,0.0,YANK,2026-09-03T13:43:00+00:00
PER_SESSION_CONDITIONAL_UNKNOWN_EPOCH,1.0,0.0,0.0,MIM,2026-09-03T13:44:00+00:00
PER_SESSION_CONDITIONAL_UNKNOWN_EPOCH,2.0,0.0,0.0,YANK,2026-09-03T13:44:00+00:00
PER_SESSION_CONDITIONAL_UNKNOWN_EPOCH,1.0,0.0,0.0,MIM,2026-09-03T13:45:00+00:00
PER_SESSION_CONDITIONAL_UNKNOWN_EPOCH,2.0,0.0,0.0,YANK,2026-09-03T13:45:00+00:00
PER_SESSION_CONDITIONAL_UNKNOWN_EPOCH,1.0,0.0,0.0,MIM,2026-09-03T13:46:00+00:00
PER_SESSION_CONDITIONAL_UNKNOWN_EPOCH,2.0,0.0,0.0,YANK,2026-09-03T13:46:00+00:00
PER_SESSION_CONDITIONAL_UNKNOWN_EPOCH,1.0,0.0,0.0,MIM,2026-09-03T13:47:00+00:00
PER_SESSION_CONDITIONAL_UNKNOWN_EPOCH,2.0,0.0,0.0,YANK,2026-09-03T13:47:00+00:00
PER_SESSION_CONDITIONAL_UNKNOWN_EPOCH,1.0,0.0,0.0,MIM,2026-09-03T13:48:00+00:00
PER_SESSION_CONDITIONAL_UNKNOWN_EPOCH,2.0,0.0,0.0,YANK,2026-09-03T13:48:00+00:00
PER_SESSION_CONDITIONAL_UNKNOWN_EPOCH,1.0,0.0,0.0,MIM,2026-09-03T13:49:00+00:00
PER_SESSION_CONDITIONAL_UNKNOWN_EPOCH,2.0,0.0,0.0,YANK,2026-09-03T13:49:00+00:00
PER_SESSION_CONDITIONAL_UNKNOWN_EPOCH,1.0,0.0,0.0,MIM,2026-09-03T13:50:00+00:00
PER_SESSION_CONDITIONAL_UNKNOWN_EPOCH,2.0,0.0,0.0,YANK,2026-09-03T13:50:00+00:00
PER_SESSION_CONDITIONAL_UNKNOWN_EPOCH,1.0,0.0,0.0,MIM,2026-09-03T13:51:00+00:00
PER_SESSION_CONDITIONAL_UNKNOWN_EPOCH,2.0,0.0,0.0,YANK,2026-09-03T13:51:00+00:00
PER_SESSION_CONDITIONAL_UNKNOWN_EPOCH,1.0,0.0,0.0,MIM,2026-09-03T13:52:00+00:00
PER_SESSION_CONDITIONAL_UNKNOWN_EPOCH,2.0,0.0,0.0,YANK,2026-09-03T13:52:00+00:00
PER_SESSION_CONDITIONAL_UNKNOWN_EPOCH,1.0,0.0,0.0,MIM,2026-09-03T13:53:00+00:00
PER_SESSION_CONDITIONAL_UNKNOWN_EPOCH,2.0,0.0,0.0,YANK,2026-09-03T13:53:00+00:00
PER_SESSION_CONDITIONAL_UNKNOWN_EPOCH,1.0,0.0,0.0,MIM,2026-09-03T13:54:00+00:00
PER_SESSION_CONDITIONAL_UNKNOWN_EPOCH,2.0,0.0,0.0,YANK,2026-09-03T13:54:00+00:00
PER_SESSION_CONDITIONAL_UNKNOWN_EPOCH,1.0,0.0,0.0,MIM,2026-09-03T13:55:00+00:00
PER_SESSION_CONDITIONAL_UNKNOWN_EPOCH,2.0,0.0,0.0,YANK,2026-09-03T13:55:00+00:00
PER_SESSION_CONDITIONAL_UNKNOWN_EPOCH,1.0,0.0,0.0,MIM,2026-09-03T13:56:00+00:00
PER_SESSION_CONDITIONAL_UNKNOWN_EPOCH,2.0,0.0,0.0,YANK,2026-09-03T13:56:00+00:00
PER_SESSION_CONDITIONAL_UNKNOWN_EPOCH,1.0,0.0,0.0,MIM,2026-09-03T13:57:00+00:00
PER_SESSION_CONDITIONAL_UNKNOWN_EPOCH,2.0,0.0,0.0,YANK,2026-09-03T13:57:00+00:00
PER_SESSION_CONDITIONAL_UNKNOWN_EPOCH,1.0,0.0,0.0,MIM,2026-09-03T13:58:00+00:00
PER_SESSION_CONDITIONAL_UNKNOWN_EPOCH,2.0,0.0,0.0,YANK,2026-09-03T13:58:00+00:00
PER_SESSION_CONDITIONAL_UNKNOWN_EPOCH,1.0,0.0,0.0,MIM,2026-09-03T13:59:00+00:00
PER_SESSION_CONDITIONAL_UNKNOWN_EPOCH,2.0,0.0,0.0,YANK,2026-09-03T13:59:00+00:00
PER_SESSION_CONDITIONAL_UNKNOWN_EPOCH,1.0,0.0,0.0,MIM,2026-09-03T14:00:00+00:00
PER_SESSION_CONDITIONAL_UNKNOWN_EPOCH,2.0,0.0,0.0,YANK,2026-09-03T14:00:00+00:00
PER_SESSION_CONDITIONAL_UNKNOWN_EPOCH,1.0,-59.61000000000058,58568.5,MIM,2026-09-03T14:01:00+00:00
PER_SESSION_CONDITIONAL_UNKNOWN_EPOCH,2.0,0.0,0.0,YANK,2026-09-03T14:01:00+00:00
PER_SESSION_CONDITIONAL_UNKNOWN_EPOCH,1.0,-98.11000000000058,58530.0,MIM,2026-09-03T14:02:00+00:00
PER_SESSION_CONDITIONAL_UNKNOWN_EPOCH,2.0,0.0,0.0,YANK,2026-09-03T14:02:00+00:00
PER_SESSION_CONDITIONAL_UNKNOWN_EPOCH,1.0,-71.61000000000058,58556.5,MIM,2026-09-03T14:03:00+00:00
PER_SESSION_CONDITIONAL_UNKNOWN_EPOCH,2.0,0.0,0.0,YANK,2026-09-03T14:03:00+00:00
PER_SESSION_CONDITIONAL_UNKNOWN_EPOCH,1.0,-44.11000000000058,58584.0,MIM,2026-09-03T14:04:00+00:00
PER_SESSION_CONDITIONAL_UNKNOWN_EPOCH,2.0,0.0,0.0,YANK,2026-09-03T14:04:00+00:00
PER_SESSION_CONDITIONAL_UNKNOWN_EPOCH,1.0,-93.11000000000058,58535.0,MIM,2026-09-03T14:05:00+00:00
PER_SESSION_CONDITIONAL_UNKNOWN_EPOCH,2.0,0.0,0.0,YANK,2026-09-03T14:05:00+00:00
PER_SESSION_CONDITIONAL_UNKNOWN_EPOCH,1.0,-62.61000000000058,58565.5,MIM,2026-09-03T14:06:00+00:00
PER_SESSION_CONDITIONAL_UNKNOWN_EPOCH,2.0,0.0,0.0,YANK,2026-09-03T14:06:00+00:00
PER_SESSION_CONDITIONAL_UNKNOWN_EPOCH,1.0,-69.61000000000058,58558.5,MIM,2026-09-03T14:07:00+00:00
PER_SESSION_CONDITIONAL_UNKNOWN_EPOCH,2.0,0.0,0.0,YANK,2026-09-03T14:07:00+00:00
PER_SESSION_CONDITIONAL_UNKNOWN_EPOCH,1.0,-122.61000000000058,58505.5,MIM,2026-09-03T14:08:00+00:00
PER_SESSION_CONDITIONAL_UNKNOWN_EPOCH,2.0,0.0,0.0,YANK,2026-09-03T14:08:00+00:00
PER_SESSION_CONDITIONAL_UNKNOWN_EPOCH,1.0,-115.11000000000058,58513.0,MIM,2026-09-03T14:09:00+00:00
PER_SESSION_CONDITIONAL_UNKNOWN_EPOCH,2.0,0.0,0.0,YANK,2026-09-03T14:09:00+00:00
PER_SESSION_CONDITIONAL_UNKNOWN_EPOCH,1.0,-93.11000000000058,58535.0,MIM,2026-09-03T14:10:00+00:00
PER_SESSION_CONDITIONAL_UNKNOWN_EPOCH,2.0,0.0,0.0,YANK,2026-09-03T14:10:00+00:00
PER_SESSION_CONDITIONAL_UNKNOWN_EPOCH,1.0,-106.11000000000058,58522.0,MIM,2026-09-03T14:11:00+00:00
PER_SESSION_CONDITIONAL_UNKNOWN_EPOCH,2.0,0.0,0.0,YANK,2026-09-03T14:11:00+00:00
PER_SESSION_CONDITIONAL_UNKNOWN_EPOCH,1.0,-52.61000000000058,58575.5,MIM,2026-09-03T14:12:00+00:00
PER_SESSION_CONDITIONAL_UNKNOWN_EPOCH,2.0,0.0,0.0,YANK,2026-09-03T14:12:00+00:00
PER_SESSION_CONDITIONAL_UNKNOWN_EPOCH,1.0,-54.61000000000058,58573.5,MIM,2026-09-03T14:13:00+00:00
PER_SESSION_CONDITIONAL_UNKNOWN_EPOCH,2.0,0.0,0.0,YANK,2026-09-03T14:13:00+00:00
PER_SESSION_CONDITIONAL_UNKNOWN_EPOCH,1.0,-56.61000000000058,58571.5,MIM,2026-09-03T14:14:00+00:00
PER_SESSION_CONDITIONAL_UNKNOWN_EPOCH,2.0,0.0,0.0,YANK,2026-09-03T14:14:00+00:00
PER_SESSION_CONDITIONAL_UNKNOWN_EPOCH,1.0,-25.110000000000582,58603.0,MIM,2026-09-03T14:15:00+00:00
PER_SESSION_CONDITIONAL_UNKNOWN_EPOCH,2.0,0.0,0.0,YANK,2026-09-03T14:15:00+00:00
PER_SESSION_CONDITIONAL_UNKNOWN_EPOCH,1.0,2.389999999999418,58630.5,MIM,2026-09-03T14:16:00+00:00
PER_SESSION_CONDITIONAL_UNKNOWN_EPOCH,2.0,0.0,0.0,YANK,2026-09-03T14:16:00+00:00
PER_SESSION_CONDITIONAL_UNKNOWN_EPOCH,1.0,3.389999999999418,58631.5,MIM,2026-09-03T14:17:00+00:00
PER_SESSION_CONDITIONAL_UNKNOWN_EPOCH,2.0,0.0,0.0,YANK,2026-09-03T14:17:00+00:00
PER_SESSION_CONDITIONAL_UNKNOWN_EPOCH,1.0,24.889999999999418,58653.0,MIM,2026-09-03T14:18:00+00:00
PER_SESSION_CONDITIONAL_UNKNOWN_EPOCH,2.0,0.0,0.0,YANK,2026-09-03T14:18:00+00:00
PER_SESSION_CONDITIONAL_UNKNOWN_EPOCH,1.0,11.389999999999418,58639.5,MIM,2026-09-03T14:19:00+00:00
PER_SESSION_CONDITIONAL_UNKNOWN_EPOCH,2.0,0.0,0.0,YANK,2026-09-03T14:19:00+00:00
PER_SESSION_CONDITIONAL_UNKNOWN_EPOCH,1.0,57.38999999999942,58685.5,MIM,2026-09-03T14:20:00+00:00
PER_SESSION_CONDITIONAL_UNKNOWN_EPOCH,2.0,0.0,0.0,YANK,2026-09-03T14:20:00+00:00
PER_SESSION_CONDITIONAL_UNKNOWN_EPOCH,1.0,67.88999999999942,58696.0,MIM,2026-09-03T14:21:00+00:00
PER_SESSION_CONDITIONAL_UNKNOWN_EPOCH,2.0,0.0,0.0,YANK,2026-09-03T14:21:00+00:00
PER_SESSION_CONDITIONAL_UNKNOWN_EPOCH,1.0,38.88999999999942,58667.0,MIM,2026-09-03T14:22:00+00:00
PER_SESSION_CONDITIONAL_UNKNOWN_EPOCH,2.0,0.0,0.0,YANK,2026-09-03T14:22:00+00:00
PER_SESSION_CONDITIONAL_UNKNOWN_EPOCH,1.0,67.38999999999942,58695.5,MIM,2026-09-03T14:23:00+00:00
PER_SESSION_CONDITIONAL_UNKNOWN_EPOCH,2.0,0.0,0.0,YANK,2026-09-03T14:23:00+00:00
PER_SESSION_CONDITIONAL_UNKNOWN_EPOCH,1.0,80.38999999999942,58708.5,MIM,2026-09-03T14:24:00+00:00
PER_SESSION_CONDITIONAL_UNKNOWN_EPOCH,2.0,0.0,0.0,YANK,2026-09-03T14:24:00+00:00
PER_SESSION_CONDITIONAL_UNKNOWN_EPOCH,1.0,73.38999999999942,58701.5,MIM,2026-09-03T14:25:00+00:00
PER_SESSION_CONDITIONAL_UNKNOWN_EPOCH,2.0,0.0,0.0,YANK,2026-09-03T14:25:00+00:00
PER_SESSION_CONDITIONAL_UNKNOWN_EPOCH,1.0,61.38999999999942,58689.5,MIM,2026-09-03T14:26:00+00:00
PER_SESSION_CONDITIONAL_UNKNOWN_EPOCH,2.0,0.0,0.0,YANK,2026-09-03T14:26:00+00:00
PER_SESSION_CONDITIONAL_UNKNOWN_EPOCH,1.0,68.38999999999942,58696.5,MIM,2026-09-03T14:27:00+00:00
PER_SESSION_CONDITIONAL_UNKNOWN_EPOCH,2.0,0.0,0.0,YANK,2026-09-03T14:27:00+00:00
PER_SESSION_CONDITIONAL_UNKNOWN_EPOCH,1.0,95.38999999999942,58723.5,MIM,2026-09-03T14:28:00+00:00
PER_SESSION_CONDITIONAL_UNKNOWN_EPOCH,2.0,0.0,0.0,YANK,2026-09-03T14:28:00+00:00
PER_SESSION_CONDITIONAL_UNKNOWN_EPOCH,1.0,71.88999999999942,58700.0,MIM,2026-09-03T14:29:00+00:00
PER_SESSION_CONDITIONAL_UNKNOWN_EPOCH,2.0,0.0,0.0,YANK,2026-09-03T14:29:00+00:00
PER_SESSION_CONDITIONAL_UNKNOWN_EPOCH,1.0,58.38999999999942,58686.5,MIM,2026-09-03T14:30:00+00:00
PER_SESSION_CONDITIONAL_UNKNOWN_EPOCH,2.0,0.0,0.0,YANK,2026-09-03T14:30:00+00:00
PER_SESSION_CONDITIONAL_UNKNOWN_EPOCH,1.0,83.38999999999942,58711.5,MIM,2026-09-03T14:31:00+00:00
PER_SESSION_CONDITIONAL_UNKNOWN_EPOCH,2.0,0.0,0.0,YANK,2026-09-03T14:31:00+00:00
PER_SESSION_CONDITIONAL_UNKNOWN_EPOCH,1.0,27.389999999999418,58655.5,MIM,2026-09-03T14:32:00+00:00
PER_SESSION_CONDITIONAL_UNKNOWN_EPOCH,2.0,0.0,0.0,YANK,2026-09-03T14:32:00+00:00
PER_SESSION_CONDITIONAL_UNKNOWN_EPOCH,1.0,10.889999999999418,58639.0,MIM,2026-09-03T14:33:00+00:00
PER_SESSION_CONDITIONAL_UNKNOWN_EPOCH,2.0,0.0,0.0,YANK,2026-09-03T14:33:00+00:00
PER_SESSION_CONDITIONAL_UNKNOWN_EPOCH,1.0,-12.610000000000582,58615.5,MIM,2026-09-03T14:34:00+00:00
PER_SESSION_CONDITIONAL_UNKNOWN_EPOCH,2.0,0.0,0.0,YANK,2026-09-03T14:34:00+00:00
PER_SESSION_CONDITIONAL_UNKNOWN_EPOCH,1.0,-52.61000000000058,58575.5,MIM,2026-09-03T14:35:00+00:00
PER_SESSION_CONDITIONAL_UNKNOWN_EPOCH,2.0,0.0,0.0,YANK,2026-09-03T14:35:00+00:00
PER_SESSION_CONDITIONAL_UNKNOWN_EPOCH,1.0,-2.110000000000582,58626.0,MIM,2026-09-03T14:36:00+00:00
PER_SESSION_CONDITIONAL_UNKNOWN_EPOCH,2.0,0.0,0.0,YANK,2026-09-03T14:36:00+00:00
PER_SESSION_CONDITIONAL_UNKNOWN_EPOCH,1.0,-23.610000000000582,58604.5,MIM,2026-09-03T14:37:00+00:00
PER_SESSION_CONDITIONAL_UNKNOWN_EPOCH,2.0,0.0,0.0,YANK,2026-09-03T14:37:00+00:00
PER_SESSION_CONDITIONAL_UNKNOWN_EPOCH,1.0,-36.11000000000058,58592.0,MIM,2026-09-03T14:38:00+00:00
PER_SESSION_CONDITIONAL_UNKNOWN_EPOCH,2.0,0.0,0.0,YANK,2026-09-03T14:38:00+00:00
PER_SESSION_CONDITIONAL_UNKNOWN_EPOCH,1.0,-45.11000000000058,58583.0,MIM,2026-09-03T14:39:00+00:00
PER_SESSION_CONDITIONAL_UNKNOWN_EPOCH,2.0,0.0,0.0,YANK,2026-09-03T14:39:00+00:00
PER_SESSION_CONDITIONAL_UNKNOWN_EPOCH,1.0,-59.11000000000058,58569.0,MIM,2026-09-03T14:40:00+00:00
PER_SESSION_CONDITIONAL_UNKNOWN_EPOCH,2.0,0.0,0.0,YANK,2026-09-03T14:40:00+00:00
PER_SESSION_CONDITIONAL_UNKNOWN_EPOCH,1.0,-79.61000000000058,58548.5,MIM,2026-09-03T14:41:00+00:00
PER_SESSION_CONDITIONAL_UNKNOWN_EPOCH,2.0,0.0,0.0,YANK,2026-09-03T14:41:00+00:00
PER_SESSION_CONDITIONAL_UNKNOWN_EPOCH,1.0,-33.11000000000058,58595.0,MIM,2026-09-03T14:42:00+00:00
PER_SESSION_CONDITIONAL_UNKNOWN_EPOCH,2.0,0.0,0.0,YANK,2026-09-03T14:42:00+00:00
PER_SESSION_CONDITIONAL_UNKNOWN_EPOCH,1.0,-34.61000000000058,58593.5,MIM,2026-09-03T14:43:00+00:00
PER_SESSION_CONDITIONAL_UNKNOWN_EPOCH,2.0,0.0,0.0,YANK,2026-09-03T14:43:00+00:00
PER_SESSION_CONDITIONAL_UNKNOWN_EPOCH,1.0,-48.11000000000058,58580.0,MIM,2026-09-03T14:44:00+00:00
PER_SESSION_CONDITIONAL_UNKNOWN_EPOCH,2.0,0.0,0.0,YANK,2026-09-03T14:44:00+00:00
PER_SESSION_CONDITIONAL_UNKNOWN_EPOCH,1.0,-60.61000000000058,58567.5,MIM,2026-09-03T14:45:00+00:00
PER_SESSION_CONDITIONAL_UNKNOWN_EPOCH,2.0,0.0,0.0,YANK,2026-09-03T14:45:00+00:00
PER_SESSION_CONDITIONAL_UNKNOWN_EPOCH,1.0,-31.610000000000582,58596.5,MIM,2026-09-03T14:46:00+00:00
PER_SESSION_CONDITIONAL_UNKNOWN_EPOCH,2.0,0.0,0.0,YANK,2026-09-03T14:46:00+00:00
PER_SESSION_CONDITIONAL_UNKNOWN_EPOCH,1.0,-67.11000000000058,58561.0,MIM,2026-09-03T14:47:00+00:00
PER_SESSION_CONDITIONAL_UNKNOWN_EPOCH,2.0,0.0,0.0,YANK,2026-09-03T14:47:00+00:00
PER_SESSION_CONDITIONAL_UNKNOWN_EPOCH,1.0,-43.61000000000058,58584.5,MIM,2026-09-03T14:48:00+00:00
PER_SESSION_CONDITIONAL_UNKNOWN_EPOCH,2.0,0.0,0.0,YANK,2026-09-03T14:48:00+00:00
PER_SESSION_CONDITIONAL_UNKNOWN_EPOCH,1.0,-23.110000000000582,58605.0,MIM,2026-09-03T14:49:00+00:00
PER_SESSION_CONDITIONAL_UNKNOWN_EPOCH,2.0,0.0,0.0,YANK,2026-09-03T14:49:00+00:00
PER_SESSION_CONDITIONAL_UNKNOWN_EPOCH,1.0,-9.610000000000582,58618.5,MIM,2026-09-03T14:50:00+00:00
PER_SESSION_CONDITIONAL_UNKNOWN_EPOCH,2.0,0.0,0.0,YANK,2026-09-03T14:50:00+00:00
PER_SESSION_CONDITIONAL_UNKNOWN_EPOCH,1.0,-23.110000000000582,58605.0,MIM,2026-09-03T14:51:00+00:00
PER_SESSION_CONDITIONAL_UNKNOWN_EPOCH,2.0,0.0,0.0,YANK,2026-09-03T14:51:00+00:00
PER_SESSION_CONDITIONAL_UNKNOWN_EPOCH,1.0,-16.610000000000582,58611.5,MIM,2026-09-03T14:52:00+00:00
PER_SESSION_CONDITIONAL_UNKNOWN_EPOCH,2.0,0.0,0.0,YANK,2026-09-03T14:52:00+00:00
PER_SESSION_CONDITIONAL_UNKNOWN_EPOCH,1.0,-52.11000000000058,58576.0,MIM,2026-09-03T14:53:00+00:00
PER_SESSION_CONDITIONAL_UNKNOWN_EPOCH,2.0,0.0,0.0,YANK,2026-09-03T14:53:00+00:00
PER_SESSION_CONDITIONAL_UNKNOWN_EPOCH,1.0,-42.11000000000058,58586.0,MIM,2026-09-03T14:54:00+00:00
PER_SESSION_CONDITIONAL_UNKNOWN_EPOCH,2.0,0.0,0.0,YANK,2026-09-03T14:54:00+00:00
PER_SESSION_CONDITIONAL_UNKNOWN_EPOCH,1.0,-2.110000000000582,58626.0,MIM,2026-09-03T14:55:00+00:00
PER_SESSION_CONDITIONAL_UNKNOWN_EPOCH,2.0,0.0,0.0,YANK,2026-09-03T14:55:00+00:00
PER_SESSION_CONDITIONAL_UNKNOWN_EPOCH,1.0,1.889999999999418,58630.0,MIM,2026-09-03T14:56:00+00:00
PER_SESSION_CONDITIONAL_UNKNOWN_EPOCH,2.0,0.0,0.0,YANK,2026-09-03T14:56:00+00:00
PER_SESSION_CONDITIONAL_UNKNOWN_EPOCH,1.0,-34.61000000000058,58593.5,MIM,2026-09-03T14:57:00+00:00
PER_SESSION_CONDITIONAL_UNKNOWN_EPOCH,2.0,0.0,0.0,YANK,2026-09-03T14:57:00+00:00
PER_SESSION_CONDITIONAL_UNKNOWN_EPOCH,1.0,-3.610000000000582,58624.5,MIM,2026-09-03T14:58:00+00:00
PER_SESSION_CONDITIONAL_UNKNOWN_EPOCH,2.0,0.0,0.0,YANK,2026-09-03T14:58:00+00:00
PER_SESSION_CONDITIONAL_UNKNOWN_EPOCH,1.0,50.88999999999942,58679.0,MIM,2026-09-03T14:59:00+00:00
PER_SESSION_CONDITIONAL_UNKNOWN_EPOCH,2.0,0.0,0.0,YANK,2026-09-03T14:59:00+00:00
PER_SESSION_CONDITIONAL_UNKNOWN_EPOCH,1.0,98.88999999999942,58727.0,MIM,2026-09-03T15:00:00+00:00
PER_SESSION_CONDITIONAL_UNKNOWN_EPOCH,2.0,0.0,0.0,YANK,2026-09-03T15:00:00+00:00
PER_SESSION_CONDITIONAL_UNKNOWN_EPOCH,1.0,133.88999999999942,58762.0,MIM,2026-09-03T15:01:00+00:00
PER_SESSION_CONDITIONAL_UNKNOWN_EPOCH,2.0,0.0,0.0,YANK,2026-09-03T15:01:00+00:00
PER_SESSION_CONDITIONAL_UNKNOWN_EPOCH,1.0,135.88999999999942,58764.0,MIM,2026-09-03T15:02:00+00:00
PER_SESSION_CONDITIONAL_UNKNOWN_EPOCH,2.0,0.0,0.0,YANK,2026-09-03T15:02:00+00:00
PER_SESSION_CONDITIONAL_UNKNOWN_EPOCH,1.0,177.88999999999942,58806.0,MIM,2026-09-03T15:03:00+00:00
PER_SESSION_CONDITIONAL_UNKNOWN_EPOCH,2.0,0.0,0.0,YANK,2026-09-03T15:03:00+00:00
PER_SESSION_CONDITIONAL_UNKNOWN_EPOCH,1.0,203.88999999999942,58832.0,MIM,2026-09-03T15:04:00+00:00
PER_SESSION_CONDITIONAL_UNKNOWN_EPOCH,2.0,0.0,0.0,YANK,2026-09-03T15:04:00+00:00
PER_SESSION_CONDITIONAL_UNKNOWN_EPOCH,1.0,245.38999999999942,58873.5,MIM,2026-09-03T15:05:00+00:00
PER_SESSION_CONDITIONAL_UNKNOWN_EPOCH,2.0,0.0,0.0,YANK,2026-09-03T15:05:00+00:00
PER_SESSION_CONDITIONAL_UNKNOWN_EPOCH,1.0,250.38999999999942,58878.5,MIM,2026-09-03T15:06:00+00:00
PER_SESSION_CONDITIONAL_UNKNOWN_EPOCH,2.0,0.0,0.0,YANK,2026-09-03T15:06:00+00:00
PER_SESSION_CONDITIONAL_UNKNOWN_EPOCH,1.0,233.38999999999942,58861.5,MIM,2026-09-03T15:07:00+00:00
PER_SESSION_CONDITIONAL_UNKNOWN_EPOCH,2.0,0.0,0.0,YANK,2026-09-03T15:07:00+00:00
PER_SESSION_CONDITIONAL_UNKNOWN_EPOCH,1.0,236.88999999999942,58865.0,MIM,2026-09-03T15:08:00+00:00
PER_SESSION_CONDITIONAL_UNKNOWN_EPOCH,2.0,0.0,0.0,YANK,2026-09-03T15:08:00+00:00
PER_SESSION_CONDITIONAL_UNKNOWN_EPOCH,1.0,248.88999999999942,58877.0,MIM,2026-09-03T15:09:00+00:00
PER_SESSION_CONDITIONAL_UNKNOWN_EPOCH,2.0,0.0,0.0,YANK,2026-09-03T15:09:00+00:00
PER_SESSION_CONDITIONAL_UNKNOWN_EPOCH,1.0,231.38999999999942,58859.5,MIM,2026-09-03T15:10:00+00:00
PER_SESSION_CONDITIONAL_UNKNOWN_EPOCH,2.0,0.0,0.0,YANK,2026-09-03T15:10:00+00:00
PER_SESSION_CONDITIONAL_UNKNOWN_EPOCH,1.0,259.3899999999994,58887.5,MIM,2026-09-03T15:11:00+00:00
PER_SESSION_CONDITIONAL_UNKNOWN_EPOCH,2.0,0.0,0.0,YANK,2026-09-03T15:11:00+00:00
PER_SESSION_CONDITIONAL_UNKNOWN_EPOCH,1.0,295.3899999999994,58923.5,MIM,2026-09-03T15:12:00+00:00
PER_SESSION_CONDITIONAL_UNKNOWN_EPOCH,2.0,0.0,0.0,YANK,2026-09-03T15:12:00+00:00
PER_SESSION_CONDITIONAL_UNKNOWN_EPOCH,1.0,275.3899999999994,58903.5,MIM,2026-09-03T15:13:00+00:00
PER_SESSION_CONDITIONAL_UNKNOWN_EPOCH,2.0,0.0,0.0,YANK,2026-09-03T15:13:00+00:00
PER_SESSION_CONDITIONAL_UNKNOWN_EPOCH,1.0,293.8899999999994,58922.0,MIM,2026-09-03T15:14:00+00:00
PER_SESSION_CONDITIONAL_UNKNOWN_EPOCH,2.0,0.0,0.0,YANK,2026-09-03T15:14:00+00:00
PER_SESSION_CONDITIONAL_UNKNOWN_EPOCH,1.0,301.3899999999994,58929.5,MIM,2026-09-03T15:15:00+00:00
PER_SESSION_CONDITIONAL_UNKNOWN_EPOCH,2.0,0.0,0.0,YANK,2026-09-03T15:15:00+00:00
PER_SESSION_CONDITIONAL_UNKNOWN_EPOCH,1.0,313.8899999999994,58942.0,MIM,2026-09-03T15:16:00+00:00
PER_SESSION_CONDITIONAL_UNKNOWN_EPOCH,2.0,0.0,0.0,YANK,2026-09-03T15:16:00+00:00
PER_SESSION_CONDITIONAL_UNKNOWN_EPOCH,1.0,317.3899999999994,58945.5,MIM,2026-09-03T15:17:00+00:00
PER_SESSION_CONDITIONAL_UNKNOWN_EPOCH,2.0,0.0,0.0,YANK,2026-09-03T15:17:00+00:00
PER_SESSION_CONDITIONAL_UNKNOWN_EPOCH,1.0,326.3899999999994,58954.5,MIM,2026-09-03T15:18:00+00:00
PER_SESSION_CONDITIONAL_UNKNOWN_EPOCH,2.0,0.0,0.0,YANK,2026-09-03T15:18:00+00:00
PER_SESSION_CONDITIONAL_UNKNOWN_EPOCH,1.0,321.8899999999994,58950.0,MIM,2026-09-03T15:19:00+00:00
PER_SESSION_CONDITIONAL_UNKNOWN_EPOCH,2.0,0.0,0.0,YANK,2026-09-03T15:19:00+00:00
PER_SESSION_CONDITIONAL_UNKNOWN_EPOCH,1.0,317.3899999999994,58945.5,MIM,2026-09-03T15:20:00+00:00
PER_SESSION_CONDITIONAL_UNKNOWN_EPOCH,2.0,0.0,0.0,YANK,2026-09-03T15:20:00+00:00
PER_SESSION_CONDITIONAL_UNKNOWN_EPOCH,1.0,287.8899999999994,58916.0,MIM,2026-09-03T15:21:00+00:00
PER_SESSION_CONDITIONAL_UNKNOWN_EPOCH,2.0,0.0,0.0,YANK,2026-09-03T15:21:00+00:00
PER_SESSION_CONDITIONAL_UNKNOWN_EPOCH,1.0,286.3899999999994,58914.5,MIM,2026-09-03T15:22:00+00:00
PER_SESSION_CONDITIONAL_UNKNOWN_EPOCH,2.0,0.0,0.0,YANK,2026-09-03T15:22:00+00:00
PER_SESSION_CONDITIONAL_UNKNOWN_EPOCH,1.0,325.8899999999994,58954.0,MIM,2026-09-03T15:23:00+00:00
PER_SESSION_CONDITIONAL_UNKNOWN_EPOCH,2.0,0.0,0.0,YANK,2026-09-03T15:23:00+00:00
PER_SESSION_CONDITIONAL_UNKNOWN_EPOCH,1.0,354.8899999999994,58983.0,MIM,2026-09-03T15:24:00+00:00
PER_SESSION_CONDITIONAL_UNKNOWN_EPOCH,2.0,0.0,0.0,YANK,2026-09-03T15:24:00+00:00
PER_SESSION_CONDITIONAL_UNKNOWN_EPOCH,1.0,335.3899999999994,58963.5,MIM,2026-09-03T15:25:00+00:00
PER_SESSION_CONDITIONAL_UNKNOWN_EPOCH,2.0,0.0,0.0,YANK,2026-09-03T15:25:00+00:00
PER_SESSION_CONDITIONAL_UNKNOWN_EPOCH,1.0,352.8899999999994,58981.0,MIM,2026-09-03T15:26:00+00:00
PER_SESSION_CONDITIONAL_UNKNOWN_EPOCH,2.0,0.0,0.0,YANK,2026-09-03T15:26:00+00:00
PER_SESSION_CONDITIONAL_UNKNOWN_EPOCH,1.0,395.3899999999994,59023.5,MIM,2026-09-03T15:27:00+00:00
PER_SESSION_CONDITIONAL_UNKNOWN_EPOCH,2.0,0.0,0.0,YANK,2026-09-03T15:27:00+00:00
PER_SESSION_CONDITIONAL_UNKNOWN_EPOCH,1.0,417.3899999999994,59045.5,MIM,2026-09-03T15:28:00+00:00
PER_SESSION_CONDITIONAL_UNKNOWN_EPOCH,2.0,0.0,0.0,YANK,2026-09-03T15:28:00+00:00
PER_SESSION_CONDITIONAL_UNKNOWN_EPOCH,1.0,413.8899999999994,59042.0,MIM,2026-09-03T15:29:00+00:00
PER_SESSION_CONDITIONAL_UNKNOWN_EPOCH,2.0,0.0,0.0,YANK,2026-09-03T15:29:00+00:00
PER_SESSION_CONDITIONAL_UNKNOWN_EPOCH,1.0,442.8899999999994,59071.0,MIM,2026-09-03T15:30:00+00:00
PER_SESSION_CONDITIONAL_UNKNOWN_EPOCH,2.0,0.0,0.0,YANK,2026-09-03T15:30:00+00:00
PER_SESSION_CONDITIONAL_UNKNOWN_EPOCH,1.0,443.3899999999994,59071.5,MIM,2026-09-03T15:31:00+00:00
PER_SESSION_CONDITIONAL_UNKNOWN_EPOCH,2.0,0.0,0.0,YANK,2026-09-03T15:31:00+00:00
PER_SESSION_CONDITIONAL_UNKNOWN_EPOCH,1.0,450.8899999999994,59079.0,MIM,2026-09-03T15:32:00+00:00
PER_SESSION_CONDITIONAL_UNKNOWN_EPOCH,2.0,0.0,0.0,YANK,2026-09-03T15:32:00+00:00
PER_SESSION_CONDITIONAL_UNKNOWN_EPOCH,1.0,435.8899999999994,59064.0,MIM,2026-09-03T15:33:00+00:00
PER_SESSION_CONDITIONAL_UNKNOWN_EPOCH,2.0,0.0,0.0,YANK,2026-09-03T15:33:00+00:00
PER_SESSION_CONDITIONAL_UNKNOWN_EPOCH,1.0,420.3899999999994,59048.5,MIM,2026-09-03T15:34:00+00:00
PER_SESSION_CONDITIONAL_UNKNOWN_EPOCH,2.0,0.0,0.0,YANK,2026-09-03T15:34:00+00:00
PER_SESSION_CONDITIONAL_UNKNOWN_EPOCH,1.0,428.3899999999994,59056.5,MIM,2026-09-03T15:35:00+00:00
PER_SESSION_CONDITIONAL_UNKNOWN_EPOCH,2.0,0.0,0.0,YANK,2026-09-03T15:35:00+00:00
PER_SESSION_CONDITIONAL_UNKNOWN_EPOCH,1.0,438.8899999999994,59067.0,MIM,2026-09-03T15:36:00+00:00
PER_SESSION_CONDITIONAL_UNKNOWN_EPOCH,2.0,0.0,0.0,YANK,2026-09-03T15:36:00+00:00
PER_SESSION_CONDITIONAL_UNKNOWN_EPOCH,1.0,428.8899999999994,59057.0,MIM,2026-09-03T15:37:00+00:00
PER_SESSION_CONDITIONAL_UNKNOWN_EPOCH,2.0,0.0,0.0,YANK,2026-09-03T15:37:00+00:00
PER_SESSION_CONDITIONAL_UNKNOWN_EPOCH,1.0,404.8899999999994,59033.0,MIM,2026-09-03T15:38:00+00:00
PER_SESSION_CONDITIONAL_UNKNOWN_EPOCH,2.0,0.0,0.0,YANK,2026-09-03T15:38:00+00:00
PER_SESSION_CONDITIONAL_UNKNOWN_EPOCH,1.0,406.3899999999994,59034.5,MIM,2026-09-03T15:39:00+00:00
PER_SESSION_CONDITIONAL_UNKNOWN_EPOCH,2.0,0.0,0.0,YANK,2026-09-03T15:39:00+00:00
PER_SESSION_CONDITIONAL_UNKNOWN_EPOCH,1.0,400.3899999999994,59028.5,MIM,2026-09-03T15:40:00+00:00
PER_SESSION_CONDITIONAL_UNKNOWN_EPOCH,2.0,0.0,0.0,YANK,2026-09-03T15:40:00+00:00
PER_SESSION_CONDITIONAL_UNKNOWN_EPOCH,1.0,386.3899999999994,59014.5,MIM,2026-09-03T15:41:00+00:00
PER_SESSION_CONDITIONAL_UNKNOWN_EPOCH,2.0,0.0,0.0,YANK,2026-09-03T15:41:00+00:00
PER_SESSION_CONDITIONAL_UNKNOWN_EPOCH,1.0,393.3899999999994,59021.5,MIM,2026-09-03T15:42:00+00:00
PER_SESSION_CONDITIONAL_UNKNOWN_EPOCH,2.0,0.0,0.0,YANK,2026-09-03T15:42:00+00:00
PER_SESSION_CONDITIONAL_UNKNOWN_EPOCH,1.0,407.3899999999994,59035.5,MIM,2026-09-03T15:43:00+00:00
PER_SESSION_CONDITIONAL_UNKNOWN_EPOCH,2.0,0.0,0.0,YANK,2026-09-03T15:43:00+00:00
PER_SESSION_CONDITIONAL_UNKNOWN_EPOCH,1.0,415.8899999999994,59044.0,MIM,2026-09-03T15:44:00+00:00
PER_SESSION_CONDITIONAL_UNKNOWN_EPOCH,2.0,0.0,0.0,YANK,2026-09-03T15:44:00+00:00
PER_SESSION_CONDITIONAL_UNKNOWN_EPOCH,1.0,383.8899999999994,59012.0,MIM,2026-09-03T15:45:00+00:00
PER_SESSION_CONDITIONAL_UNKNOWN_EPOCH,2.0,0.0,0.0,YANK,2026-09-03T15:45:00+00:00
PER_SESSION_CONDITIONAL_UNKNOWN_EPOCH,1.0,401.3899999999994,59029.5,MIM,2026-09-03T15:46:00+00:00
PER_SESSION_CONDITIONAL_UNKNOWN_EPOCH,2.0,0.0,0.0,YANK,2026-09-03T15:46:00+00:00
PER_SESSION_CONDITIONAL_UNKNOWN_EPOCH,1.0,397.8899999999994,59026.0,MIM,2026-09-03T15:47:00+00:00
PER_SESSION_CONDITIONAL_UNKNOWN_EPOCH,2.0,0.0,0.0,YANK,2026-09-03T15:47:00+00:00
PER_SESSION_CONDITIONAL_UNKNOWN_EPOCH,1.0,390.8899999999994,59019.0,MIM,2026-09-03T15:48:00+00:00
PER_SESSION_CONDITIONAL_UNKNOWN_EPOCH,2.0,0.0,0.0,YANK,2026-09-03T15:48:00+00:00
PER_SESSION_CONDITIONAL_UNKNOWN_EPOCH,1.0,399.3899999999994,59027.5,MIM,2026-09-03T15:49:00+00:00
PER_SESSION_CONDITIONAL_UNKNOWN_EPOCH,2.0,0.0,0.0,YANK,2026-09-03T15:49:00+00:00
PER_SESSION_CONDITIONAL_UNKNOWN_EPOCH,1.0,398.8899999999994,59027.0,MIM,2026-09-03T15:50:00+00:00
PER_SESSION_CONDITIONAL_UNKNOWN_EPOCH,2.0,0.0,0.0,YANK,2026-09-03T15:50:00+00:00
PER_SESSION_CONDITIONAL_UNKNOWN_EPOCH,1.0,402.8899999999994,59031.0,MIM,2026-09-03T15:51:00+00:00
PER_SESSION_CONDITIONAL_UNKNOWN_EPOCH,2.0,0.0,0.0,YANK,2026-09-03T15:51:00+00:00
PER_SESSION_CONDITIONAL_UNKNOWN_EPOCH,1.0,417.8899999999994,59046.0,MIM,2026-09-03T15:52:00+00:00
PER_SESSION_CONDITIONAL_UNKNOWN_EPOCH,2.0,0.0,0.0,YANK,2026-09-03T15:52:00+00:00
PER_SESSION_CONDITIONAL_UNKNOWN_EPOCH,1.0,425.3899999999994,59053.5,MIM,2026-09-03T15:53:00+00:00
PER_SESSION_CONDITIONAL_UNKNOWN_EPOCH,2.0,0.0,0.0,YANK,2026-09-03T15:53:00+00:00
PER_SESSION_CONDITIONAL_UNKNOWN_EPOCH,1.0,412.3899999999994,59040.5,MIM,2026-09-03T15:54:00+00:00
PER_SESSION_CONDITIONAL_UNKNOWN_EPOCH,2.0,0.0,0.0,YANK,2026-09-03T15:54:00+00:00
PER_SESSION_CONDITIONAL_UNKNOWN_EPOCH,1.0,427.8899999999994,59056.0,MIM,2026-09-03T15:55:00+00:00
PER_SESSION_CONDITIONAL_UNKNOWN_EPOCH,2.0,0.0,0.0,YANK,2026-09-03T15:55:00+00:00
PER_SESSION_CONDITIONAL_UNKNOWN_EPOCH,1.0,427.3899999999994,59055.5,MIM,2026-09-03T15:56:00+00:00
PER_SESSION_CONDITIONAL_UNKNOWN_EPOCH,2.0,0.0,0.0,YANK,2026-09-03T15:56:00+00:00
PER_SESSION_CONDITIONAL_UNKNOWN_EPOCH,1.0,423.3899999999994,59051.5,MIM,2026-09-03T15:57:00+00:00
PER_SESSION_CONDITIONAL_UNKNOWN_EPOCH,2.0,0.0,0.0,YANK,2026-09-03T15:57:00+00:00
PER_SESSION_CONDITIONAL_UNKNOWN_EPOCH,1.0,431.3899999999994,59059.5,MIM,2026-09-03T15:58:00+00:00
PER_SESSION_CONDITIONAL_UNKNOWN_EPOCH,2.0,0.0,0.0,YANK,2026-09-03T15:58:00+00:00
PER_SESSION_CONDITIONAL_UNKNOWN_EPOCH,1.0,434.8899999999994,59063.0,MIM,2026-09-03T15:59:00+00:00
PER_SESSION_CONDITIONAL_UNKNOWN_EPOCH,2.0,0.0,0.0,YANK,2026-09-03T15:59:00+00:00
PER_SESSION_CONDITIONAL_UNKNOWN_EPOCH,1.0,448.3899999999994,59076.5,MIM,2026-09-03T16:00:00+00:00
PER_SESSION_CONDITIONAL_UNKNOWN_EPOCH,2.0,0.0,0.0,YANK,2026-09-03T16:00:00+00:00
PER_SESSION_CONDITIONAL_UNKNOWN_EPOCH,1.0,430.8899999999994,59059.0,MIM,2026-09-03T16:01:00+00:00
PER_SESSION_CONDITIONAL_UNKNOWN_EPOCH,2.0,0.0,0.0,YANK,2026-09-03T16:01:00+00:00
PER_SESSION_CONDITIONAL_UNKNOWN_EPOCH,1.0,427.3899999999994,59055.5,MIM,2026-09-03T16:02:00+00:00
PER_SESSION_CONDITIONAL_UNKNOWN_EPOCH,2.0,0.0,0.0,YANK,2026-09-03T16:02:00+00:00
PER_SESSION_CONDITIONAL_UNKNOWN_EPOCH,1.0,430.3899999999994,59058.5,MIM,2026-09-03T16:03:00+00:00
PER_SESSION_CONDITIONAL_UNKNOWN_EPOCH,2.0,0.0,0.0,YANK,2026-09-03T16:03:00+00:00
PER_SESSION_CONDITIONAL_UNKNOWN_EPOCH,1.0,430.8899999999994,59059.0,MIM,2026-09-03T16:04:00+00:00
PER_SESSION_CONDITIONAL_UNKNOWN_EPOCH,2.0,0.0,0.0,YANK,2026-09-03T16:04:00+00:00
PER_SESSION_CONDITIONAL_UNKNOWN_EPOCH,1.0,396.8899999999994,59025.0,MIM,2026-09-03T16:05:00+00:00
PER_SESSION_CONDITIONAL_UNKNOWN_EPOCH,2.0,0.0,0.0,YANK,2026-09-03T16:05:00+00:00
PER_SESSION_CONDITIONAL_UNKNOWN_EPOCH,1.0,397.8899999999994,59026.0,MIM,2026-09-03T16:06:00+00:00
PER_SESSION_CONDITIONAL_UNKNOWN_EPOCH,2.0,0.0,0.0,YANK,2026-09-03T16:06:00+00:00
PER_SESSION_CONDITIONAL_UNKNOWN_EPOCH,1.0,384.8899999999994,59013.0,MIM,2026-09-03T16:07:00+00:00
PER_SESSION_CONDITIONAL_UNKNOWN_EPOCH,2.0,0.0,0.0,YANK,2026-09-03T16:07:00+00:00
PER_SESSION_CONDITIONAL_UNKNOWN_EPOCH,1.0,384.8899999999994,59013.0,MIM,2026-09-03T16:08:00+00:00
PER_SESSION_CONDITIONAL_UNKNOWN_EPOCH,2.0,0.0,0.0,YANK,2026-09-03T16:08:00+00:00
PER_SESSION_CONDITIONAL_UNKNOWN_EPOCH,1.0,389.8899999999994,59018.0,MIM,2026-09-03T16:09:00+00:00
PER_SESSION_CONDITIONAL_UNKNOWN_EPOCH,2.0,0.0,0.0,YANK,2026-09-03T16:09:00+00:00
PER_SESSION_CONDITIONAL_UNKNOWN_EPOCH,1.0,392.3899999999994,59020.5,MIM,2026-09-03T16:10:00+00:00
PER_SESSION_CONDITIONAL_UNKNOWN_EPOCH,2.0,0.0,0.0,YANK,2026-09-03T16:10:00+00:00
PER_SESSION_CONDITIONAL_UNKNOWN_EPOCH,1.0,410.3899999999994,59038.5,MIM,2026-09-03T16:11:00+00:00
PER_SESSION_CONDITIONAL_UNKNOWN_EPOCH,2.0,0.0,0.0,YANK,2026-09-03T16:11:00+00:00
PER_SESSION_CONDITIONAL_UNKNOWN_EPOCH,1.0,386.8899999999994,59015.0,MIM,2026-09-03T16:12:00+00:00
PER_SESSION_CONDITIONAL_UNKNOWN_EPOCH,2.0,0.0,0.0,YANK,2026-09-03T16:12:00+00:00
PER_SESSION_CONDITIONAL_UNKNOWN_EPOCH,1.0,388.8899999999994,59017.0,MIM,2026-09-03T16:13:00+00:00
PER_SESSION_CONDITIONAL_UNKNOWN_EPOCH,2.0,0.0,0.0,YANK,2026-09-03T16:13:00+00:00
PER_SESSION_CONDITIONAL_UNKNOWN_EPOCH,1.0,392.3899999999994,59020.5,MIM,2026-09-03T16:14:00+00:00
PER_SESSION_CONDITIONAL_UNKNOWN_EPOCH,2.0,0.0,0.0,YANK,2026-09-03T16:14:00+00:00
PER_SESSION_CONDITIONAL_UNKNOWN_EPOCH,1.0,410.3899999999994,59038.5,MIM,2026-09-03T16:15:00+00:00
PER_SESSION_CONDITIONAL_UNKNOWN_EPOCH,2.0,0.0,0.0,YANK,2026-09-03T16:15:00+00:00
PER_SESSION_CONDITIONAL_UNKNOWN_EPOCH,1.0,409.8899999999994,59038.0,MIM,2026-09-03T16:16:00+00:00
PER_SESSION_CONDITIONAL_UNKNOWN_EPOCH,2.0,0.0,0.0,YANK,2026-09-03T16:16:00+00:00
PER_SESSION_CONDITIONAL_UNKNOWN_EPOCH,1.0,403.3899999999994,59031.5,MIM,2026-09-03T16:17:00+00:00
PER_SESSION_CONDITIONAL_UNKNOWN_EPOCH,2.0,0.0,0.0,YANK,2026-09-03T16:17:00+00:00
PER_SESSION_CONDITIONAL_UNKNOWN_EPOCH,1.0,410.8899999999994,59039.0,MIM,2026-09-03T16:18:00+00:00
PER_SESSION_CONDITIONAL_UNKNOWN_EPOCH,2.0,0.0,0.0,YANK,2026-09-03T16:18:00+00:00
PER_SESSION_CONDITIONAL_UNKNOWN_EPOCH,1.0,404.8899999999994,59033.0,MIM,2026-09-03T16:19:00+00:00
PER_SESSION_CONDITIONAL_UNKNOWN_EPOCH,2.0,0.0,0.0,YANK,2026-09-03T16:19:00+00:00
PER_SESSION_CONDITIONAL_UNKNOWN_EPOCH,1.0,419.8899999999994,59048.0,MIM,2026-09-03T16:20:00+00:00
PER_SESSION_CONDITIONAL_UNKNOWN_EPOCH,2.0,0.0,0.0,YANK,2026-09-03T16:20:00+00:00
PER_SESSION_CONDITIONAL_UNKNOWN_EPOCH,1.0,410.8899999999994,59039.0,MIM,2026-09-03T16:21:00+00:00
PER_SESSION_CONDITIONAL_UNKNOWN_EPOCH,2.0,0.0,0.0,YANK,2026-09-03T16:21:00+00:00
PER_SESSION_CONDITIONAL_UNKNOWN_EPOCH,1.0,404.8899999999994,59033.0,MIM,2026-09-03T16:22:00+00:00
PER_SESSION_CONDITIONAL_UNKNOWN_EPOCH,2.0,0.0,0.0,YANK,2026-09-03T16:22:00+00:00
PER_SESSION_CONDITIONAL_UNKNOWN_EPOCH,1.0,387.8899999999994,59016.0,MIM,2026-09-03T16:23:00+00:00
PER_SESSION_CONDITIONAL_UNKNOWN_EPOCH,2.0,0.0,0.0,YANK,2026-09-03T16:23:00+00:00
PER_SESSION_CONDITIONAL_UNKNOWN_EPOCH,1.0,395.8899999999994,59024.0,MIM,2026-09-03T16:24:00+00:00
PER_SESSION_CONDITIONAL_UNKNOWN_EPOCH,2.0,0.0,0.0,YANK,2026-09-03T16:24:00+00:00
PER_SESSION_CONDITIONAL_UNKNOWN_EPOCH,1.0,374.8899999999994,59003.0,MIM,2026-09-03T16:25:00+00:00
PER_SESSION_CONDITIONAL_UNKNOWN_EPOCH,2.0,0.0,0.0,YANK,2026-09-03T16:25:00+00:00
PER_SESSION_CONDITIONAL_UNKNOWN_EPOCH,1.0,364.8899999999994,58993.0,MIM,2026-09-03T16:26:00+00:00
PER_SESSION_CONDITIONAL_UNKNOWN_EPOCH,2.0,0.0,0.0,YANK,2026-09-03T16:26:00+00:00
PER_SESSION_CONDITIONAL_UNKNOWN_EPOCH,1.0,354.8899999999994,58983.0,MIM,2026-09-03T16:27:00+00:00
PER_SESSION_CONDITIONAL_UNKNOWN_EPOCH,2.0,0.0,0.0,YANK,2026-09-03T16:27:00+00:00
PER_SESSION_CONDITIONAL_UNKNOWN_EPOCH,1.0,372.3899999999994,59000.5,MIM,2026-09-03T16:28:00+00:00
PER_SESSION_CONDITIONAL_UNKNOWN_EPOCH,2.0,0.0,0.0,YANK,2026-09-03T16:28:00+00:00
PER_SESSION_CONDITIONAL_UNKNOWN_EPOCH,1.0,366.3899999999994,58994.5,MIM,2026-09-03T16:29:00+00:00
PER_SESSION_CONDITIONAL_UNKNOWN_EPOCH,2.0,0.0,0.0,YANK,2026-09-03T16:29:00+00:00
PER_SESSION_CONDITIONAL_UNKNOWN_EPOCH,1.0,364.8899999999994,58993.0,MIM,2026-09-03T16:30:00+00:00
PER_SESSION_CONDITIONAL_UNKNOWN_EPOCH,2.0,0.0,0.0,YANK,2026-09-03T16:30:00+00:00
PER_SESSION_CONDITIONAL_UNKNOWN_EPOCH,1.0,366.3899999999994,58994.5,MIM,2026-09-03T16:31:00+00:00
PER_SESSION_CONDITIONAL_UNKNOWN_EPOCH,2.0,0.0,0.0,YANK,2026-09-03T16:31:00+00:00
PER_SESSION_CONDITIONAL_UNKNOWN_EPOCH,1.0,352.3899999999994,58980.5,MIM,2026-09-03T16:32:00+00:00
PER_SESSION_CONDITIONAL_UNKNOWN_EPOCH,2.0,0.0,0.0,YANK,2026-09-03T16:32:00+00:00
PER_SESSION_CONDITIONAL_UNKNOWN_EPOCH,1.0,344.3899999999994,58972.5,MIM,2026-09-03T16:33:00+00:00
PER_SESSION_CONDITIONAL_UNKNOWN_EPOCH,2.0,0.0,0.0,YANK,2026-09-03T16:33:00+00:00
PER_SESSION_CONDITIONAL_UNKNOWN_EPOCH,1.0,359.8899999999994,58988.0,MIM,2026-09-03T16:34:00+00:00
PER_SESSION_CONDITIONAL_UNKNOWN_EPOCH,2.0,0.0,0.0,YANK,2026-09-03T16:34:00+00:00
PER_SESSION_CONDITIONAL_UNKNOWN_EPOCH,1.0,350.3899999999994,58978.5,MIM,2026-09-03T16:35:00+00:00
PER_SESSION_CONDITIONAL_UNKNOWN_EPOCH,2.0,0.0,0.0,YANK,2026-09-03T16:35:00+00:00
PER_SESSION_CONDITIONAL_UNKNOWN_EPOCH,1.0,342.3899999999994,58970.5,MIM,2026-09-03T16:36:00+00:00
PER_SESSION_CONDITIONAL_UNKNOWN_EPOCH,2.0,0.0,0.0,YANK,2026-09-03T16:36:00+00:00
PER_SESSION_CONDITIONAL_UNKNOWN_EPOCH,1.0,353.3899999999994,58981.5,MIM,2026-09-03T16:37:00+00:00
PER_SESSION_CONDITIONAL_UNKNOWN_EPOCH,2.0,0.0,0.0,YANK,2026-09-03T16:37:00+00:00
PER_SESSION_CONDITIONAL_UNKNOWN_EPOCH,1.0,370.8899999999994,58999.0,MIM,2026-09-03T16:38:00+00:00
PER_SESSION_CONDITIONAL_UNKNOWN_EPOCH,2.0,0.0,0.0,YANK,2026-09-03T16:38:00+00:00
PER_SESSION_CONDITIONAL_UNKNOWN_EPOCH,1.0,399.3899999999994,59027.5,MIM,2026-09-03T16:39:00+00:00
PER_SESSION_CONDITIONAL_UNKNOWN_EPOCH,2.0,0.0,0.0,YANK,2026-09-03T16:39:00+00:00
PER_SESSION_CONDITIONAL_UNKNOWN_EPOCH,1.0,415.3899999999994,59043.5,MIM,2026-09-03T16:40:00+00:00
PER_SESSION_CONDITIONAL_UNKNOWN_EPOCH,2.0,0.0,0.0,YANK,2026-09-03T16:40:00+00:00
PER_SESSION_CONDITIONAL_UNKNOWN_EPOCH,1.0,411.3899999999994,59039.5,MIM,2026-09-03T16:41:00+00:00
PER_SESSION_CONDITIONAL_UNKNOWN_EPOCH,2.0,0.0,0.0,YANK,2026-09-03T16:41:00+00:00
PER_SESSION_CONDITIONAL_UNKNOWN_EPOCH,1.0,436.8899999999994,59065.0,MIM,2026-09-03T16:42:00+00:00
PER_SESSION_CONDITIONAL_UNKNOWN_EPOCH,2.0,0.0,0.0,YANK,2026-09-03T16:42:00+00:00
PER_SESSION_CONDITIONAL_UNKNOWN_EPOCH,1.0,420.8899999999994,59049.0,MIM,2026-09-03T16:43:00+00:00
PER_SESSION_CONDITIONAL_UNKNOWN_EPOCH,2.0,0.0,0.0,YANK,2026-09-03T16:43:00+00:00
PER_SESSION_CONDITIONAL_UNKNOWN_EPOCH,1.0,427.3899999999994,59055.5,MIM,2026-09-03T16:44:00+00:00
PER_SESSION_CONDITIONAL_UNKNOWN_EPOCH,2.0,0.0,0.0,YANK,2026-09-03T16:44:00+00:00
PER_SESSION_CONDITIONAL_UNKNOWN_EPOCH,1.0,428.3899999999994,59056.5,MIM,2026-09-03T16:45:00+00:00
PER_SESSION_CONDITIONAL_UNKNOWN_EPOCH,2.0,0.0,0.0,YANK,2026-09-03T16:45:00+00:00
PER_SESSION_CONDITIONAL_UNKNOWN_EPOCH,1.0,426.3899999999994,59054.5,MIM,2026-09-03T16:46:00+00:00
PER_SESSION_CONDITIONAL_UNKNOWN_EPOCH,2.0,0.0,0.0,YANK,2026-09-03T16:46:00+00:00
PER_SESSION_CONDITIONAL_UNKNOWN_EPOCH,1.0,429.8899999999994,59058.0,MIM,2026-09-03T16:47:00+00:00
PER_SESSION_CONDITIONAL_UNKNOWN_EPOCH,2.0,0.0,0.0,YANK,2026-09-03T16:47:00+00:00
PER_SESSION_CONDITIONAL_UNKNOWN_EPOCH,1.0,419.8899999999994,59048.0,MIM,2026-09-03T16:48:00+00:00
PER_SESSION_CONDITIONAL_UNKNOWN_EPOCH,2.0,0.0,0.0,YANK,2026-09-03T16:48:00+00:00
PER_SESSION_CONDITIONAL_UNKNOWN_EPOCH,1.0,426.8899999999994,59055.0,MIM,2026-09-03T16:49:00+00:00
PER_SESSION_CONDITIONAL_UNKNOWN_EPOCH,2.0,0.0,0.0,YANK,2026-09-03T16:49:00+00:00
PER_SESSION_CONDITIONAL_UNKNOWN_EPOCH,1.0,433.3899999999994,59061.5,MIM,2026-09-03T16:50:00+00:00
PER_SESSION_CONDITIONAL_UNKNOWN_EPOCH,2.0,0.0,0.0,YANK,2026-09-03T16:50:00+00:00
PER_SESSION_CONDITIONAL_UNKNOWN_EPOCH,1.0,432.3899999999994,59060.5,MIM,2026-09-03T16:51:00+00:00
PER_SESSION_CONDITIONAL_UNKNOWN_EPOCH,2.0,0.0,0.0,YANK,2026-09-03T16:51:00+00:00
PER_SESSION_CONDITIONAL_UNKNOWN_EPOCH,1.0,422.8899999999994,59051.0,MIM,2026-09-03T16:52:00+00:00
PER_SESSION_CONDITIONAL_UNKNOWN_EPOCH,2.0,0.0,0.0,YANK,2026-09-03T16:52:00+00:00
PER_SESSION_CONDITIONAL_UNKNOWN_EPOCH,1.0,411.3899999999994,59039.5,MIM,2026-09-03T16:53:00+00:00
PER_SESSION_CONDITIONAL_UNKNOWN_EPOCH,2.0,0.0,0.0,YANK,2026-09-03T16:53:00+00:00
PER_SESSION_CONDITIONAL_UNKNOWN_EPOCH,1.0,408.3899999999994,59036.5,MIM,2026-09-03T16:54:00+00:00
PER_SESSION_CONDITIONAL_UNKNOWN_EPOCH,2.0,0.0,0.0,YANK,2026-09-03T16:54:00+00:00
PER_SESSION_CONDITIONAL_UNKNOWN_EPOCH,1.0,412.8899999999994,59041.0,MIM,2026-09-03T16:55:00+00:00
PER_SESSION_CONDITIONAL_UNKNOWN_EPOCH,2.0,0.0,0.0,YANK,2026-09-03T16:55:00+00:00
PER_SESSION_CONDITIONAL_UNKNOWN_EPOCH,1.0,423.3899999999994,59051.5,MIM,2026-09-03T16:56:00+00:00
PER_SESSION_CONDITIONAL_UNKNOWN_EPOCH,2.0,0.0,0.0,YANK,2026-09-03T16:56:00+00:00
PER_SESSION_CONDITIONAL_UNKNOWN_EPOCH,1.0,419.3899999999994,59047.5,MIM,2026-09-03T16:57:00+00:00
PER_SESSION_CONDITIONAL_UNKNOWN_EPOCH,2.0,0.0,0.0,YANK,2026-09-03T16:57:00+00:00
PER_SESSION_CONDITIONAL_UNKNOWN_EPOCH,1.0,450.3899999999994,59078.5,MIM,2026-09-03T16:58:00+00:00
PER_SESSION_CONDITIONAL_UNKNOWN_EPOCH,2.0,0.0,0.0,YANK,2026-09-03T16:58:00+00:00
PER_SESSION_CONDITIONAL_UNKNOWN_EPOCH,1.0,435.8899999999994,59064.0,MIM,2026-09-03T16:59:00+00:00
PER_SESSION_CONDITIONAL_UNKNOWN_EPOCH,2.0,0.0,0.0,YANK,2026-09-03T16:59:00+00:00
PER_SESSION_CONDITIONAL_UNKNOWN_EPOCH,1.0,427.3899999999994,59055.5,MIM,2026-09-03T17:00:00+00:00
PER_SESSION_CONDITIONAL_UNKNOWN_EPOCH,2.0,0.0,0.0,YANK,2026-09-03T17:00:00+00:00
PER_SESSION_CONDITIONAL_UNKNOWN_EPOCH,1.0,412.8899999999994,59041.0,MIM,2026-09-03T17:01:00+00:00
PER_SESSION_CONDITIONAL_UNKNOWN_EPOCH,2.0,0.0,0.0,YANK,2026-09-03T17:01:00+00:00
PER_SESSION_CONDITIONAL_UNKNOWN_EPOCH,1.0,430.8899999999994,59059.0,MIM,2026-09-03T17:02:00+00:00
PER_SESSION_CONDITIONAL_UNKNOWN_EPOCH,2.0,0.0,0.0,YANK,2026-09-03T17:02:00+00:00
PER_SESSION_CONDITIONAL_UNKNOWN_EPOCH,1.0,392.3899999999994,59020.5,MIM,2026-09-03T17:03:00+00:00
PER_SESSION_CONDITIONAL_UNKNOWN_EPOCH,2.0,0.0,0.0,YANK,2026-09-03T17:03:00+00:00
PER_SESSION_CONDITIONAL_UNKNOWN_EPOCH,1.0,395.8899999999994,59024.0,MIM,2026-09-03T17:04:00+00:00
PER_SESSION_CONDITIONAL_UNKNOWN_EPOCH,2.0,0.0,0.0,YANK,2026-09-03T17:04:00+00:00
PER_SESSION_CONDITIONAL_UNKNOWN_EPOCH,1.0,410.3899999999994,59038.5,MIM,2026-09-03T17:05:00+00:00
PER_SESSION_CONDITIONAL_UNKNOWN_EPOCH,2.0,0.0,0.0,YANK,2026-09-03T17:05:00+00:00
PER_SESSION_CONDITIONAL_UNKNOWN_EPOCH,1.0,407.8899999999994,59036.0,MIM,2026-09-03T17:06:00+00:00
PER_SESSION_CONDITIONAL_UNKNOWN_EPOCH,2.0,0.0,0.0,YANK,2026-09-03T17:06:00+00:00
PER_SESSION_CONDITIONAL_UNKNOWN_EPOCH,1.0,385.3899999999994,59013.5,MIM,2026-09-03T17:07:00+00:00
PER_SESSION_CONDITIONAL_UNKNOWN_EPOCH,2.0,0.0,0.0,YANK,2026-09-03T17:07:00+00:00
PER_SESSION_CONDITIONAL_UNKNOWN_EPOCH,1.0,381.3899999999994,59009.5,MIM,2026-09-03T17:08:00+00:00
PER_SESSION_CONDITIONAL_UNKNOWN_EPOCH,2.0,0.0,0.0,YANK,2026-09-03T17:08:00+00:00
PER_SESSION_CONDITIONAL_UNKNOWN_EPOCH,1.0,367.8899999999994,58996.0,MIM,2026-09-03T17:09:00+00:00
PER_SESSION_CONDITIONAL_UNKNOWN_EPOCH,2.0,0.0,0.0,YANK,2026-09-03T17:09:00+00:00
PER_SESSION_CONDITIONAL_UNKNOWN_EPOCH,1.0,357.8899999999994,58986.0,MIM,2026-09-03T17:10:00+00:00
PER_SESSION_CONDITIONAL_UNKNOWN_EPOCH,2.0,0.0,0.0,YANK,2026-09-03T17:10:00+00:00
PER_SESSION_CONDITIONAL_UNKNOWN_EPOCH,1.0,368.3899999999994,58996.5,MIM,2026-09-03T17:11:00+00:00
PER_SESSION_CONDITIONAL_UNKNOWN_EPOCH,2.0,0.0,0.0,YANK,2026-09-03T17:11:00+00:00
PER_SESSION_CONDITIONAL_UNKNOWN_EPOCH,1.0,368.3899999999994,58996.5,MIM,2026-09-03T17:12:00+00:00
PER_SESSION_CONDITIONAL_UNKNOWN_EPOCH,2.0,0.0,0.0,YANK,2026-09-03T17:12:00+00:00
PER_SESSION_CONDITIONAL_UNKNOWN_EPOCH,1.0,357.3899999999994,58985.5,MIM,2026-09-03T17:13:00+00:00
PER_SESSION_CONDITIONAL_UNKNOWN_EPOCH,2.0,0.0,0.0,YANK,2026-09-03T17:13:00+00:00
PER_SESSION_CONDITIONAL_UNKNOWN_EPOCH,1.0,353.8899999999994,58982.0,MIM,2026-09-03T17:14:00+00:00
PER_SESSION_CONDITIONAL_UNKNOWN_EPOCH,2.0,0.0,0.0,YANK,2026-09-03T17:14:00+00:00
PER_SESSION_CONDITIONAL_UNKNOWN_EPOCH,1.0,352.8899999999994,58981.0,MIM,2026-09-03T17:15:00+00:00
PER_SESSION_CONDITIONAL_UNKNOWN_EPOCH,2.0,0.0,0.0,YANK,2026-09-03T17:15:00+00:00
PER_SESSION_CONDITIONAL_UNKNOWN_EPOCH,1.0,357.3899999999994,58985.5,MIM,2026-09-03T17:16:00+00:00
PER_SESSION_CONDITIONAL_UNKNOWN_EPOCH,2.0,0.0,0.0,YANK,2026-09-03T17:16:00+00:00
PER_SESSION_CONDITIONAL_UNKNOWN_EPOCH,1.0,355.8899999999994,58984.0,MIM,2026-09-03T17:17:00+00:00
PER_SESSION_CONDITIONAL_UNKNOWN_EPOCH,2.0,0.0,0.0,YANK,2026-09-03T17:17:00+00:00
PER_SESSION_CONDITIONAL_UNKNOWN_EPOCH,1.0,368.3899999999994,58996.5,MIM,2026-09-03T17:18:00+00:00
PER_SESSION_CONDITIONAL_UNKNOWN_EPOCH,2.0,0.0,0.0,YANK,2026-09-03T17:18:00+00:00
PER_SESSION_CONDITIONAL_UNKNOWN_EPOCH,1.0,357.8899999999994,58986.0,MIM,2026-09-03T17:19:00+00:00
PER_SESSION_CONDITIONAL_UNKNOWN_EPOCH,2.0,0.0,0.0,YANK,2026-09-03T17:19:00+00:00
PER_SESSION_CONDITIONAL_UNKNOWN_EPOCH,1.0,344.8899999999994,58973.0,MIM,2026-09-03T17:20:00+00:00
PER_SESSION_CONDITIONAL_UNKNOWN_EPOCH,2.0,0.0,0.0,YANK,2026-09-03T17:20:00+00:00
PER_SESSION_CONDITIONAL_UNKNOWN_EPOCH,1.0,335.8899999999994,58964.0,MIM,2026-09-03T17:21:00+00:00
PER_SESSION_CONDITIONAL_UNKNOWN_EPOCH,2.0,0.0,0.0,YANK,2026-09-03T17:21:00+00:00
PER_SESSION_CONDITIONAL_UNKNOWN_EPOCH,1.0,330.3899999999994,58958.5,MIM,2026-09-03T17:22:00+00:00
PER_SESSION_CONDITIONAL_UNKNOWN_EPOCH,2.0,0.0,0.0,YANK,2026-09-03T17:22:00+00:00
PER_SESSION_CONDITIONAL_UNKNOWN_EPOCH,1.0,336.3899999999994,58964.5,MIM,2026-09-03T17:23:00+00:00
PER_SESSION_CONDITIONAL_UNKNOWN_EPOCH,2.0,0.0,0.0,YANK,2026-09-03T17:23:00+00:00
PER_SESSION_CONDITIONAL_UNKNOWN_EPOCH,1.0,341.8899999999994,58970.0,MIM,2026-09-03T17:24:00+00:00
PER_SESSION_CONDITIONAL_UNKNOWN_EPOCH,2.0,0.0,0.0,YANK,2026-09-03T17:24:00+00:00
PER_SESSION_CONDITIONAL_UNKNOWN_EPOCH,1.0,336.8899999999994,58965.0,MIM,2026-09-03T17:25:00+00:00
PER_SESSION_CONDITIONAL_UNKNOWN_EPOCH,2.0,0.0,0.0,YANK,2026-09-03T17:25:00+00:00
PER_SESSION_CONDITIONAL_UNKNOWN_EPOCH,1.0,354.8899999999994,58983.0,MIM,2026-09-03T17:26:00+00:00
PER_SESSION_CONDITIONAL_UNKNOWN_EPOCH,2.0,0.0,0.0,YANK,2026-09-03T17:26:00+00:00
PER_SESSION_CONDITIONAL_UNKNOWN_EPOCH,1.0,359.8899999999994,58988.0,MIM,2026-09-03T17:27:00+00:00
PER_SESSION_CONDITIONAL_UNKNOWN_EPOCH,2.0,0.0,0.0,YANK,2026-09-03T17:27:00+00:00
PER_SESSION_CONDITIONAL_UNKNOWN_EPOCH,1.0,362.3899999999994,58990.5,MIM,2026-09-03T17:28:00+00:00
PER_SESSION_CONDITIONAL_UNKNOWN_EPOCH,2.0,0.0,0.0,YANK,2026-09-03T17:28:00+00:00
PER_SESSION_CONDITIONAL_UNKNOWN_EPOCH,1.0,377.8899999999994,59006.0,MIM,2026-09-03T17:29:00+00:00
PER_SESSION_CONDITIONAL_UNKNOWN_EPOCH,2.0,0.0,0.0,YANK,2026-09-03T17:29:00+00:00
PER_SESSION_CONDITIONAL_UNKNOWN_EPOCH,1.0,376.8899999999994,59005.0,MIM,2026-09-03T17:30:00+00:00
PER_SESSION_CONDITIONAL_UNKNOWN_EPOCH,2.0,0.0,0.0,YANK,2026-09-03T17:30:00+00:00
PER_SESSION_CONDITIONAL_UNKNOWN_EPOCH,1.0,393.8899999999994,59022.0,MIM,2026-09-03T17:31:00+00:00
PER_SESSION_CONDITIONAL_UNKNOWN_EPOCH,2.0,0.0,0.0,YANK,2026-09-03T17:31:00+00:00
PER_SESSION_CONDITIONAL_UNKNOWN_EPOCH,1.0,392.8899999999994,59021.0,MIM,2026-09-03T17:32:00+00:00
PER_SESSION_CONDITIONAL_UNKNOWN_EPOCH,2.0,0.0,0.0,YANK,2026-09-03T17:32:00+00:00
PER_SESSION_CONDITIONAL_UNKNOWN_EPOCH,1.0,397.3899999999994,59025.5,MIM,2026-09-03T17:33:00+00:00
PER_SESSION_CONDITIONAL_UNKNOWN_EPOCH,2.0,0.0,0.0,YANK,2026-09-03T17:33:00+00:00
PER_SESSION_CONDITIONAL_UNKNOWN_EPOCH,1.0,404.3899999999994,59032.5,MIM,2026-09-03T17:34:00+00:00
PER_SESSION_CONDITIONAL_UNKNOWN_EPOCH,2.0,0.0,0.0,YANK,2026-09-03T17:34:00+00:00
PER_SESSION_CONDITIONAL_UNKNOWN_EPOCH,1.0,400.3899999999994,59028.5,MIM,2026-09-03T17:35:00+00:00
PER_SESSION_CONDITIONAL_UNKNOWN_EPOCH,2.0,0.0,0.0,YANK,2026-09-03T17:35:00+00:00
PER_SESSION_CONDITIONAL_UNKNOWN_EPOCH,1.0,412.3899999999994,59040.5,MIM,2026-09-03T17:36:00+00:00
PER_SESSION_CONDITIONAL_UNKNOWN_EPOCH,2.0,0.0,0.0,YANK,2026-09-03T17:36:00+00:00
PER_SESSION_CONDITIONAL_UNKNOWN_EPOCH,1.0,417.3899999999994,59045.5,MIM,2026-09-03T17:37:00+00:00
PER_SESSION_CONDITIONAL_UNKNOWN_EPOCH,2.0,0.0,0.0,YANK,2026-09-03T17:37:00+00:00
PER_SESSION_CONDITIONAL_UNKNOWN_EPOCH,1.0,404.8899999999994,59033.0,MIM,2026-09-03T17:38:00+00:00
PER_SESSION_CONDITIONAL_UNKNOWN_EPOCH,2.0,0.0,0.0,YANK,2026-09-03T17:38:00+00:00
PER_SESSION_CONDITIONAL_UNKNOWN_EPOCH,1.0,409.3899999999994,59037.5,MIM,2026-09-03T17:39:00+00:00
PER_SESSION_CONDITIONAL_UNKNOWN_EPOCH,2.0,0.0,0.0,YANK,2026-09-03T17:39:00+00:00
PER_SESSION_CONDITIONAL_UNKNOWN_EPOCH,1.0,412.3899999999994,59040.5,MIM,2026-09-03T17:40:00+00:00
PER_SESSION_CONDITIONAL_UNKNOWN_EPOCH,2.0,0.0,0.0,YANK,2026-09-03T17:40:00+00:00
PER_SESSION_CONDITIONAL_UNKNOWN_EPOCH,1.0,425.3899999999994,59053.5,MIM,2026-09-03T17:41:00+00:00
PER_SESSION_CONDITIONAL_UNKNOWN_EPOCH,2.0,0.0,0.0,YANK,2026-09-03T17:41:00+00:00
PER_SESSION_CONDITIONAL_UNKNOWN_EPOCH,1.0,427.8899999999994,59056.0,MIM,2026-09-03T17:42:00+00:00
PER_SESSION_CONDITIONAL_UNKNOWN_EPOCH,2.0,0.0,0.0,YANK,2026-09-03T17:42:00+00:00
PER_SESSION_CONDITIONAL_UNKNOWN_EPOCH,1.0,430.3899999999994,59058.5,MIM,2026-09-03T17:43:00+00:00
PER_SESSION_CONDITIONAL_UNKNOWN_EPOCH,2.0,0.0,0.0,YANK,2026-09-03T17:43:00+00:00
PER_SESSION_CONDITIONAL_UNKNOWN_EPOCH,1.0,426.8899999999994,59055.0,MIM,2026-09-03T17:44:00+00:00
PER_SESSION_CONDITIONAL_UNKNOWN_EPOCH,2.0,0.0,0.0,YANK,2026-09-03T17:44:00+00:00
PER_SESSION_CONDITIONAL_UNKNOWN_EPOCH,1.0,428.8899999999994,59057.0,MIM,2026-09-03T17:45:00+00:00
PER_SESSION_CONDITIONAL_UNKNOWN_EPOCH,2.0,0.0,0.0,YANK,2026-09-03T17:45:00+00:00
PER_SESSION_CONDITIONAL_UNKNOWN_EPOCH,1.0,432.3899999999994,59060.5,MIM,2026-09-03T17:46:00+00:00
PER_SESSION_CONDITIONAL_UNKNOWN_EPOCH,2.0,0.0,0.0,YANK,2026-09-03T17:46:00+00:00
PER_SESSION_CONDITIONAL_UNKNOWN_EPOCH,1.0,432.3899999999994,59060.5,MIM,2026-09-03T17:47:00+00:00
PER_SESSION_CONDITIONAL_UNKNOWN_EPOCH,2.0,0.0,0.0,YANK,2026-09-03T17:47:00+00:00
PER_SESSION_CONDITIONAL_UNKNOWN_EPOCH,1.0,432.3899999999994,59060.5,MIM,2026-09-03T17:48:00+00:00
PER_SESSION_CONDITIONAL_UNKNOWN_EPOCH,2.0,0.0,0.0,YANK,2026-09-03T17:48:00+00:00
PER_SESSION_CONDITIONAL_UNKNOWN_EPOCH,1.0,421.8899999999994,59050.0,MIM,2026-09-03T17:49:00+00:00
PER_SESSION_CONDITIONAL_UNKNOWN_EPOCH,2.0,0.0,0.0,YANK,2026-09-03T17:49:00+00:00
PER_SESSION_CONDITIONAL_UNKNOWN_EPOCH,1.0,432.8899999999994,59061.0,MIM,2026-09-03T17:50:00+00:00
PER_SESSION_CONDITIONAL_UNKNOWN_EPOCH,2.0,0.0,0.0,YANK,2026-09-03T17:50:00+00:00
PER_SESSION_CONDITIONAL_UNKNOWN_EPOCH,1.0,435.8899999999994,59064.0,MIM,2026-09-03T17:51:00+00:00
PER_SESSION_CONDITIONAL_UNKNOWN_EPOCH,2.0,0.0,0.0,YANK,2026-09-03T17:51:00+00:00
PER_SESSION_CONDITIONAL_UNKNOWN_EPOCH,1.0,459.3899999999994,59087.5,MIM,2026-09-03T17:52:00+00:00
PER_SESSION_CONDITIONAL_UNKNOWN_EPOCH,2.0,0.0,0.0,YANK,2026-09-03T17:52:00+00:00
PER_SESSION_CONDITIONAL_UNKNOWN_EPOCH,1.0,468.3899999999994,59096.5,MIM,2026-09-03T17:53:00+00:00
PER_SESSION_CONDITIONAL_UNKNOWN_EPOCH,2.0,0.0,0.0,YANK,2026-09-03T17:53:00+00:00
PER_SESSION_CONDITIONAL_UNKNOWN_EPOCH,1.0,464.3899999999994,59092.5,MIM,2026-09-03T17:54:00+00:00
PER_SESSION_CONDITIONAL_UNKNOWN_EPOCH,2.0,0.0,0.0,YANK,2026-09-03T17:54:00+00:00
PER_SESSION_CONDITIONAL_UNKNOWN_EPOCH,1.0,463.8899999999994,59092.0,MIM,2026-09-03T17:55:00+00:00
PER_SESSION_CONDITIONAL_UNKNOWN_EPOCH,2.0,0.0,0.0,YANK,2026-09-03T17:55:00+00:00
PER_SESSION_CONDITIONAL_UNKNOWN_EPOCH,1.0,471.3899999999994,59099.5,MIM,2026-09-03T17:56:00+00:00
PER_SESSION_CONDITIONAL_UNKNOWN_EPOCH,2.0,0.0,0.0,YANK,2026-09-03T17:56:00+00:00
PER_SESSION_CONDITIONAL_UNKNOWN_EPOCH,1.0,472.8899999999994,59101.0,MIM,2026-09-03T17:57:00+00:00
PER_SESSION_CONDITIONAL_UNKNOWN_EPOCH,2.0,0.0,0.0,YANK,2026-09-03T17:57:00+00:00
PER_SESSION_CONDITIONAL_UNKNOWN_EPOCH,1.0,459.8899999999994,59088.0,MIM,2026-09-03T17:58:00+00:00
PER_SESSION_CONDITIONAL_UNKNOWN_EPOCH,2.0,0.0,0.0,YANK,2026-09-03T17:58:00+00:00
PER_SESSION_CONDITIONAL_UNKNOWN_EPOCH,1.0,453.8899999999994,59082.0,MIM,2026-09-03T17:59:00+00:00
PER_SESSION_CONDITIONAL_UNKNOWN_EPOCH,2.0,0.0,0.0,YANK,2026-09-03T17:59:00+00:00
PER_SESSION_CONDITIONAL_UNKNOWN_EPOCH,1.0,458.8899999999994,59087.0,MIM,2026-09-03T18:00:00+00:00
PER_SESSION_CONDITIONAL_UNKNOWN_EPOCH,2.0,0.0,0.0,YANK,2026-09-03T18:00:00+00:00
PER_SESSION_CONDITIONAL_UNKNOWN_EPOCH,1.0,497.3899999999994,59125.5,MIM,2026-09-03T18:01:00+00:00
PER_SESSION_CONDITIONAL_UNKNOWN_EPOCH,2.0,0.0,0.0,YANK,2026-09-03T18:01:00+00:00
PER_SESSION_CONDITIONAL_UNKNOWN_EPOCH,1.0,511.3899999999994,59139.5,MIM,2026-09-03T18:02:00+00:00
PER_SESSION_CONDITIONAL_UNKNOWN_EPOCH,2.0,0.0,0.0,YANK,2026-09-03T18:02:00+00:00
PER_SESSION_CONDITIONAL_UNKNOWN_EPOCH,1.0,503.3899999999994,59131.5,MIM,2026-09-03T18:03:00+00:00
PER_SESSION_CONDITIONAL_UNKNOWN_EPOCH,2.0,0.0,0.0,YANK,2026-09-03T18:03:00+00:00
PER_SESSION_CONDITIONAL_UNKNOWN_EPOCH,1.0,512.8899999999994,59141.0,MIM,2026-09-03T18:04:00+00:00
PER_SESSION_CONDITIONAL_UNKNOWN_EPOCH,2.0,0.0,0.0,YANK,2026-09-03T18:04:00+00:00
PER_SESSION_CONDITIONAL_UNKNOWN_EPOCH,1.0,520.3899999999994,59148.5,MIM,2026-09-03T18:05:00+00:00
PER_SESSION_CONDITIONAL_UNKNOWN_EPOCH,2.0,0.0,0.0,YANK,2026-09-03T18:05:00+00:00
PER_SESSION_CONDITIONAL_UNKNOWN_EPOCH,1.0,517.3899999999994,59145.5,MIM,2026-09-03T18:06:00+00:00
PER_SESSION_CONDITIONAL_UNKNOWN_EPOCH,2.0,0.0,0.0,YANK,2026-09-03T18:06:00+00:00
PER_SESSION_CONDITIONAL_UNKNOWN_EPOCH,1.0,512.3899999999994,59140.5,MIM,2026-09-03T18:07:00+00:00
PER_SESSION_CONDITIONAL_UNKNOWN_EPOCH,2.0,0.0,0.0,YANK,2026-09-03T18:07:00+00:00
PER_SESSION_CONDITIONAL_UNKNOWN_EPOCH,1.0,508.3899999999994,59136.5,MIM,2026-09-03T18:08:00+00:00
PER_SESSION_CONDITIONAL_UNKNOWN_EPOCH,2.0,0.0,0.0,YANK,2026-09-03T18:08:00+00:00
PER_SESSION_CONDITIONAL_UNKNOWN_EPOCH,1.0,514.3899999999994,59142.5,MIM,2026-09-03T18:09:00+00:00
PER_SESSION_CONDITIONAL_UNKNOWN_EPOCH,2.0,0.0,0.0,YANK,2026-09-03T18:09:00+00:00
PER_SESSION_CONDITIONAL_UNKNOWN_EPOCH,1.0,520.3899999999994,59148.5,MIM,2026-09-03T18:10:00+00:00
PER_SESSION_CONDITIONAL_UNKNOWN_EPOCH,2.0,0.0,0.0,YANK,2026-09-03T18:10:00+00:00
PER_SESSION_CONDITIONAL_UNKNOWN_EPOCH,1.0,522.8899999999994,59151.0,MIM,2026-09-03T18:11:00+00:00
PER_SESSION_CONDITIONAL_UNKNOWN_EPOCH,2.0,0.0,0.0,YANK,2026-09-03T18:11:00+00:00
PER_SESSION_CONDITIONAL_UNKNOWN_EPOCH,1.0,519.3899999999994,59147.5,MIM,2026-09-03T18:12:00+00:00
PER_SESSION_CONDITIONAL_UNKNOWN_EPOCH,2.0,0.0,0.0,YANK,2026-09-03T18:12:00+00:00
PER_SESSION_CONDITIONAL_UNKNOWN_EPOCH,1.0,511.8899999999994,59140.0,MIM,2026-09-03T18:13:00+00:00
PER_SESSION_CONDITIONAL_UNKNOWN_EPOCH,2.0,0.0,0.0,YANK,2026-09-03T18:13:00+00:00
PER_SESSION_CONDITIONAL_UNKNOWN_EPOCH,1.0,520.3899999999994,59148.5,MIM,2026-09-03T18:14:00+00:00
PER_SESSION_CONDITIONAL_UNKNOWN_EPOCH,2.0,0.0,0.0,YANK,2026-09-03T18:14:00+00:00
PER_SESSION_CONDITIONAL_UNKNOWN_EPOCH,1.0,517.8899999999994,59146.0,MIM,2026-09-03T18:15:00+00:00
PER_SESSION_CONDITIONAL_UNKNOWN_EPOCH,2.0,0.0,0.0,YANK,2026-09-03T18:15:00+00:00
PER_SESSION_CONDITIONAL_UNKNOWN_EPOCH,1.0,538.3899999999994,59166.5,MIM,2026-09-03T18:16:00+00:00
PER_SESSION_CONDITIONAL_UNKNOWN_EPOCH,2.0,0.0,0.0,YANK,2026-09-03T18:16:00+00:00
PER_SESSION_CONDITIONAL_UNKNOWN_EPOCH,1.0,532.8899999999994,59161.0,MIM,2026-09-03T18:17:00+00:00
PER_SESSION_CONDITIONAL_UNKNOWN_EPOCH,2.0,0.0,0.0,YANK,2026-09-03T18:17:00+00:00
PER_SESSION_CONDITIONAL_UNKNOWN_EPOCH,1.0,537.3899999999994,59165.5,MIM,2026-09-03T18:18:00+00:00
PER_SESSION_CONDITIONAL_UNKNOWN_EPOCH,2.0,0.0,0.0,YANK,2026-09-03T18:18:00+00:00
PER_SESSION_CONDITIONAL_UNKNOWN_EPOCH,1.0,521.8899999999994,59150.0,MIM,2026-09-03T18:19:00+00:00
PER_SESSION_CONDITIONAL_UNKNOWN_EPOCH,2.0,0.0,0.0,YANK,2026-09-03T18:19:00+00:00
PER_SESSION_CONDITIONAL_UNKNOWN_EPOCH,1.0,515.3899999999994,59143.5,MIM,2026-09-03T18:20:00+00:00
PER_SESSION_CONDITIONAL_UNKNOWN_EPOCH,2.0,0.0,0.0,YANK,2026-09-03T18:20:00+00:00
PER_SESSION_CONDITIONAL_UNKNOWN_EPOCH,1.0,516.3899999999994,59144.5,MIM,2026-09-03T18:21:00+00:00
PER_SESSION_CONDITIONAL_UNKNOWN_EPOCH,2.0,0.0,0.0,YANK,2026-09-03T18:21:00+00:00
PER_SESSION_CONDITIONAL_UNKNOWN_EPOCH,1.0,516.3899999999994,59144.5,MIM,2026-09-03T18:22:00+00:00
PER_SESSION_CONDITIONAL_UNKNOWN_EPOCH,2.0,0.0,0.0,YANK,2026-09-03T18:22:00+00:00
PER_SESSION_CONDITIONAL_UNKNOWN_EPOCH,1.0,514.8899999999994,59143.0,MIM,2026-09-03T18:23:00+00:00
PER_SESSION_CONDITIONAL_UNKNOWN_EPOCH,2.0,0.0,0.0,YANK,2026-09-03T18:23:00+00:00
PER_SESSION_CONDITIONAL_UNKNOWN_EPOCH,1.0,500.8899999999994,59129.0,MIM,2026-09-03T18:24:00+00:00
PER_SESSION_CONDITIONAL_UNKNOWN_EPOCH,2.0,0.0,0.0,YANK,2026-09-03T18:24:00+00:00
PER_SESSION_CONDITIONAL_UNKNOWN_EPOCH,1.0,517.3899999999994,59145.5,MIM,2026-09-03T18:25:00+00:00
PER_SESSION_CONDITIONAL_UNKNOWN_EPOCH,2.0,0.0,0.0,YANK,2026-09-03T18:25:00+00:00
PER_SESSION_CONDITIONAL_UNKNOWN_EPOCH,1.0,521.8899999999994,59150.0,MIM,2026-09-03T18:26:00+00:00
PER_SESSION_CONDITIONAL_UNKNOWN_EPOCH,2.0,0.0,0.0,YANK,2026-09-03T18:26:00+00:00
PER_SESSION_CONDITIONAL_UNKNOWN_EPOCH,1.0,512.3899999999994,59140.5,MIM,2026-09-03T18:27:00+00:00
PER_SESSION_CONDITIONAL_UNKNOWN_EPOCH,2.0,0.0,0.0,YANK,2026-09-03T18:27:00+00:00
PER_SESSION_CONDITIONAL_UNKNOWN_EPOCH,1.0,508.8899999999994,59137.0,MIM,2026-09-03T18:28:00+00:00
PER_SESSION_CONDITIONAL_UNKNOWN_EPOCH,2.0,0.0,0.0,YANK,2026-09-03T18:28:00+00:00
PER_SESSION_CONDITIONAL_UNKNOWN_EPOCH,1.0,514.3899999999994,59142.5,MIM,2026-09-03T18:29:00+00:00
PER_SESSION_CONDITIONAL_UNKNOWN_EPOCH,2.0,0.0,0.0,YANK,2026-09-03T18:29:00+00:00
PER_SESSION_CONDITIONAL_UNKNOWN_EPOCH,1.0,512.3899999999994,59140.5,MIM,2026-09-03T18:30:00+00:00
PER_SESSION_CONDITIONAL_UNKNOWN_EPOCH,2.0,0.0,0.0,YANK,2026-09-03T18:30:00+00:00
PER_SESSION_CONDITIONAL_UNKNOWN_EPOCH,1.0,517.3899999999994,59145.5,MIM,2026-09-03T18:31:00+00:00
PER_SESSION_CONDITIONAL_UNKNOWN_EPOCH,2.0,0.0,0.0,YANK,2026-09-03T18:31:00+00:00
PER_SESSION_CONDITIONAL_UNKNOWN_EPOCH,1.0,504.8899999999994,59133.0,MIM,2026-09-03T18:32:00+00:00
PER_SESSION_CONDITIONAL_UNKNOWN_EPOCH,2.0,0.0,0.0,YANK,2026-09-03T18:32:00+00:00
PER_SESSION_CONDITIONAL_UNKNOWN_EPOCH,1.0,504.8899999999994,59133.0,MIM,2026-09-03T18:33:00+00:00
PER_SESSION_CONDITIONAL_UNKNOWN_EPOCH,2.0,0.0,0.0,YANK,2026-09-03T18:33:00+00:00
PER_SESSION_CONDITIONAL_UNKNOWN_EPOCH,1.0,525.8899999999994,59154.0,MIM,2026-09-03T18:34:00+00:00
PER_SESSION_CONDITIONAL_UNKNOWN_EPOCH,2.0,0.0,0.0,YANK,2026-09-03T18:34:00+00:00
PER_SESSION_CONDITIONAL_UNKNOWN_EPOCH,1.0,525.3899999999994,59153.5,MIM,2026-09-03T18:35:00+00:00
PER_SESSION_CONDITIONAL_UNKNOWN_EPOCH,2.0,0.0,0.0,YANK,2026-09-03T18:35:00+00:00
PER_SESSION_CONDITIONAL_UNKNOWN_EPOCH,1.0,520.3899999999994,59148.5,MIM,2026-09-03T18:36:00+00:00
PER_SESSION_CONDITIONAL_UNKNOWN_EPOCH,2.0,0.0,0.0,YANK,2026-09-03T18:36:00+00:00
PER_SESSION_CONDITIONAL_UNKNOWN_EPOCH,1.0,514.8899999999994,59143.0,MIM,2026-09-03T18:37:00+00:00
PER_SESSION_CONDITIONAL_UNKNOWN_EPOCH,2.0,0.0,0.0,YANK,2026-09-03T18:37:00+00:00
PER_SESSION_CONDITIONAL_UNKNOWN_EPOCH,1.0,517.8899999999994,59146.0,MIM,2026-09-03T18:38:00+00:00
PER_SESSION_CONDITIONAL_UNKNOWN_EPOCH,2.0,0.0,0.0,YANK,2026-09-03T18:38:00+00:00
PER_SESSION_CONDITIONAL_UNKNOWN_EPOCH,1.0,519.8899999999994,59148.0,MIM,2026-09-03T18:39:00+00:00
PER_SESSION_CONDITIONAL_UNKNOWN_EPOCH,2.0,0.0,0.0,YANK,2026-09-03T18:39:00+00:00
PER_SESSION_CONDITIONAL_UNKNOWN_EPOCH,1.0,523.8899999999994,59152.0,MIM,2026-09-03T18:40:00+00:00
PER_SESSION_CONDITIONAL_UNKNOWN_EPOCH,2.0,0.0,0.0,YANK,2026-09-03T18:40:00+00:00
PER_SESSION_CONDITIONAL_UNKNOWN_EPOCH,1.0,509.3899999999994,59137.5,MIM,2026-09-03T18:41:00+00:00
PER_SESSION_CONDITIONAL_UNKNOWN_EPOCH,2.0,0.0,0.0,YANK,2026-09-03T18:41:00+00:00
PER_SESSION_CONDITIONAL_UNKNOWN_EPOCH,1.0,507.3899999999994,59135.5,MIM,2026-09-03T18:42:00+00:00
PER_SESSION_CONDITIONAL_UNKNOWN_EPOCH,2.0,0.0,0.0,YANK,2026-09-03T18:42:00+00:00
PER_SESSION_CONDITIONAL_UNKNOWN_EPOCH,1.0,504.8899999999994,59133.0,MIM,2026-09-03T18:43:00+00:00
PER_SESSION_CONDITIONAL_UNKNOWN_EPOCH,2.0,0.0,0.0,YANK,2026-09-03T18:43:00+00:00
PER_SESSION_CONDITIONAL_UNKNOWN_EPOCH,1.0,500.8899999999994,59129.0,MIM,2026-09-03T18:44:00+00:00
PER_SESSION_CONDITIONAL_UNKNOWN_EPOCH,2.0,0.0,0.0,YANK,2026-09-03T18:44:00+00:00
PER_SESSION_CONDITIONAL_UNKNOWN_EPOCH,1.0,492.8899999999994,59121.0,MIM,2026-09-03T18:45:00+00:00
PER_SESSION_CONDITIONAL_UNKNOWN_EPOCH,2.0,0.0,0.0,YANK,2026-09-03T18:45:00+00:00
PER_SESSION_CONDITIONAL_UNKNOWN_EPOCH,1.0,502.3899999999994,59130.5,MIM,2026-09-03T18:46:00+00:00
PER_SESSION_CONDITIONAL_UNKNOWN_EPOCH,2.0,0.0,0.0,YANK,2026-09-03T18:46:00+00:00
PER_SESSION_CONDITIONAL_UNKNOWN_EPOCH,1.0,504.8899999999994,59133.0,MIM,2026-09-03T18:47:00+00:00
PER_SESSION_CONDITIONAL_UNKNOWN_EPOCH,2.0,0.0,0.0,YANK,2026-09-03T18:47:00+00:00
PER_SESSION_CONDITIONAL_UNKNOWN_EPOCH,1.0,513.3899999999994,59141.5,MIM,2026-09-03T18:48:00+00:00
PER_SESSION_CONDITIONAL_UNKNOWN_EPOCH,2.0,0.0,0.0,YANK,2026-09-03T18:48:00+00:00
PER_SESSION_CONDITIONAL_UNKNOWN_EPOCH,1.0,506.3899999999994,59134.5,MIM,2026-09-03T18:49:00+00:00
PER_SESSION_CONDITIONAL_UNKNOWN_EPOCH,2.0,0.0,0.0,YANK,2026-09-03T18:49:00+00:00
PER_SESSION_CONDITIONAL_UNKNOWN_EPOCH,1.0,523.8899999999994,59152.0,MIM,2026-09-03T18:50:00+00:00
PER_SESSION_CONDITIONAL_UNKNOWN_EPOCH,2.0,0.0,0.0,YANK,2026-09-03T18:50:00+00:00
PER_SESSION_CONDITIONAL_UNKNOWN_EPOCH,1.0,517.8899999999994,59146.0,MIM,2026-09-03T18:51:00+00:00
PER_SESSION_CONDITIONAL_UNKNOWN_EPOCH,2.0,0.0,0.0,YANK,2026-09-03T18:51:00+00:00
PER_SESSION_CONDITIONAL_UNKNOWN_EPOCH,1.0,508.8899999999994,59137.0,MIM,2026-09-03T18:52:00+00:00
PER_SESSION_CONDITIONAL_UNKNOWN_EPOCH,2.0,0.0,0.0,YANK,2026-09-03T18:52:00+00:00
PER_SESSION_CONDITIONAL_UNKNOWN_EPOCH,1.0,504.8899999999994,59133.0,MIM,2026-09-03T18:53:00+00:00
PER_SESSION_CONDITIONAL_UNKNOWN_EPOCH,2.0,0.0,0.0,YANK,2026-09-03T18:53:00+00:00
PER_SESSION_CONDITIONAL_UNKNOWN_EPOCH,1.0,511.3899999999994,59139.5,MIM,2026-09-03T18:54:00+00:00
PER_SESSION_CONDITIONAL_UNKNOWN_EPOCH,2.0,0.0,0.0,YANK,2026-09-03T18:54:00+00:00
PER_SESSION_CONDITIONAL_UNKNOWN_EPOCH,1.0,511.3899999999994,59139.5,MIM,2026-09-03T18:55:00+00:00
PER_SESSION_CONDITIONAL_UNKNOWN_EPOCH,2.0,0.0,0.0,YANK,2026-09-03T18:55:00+00:00
PER_SESSION_CONDITIONAL_UNKNOWN_EPOCH,1.0,499.3899999999994,59127.5,MIM,2026-09-03T18:56:00+00:00
PER_SESSION_CONDITIONAL_UNKNOWN_EPOCH,2.0,0.0,0.0,YANK,2026-09-03T18:56:00+00:00
PER_SESSION_CONDITIONAL_UNKNOWN_EPOCH,1.0,498.8899999999994,59127.0,MIM,2026-09-03T18:57:00+00:00
PER_SESSION_CONDITIONAL_UNKNOWN_EPOCH,2.0,0.0,0.0,YANK,2026-09-03T18:57:00+00:00
PER_SESSION_CONDITIONAL_UNKNOWN_EPOCH,1.0,493.8899999999994,59122.0,MIM,2026-09-03T18:58:00+00:00
PER_SESSION_CONDITIONAL_UNKNOWN_EPOCH,2.0,0.0,0.0,YANK,2026-09-03T18:58:00+00:00
PER_SESSION_CONDITIONAL_UNKNOWN_EPOCH,1.0,503.3899999999994,59131.5,MIM,2026-09-03T18:59:00+00:00
PER_SESSION_CONDITIONAL_UNKNOWN_EPOCH,2.0,0.0,0.0,YANK,2026-09-03T18:59:00+00:00
PER_SESSION_CONDITIONAL_UNKNOWN_EPOCH,1.0,508.8899999999994,59137.0,MIM,2026-09-03T19:00:00+00:00
PER_SESSION_CONDITIONAL_UNKNOWN_EPOCH,2.0,0.0,0.0,YANK,2026-09-03T19:00:00+00:00
PER_SESSION_CONDITIONAL_UNKNOWN_EPOCH,1.0,483.8899999999994,59112.0,MIM,2026-09-03T19:01:00+00:00
PER_SESSION_CONDITIONAL_UNKNOWN_EPOCH,2.0,0.0,0.0,YANK,2026-09-03T19:01:00+00:00
PER_SESSION_CONDITIONAL_UNKNOWN_EPOCH,1.0,486.8899999999994,59115.0,MIM,2026-09-03T19:02:00+00:00
PER_SESSION_CONDITIONAL_UNKNOWN_EPOCH,2.0,0.0,0.0,YANK,2026-09-03T19:02:00+00:00
PER_SESSION_CONDITIONAL_UNKNOWN_EPOCH,1.0,481.8899999999994,59110.0,MIM,2026-09-03T19:03:00+00:00
PER_SESSION_CONDITIONAL_UNKNOWN_EPOCH,2.0,0.0,0.0,YANK,2026-09-03T19:03:00+00:00
PER_SESSION_CONDITIONAL_UNKNOWN_EPOCH,1.0,479.8899999999994,59108.0,MIM,2026-09-03T19:04:00+00:00
PER_SESSION_CONDITIONAL_UNKNOWN_EPOCH,2.0,0.0,0.0,YANK,2026-09-03T19:04:00+00:00
PER_SESSION_CONDITIONAL_UNKNOWN_EPOCH,1.0,485.8899999999994,59114.0,MIM,2026-09-03T19:05:00+00:00
PER_SESSION_CONDITIONAL_UNKNOWN_EPOCH,2.0,0.0,0.0,YANK,2026-09-03T19:05:00+00:00
PER_SESSION_CONDITIONAL_UNKNOWN_EPOCH,1.0,484.8899999999994,59113.0,MIM,2026-09-03T19:06:00+00:00
PER_SESSION_CONDITIONAL_UNKNOWN_EPOCH,2.0,0.0,0.0,YANK,2026-09-03T19:06:00+00:00
PER_SESSION_CONDITIONAL_UNKNOWN_EPOCH,1.0,483.8899999999994,59112.0,MIM,2026-09-03T19:07:00+00:00
PER_SESSION_CONDITIONAL_UNKNOWN_EPOCH,2.0,0.0,0.0,YANK,2026-09-03T19:07:00+00:00
PER_SESSION_CONDITIONAL_UNKNOWN_EPOCH,1.0,479.8899999999994,59108.0,MIM,2026-09-03T19:08:00+00:00
PER_SESSION_CONDITIONAL_UNKNOWN_EPOCH,2.0,0.0,0.0,YANK,2026-09-03T19:08:00+00:00
PER_SESSION_CONDITIONAL_UNKNOWN_EPOCH,1.0,476.8899999999994,59105.0,MIM,2026-09-03T19:09:00+00:00
PER_SESSION_CONDITIONAL_UNKNOWN_EPOCH,2.0,0.0,0.0,YANK,2026-09-03T19:09:00+00:00
PER_SESSION_CONDITIONAL_UNKNOWN_EPOCH,1.0,470.8899999999994,59099.0,MIM,2026-09-03T19:10:00+00:00
PER_SESSION_CONDITIONAL_UNKNOWN_EPOCH,2.0,0.0,0.0,YANK,2026-09-03T19:10:00+00:00
PER_SESSION_CONDITIONAL_UNKNOWN_EPOCH,1.0,472.8899999999994,59101.0,MIM,2026-09-03T19:11:00+00:00
PER_SESSION_CONDITIONAL_UNKNOWN_EPOCH,2.0,0.0,0.0,YANK,2026-09-03T19:11:00+00:00
PER_SESSION_CONDITIONAL_UNKNOWN_EPOCH,1.0,459.8899999999994,59088.0,MIM,2026-09-03T19:12:00+00:00
PER_SESSION_CONDITIONAL_UNKNOWN_EPOCH,2.0,0.0,0.0,YANK,2026-09-03T19:12:00+00:00
PER_SESSION_CONDITIONAL_UNKNOWN_EPOCH,1.0,461.3899999999994,59089.5,MIM,2026-09-03T19:13:00+00:00
PER_SESSION_CONDITIONAL_UNKNOWN_EPOCH,2.0,0.0,0.0,YANK,2026-09-03T19:13:00+00:00
PER_SESSION_CONDITIONAL_UNKNOWN_EPOCH,1.0,450.3899999999994,59078.5,MIM,2026-09-03T19:14:00+00:00
PER_SESSION_CONDITIONAL_UNKNOWN_EPOCH,2.0,0.0,0.0,YANK,2026-09-03T19:14:00+00:00
PER_SESSION_CONDITIONAL_UNKNOWN_EPOCH,1.0,449.3899999999994,59077.5,MIM,2026-09-03T19:15:00+00:00
PER_SESSION_CONDITIONAL_UNKNOWN_EPOCH,2.0,0.0,0.0,YANK,2026-09-03T19:15:00+00:00
PER_SESSION_CONDITIONAL_UNKNOWN_EPOCH,1.0,449.8899999999994,59078.0,MIM,2026-09-03T19:16:00+00:00
PER_SESSION_CONDITIONAL_UNKNOWN_EPOCH,2.0,0.0,0.0,YANK,2026-09-03T19:16:00+00:00
PER_SESSION_CONDITIONAL_UNKNOWN_EPOCH,1.0,439.3899999999994,59067.5,MIM,2026-09-03T19:17:00+00:00
PER_SESSION_CONDITIONAL_UNKNOWN_EPOCH,2.0,0.0,0.0,YANK,2026-09-03T19:17:00+00:00
PER_SESSION_CONDITIONAL_UNKNOWN_EPOCH,1.0,443.3899999999994,59071.5,MIM,2026-09-03T19:18:00+00:00
PER_SESSION_CONDITIONAL_UNKNOWN_EPOCH,2.0,0.0,0.0,YANK,2026-09-03T19:18:00+00:00
PER_SESSION_CONDITIONAL_UNKNOWN_EPOCH,1.0,444.8899999999994,59073.0,MIM,2026-09-03T19:19:00+00:00
PER_SESSION_CONDITIONAL_UNKNOWN_EPOCH,2.0,0.0,0.0,YANK,2026-09-03T19:19:00+00:00
PER_SESSION_CONDITIONAL_UNKNOWN_EPOCH,1.0,458.3899999999994,59086.5,MIM,2026-09-03T19:20:00+00:00
PER_SESSION_CONDITIONAL_UNKNOWN_EPOCH,2.0,0.0,0.0,YANK,2026-09-03T19:20:00+00:00
PER_SESSION_CONDITIONAL_UNKNOWN_EPOCH,1.0,447.3899999999994,59075.5,MIM,2026-09-03T19:21:00+00:00
PER_SESSION_CONDITIONAL_UNKNOWN_EPOCH,2.0,0.0,0.0,YANK,2026-09-03T19:21:00+00:00
PER_SESSION_CONDITIONAL_UNKNOWN_EPOCH,1.0,448.8899999999994,59077.0,MIM,2026-09-03T19:22:00+00:00
PER_SESSION_CONDITIONAL_UNKNOWN_EPOCH,2.0,0.0,0.0,YANK,2026-09-03T19:22:00+00:00
PER_SESSION_CONDITIONAL_UNKNOWN_EPOCH,1.0,445.8899999999994,59074.0,MIM,2026-09-03T19:23:00+00:00
PER_SESSION_CONDITIONAL_UNKNOWN_EPOCH,2.0,0.0,0.0,YANK,2026-09-03T19:23:00+00:00
PER_SESSION_CONDITIONAL_UNKNOWN_EPOCH,1.0,441.8899999999994,59070.0,MIM,2026-09-03T19:24:00+00:00
PER_SESSION_CONDITIONAL_UNKNOWN_EPOCH,2.0,0.0,0.0,YANK,2026-09-03T19:24:00+00:00
PER_SESSION_CONDITIONAL_UNKNOWN_EPOCH,1.0,433.8899999999994,59062.0,MIM,2026-09-03T19:25:00+00:00
PER_SESSION_CONDITIONAL_UNKNOWN_EPOCH,2.0,0.0,0.0,YANK,2026-09-03T19:25:00+00:00
PER_SESSION_CONDITIONAL_UNKNOWN_EPOCH,1.0,436.8899999999994,59065.0,MIM,2026-09-03T19:26:00+00:00
PER_SESSION_CONDITIONAL_UNKNOWN_EPOCH,2.0,0.0,0.0,YANK,2026-09-03T19:26:00+00:00
PER_SESSION_CONDITIONAL_UNKNOWN_EPOCH,1.0,440.8899999999994,59069.0,MIM,2026-09-03T19:27:00+00:00
PER_SESSION_CONDITIONAL_UNKNOWN_EPOCH,2.0,0.0,0.0,YANK,2026-09-03T19:27:00+00:00
PER_SESSION_CONDITIONAL_UNKNOWN_EPOCH,1.0,433.8899999999994,59062.0,MIM,2026-09-03T19:28:00+00:00
PER_SESSION_CONDITIONAL_UNKNOWN_EPOCH,2.0,0.0,0.0,YANK,2026-09-03T19:28:00+00:00
PER_SESSION_CONDITIONAL_UNKNOWN_EPOCH,1.0,433.3899999999994,59061.5,MIM,2026-09-03T19:29:00+00:00
PER_SESSION_CONDITIONAL_UNKNOWN_EPOCH,2.0,0.0,0.0,YANK,2026-09-03T19:29:00+00:00
PER_SESSION_CONDITIONAL_UNKNOWN_EPOCH,1.0,438.8899999999994,59067.0,MIM,2026-09-03T19:30:00+00:00
PER_SESSION_CONDITIONAL_UNKNOWN_EPOCH,2.0,0.0,0.0,YANK,2026-09-03T19:30:00+00:00
PER_SESSION_CONDITIONAL_UNKNOWN_EPOCH,1.0,436.3899999999994,59064.5,MIM,2026-09-03T19:31:00+00:00
PER_SESSION_CONDITIONAL_UNKNOWN_EPOCH,2.0,0.0,0.0,YANK,2026-09-03T19:31:00+00:00
PER_SESSION_CONDITIONAL_UNKNOWN_EPOCH,1.0,444.3899999999994,59072.5,MIM,2026-09-03T19:32:00+00:00
PER_SESSION_CONDITIONAL_UNKNOWN_EPOCH,2.0,0.0,0.0,YANK,2026-09-03T19:32:00+00:00
PER_SESSION_CONDITIONAL_UNKNOWN_EPOCH,1.0,436.3899999999994,59064.5,MIM,2026-09-03T19:33:00+00:00
PER_SESSION_CONDITIONAL_UNKNOWN_EPOCH,2.0,0.0,0.0,YANK,2026-09-03T19:33:00+00:00
PER_SESSION_CONDITIONAL_UNKNOWN_EPOCH,1.0,431.8899999999994,59060.0,MIM,2026-09-03T19:34:00+00:00
PER_SESSION_CONDITIONAL_UNKNOWN_EPOCH,2.0,0.0,0.0,YANK,2026-09-03T19:34:00+00:00
PER_SESSION_CONDITIONAL_UNKNOWN_EPOCH,1.0,423.8899999999994,59052.0,MIM,2026-09-03T19:35:00+00:00
PER_SESSION_CONDITIONAL_UNKNOWN_EPOCH,2.0,0.0,0.0,YANK,2026-09-03T19:35:00+00:00
PER_SESSION_CONDITIONAL_UNKNOWN_EPOCH,1.0,429.3899999999994,59057.5,MIM,2026-09-03T19:36:00+00:00
PER_SESSION_CONDITIONAL_UNKNOWN_EPOCH,2.0,0.0,0.0,YANK,2026-09-03T19:36:00+00:00
PER_SESSION_CONDITIONAL_UNKNOWN_EPOCH,1.0,435.3899999999994,59063.5,MIM,2026-09-03T19:37:00+00:00
PER_SESSION_CONDITIONAL_UNKNOWN_EPOCH,2.0,0.0,0.0,YANK,2026-09-03T19:37:00+00:00
PER_SESSION_CONDITIONAL_UNKNOWN_EPOCH,1.0,442.3899999999994,59070.5,MIM,2026-09-03T19:38:00+00:00
PER_SESSION_CONDITIONAL_UNKNOWN_EPOCH,2.0,0.0,0.0,YANK,2026-09-03T19:38:00+00:00
PER_SESSION_CONDITIONAL_UNKNOWN_EPOCH,1.0,434.8899999999994,59063.0,MIM,2026-09-03T19:39:00+00:00
PER_SESSION_CONDITIONAL_UNKNOWN_EPOCH,2.0,0.0,0.0,YANK,2026-09-03T19:39:00+00:00
PER_SESSION_CONDITIONAL_UNKNOWN_EPOCH,1.0,435.8899999999994,59064.0,MIM,2026-09-03T19:40:00+00:00
PER_SESSION_CONDITIONAL_UNKNOWN_EPOCH,2.0,0.0,0.0,YANK,2026-09-03T19:40:00+00:00
PER_SESSION_CONDITIONAL_UNKNOWN_EPOCH,1.0,440.8899999999994,59069.0,MIM,2026-09-03T19:41:00+00:00
PER_SESSION_CONDITIONAL_UNKNOWN_EPOCH,2.0,0.0,0.0,YANK,2026-09-03T19:41:00+00:00
PER_SESSION_CONDITIONAL_UNKNOWN_EPOCH,1.0,424.8899999999994,59053.0,MIM,2026-09-03T19:42:00+00:00
PER_SESSION_CONDITIONAL_UNKNOWN_EPOCH,2.0,0.0,0.0,YANK,2026-09-03T19:42:00+00:00
PER_SESSION_CONDITIONAL_UNKNOWN_EPOCH,1.0,426.3899999999994,59054.5,MIM,2026-09-03T19:43:00+00:00
PER_SESSION_CONDITIONAL_UNKNOWN_EPOCH,2.0,0.0,0.0,YANK,2026-09-03T19:43:00+00:00
PER_SESSION_CONDITIONAL_UNKNOWN_EPOCH,1.0,423.3899999999994,59051.5,MIM,2026-09-03T19:44:00+00:00
PER_SESSION_CONDITIONAL_UNKNOWN_EPOCH,2.0,0.0,0.0,YANK,2026-09-03T19:44:00+00:00
PER_SESSION_CONDITIONAL_UNKNOWN_EPOCH,1.0,419.8899999999994,59048.0,MIM,2026-09-03T19:45:00+00:00
PER_SESSION_CONDITIONAL_UNKNOWN_EPOCH,2.0,0.0,0.0,YANK,2026-09-03T19:45:00+00:00
PER_SESSION_CONDITIONAL_UNKNOWN_EPOCH,1.0,443.3899999999994,59071.5,MIM,2026-09-03T19:46:00+00:00
PER_SESSION_CONDITIONAL_UNKNOWN_EPOCH,2.0,0.0,0.0,YANK,2026-09-03T19:46:00+00:00
PER_SESSION_CONDITIONAL_UNKNOWN_EPOCH,1.0,424.8899999999994,59053.0,MIM,2026-09-03T19:47:00+00:00
PER_SESSION_CONDITIONAL_UNKNOWN_EPOCH,2.0,0.0,0.0,YANK,2026-09-03T19:47:00+00:00
PER_SESSION_CONDITIONAL_UNKNOWN_EPOCH,1.0,419.3899999999994,59047.5,MIM,2026-09-03T19:48:00+00:00
PER_SESSION_CONDITIONAL_UNKNOWN_EPOCH,2.0,0.0,0.0,YANK,2026-09-03T19:48:00+00:00
PER_SESSION_CONDITIONAL_UNKNOWN_EPOCH,1.0,418.8899999999994,59047.0,MIM,2026-09-03T19:49:00+00:00
PER_SESSION_CONDITIONAL_UNKNOWN_EPOCH,2.0,0.0,0.0,YANK,2026-09-03T19:49:00+00:00
PER_SESSION_CONDITIONAL_UNKNOWN_EPOCH,1.0,413.3899999999994,59041.5,MIM,2026-09-03T19:50:00+00:00
PER_SESSION_CONDITIONAL_UNKNOWN_EPOCH,2.0,0.0,0.0,YANK,2026-09-03T19:50:00+00:00
PER_SESSION_CONDITIONAL_UNKNOWN_EPOCH,1.0,410.8899999999994,59039.0,MIM,2026-09-03T19:51:00+00:00
PER_SESSION_CONDITIONAL_UNKNOWN_EPOCH,2.0,0.0,0.0,YANK,2026-09-03T19:51:00+00:00
PER_SESSION_CONDITIONAL_UNKNOWN_EPOCH,1.0,405.8899999999994,59034.0,MIM,2026-09-03T19:52:00+00:00
PER_SESSION_CONDITIONAL_UNKNOWN_EPOCH,2.0,0.0,0.0,YANK,2026-09-03T19:52:00+00:00
PER_SESSION_CONDITIONAL_UNKNOWN_EPOCH,1.0,395.8899999999994,59024.0,MIM,2026-09-03T19:53:00+00:00
PER_SESSION_CONDITIONAL_UNKNOWN_EPOCH,2.0,0.0,0.0,YANK,2026-09-03T19:53:00+00:00
PER_SESSION_CONDITIONAL_UNKNOWN_EPOCH,1.0,394.8899999999994,59023.0,MIM,2026-09-03T19:54:00+00:00
PER_SESSION_CONDITIONAL_UNKNOWN_EPOCH,2.0,0.0,0.0,YANK,2026-09-03T19:54:00+00:00
PER_SESSION_CONDITIONAL_UNKNOWN_EPOCH,1.0,424.3899999999994,59052.5,MIM,2026-09-03T19:55:00+00:00
PER_SESSION_CONDITIONAL_UNKNOWN_EPOCH,2.0,0.0,0.0,YANK,2026-09-03T19:55:00+00:00
PER_SESSION_CONDITIONAL_UNKNOWN_EPOCH,1.0,402.8899999999994,59031.0,MIM,2026-09-03T19:56:00+00:00
PER_SESSION_CONDITIONAL_UNKNOWN_EPOCH,2.0,0.0,0.0,YANK,2026-09-03T19:56:00+00:00
PER_SESSION_CONDITIONAL_UNKNOWN_EPOCH,1.0,403.3899999999994,59031.5,MIM,2026-09-03T19:57:00+00:00
PER_SESSION_CONDITIONAL_UNKNOWN_EPOCH,2.0,0.0,0.0,YANK,2026-09-03T19:57:00+00:00
PER_SESSION_CONDITIONAL_UNKNOWN_EPOCH,1.0,417.8899999999994,59046.0,MIM,2026-09-03T19:58:00+00:00
PER_SESSION_CONDITIONAL_UNKNOWN_EPOCH,2.0,0.0,0.0,YANK,2026-09-03T19:58:00+00:00
PER_SESSION_CONDITIONAL_UNKNOWN_EPOCH,1.0,405.3899999999994,59033.5,MIM,2026-09-03T19:59:00+00:00
PER_SESSION_CONDITIONAL_UNKNOWN_EPOCH,2.0,0.0,0.0,YANK,2026-09-03T19:59:00+00:00
PER_SESSION_CONDITIONAL_UNKNOWN_EPOCH,1.0,433.8899999999994,59062.0,MIM,2026-09-03T20:00:00+00:00
PER_SESSION_CONDITIONAL_UNKNOWN_EPOCH,2.0,0.0,0.0,YANK,2026-09-03T20:00:00+00:00
PER_SESSION_CONDITIONAL_UNKNOWN_EPOCH,1.0,440.77999999999884,0.0,MIM,2026-09-03T20:01:00+00:00
PER_SESSION_CONDITIONAL_UNKNOWN_EPOCH,2.0,0.0,0.0,YANK,2026-09-03T20:01:00+00:00
PER_SESSION_CONDITIONAL_UNKNOWN_EPOCH,1.0,0.0,0.0,MIM,2026-09-04T13:31:00+00:00
PER_SESSION_CONDITIONAL_UNKNOWN_EPOCH,2.0,0.0,0.0,YANK,2026-09-04T13:31:00+00:00
PER_SESSION_CONDITIONAL_UNKNOWN_EPOCH,1.0,0.0,0.0,MIM,2026-09-04T13:32:00+00:00
PER_SESSION_CONDITIONAL_UNKNOWN_EPOCH,2.0,0.0,0.0,YANK,2026-09-04T13:32:00+00:00
PER_SESSION_CONDITIONAL_UNKNOWN_EPOCH,1.0,0.0,0.0,MIM,2026-09-04T13:33:00+00:00
PER_SESSION_CONDITIONAL_UNKNOWN_EPOCH,2.0,0.0,0.0,YANK,2026-09-04T13:33:00+00:00
PER_SESSION_CONDITIONAL_UNKNOWN_EPOCH,1.0,0.0,0.0,MIM,2026-09-04T13:34:00+00:00
PER_SESSION_CONDITIONAL_UNKNOWN_EPOCH,2.0,0.0,0.0,YANK,2026-09-04T13:34:00+00:00
PER_SESSION_CONDITIONAL_UNKNOWN_EPOCH,1.0,0.0,0.0,MIM,2026-09-04T13:35:00+00:00
PER_SESSION_CONDITIONAL_UNKNOWN_EPOCH,2.0,0.0,0.0,YANK,2026-09-04T13:35:00+00:00
PER_SESSION_CONDITIONAL_UNKNOWN_EPOCH,1.0,0.0,0.0,MIM,2026-09-04T13:36:00+00:00
PER_SESSION_CONDITIONAL_UNKNOWN_EPOCH,2.0,0.0,0.0,YANK,2026-09-04T13:36:00+00:00
PER_SESSION_CONDITIONAL_UNKNOWN_EPOCH,1.0,0.0,0.0,MIM,2026-09-04T13:37:00+00:00
PER_SESSION_CONDITIONAL_UNKNOWN_EPOCH,2.0,0.0,0.0,YANK,2026-09-04T13:37:00+00:00
PER_SESSION_CONDITIONAL_UNKNOWN_EPOCH,1.0,0.0,0.0,MIM,2026-09-04T13:38:00+00:00
PER_SESSION_CONDITIONAL_UNKNOWN_EPOCH,2.0,0.0,0.0,YANK,2026-09-04T13:38:00+00:00
PER_SESSION_CONDITIONAL_UNKNOWN_EPOCH,1.0,0.0,0.0,MIM,2026-09-04T13:39:00+00:00
PER_SESSION_CONDITIONAL_UNKNOWN_EPOCH,2.0,0.0,0.0,YANK,2026-09-04T13:39:00+00:00
PER_SESSION_CONDITIONAL_UNKNOWN_EPOCH,1.0,0.0,0.0,MIM,2026-09-04T13:40:00+00:00
PER_SESSION_CONDITIONAL_UNKNOWN_EPOCH,2.0,0.0,0.0,YANK,2026-09-04T13:40:00+00:00
PER_SESSION_CONDITIONAL_UNKNOWN_EPOCH,1.0,0.0,0.0,MIM,2026-09-04T13:41:00+00:00
PER_SESSION_CONDITIONAL_UNKNOWN_EPOCH,2.0,0.0,0.0,YANK,2026-09-04T13:41:00+00:00
PER_SESSION_CONDITIONAL_UNKNOWN_EPOCH,1.0,0.0,0.0,MIM,2026-09-04T13:42:00+00:00
PER_SESSION_CONDITIONAL_UNKNOWN_EPOCH,2.0,0.0,0.0,YANK,2026-09-04T13:42:00+00:00
PER_SESSION_CONDITIONAL_UNKNOWN_EPOCH,1.0,0.0,0.0,MIM,2026-09-04T13:43:00+00:00
PER_SESSION_CONDITIONAL_UNKNOWN_EPOCH,2.0,0.0,0.0,YANK,2026-09-04T13:43:00+00:00
PER_SESSION_CONDITIONAL_UNKNOWN_EPOCH,1.0,0.0,0.0,MIM,2026-09-04T13:44:00+00:00
PER_SESSION_CONDITIONAL_UNKNOWN_EPOCH,2.0,0.0,0.0,YANK,2026-09-04T13:44:00+00:00
PER_SESSION_CONDITIONAL_UNKNOWN_EPOCH,1.0,0.0,0.0,MIM,2026-09-04T13:45:00+00:00
PER_SESSION_CONDITIONAL_UNKNOWN_EPOCH,2.0,0.0,0.0,YANK,2026-09-04T13:45:00+00:00
PER_SESSION_CONDITIONAL_UNKNOWN_EPOCH,1.0,0.0,0.0,MIM,2026-09-04T13:46:00+00:00
PER_SESSION_CONDITIONAL_UNKNOWN_EPOCH,2.0,0.0,0.0,YANK,2026-09-04T13:46:00+00:00
PER_SESSION_CONDITIONAL_UNKNOWN_EPOCH,1.0,0.0,0.0,MIM,2026-09-04T13:47:00+00:00
PER_SESSION_CONDITIONAL_UNKNOWN_EPOCH,2.0,0.0,0.0,YANK,2026-09-04T13:47:00+00:00
PER_SESSION_CONDITIONAL_UNKNOWN_EPOCH,1.0,0.0,0.0,MIM,2026-09-04T13:48:00+00:00
PER_SESSION_CONDITIONAL_UNKNOWN_EPOCH,2.0,0.0,0.0,YANK,2026-09-04T13:48:00+00:00
PER_SESSION_CONDITIONAL_UNKNOWN_EPOCH,1.0,0.0,0.0,MIM,2026-09-04T13:49:00+00:00
PER_SESSION_CONDITIONAL_UNKNOWN_EPOCH,2.0,0.0,0.0,YANK,2026-09-04T13:49:00+00:00
PER_SESSION_CONDITIONAL_UNKNOWN_EPOCH,1.0,0.0,0.0,MIM,2026-09-04T13:50:00+00:00
PER_SESSION_CONDITIONAL_UNKNOWN_EPOCH,2.0,0.0,0.0,YANK,2026-09-04T13:50:00+00:00
PER_SESSION_CONDITIONAL_UNKNOWN_EPOCH,1.0,0.0,0.0,MIM,2026-09-04T13:51:00+00:00
PER_SESSION_CONDITIONAL_UNKNOWN_EPOCH,2.0,0.0,0.0,YANK,2026-09-04T13:51:00+00:00
PER_SESSION_CONDITIONAL_UNKNOWN_EPOCH,1.0,0.0,0.0,MIM,2026-09-04T13:52:00+00:00
PER_SESSION_CONDITIONAL_UNKNOWN_EPOCH,2.0,0.0,0.0,YANK,2026-09-04T13:52:00+00:00
PER_SESSION_CONDITIONAL_UNKNOWN_EPOCH,1.0,0.0,0.0,MIM,2026-09-04T13:53:00+00:00
PER_SESSION_CONDITIONAL_UNKNOWN_EPOCH,2.0,0.0,0.0,YANK,2026-09-04T13:53:00+00:00
PER_SESSION_CONDITIONAL_UNKNOWN_EPOCH,1.0,0.0,0.0,MIM,2026-09-04T13:54:00+00:00
PER_SESSION_CONDITIONAL_UNKNOWN_EPOCH,2.0,0.0,0.0,YANK,2026-09-04T13:54:00+00:00
PER_SESSION_CONDITIONAL_UNKNOWN_EPOCH,1.0,0.0,0.0,MIM,2026-09-04T13:55:00+00:00
PER_SESSION_CONDITIONAL_UNKNOWN_EPOCH,2.0,0.0,0.0,YANK,2026-09-04T13:55:00+00:00
PER_SESSION_CONDITIONAL_UNKNOWN_EPOCH,1.0,0.0,0.0,MIM,2026-09-04T13:56:00+00:00
PER_SESSION_CONDITIONAL_UNKNOWN_EPOCH,2.0,0.0,0.0,YANK,2026-09-04T13:56:00+00:00
PER_SESSION_CONDITIONAL_UNKNOWN_EPOCH,1.0,0.0,0.0,MIM,2026-09-04T13:57:00+00:00
PER_SESSION_CONDITIONAL_UNKNOWN_EPOCH,2.0,0.0,0.0,YANK,2026-09-04T13:57:00+00:00
PER_SESSION_CONDITIONAL_UNKNOWN_EPOCH,1.0,0.0,0.0,MIM,2026-09-04T13:58:00+00:00
PER_SESSION_CONDITIONAL_UNKNOWN_EPOCH,2.0,0.0,0.0,YANK,2026-09-04T13:58:00+00:00
PER_SESSION_CONDITIONAL_UNKNOWN_EPOCH,1.0,0.0,0.0,MIM,2026-09-04T13:59:00+00:00
PER_SESSION_CONDITIONAL_UNKNOWN_EPOCH,2.0,0.0,0.0,YANK,2026-09-04T13:59:00+00:00
PER_SESSION_CONDITIONAL_UNKNOWN_EPOCH,1.0,0.0,0.0,MIM,2026-09-04T14:00:00+00:00
PER_SESSION_CONDITIONAL_UNKNOWN_EPOCH,2.0,0.0,0.0,YANK,2026-09-04T14:00:00+00:00
PER_SESSION_CONDITIONAL_UNKNOWN_EPOCH,1.0,-1.110000000000582,59364.0,MIM,2026-09-04T14:01:00+00:00
PER_SESSION_CONDITIONAL_UNKNOWN_EPOCH,2.0,0.0,0.0,YANK,2026-09-04T14:01:00+00:00
PER_SESSION_CONDITIONAL_UNKNOWN_EPOCH,1.0,-48.61000000000058,59316.5,MIM,2026-09-04T14:02:00+00:00
PER_SESSION_CONDITIONAL_UNKNOWN_EPOCH,2.0,0.0,0.0,YANK,2026-09-04T14:02:00+00:00
PER_SESSION_CONDITIONAL_UNKNOWN_EPOCH,1.0,-27.110000000000582,59338.0,MIM,2026-09-04T14:03:00+00:00
PER_SESSION_CONDITIONAL_UNKNOWN_EPOCH,2.0,0.0,0.0,YANK,2026-09-04T14:03:00+00:00
PER_SESSION_CONDITIONAL_UNKNOWN_EPOCH,1.0,-18.110000000000582,59347.0,MIM,2026-09-04T14:04:00+00:00
PER_SESSION_CONDITIONAL_UNKNOWN_EPOCH,2.0,0.0,0.0,YANK,2026-09-04T14:04:00+00:00
PER_SESSION_CONDITIONAL_UNKNOWN_EPOCH,1.0,-28.110000000000582,59337.0,MIM,2026-09-04T14:05:00+00:00
PER_SESSION_CONDITIONAL_UNKNOWN_EPOCH,2.0,0.0,0.0,YANK,2026-09-04T14:05:00+00:00
PER_SESSION_CONDITIONAL_UNKNOWN_EPOCH,1.0,-40.61000000000058,59324.5,MIM,2026-09-04T14:06:00+00:00
PER_SESSION_CONDITIONAL_UNKNOWN_EPOCH,2.0,0.0,0.0,YANK,2026-09-04T14:06:00+00:00
PER_SESSION_CONDITIONAL_UNKNOWN_EPOCH,1.0,-17.110000000000582,59348.0,MIM,2026-09-04T14:07:00+00:00
PER_SESSION_CONDITIONAL_UNKNOWN_EPOCH,2.0,0.0,0.0,YANK,2026-09-04T14:07:00+00:00
PER_SESSION_CONDITIONAL_UNKNOWN_EPOCH,1.0,-61.61000000000058,59303.5,MIM,2026-09-04T14:08:00+00:00
PER_SESSION_CONDITIONAL_UNKNOWN_EPOCH,2.0,0.0,0.0,YANK,2026-09-04T14:08:00+00:00
PER_SESSION_CONDITIONAL_UNKNOWN_EPOCH,1.0,-57.61000000000058,59307.5,MIM,2026-09-04T14:09:00+00:00
PER_SESSION_CONDITIONAL_UNKNOWN_EPOCH,2.0,0.0,0.0,YANK,2026-09-04T14:09:00+00:00
PER_SESSION_CONDITIONAL_UNKNOWN_EPOCH,1.0,-76.61000000000058,59288.5,MIM,2026-09-04T14:10:00+00:00
PER_SESSION_CONDITIONAL_UNKNOWN_EPOCH,2.0,0.0,0.0,YANK,2026-09-04T14:10:00+00:00
PER_SESSION_CONDITIONAL_UNKNOWN_EPOCH,1.0,-104.11000000000058,59261.0,MIM,2026-09-04T14:11:00+00:00
PER_SESSION_CONDITIONAL_UNKNOWN_EPOCH,2.0,0.0,0.0,YANK,2026-09-04T14:11:00+00:00
PER_SESSION_CONDITIONAL_UNKNOWN_EPOCH,1.0,-112.11000000000058,59253.0,MIM,2026-09-04T14:12:00+00:00
PER_SESSION_CONDITIONAL_UNKNOWN_EPOCH,2.0,0.0,0.0,YANK,2026-09-04T14:12:00+00:00
PER_SESSION_CONDITIONAL_UNKNOWN_EPOCH,1.0,-152.61000000000058,59212.5,MIM,2026-09-04T14:13:00+00:00
PER_SESSION_CONDITIONAL_UNKNOWN_EPOCH,2.0,0.0,0.0,YANK,2026-09-04T14:13:00+00:00
PER_SESSION_CONDITIONAL_UNKNOWN_EPOCH,1.0,-120.11000000000058,59245.0,MIM,2026-09-04T14:14:00+00:00
PER_SESSION_CONDITIONAL_UNKNOWN_EPOCH,2.0,0.0,0.0,YANK,2026-09-04T14:14:00+00:00
PER_SESSION_CONDITIONAL_UNKNOWN_EPOCH,1.0,-68.61000000000058,59296.5,MIM,2026-09-04T14:15:00+00:00
PER_SESSION_CONDITIONAL_UNKNOWN_EPOCH,2.0,0.0,0.0,YANK,2026-09-04T14:15:00+00:00
PER_SESSION_CONDITIONAL_UNKNOWN_EPOCH,1.0,-96.11000000000058,59269.0,MIM,2026-09-04T14:16:00+00:00
PER_SESSION_CONDITIONAL_UNKNOWN_EPOCH,2.0,0.0,0.0,YANK,2026-09-04T14:16:00+00:00
PER_SESSION_CONDITIONAL_UNKNOWN_EPOCH,1.0,-123.61000000000058,59241.5,MIM,2026-09-04T14:17:00+00:00
PER_SESSION_CONDITIONAL_UNKNOWN_EPOCH,2.0,0.0,0.0,YANK,2026-09-04T14:17:00+00:00
PER_SESSION_CONDITIONAL_UNKNOWN_EPOCH,1.0,-129.11000000000058,59236.0,MIM,2026-09-04T14:18:00+00:00
PER_SESSION_CONDITIONAL_UNKNOWN_EPOCH,2.0,0.0,0.0,YANK,2026-09-04T14:18:00+00:00
PER_SESSION_CONDITIONAL_UNKNOWN_EPOCH,1.0,-121.61000000000058,59243.5,MIM,2026-09-04T14:19:00+00:00
PER_SESSION_CONDITIONAL_UNKNOWN_EPOCH,2.0,0.0,0.0,YANK,2026-09-04T14:19:00+00:00
PER_SESSION_CONDITIONAL_UNKNOWN_EPOCH,1.0,-162.61000000000058,59202.5,MIM,2026-09-04T14:20:00+00:00
PER_SESSION_CONDITIONAL_UNKNOWN_EPOCH,2.0,0.0,0.0,YANK,2026-09-04T14:20:00+00:00
PER_SESSION_CONDITIONAL_UNKNOWN_EPOCH,1.0,-188.11000000000058,59177.0,MIM,2026-09-04T14:21:00+00:00
PER_SESSION_CONDITIONAL_UNKNOWN_EPOCH,2.0,0.0,0.0,YANK,2026-09-04T14:21:00+00:00
PER_SESSION_CONDITIONAL_UNKNOWN_EPOCH,1.0,-152.61000000000058,59212.5,MIM,2026-09-04T14:22:00+00:00
PER_SESSION_CONDITIONAL_UNKNOWN_EPOCH,2.0,0.0,0.0,YANK,2026-09-04T14:22:00+00:00
PER_SESSION_CONDITIONAL_UNKNOWN_EPOCH,1.0,-146.11000000000058,59219.0,MIM,2026-09-04T14:23:00+00:00
PER_SESSION_CONDITIONAL_UNKNOWN_EPOCH,2.0,0.0,0.0,YANK,2026-09-04T14:23:00+00:00
PER_SESSION_CONDITIONAL_UNKNOWN_EPOCH,1.0,-146.61000000000058,59218.5,MIM,2026-09-04T14:24:00+00:00
PER_SESSION_CONDITIONAL_UNKNOWN_EPOCH,2.0,0.0,0.0,YANK,2026-09-04T14:24:00+00:00
PER_SESSION_CONDITIONAL_UNKNOWN_EPOCH,1.0,-173.11000000000058,59192.0,MIM,2026-09-04T14:25:00+00:00
PER_SESSION_CONDITIONAL_UNKNOWN_EPOCH,2.0,0.0,0.0,YANK,2026-09-04T14:25:00+00:00
PER_SESSION_CONDITIONAL_UNKNOWN_EPOCH,1.0,-194.11000000000058,59171.0,MIM,2026-09-04T14:26:00+00:00
PER_SESSION_CONDITIONAL_UNKNOWN_EPOCH,2.0,0.0,0.0,YANK,2026-09-04T14:26:00+00:00
PER_SESSION_CONDITIONAL_UNKNOWN_EPOCH,1.0,-208.11000000000058,59157.0,MIM,2026-09-04T14:27:00+00:00
PER_SESSION_CONDITIONAL_UNKNOWN_EPOCH,2.0,0.0,0.0,YANK,2026-09-04T14:27:00+00:00
PER_SESSION_CONDITIONAL_UNKNOWN_EPOCH,1.0,-211.11000000000058,59154.0,MIM,2026-09-04T14:28:00+00:00
PER_SESSION_CONDITIONAL_UNKNOWN_EPOCH,2.0,0.0,0.0,YANK,2026-09-04T14:28:00+00:00
PER_SESSION_CONDITIONAL_UNKNOWN_EPOCH,1.0,-186.11000000000058,59179.0,MIM,2026-09-04T14:29:00+00:00
PER_SESSION_CONDITIONAL_UNKNOWN_EPOCH,2.0,0.0,0.0,YANK,2026-09-04T14:29:00+00:00
PER_SESSION_CONDITIONAL_UNKNOWN_EPOCH,1.0,-173.61000000000058,59191.5,MIM,2026-09-04T14:30:00+00:00
PER_SESSION_CONDITIONAL_UNKNOWN_EPOCH,2.0,0.0,0.0,YANK,2026-09-04T14:30:00+00:00
PER_SESSION_CONDITIONAL_UNKNOWN_EPOCH,1.0,-229.61000000000058,59135.5,MIM,2026-09-04T14:31:00+00:00
PER_SESSION_CONDITIONAL_UNKNOWN_EPOCH,2.0,0.0,0.0,YANK,2026-09-04T14:31:00+00:00
PER_SESSION_CONDITIONAL_UNKNOWN_EPOCH,1.0,-236.61000000000058,59128.5,MIM,2026-09-04T14:32:00+00:00
PER_SESSION_CONDITIONAL_UNKNOWN_EPOCH,2.0,0.0,0.0,YANK,2026-09-04T14:32:00+00:00
PER_SESSION_CONDITIONAL_UNKNOWN_EPOCH,1.0,-212.11000000000058,59153.0,MIM,2026-09-04T14:33:00+00:00
PER_SESSION_CONDITIONAL_UNKNOWN_EPOCH,2.0,0.0,0.0,YANK,2026-09-04T14:33:00+00:00
PER_SESSION_CONDITIONAL_UNKNOWN_EPOCH,1.0,-230.11000000000058,59135.0,MIM,2026-09-04T14:34:00+00:00
PER_SESSION_CONDITIONAL_UNKNOWN_EPOCH,2.0,0.0,0.0,YANK,2026-09-04T14:34:00+00:00
PER_SESSION_CONDITIONAL_UNKNOWN_EPOCH,1.0,-247.11000000000058,59118.0,MIM,2026-09-04T14:35:00+00:00
PER_SESSION_CONDITIONAL_UNKNOWN_EPOCH,2.0,0.0,0.0,YANK,2026-09-04T14:35:00+00:00
PER_SESSION_CONDITIONAL_UNKNOWN_EPOCH,1.0,-222.11000000000058,59143.0,MIM,2026-09-04T14:36:00+00:00
PER_SESSION_CONDITIONAL_UNKNOWN_EPOCH,2.0,0.0,0.0,YANK,2026-09-04T14:36:00+00:00
PER_SESSION_CONDITIONAL_UNKNOWN_EPOCH,1.0,-199.61000000000058,59165.5,MIM,2026-09-04T14:37:00+00:00
PER_SESSION_CONDITIONAL_UNKNOWN_EPOCH,2.0,0.0,0.0,YANK,2026-09-04T14:37:00+00:00
PER_SESSION_CONDITIONAL_UNKNOWN_EPOCH,1.0,-200.11000000000058,59165.0,MIM,2026-09-04T14:38:00+00:00
PER_SESSION_CONDITIONAL_UNKNOWN_EPOCH,2.0,0.0,0.0,YANK,2026-09-04T14:38:00+00:00
PER_SESSION_CONDITIONAL_UNKNOWN_EPOCH,1.0,-208.11000000000058,59157.0,MIM,2026-09-04T14:39:00+00:00
PER_SESSION_CONDITIONAL_UNKNOWN_EPOCH,2.0,0.0,0.0,YANK,2026-09-04T14:39:00+00:00
PER_SESSION_CONDITIONAL_UNKNOWN_EPOCH,1.0,-189.11000000000058,59176.0,MIM,2026-09-04T14:40:00+00:00
PER_SESSION_CONDITIONAL_UNKNOWN_EPOCH,2.0,0.0,0.0,YANK,2026-09-04T14:40:00+00:00
PER_SESSION_CONDITIONAL_UNKNOWN_EPOCH,1.0,-223.61000000000058,59141.5,MIM,2026-09-04T14:41:00+00:00
PER_SESSION_CONDITIONAL_UNKNOWN_EPOCH,2.0,0.0,0.0,YANK,2026-09-04T14:41:00+00:00
PER_SESSION_CONDITIONAL_UNKNOWN_EPOCH,1.0,-219.61000000000058,59145.5,MIM,2026-09-04T14:42:00+00:00
PER_SESSION_CONDITIONAL_UNKNOWN_EPOCH,2.0,0.0,0.0,YANK,2026-09-04T14:42:00+00:00
PER_SESSION_CONDITIONAL_UNKNOWN_EPOCH,1.0,-274.1100000000006,59091.0,MIM,2026-09-04T14:43:00+00:00
PER_SESSION_CONDITIONAL_UNKNOWN_EPOCH,2.0,0.0,0.0,YANK,2026-09-04T14:43:00+00:00
PER_SESSION_CONDITIONAL_UNKNOWN_EPOCH,1.0,-297.6100000000006,59067.5,MIM,2026-09-04T14:44:00+00:00
PER_SESSION_CONDITIONAL_UNKNOWN_EPOCH,2.0,0.0,0.0,YANK,2026-09-04T14:44:00+00:00
PER_SESSION_CONDITIONAL_UNKNOWN_EPOCH,1.0,-298.1100000000006,59067.0,MIM,2026-09-04T14:45:00+00:00
PER_SESSION_CONDITIONAL_UNKNOWN_EPOCH,2.0,0.0,0.0,YANK,2026-09-04T14:45:00+00:00
PER_SESSION_CONDITIONAL_UNKNOWN_EPOCH,1.0,-300.6100000000006,59064.5,MIM,2026-09-04T14:46:00+00:00
PER_SESSION_CONDITIONAL_UNKNOWN_EPOCH,2.0,0.0,0.0,YANK,2026-09-04T14:46:00+00:00
PER_SESSION_CONDITIONAL_UNKNOWN_EPOCH,1.0,-284.1100000000006,59081.0,MIM,2026-09-04T14:47:00+00:00
PER_SESSION_CONDITIONAL_UNKNOWN_EPOCH,2.0,0.0,0.0,YANK,2026-09-04T14:47:00+00:00
PER_SESSION_CONDITIONAL_UNKNOWN_EPOCH,1.0,-297.6100000000006,59067.5,MIM,2026-09-04T14:48:00+00:00
PER_SESSION_CONDITIONAL_UNKNOWN_EPOCH,2.0,0.0,0.0,YANK,2026-09-04T14:48:00+00:00
PER_SESSION_CONDITIONAL_UNKNOWN_EPOCH,1.0,-314.1100000000006,59051.0,MIM,2026-09-04T14:49:00+00:00
PER_SESSION_CONDITIONAL_UNKNOWN_EPOCH,2.0,0.0,0.0,YANK,2026-09-04T14:49:00+00:00
PER_SESSION_CONDITIONAL_UNKNOWN_EPOCH,1.0,-343.1100000000006,59022.0,MIM,2026-09-04T14:50:00+00:00
PER_SESSION_CONDITIONAL_UNKNOWN_EPOCH,2.0,0.0,0.0,YANK,2026-09-04T14:50:00+00:00
PER_SESSION_CONDITIONAL_UNKNOWN_EPOCH,1.0,-318.1100000000006,59047.0,MIM,2026-09-04T14:51:00+00:00
PER_SESSION_CONDITIONAL_UNKNOWN_EPOCH,2.0,0.0,0.0,YANK,2026-09-04T14:51:00+00:00
PER_SESSION_CONDITIONAL_UNKNOWN_EPOCH,1.0,-316.1100000000006,59049.0,MIM,2026-09-04T14:52:00+00:00
PER_SESSION_CONDITIONAL_UNKNOWN_EPOCH,2.0,0.0,0.0,YANK,2026-09-04T14:52:00+00:00
PER_SESSION_CONDITIONAL_UNKNOWN_EPOCH,1.0,-314.1100000000006,59051.0,MIM,2026-09-04T14:53:00+00:00
PER_SESSION_CONDITIONAL_UNKNOWN_EPOCH,2.0,0.0,0.0,YANK,2026-09-04T14:53:00+00:00
PER_SESSION_CONDITIONAL_UNKNOWN_EPOCH,1.0,-324.1100000000006,59041.0,MIM,2026-09-04T14:54:00+00:00
PER_SESSION_CONDITIONAL_UNKNOWN_EPOCH,2.0,0.0,0.0,YANK,2026-09-04T14:54:00+00:00
PER_SESSION_CONDITIONAL_UNKNOWN_EPOCH,1.0,-331.6100000000006,59033.5,MIM,2026-09-04T14:55:00+00:00
PER_SESSION_CONDITIONAL_UNKNOWN_EPOCH,2.0,0.0,0.0,YANK,2026-09-04T14:55:00+00:00
PER_SESSION_CONDITIONAL_UNKNOWN_EPOCH,1.0,-322.6100000000006,59042.5,MIM,2026-09-04T14:56:00+00:00
PER_SESSION_CONDITIONAL_UNKNOWN_EPOCH,2.0,0.0,0.0,YANK,2026-09-04T14:56:00+00:00
PER_SESSION_CONDITIONAL_UNKNOWN_EPOCH,1.0,-364.1100000000006,59001.0,MIM,2026-09-04T14:57:00+00:00
PER_SESSION_CONDITIONAL_UNKNOWN_EPOCH,2.0,0.0,0.0,YANK,2026-09-04T14:57:00+00:00
PER_SESSION_CONDITIONAL_UNKNOWN_EPOCH,1.0,-324.1100000000006,59041.0,MIM,2026-09-04T14:58:00+00:00
PER_SESSION_CONDITIONAL_UNKNOWN_EPOCH,2.0,0.0,0.0,YANK,2026-09-04T14:58:00+00:00
PER_SESSION_CONDITIONAL_UNKNOWN_EPOCH,1.0,-306.6100000000006,59058.5,MIM,2026-09-04T14:59:00+00:00
PER_SESSION_CONDITIONAL_UNKNOWN_EPOCH,2.0,0.0,0.0,YANK,2026-09-04T14:59:00+00:00
PER_SESSION_CONDITIONAL_UNKNOWN_EPOCH,1.0,-323.6100000000006,59041.5,MIM,2026-09-04T15:00:00+00:00
PER_SESSION_CONDITIONAL_UNKNOWN_EPOCH,2.0,0.0,0.0,YANK,2026-09-04T15:00:00+00:00
PER_SESSION_CONDITIONAL_UNKNOWN_EPOCH,1.0,-316.6100000000006,59048.5,MIM,2026-09-04T15:01:00+00:00
PER_SESSION_CONDITIONAL_UNKNOWN_EPOCH,2.0,0.0,0.0,YANK,2026-09-04T15:01:00+00:00
PER_SESSION_CONDITIONAL_UNKNOWN_EPOCH,1.0,-322.6100000000006,59042.5,MIM,2026-09-04T15:02:00+00:00
PER_SESSION_CONDITIONAL_UNKNOWN_EPOCH,2.0,0.0,0.0,YANK,2026-09-04T15:02:00+00:00
PER_SESSION_CONDITIONAL_UNKNOWN_EPOCH,1.0,-343.6100000000006,59021.5,MIM,2026-09-04T15:03:00+00:00
PER_SESSION_CONDITIONAL_UNKNOWN_EPOCH,2.0,0.0,0.0,YANK,2026-09-04T15:03:00+00:00
PER_SESSION_CONDITIONAL_UNKNOWN_EPOCH,1.0,-356.6100000000006,59008.5,MIM,2026-09-04T15:04:00+00:00
PER_SESSION_CONDITIONAL_UNKNOWN_EPOCH,2.0,0.0,0.0,YANK,2026-09-04T15:04:00+00:00
PER_SESSION_CONDITIONAL_UNKNOWN_EPOCH,1.0,-332.6100000000006,59032.5,MIM,2026-09-04T15:05:00+00:00
PER_SESSION_CONDITIONAL_UNKNOWN_EPOCH,2.0,0.0,0.0,YANK,2026-09-04T15:05:00+00:00
PER_SESSION_CONDITIONAL_UNKNOWN_EPOCH,1.0,-342.1100000000006,59023.0,MIM,2026-09-04T15:06:00+00:00
PER_SESSION_CONDITIONAL_UNKNOWN_EPOCH,2.0,0.0,0.0,YANK,2026-09-04T15:06:00+00:00
PER_SESSION_CONDITIONAL_UNKNOWN_EPOCH,1.0,-339.1100000000006,59026.0,MIM,2026-09-04T15:07:00+00:00
PER_SESSION_CONDITIONAL_UNKNOWN_EPOCH,2.0,0.0,0.0,YANK,2026-09-04T15:07:00+00:00
PER_SESSION_CONDITIONAL_UNKNOWN_EPOCH,1.0,-316.6100000000006,59048.5,MIM,2026-09-04T15:08:00+00:00
PER_SESSION_CONDITIONAL_UNKNOWN_EPOCH,2.0,0.0,0.0,YANK,2026-09-04T15:08:00+00:00
PER_SESSION_CONDITIONAL_UNKNOWN_EPOCH,1.0,-313.1100000000006,59052.0,MIM,2026-09-04T15:09:00+00:00
PER_SESSION_CONDITIONAL_UNKNOWN_EPOCH,2.0,0.0,0.0,YANK,2026-09-04T15:09:00+00:00
PER_SESSION_CONDITIONAL_UNKNOWN_EPOCH,1.0,-313.1100000000006,59052.0,MIM,2026-09-04T15:10:00+00:00
PER_SESSION_CONDITIONAL_UNKNOWN_EPOCH,2.0,0.0,0.0,YANK,2026-09-04T15:10:00+00:00
PER_SESSION_CONDITIONAL_UNKNOWN_EPOCH,1.0,-325.1100000000006,59040.0,MIM,2026-09-04T15:11:00+00:00
PER_SESSION_CONDITIONAL_UNKNOWN_EPOCH,2.0,0.0,0.0,YANK,2026-09-04T15:11:00+00:00
PER_SESSION_CONDITIONAL_UNKNOWN_EPOCH,1.0,-315.6100000000006,59049.5,MIM,2026-09-04T15:12:00+00:00
PER_SESSION_CONDITIONAL_UNKNOWN_EPOCH,2.0,0.0,0.0,YANK,2026-09-04T15:12:00+00:00
PER_SESSION_CONDITIONAL_UNKNOWN_EPOCH,1.0,-286.1100000000006,59079.0,MIM,2026-09-04T15:13:00+00:00
PER_SESSION_CONDITIONAL_UNKNOWN_EPOCH,2.0,0.0,0.0,YANK,2026-09-04T15:13:00+00:00
PER_SESSION_CONDITIONAL_UNKNOWN_EPOCH,1.0,-296.1100000000006,59069.0,MIM,2026-09-04T15:14:00+00:00
PER_SESSION_CONDITIONAL_UNKNOWN_EPOCH,2.0,0.0,0.0,YANK,2026-09-04T15:14:00+00:00
PER_SESSION_CONDITIONAL_UNKNOWN_EPOCH,1.0,-284.6100000000006,59080.5,MIM,2026-09-04T15:15:00+00:00
PER_SESSION_CONDITIONAL_UNKNOWN_EPOCH,2.0,0.0,0.0,YANK,2026-09-04T15:15:00+00:00
PER_SESSION_CONDITIONAL_UNKNOWN_EPOCH,1.0,-293.6100000000006,59071.5,MIM,2026-09-04T15:16:00+00:00
PER_SESSION_CONDITIONAL_UNKNOWN_EPOCH,2.0,0.0,0.0,YANK,2026-09-04T15:16:00+00:00
PER_SESSION_CONDITIONAL_UNKNOWN_EPOCH,1.0,-306.6100000000006,59058.5,MIM,2026-09-04T15:17:00+00:00
PER_SESSION_CONDITIONAL_UNKNOWN_EPOCH,2.0,0.0,0.0,YANK,2026-09-04T15:17:00+00:00
PER_SESSION_CONDITIONAL_UNKNOWN_EPOCH,1.0,-326.6100000000006,59038.5,MIM,2026-09-04T15:18:00+00:00
PER_SESSION_CONDITIONAL_UNKNOWN_EPOCH,2.0,0.0,0.0,YANK,2026-09-04T15:18:00+00:00
PER_SESSION_CONDITIONAL_UNKNOWN_EPOCH,1.0,-364.1100000000006,59001.0,MIM,2026-09-04T15:19:00+00:00
PER_SESSION_CONDITIONAL_UNKNOWN_EPOCH,2.0,0.0,0.0,YANK,2026-09-04T15:19:00+00:00
PER_SESSION_CONDITIONAL_UNKNOWN_EPOCH,1.0,-362.6100000000006,59002.5,MIM,2026-09-04T15:20:00+00:00
PER_SESSION_CONDITIONAL_UNKNOWN_EPOCH,2.0,0.0,0.0,YANK,2026-09-04T15:20:00+00:00
PER_SESSION_CONDITIONAL_UNKNOWN_EPOCH,1.0,-374.1100000000006,58991.0,MIM,2026-09-04T15:21:00+00:00
PER_SESSION_CONDITIONAL_UNKNOWN_EPOCH,2.0,0.0,0.0,YANK,2026-09-04T15:21:00+00:00
PER_SESSION_CONDITIONAL_UNKNOWN_EPOCH,1.0,-386.1100000000006,58979.0,MIM,2026-09-04T15:22:00+00:00
PER_SESSION_CONDITIONAL_UNKNOWN_EPOCH,2.0,0.0,0.0,YANK,2026-09-04T15:22:00+00:00
PER_SESSION_CONDITIONAL_UNKNOWN_EPOCH,1.0,-356.6100000000006,59008.5,MIM,2026-09-04T15:23:00+00:00
PER_SESSION_CONDITIONAL_UNKNOWN_EPOCH,2.0,0.0,0.0,YANK,2026-09-04T15:23:00+00:00
PER_SESSION_CONDITIONAL_UNKNOWN_EPOCH,1.0,-362.1100000000006,59003.0,MIM,2026-09-04T15:24:00+00:00
PER_SESSION_CONDITIONAL_UNKNOWN_EPOCH,2.0,0.0,0.0,YANK,2026-09-04T15:24:00+00:00
PER_SESSION_CONDITIONAL_UNKNOWN_EPOCH,1.0,-359.6100000000006,59005.5,MIM,2026-09-04T15:25:00+00:00
PER_SESSION_CONDITIONAL_UNKNOWN_EPOCH,2.0,0.0,0.0,YANK,2026-09-04T15:25:00+00:00
PER_SESSION_CONDITIONAL_UNKNOWN_EPOCH,1.0,-354.6100000000006,59010.5,MIM,2026-09-04T15:26:00+00:00
PER_SESSION_CONDITIONAL_UNKNOWN_EPOCH,2.0,0.0,0.0,YANK,2026-09-04T15:26:00+00:00
PER_SESSION_CONDITIONAL_UNKNOWN_EPOCH,1.0,-364.1100000000006,59001.0,MIM,2026-09-04T15:27:00+00:00
PER_SESSION_CONDITIONAL_UNKNOWN_EPOCH,2.0,0.0,0.0,YANK,2026-09-04T15:27:00+00:00
PER_SESSION_CONDITIONAL_UNKNOWN_EPOCH,1.0,-357.6100000000006,59007.5,MIM,2026-09-04T15:28:00+00:00
PER_SESSION_CONDITIONAL_UNKNOWN_EPOCH,2.0,0.0,0.0,YANK,2026-09-04T15:28:00+00:00
PER_SESSION_CONDITIONAL_UNKNOWN_EPOCH,1.0,-351.6100000000006,59013.5,MIM,2026-09-04T15:29:00+00:00
PER_SESSION_CONDITIONAL_UNKNOWN_EPOCH,2.0,0.0,0.0,YANK,2026-09-04T15:29:00+00:00
PER_SESSION_CONDITIONAL_UNKNOWN_EPOCH,1.0,-350.6100000000006,59014.5,MIM,2026-09-04T15:30:00+00:00
PER_SESSION_CONDITIONAL_UNKNOWN_EPOCH,2.0,0.0,0.0,YANK,2026-09-04T15:30:00+00:00
PER_SESSION_CONDITIONAL_UNKNOWN_EPOCH,1.0,-395.1100000000006,58970.0,MIM,2026-09-04T15:31:00+00:00
PER_SESSION_CONDITIONAL_UNKNOWN_EPOCH,2.0,0.0,0.0,YANK,2026-09-04T15:31:00+00:00
PER_SESSION_CONDITIONAL_UNKNOWN_EPOCH,1.0,-389.6100000000006,58975.5,MIM,2026-09-04T15:32:00+00:00
PER_SESSION_CONDITIONAL_UNKNOWN_EPOCH,2.0,0.0,0.0,YANK,2026-09-04T15:32:00+00:00
PER_SESSION_CONDITIONAL_UNKNOWN_EPOCH,1.0,-389.6100000000006,58975.5,MIM,2026-09-04T15:33:00+00:00
PER_SESSION_CONDITIONAL_UNKNOWN_EPOCH,2.0,0.0,0.0,YANK,2026-09-04T15:33:00+00:00
PER_SESSION_CONDITIONAL_UNKNOWN_EPOCH,1.0,-368.6100000000006,58996.5,MIM,2026-09-04T15:34:00+00:00
PER_SESSION_CONDITIONAL_UNKNOWN_EPOCH,2.0,0.0,0.0,YANK,2026-09-04T15:34:00+00:00
PER_SESSION_CONDITIONAL_UNKNOWN_EPOCH,1.0,-381.6100000000006,58983.5,MIM,2026-09-04T15:35:00+00:00
PER_SESSION_CONDITIONAL_UNKNOWN_EPOCH,2.0,0.0,0.0,YANK,2026-09-04T15:35:00+00:00
PER_SESSION_CONDITIONAL_UNKNOWN_EPOCH,1.0,-367.1100000000006,58998.0,MIM,2026-09-04T15:36:00+00:00
PER_SESSION_CONDITIONAL_UNKNOWN_EPOCH,2.0,0.0,0.0,YANK,2026-09-04T15:36:00+00:00
PER_SESSION_CONDITIONAL_UNKNOWN_EPOCH,1.0,-374.6100000000006,58990.5,MIM,2026-09-04T15:37:00+00:00
PER_SESSION_CONDITIONAL_UNKNOWN_EPOCH,2.0,0.0,0.0,YANK,2026-09-04T15:37:00+00:00
PER_SESSION_CONDITIONAL_UNKNOWN_EPOCH,1.0,-377.6100000000006,58987.5,MIM,2026-09-04T15:38:00+00:00
PER_SESSION_CONDITIONAL_UNKNOWN_EPOCH,2.0,0.0,0.0,YANK,2026-09-04T15:38:00+00:00
PER_SESSION_CONDITIONAL_UNKNOWN_EPOCH,1.0,-362.1100000000006,59003.0,MIM,2026-09-04T15:39:00+00:00
PER_SESSION_CONDITIONAL_UNKNOWN_EPOCH,2.0,0.0,0.0,YANK,2026-09-04T15:39:00+00:00
PER_SESSION_CONDITIONAL_UNKNOWN_EPOCH,1.0,-362.1100000000006,59003.0,MIM,2026-09-04T15:40:00+00:00
PER_SESSION_CONDITIONAL_UNKNOWN_EPOCH,2.0,0.0,0.0,YANK,2026-09-04T15:40:00+00:00
PER_SESSION_CONDITIONAL_UNKNOWN_EPOCH,1.0,-362.6100000000006,59002.5,MIM,2026-09-04T15:41:00+00:00
PER_SESSION_CONDITIONAL_UNKNOWN_EPOCH,2.0,0.0,0.0,YANK,2026-09-04T15:41:00+00:00
PER_SESSION_CONDITIONAL_UNKNOWN_EPOCH,1.0,-342.6100000000006,59022.5,MIM,2026-09-04T15:42:00+00:00
PER_SESSION_CONDITIONAL_UNKNOWN_EPOCH,2.0,0.0,0.0,YANK,2026-09-04T15:42:00+00:00
PER_SESSION_CONDITIONAL_UNKNOWN_EPOCH,1.0,-322.1100000000006,59043.0,MIM,2026-09-04T15:43:00+00:00
PER_SESSION_CONDITIONAL_UNKNOWN_EPOCH,2.0,0.0,0.0,YANK,2026-09-04T15:43:00+00:00
PER_SESSION_CONDITIONAL_UNKNOWN_EPOCH,1.0,-323.6100000000006,59041.5,MIM,2026-09-04T15:44:00+00:00
PER_SESSION_CONDITIONAL_UNKNOWN_EPOCH,2.0,0.0,0.0,YANK,2026-09-04T15:44:00+00:00
PER_SESSION_CONDITIONAL_UNKNOWN_EPOCH,1.0,-324.1100000000006,59041.0,MIM,2026-09-04T15:45:00+00:00
PER_SESSION_CONDITIONAL_UNKNOWN_EPOCH,2.0,0.0,0.0,YANK,2026-09-04T15:45:00+00:00
PER_SESSION_CONDITIONAL_UNKNOWN_EPOCH,1.0,-325.1100000000006,59040.0,MIM,2026-09-04T15:46:00+00:00
PER_SESSION_CONDITIONAL_UNKNOWN_EPOCH,2.0,0.0,0.0,YANK,2026-09-04T15:46:00+00:00
PER_SESSION_CONDITIONAL_UNKNOWN_EPOCH,1.0,-349.6100000000006,59015.5,MIM,2026-09-04T15:47:00+00:00
PER_SESSION_CONDITIONAL_UNKNOWN_EPOCH,2.0,0.0,0.0,YANK,2026-09-04T15:47:00+00:00
PER_SESSION_CONDITIONAL_UNKNOWN_EPOCH,1.0,-375.6100000000006,58989.5,MIM,2026-09-04T15:48:00+00:00
PER_SESSION_CONDITIONAL_UNKNOWN_EPOCH,2.0,0.0,0.0,YANK,2026-09-04T15:48:00+00:00
PER_SESSION_CONDITIONAL_UNKNOWN_EPOCH,1.0,-372.6100000000006,58992.5,MIM,2026-09-04T15:49:00+00:00
PER_SESSION_CONDITIONAL_UNKNOWN_EPOCH,2.0,0.0,0.0,YANK,2026-09-04T15:49:00+00:00
PER_SESSION_CONDITIONAL_UNKNOWN_EPOCH,1.0,-361.6100000000006,59003.5,MIM,2026-09-04T15:50:00+00:00
PER_SESSION_CONDITIONAL_UNKNOWN_EPOCH,2.0,0.0,0.0,YANK,2026-09-04T15:50:00+00:00
PER_SESSION_CONDITIONAL_UNKNOWN_EPOCH,1.0,-366.6100000000006,58998.5,MIM,2026-09-04T15:51:00+00:00
PER_SESSION_CONDITIONAL_UNKNOWN_EPOCH,2.0,0.0,0.0,YANK,2026-09-04T15:51:00+00:00
PER_SESSION_CONDITIONAL_UNKNOWN_EPOCH,1.0,-361.1100000000006,59004.0,MIM,2026-09-04T15:52:00+00:00
PER_SESSION_CONDITIONAL_UNKNOWN_EPOCH,2.0,0.0,0.0,YANK,2026-09-04T15:52:00+00:00
PER_SESSION_CONDITIONAL_UNKNOWN_EPOCH,1.0,-361.6100000000006,59003.5,MIM,2026-09-04T15:53:00+00:00
PER_SESSION_CONDITIONAL_UNKNOWN_EPOCH,2.0,0.0,0.0,YANK,2026-09-04T15:53:00+00:00
PER_SESSION_CONDITIONAL_UNKNOWN_EPOCH,1.0,-360.6100000000006,59004.5,MIM,2026-09-04T15:54:00+00:00
PER_SESSION_CONDITIONAL_UNKNOWN_EPOCH,2.0,0.0,0.0,YANK,2026-09-04T15:54:00+00:00
PER_SESSION_CONDITIONAL_UNKNOWN_EPOCH,1.0,-357.1100000000006,59008.0,MIM,2026-09-04T15:55:00+00:00
PER_SESSION_CONDITIONAL_UNKNOWN_EPOCH,2.0,0.0,0.0,YANK,2026-09-04T15:55:00+00:00
PER_SESSION_CONDITIONAL_UNKNOWN_EPOCH,1.0,-347.6100000000006,59017.5,MIM,2026-09-04T15:56:00+00:00
PER_SESSION_CONDITIONAL_UNKNOWN_EPOCH,2.0,0.0,0.0,YANK,2026-09-04T15:56:00+00:00
PER_SESSION_CONDITIONAL_UNKNOWN_EPOCH,1.0,-352.1100000000006,59013.0,MIM,2026-09-04T15:57:00+00:00
PER_SESSION_CONDITIONAL_UNKNOWN_EPOCH,2.0,0.0,0.0,YANK,2026-09-04T15:57:00+00:00
PER_SESSION_CONDITIONAL_UNKNOWN_EPOCH,1.0,-340.1100000000006,59025.0,MIM,2026-09-04T15:58:00+00:00
PER_SESSION_CONDITIONAL_UNKNOWN_EPOCH,2.0,0.0,0.0,YANK,2026-09-04T15:58:00+00:00
PER_SESSION_CONDITIONAL_UNKNOWN_EPOCH,1.0,-345.6100000000006,59019.5,MIM,2026-09-04T15:59:00+00:00
PER_SESSION_CONDITIONAL_UNKNOWN_EPOCH,2.0,0.0,0.0,YANK,2026-09-04T15:59:00+00:00
PER_SESSION_CONDITIONAL_UNKNOWN_EPOCH,1.0,-334.6100000000006,59030.5,MIM,2026-09-04T16:00:00+00:00
PER_SESSION_CONDITIONAL_UNKNOWN_EPOCH,2.0,0.0,0.0,YANK,2026-09-04T16:00:00+00:00
PER_SESSION_CONDITIONAL_UNKNOWN_EPOCH,1.0,-327.1100000000006,59038.0,MIM,2026-09-04T16:01:00+00:00
PER_SESSION_CONDITIONAL_UNKNOWN_EPOCH,2.0,0.0,0.0,YANK,2026-09-04T16:01:00+00:00
PER_SESSION_CONDITIONAL_UNKNOWN_EPOCH,1.0,-338.1100000000006,59027.0,MIM,2026-09-04T16:02:00+00:00
PER_SESSION_CONDITIONAL_UNKNOWN_EPOCH,2.0,0.0,0.0,YANK,2026-09-04T16:02:00+00:00
PER_SESSION_CONDITIONAL_UNKNOWN_EPOCH,1.0,-338.6100000000006,59026.5,MIM,2026-09-04T16:03:00+00:00
PER_SESSION_CONDITIONAL_UNKNOWN_EPOCH,2.0,0.0,0.0,YANK,2026-09-04T16:03:00+00:00
PER_SESSION_CONDITIONAL_UNKNOWN_EPOCH,1.0,-349.1100000000006,59016.0,MIM,2026-09-04T16:04:00+00:00
PER_SESSION_CONDITIONAL_UNKNOWN_EPOCH,2.0,0.0,0.0,YANK,2026-09-04T16:04:00+00:00
PER_SESSION_CONDITIONAL_UNKNOWN_EPOCH,1.0,-336.6100000000006,59028.5,MIM,2026-09-04T16:05:00+00:00
PER_SESSION_CONDITIONAL_UNKNOWN_EPOCH,2.0,0.0,0.0,YANK,2026-09-04T16:05:00+00:00
PER_SESSION_CONDITIONAL_UNKNOWN_EPOCH,1.0,-323.1100000000006,59042.0,MIM,2026-09-04T16:06:00+00:00
PER_SESSION_CONDITIONAL_UNKNOWN_EPOCH,2.0,0.0,0.0,YANK,2026-09-04T16:06:00+00:00
PER_SESSION_CONDITIONAL_UNKNOWN_EPOCH,1.0,-326.1100000000006,59039.0,MIM,2026-09-04T16:07:00+00:00
PER_SESSION_CONDITIONAL_UNKNOWN_EPOCH,2.0,0.0,0.0,YANK,2026-09-04T16:07:00+00:00
PER_SESSION_CONDITIONAL_UNKNOWN_EPOCH,1.0,-307.6100000000006,59057.5,MIM,2026-09-04T16:08:00+00:00
PER_SESSION_CONDITIONAL_UNKNOWN_EPOCH,2.0,0.0,0.0,YANK,2026-09-04T16:08:00+00:00
PER_SESSION_CONDITIONAL_UNKNOWN_EPOCH,1.0,-295.1100000000006,59070.0,MIM,2026-09-04T16:09:00+00:00
PER_SESSION_CONDITIONAL_UNKNOWN_EPOCH,2.0,0.0,0.0,YANK,2026-09-04T16:09:00+00:00
PER_SESSION_CONDITIONAL_UNKNOWN_EPOCH,1.0,-301.1100000000006,59064.0,MIM,2026-09-04T16:10:00+00:00
PER_SESSION_CONDITIONAL_UNKNOWN_EPOCH,2.0,0.0,0.0,YANK,2026-09-04T16:10:00+00:00
PER_SESSION_CONDITIONAL_UNKNOWN_EPOCH,1.0,-291.1100000000006,59074.0,MIM,2026-09-04T16:11:00+00:00
PER_SESSION_CONDITIONAL_UNKNOWN_EPOCH,2.0,0.0,0.0,YANK,2026-09-04T16:11:00+00:00
PER_SESSION_CONDITIONAL_UNKNOWN_EPOCH,1.0,-283.6100000000006,59081.5,MIM,2026-09-04T16:12:00+00:00
PER_SESSION_CONDITIONAL_UNKNOWN_EPOCH,2.0,0.0,0.0,YANK,2026-09-04T16:12:00+00:00
PER_SESSION_CONDITIONAL_UNKNOWN_EPOCH,1.0,-277.1100000000006,59088.0,MIM,2026-09-04T16:13:00+00:00
PER_SESSION_CONDITIONAL_UNKNOWN_EPOCH,2.0,0.0,0.0,YANK,2026-09-04T16:13:00+00:00
PER_SESSION_CONDITIONAL_UNKNOWN_EPOCH,1.0,-279.1100000000006,59086.0,MIM,2026-09-04T16:14:00+00:00
PER_SESSION_CONDITIONAL_UNKNOWN_EPOCH,2.0,0.0,0.0,YANK,2026-09-04T16:14:00+00:00
PER_SESSION_CONDITIONAL_UNKNOWN_EPOCH,1.0,-269.6100000000006,59095.5,MIM,2026-09-04T16:15:00+00:00
PER_SESSION_CONDITIONAL_UNKNOWN_EPOCH,2.0,0.0,0.0,YANK,2026-09-04T16:15:00+00:00
PER_SESSION_CONDITIONAL_UNKNOWN_EPOCH,1.0,-280.6100000000006,59084.5,MIM,2026-09-04T16:16:00+00:00
PER_SESSION_CONDITIONAL_UNKNOWN_EPOCH,2.0,0.0,0.0,YANK,2026-09-04T16:16:00+00:00
PER_SESSION_CONDITIONAL_UNKNOWN_EPOCH,1.0,-286.1100000000006,59079.0,MIM,2026-09-04T16:17:00+00:00
PER_SESSION_CONDITIONAL_UNKNOWN_EPOCH,2.0,0.0,0.0,YANK,2026-09-04T16:17:00+00:00
PER_SESSION_CONDITIONAL_UNKNOWN_EPOCH,1.0,-282.1100000000006,59083.0,MIM,2026-09-04T16:18:00+00:00
PER_SESSION_CONDITIONAL_UNKNOWN_EPOCH,2.0,0.0,0.0,YANK,2026-09-04T16:18:00+00:00
PER_SESSION_CONDITIONAL_UNKNOWN_EPOCH,1.0,-277.6100000000006,59087.5,MIM,2026-09-04T16:19:00+00:00
PER_SESSION_CONDITIONAL_UNKNOWN_EPOCH,2.0,0.0,0.0,YANK,2026-09-04T16:19:00+00:00
PER_SESSION_CONDITIONAL_UNKNOWN_EPOCH,1.0,-277.1100000000006,59088.0,MIM,2026-09-04T16:20:00+00:00
PER_SESSION_CONDITIONAL_UNKNOWN_EPOCH,2.0,0.0,0.0,YANK,2026-09-04T16:20:00+00:00
PER_SESSION_CONDITIONAL_UNKNOWN_EPOCH,1.0,-256.1100000000006,59109.0,MIM,2026-09-04T16:21:00+00:00
PER_SESSION_CONDITIONAL_UNKNOWN_EPOCH,2.0,0.0,0.0,YANK,2026-09-04T16:21:00+00:00
PER_SESSION_CONDITIONAL_UNKNOWN_EPOCH,1.0,-251.11000000000058,59114.0,MIM,2026-09-04T16:22:00+00:00
PER_SESSION_CONDITIONAL_UNKNOWN_EPOCH,2.0,0.0,0.0,YANK,2026-09-04T16:22:00+00:00
PER_SESSION_CONDITIONAL_UNKNOWN_EPOCH,1.0,-260.1100000000006,59105.0,MIM,2026-09-04T16:23:00+00:00
PER_SESSION_CONDITIONAL_UNKNOWN_EPOCH,2.0,0.0,0.0,YANK,2026-09-04T16:23:00+00:00
PER_SESSION_CONDITIONAL_UNKNOWN_EPOCH,1.0,-260.1100000000006,59105.0,MIM,2026-09-04T16:24:00+00:00
PER_SESSION_CONDITIONAL_UNKNOWN_EPOCH,2.0,0.0,0.0,YANK,2026-09-04T16:24:00+00:00
PER_SESSION_CONDITIONAL_UNKNOWN_EPOCH,1.0,-256.6100000000006,59108.5,MIM,2026-09-04T16:25:00+00:00
PER_SESSION_CONDITIONAL_UNKNOWN_EPOCH,2.0,0.0,0.0,YANK,2026-09-04T16:25:00+00:00
PER_SESSION_CONDITIONAL_UNKNOWN_EPOCH,1.0,-262.1100000000006,59103.0,MIM,2026-09-04T16:26:00+00:00
PER_SESSION_CONDITIONAL_UNKNOWN_EPOCH,2.0,0.0,0.0,YANK,2026-09-04T16:26:00+00:00
PER_SESSION_CONDITIONAL_UNKNOWN_EPOCH,1.0,-268.6100000000006,59096.5,MIM,2026-09-04T16:27:00+00:00
PER_SESSION_CONDITIONAL_UNKNOWN_EPOCH,2.0,0.0,0.0,YANK,2026-09-04T16:27:00+00:00
PER_SESSION_CONDITIONAL_UNKNOWN_EPOCH,1.0,-245.61000000000058,59119.5,MIM,2026-09-04T16:28:00+00:00
PER_SESSION_CONDITIONAL_UNKNOWN_EPOCH,2.0,0.0,0.0,YANK,2026-09-04T16:28:00+00:00
PER_SESSION_CONDITIONAL_UNKNOWN_EPOCH,1.0,-249.11000000000058,59116.0,MIM,2026-09-04T16:29:00+00:00
PER_SESSION_CONDITIONAL_UNKNOWN_EPOCH,2.0,0.0,0.0,YANK,2026-09-04T16:29:00+00:00
PER_SESSION_CONDITIONAL_UNKNOWN_EPOCH,1.0,-257.1100000000006,59108.0,MIM,2026-09-04T16:30:00+00:00
PER_SESSION_CONDITIONAL_UNKNOWN_EPOCH,2.0,0.0,0.0,YANK,2026-09-04T16:30:00+00:00
PER_SESSION_CONDITIONAL_UNKNOWN_EPOCH,1.0,-251.61000000000058,59113.5,MIM,2026-09-04T16:31:00+00:00
PER_SESSION_CONDITIONAL_UNKNOWN_EPOCH,2.0,0.0,0.0,YANK,2026-09-04T16:31:00+00:00
PER_SESSION_CONDITIONAL_UNKNOWN_EPOCH,1.0,-240.61000000000058,59124.5,MIM,2026-09-04T16:32:00+00:00
PER_SESSION_CONDITIONAL_UNKNOWN_EPOCH,2.0,0.0,0.0,YANK,2026-09-04T16:32:00+00:00
PER_SESSION_CONDITIONAL_UNKNOWN_EPOCH,1.0,-231.61000000000058,59133.5,MIM,2026-09-04T16:33:00+00:00
PER_SESSION_CONDITIONAL_UNKNOWN_EPOCH,2.0,0.0,0.0,YANK,2026-09-04T16:33:00+00:00
PER_SESSION_CONDITIONAL_UNKNOWN_EPOCH,1.0,-235.11000000000058,59130.0,MIM,2026-09-04T16:34:00+00:00
PER_SESSION_CONDITIONAL_UNKNOWN_EPOCH,2.0,0.0,0.0,YANK,2026-09-04T16:34:00+00:00
PER_SESSION_CONDITIONAL_UNKNOWN_EPOCH,1.0,-223.61000000000058,59141.5,MIM,2026-09-04T16:35:00+00:00
PER_SESSION_CONDITIONAL_UNKNOWN_EPOCH,2.0,0.0,0.0,YANK,2026-09-04T16:35:00+00:00
PER_SESSION_CONDITIONAL_UNKNOWN_EPOCH,1.0,-224.11000000000058,59141.0,MIM,2026-09-04T16:36:00+00:00
PER_SESSION_CONDITIONAL_UNKNOWN_EPOCH,2.0,0.0,0.0,YANK,2026-09-04T16:36:00+00:00
PER_SESSION_CONDITIONAL_UNKNOWN_EPOCH,1.0,-239.11000000000058,59126.0,MIM,2026-09-04T16:37:00+00:00
PER_SESSION_CONDITIONAL_UNKNOWN_EPOCH,2.0,0.0,0.0,YANK,2026-09-04T16:37:00+00:00
PER_SESSION_CONDITIONAL_UNKNOWN_EPOCH,1.0,-239.11000000000058,59126.0,MIM,2026-09-04T16:38:00+00:00
PER_SESSION_CONDITIONAL_UNKNOWN_EPOCH,2.0,0.0,0.0,YANK,2026-09-04T16:38:00+00:00
PER_SESSION_CONDITIONAL_UNKNOWN_EPOCH,1.0,-246.61000000000058,59118.5,MIM,2026-09-04T16:39:00+00:00
PER_SESSION_CONDITIONAL_UNKNOWN_EPOCH,2.0,0.0,0.0,YANK,2026-09-04T16:39:00+00:00
PER_SESSION_CONDITIONAL_UNKNOWN_EPOCH,1.0,-241.11000000000058,59124.0,MIM,2026-09-04T16:40:00+00:00
PER_SESSION_CONDITIONAL_UNKNOWN_EPOCH,2.0,0.0,0.0,YANK,2026-09-04T16:40:00+00:00
PER_SESSION_CONDITIONAL_UNKNOWN_EPOCH,1.0,-235.61000000000058,59129.5,MIM,2026-09-04T16:41:00+00:00
PER_SESSION_CONDITIONAL_UNKNOWN_EPOCH,2.0,0.0,0.0,YANK,2026-09-04T16:41:00+00:00
PER_SESSION_CONDITIONAL_UNKNOWN_EPOCH,1.0,-239.61000000000058,59125.5,MIM,2026-09-04T16:42:00+00:00
PER_SESSION_CONDITIONAL_UNKNOWN_EPOCH,2.0,0.0,0.0,YANK,2026-09-04T16:42:00+00:00
PER_SESSION_CONDITIONAL_UNKNOWN_EPOCH,1.0,-239.61000000000058,59125.5,MIM,2026-09-04T16:43:00+00:00
PER_SESSION_CONDITIONAL_UNKNOWN_EPOCH,2.0,0.0,0.0,YANK,2026-09-04T16:43:00+00:00
PER_SESSION_CONDITIONAL_UNKNOWN_EPOCH,1.0,-239.11000000000058,59126.0,MIM,2026-09-04T16:44:00+00:00
PER_SESSION_CONDITIONAL_UNKNOWN_EPOCH,2.0,0.0,0.0,YANK,2026-09-04T16:44:00+00:00
PER_SESSION_CONDITIONAL_UNKNOWN_EPOCH,1.0,-229.11000000000058,59136.0,MIM,2026-09-04T16:45:00+00:00
PER_SESSION_CONDITIONAL_UNKNOWN_EPOCH,2.0,0.0,0.0,YANK,2026-09-04T16:45:00+00:00
PER_SESSION_CONDITIONAL_UNKNOWN_EPOCH,1.0,-230.61000000000058,59134.5,MIM,2026-09-04T16:46:00+00:00
PER_SESSION_CONDITIONAL_UNKNOWN_EPOCH,2.0,0.0,0.0,YANK,2026-09-04T16:46:00+00:00
PER_SESSION_CONDITIONAL_UNKNOWN_EPOCH,1.0,-226.61000000000058,59138.5,MIM,2026-09-04T16:47:00+00:00
PER_SESSION_CONDITIONAL_UNKNOWN_EPOCH,2.0,0.0,0.0,YANK,2026-09-04T16:47:00+00:00
PER_SESSION_CONDITIONAL_UNKNOWN_EPOCH,1.0,-206.11000000000058,59159.0,MIM,2026-09-04T16:48:00+00:00
PER_SESSION_CONDITIONAL_UNKNOWN_EPOCH,2.0,0.0,0.0,YANK,2026-09-04T16:48:00+00:00
PER_SESSION_CONDITIONAL_UNKNOWN_EPOCH,1.0,-207.61000000000058,59157.5,MIM,2026-09-04T16:49:00+00:00
PER_SESSION_CONDITIONAL_UNKNOWN_EPOCH,2.0,0.0,0.0,YANK,2026-09-04T16:49:00+00:00
PER_SESSION_CONDITIONAL_UNKNOWN_EPOCH,1.0,-190.11000000000058,59175.0,MIM,2026-09-04T16:50:00+00:00
PER_SESSION_CONDITIONAL_UNKNOWN_EPOCH,2.0,0.0,0.0,YANK,2026-09-04T16:50:00+00:00
PER_SESSION_CONDITIONAL_UNKNOWN_EPOCH,1.0,-175.11000000000058,59190.0,MIM,2026-09-04T16:51:00+00:00
PER_SESSION_CONDITIONAL_UNKNOWN_EPOCH,2.0,0.0,0.0,YANK,2026-09-04T16:51:00+00:00
PER_SESSION_CONDITIONAL_UNKNOWN_EPOCH,1.0,-182.61000000000058,59182.5,MIM,2026-09-04T16:52:00+00:00
PER_SESSION_CONDITIONAL_UNKNOWN_EPOCH,2.0,0.0,0.0,YANK,2026-09-04T16:52:00+00:00
PER_SESSION_CONDITIONAL_UNKNOWN_EPOCH,1.0,-182.11000000000058,59183.0,MIM,2026-09-04T16:53:00+00:00
PER_SESSION_CONDITIONAL_UNKNOWN_EPOCH,2.0,0.0,0.0,YANK,2026-09-04T16:53:00+00:00
PER_SESSION_CONDITIONAL_UNKNOWN_EPOCH,1.0,-193.61000000000058,59171.5,MIM,2026-09-04T16:54:00+00:00
PER_SESSION_CONDITIONAL_UNKNOWN_EPOCH,2.0,0.0,0.0,YANK,2026-09-04T16:54:00+00:00
PER_SESSION_CONDITIONAL_UNKNOWN_EPOCH,1.0,-194.61000000000058,59170.5,MIM,2026-09-04T16:55:00+00:00
PER_SESSION_CONDITIONAL_UNKNOWN_EPOCH,2.0,0.0,0.0,YANK,2026-09-04T16:55:00+00:00
PER_SESSION_CONDITIONAL_UNKNOWN_EPOCH,1.0,-192.11000000000058,59173.0,MIM,2026-09-04T16:56:00+00:00
PER_SESSION_CONDITIONAL_UNKNOWN_EPOCH,2.0,0.0,0.0,YANK,2026-09-04T16:56:00+00:00
PER_SESSION_CONDITIONAL_UNKNOWN_EPOCH,1.0,-205.11000000000058,59160.0,MIM,2026-09-04T16:57:00+00:00
PER_SESSION_CONDITIONAL_UNKNOWN_EPOCH,2.0,0.0,0.0,YANK,2026-09-04T16:57:00+00:00
PER_SESSION_CONDITIONAL_UNKNOWN_EPOCH,1.0,-198.11000000000058,59167.0,MIM,2026-09-04T16:58:00+00:00
PER_SESSION_CONDITIONAL_UNKNOWN_EPOCH,2.0,0.0,0.0,YANK,2026-09-04T16:58:00+00:00
PER_SESSION_CONDITIONAL_UNKNOWN_EPOCH,1.0,-193.61000000000058,59171.5,MIM,2026-09-04T16:59:00+00:00
PER_SESSION_CONDITIONAL_UNKNOWN_EPOCH,2.0,0.0,0.0,YANK,2026-09-04T16:59:00+00:00
PER_SESSION_CONDITIONAL_UNKNOWN_EPOCH,1.0,-213.61000000000058,59151.5,MIM,2026-09-04T17:00:00+00:00
PER_SESSION_CONDITIONAL_UNKNOWN_EPOCH,2.0,0.0,0.0,YANK,2026-09-04T17:00:00+00:00
PER_SESSION_CONDITIONAL_UNKNOWN_EPOCH,1.0,-225.61000000000058,59139.5,MIM,2026-09-04T17:01:00+00:00
PER_SESSION_CONDITIONAL_UNKNOWN_EPOCH,2.0,0.0,0.0,YANK,2026-09-04T17:01:00+00:00
PER_SESSION_CONDITIONAL_UNKNOWN_EPOCH,1.0,-228.61000000000058,59136.5,MIM,2026-09-04T17:02:00+00:00
PER_SESSION_CONDITIONAL_UNKNOWN_EPOCH,2.0,0.0,0.0,YANK,2026-09-04T17:02:00+00:00
PER_SESSION_CONDITIONAL_UNKNOWN_EPOCH,1.0,-251.61000000000058,59113.5,MIM,2026-09-04T17:03:00+00:00
PER_SESSION_CONDITIONAL_UNKNOWN_EPOCH,2.0,0.0,0.0,YANK,2026-09-04T17:03:00+00:00
PER_SESSION_CONDITIONAL_UNKNOWN_EPOCH,1.0,-263.6100000000006,59101.5,MIM,2026-09-04T17:04:00+00:00
PER_SESSION_CONDITIONAL_UNKNOWN_EPOCH,2.0,0.0,0.0,YANK,2026-09-04T17:04:00+00:00
PER_SESSION_CONDITIONAL_UNKNOWN_EPOCH,1.0,-263.6100000000006,59101.5,MIM,2026-09-04T17:05:00+00:00
PER_SESSION_CONDITIONAL_UNKNOWN_EPOCH,2.0,0.0,0.0,YANK,2026-09-04T17:05:00+00:00
PER_SESSION_CONDITIONAL_UNKNOWN_EPOCH,1.0,-251.11000000000058,59114.0,MIM,2026-09-04T17:06:00+00:00
PER_SESSION_CONDITIONAL_UNKNOWN_EPOCH,2.0,0.0,0.0,YANK,2026-09-04T17:06:00+00:00
PER_SESSION_CONDITIONAL_UNKNOWN_EPOCH,1.0,-262.1100000000006,59103.0,MIM,2026-09-04T17:07:00+00:00
PER_SESSION_CONDITIONAL_UNKNOWN_EPOCH,2.0,0.0,0.0,YANK,2026-09-04T17:07:00+00:00
PER_SESSION_CONDITIONAL_UNKNOWN_EPOCH,1.0,-261.1100000000006,59104.0,MIM,2026-09-04T17:08:00+00:00
PER_SESSION_CONDITIONAL_UNKNOWN_EPOCH,2.0,0.0,0.0,YANK,2026-09-04T17:08:00+00:00
PER_SESSION_CONDITIONAL_UNKNOWN_EPOCH,1.0,-281.1100000000006,59084.0,MIM,2026-09-04T17:09:00+00:00
PER_SESSION_CONDITIONAL_UNKNOWN_EPOCH,2.0,0.0,0.0,YANK,2026-09-04T17:09:00+00:00
PER_SESSION_CONDITIONAL_UNKNOWN_EPOCH,1.0,-286.1100000000006,59079.0,MIM,2026-09-04T17:10:00+00:00
PER_SESSION_CONDITIONAL_UNKNOWN_EPOCH,2.0,0.0,0.0,YANK,2026-09-04T17:10:00+00:00
PER_SESSION_CONDITIONAL_UNKNOWN_EPOCH,1.0,-285.6100000000006,59079.5,MIM,2026-09-04T17:11:00+00:00
PER_SESSION_CONDITIONAL_UNKNOWN_EPOCH,2.0,0.0,0.0,YANK,2026-09-04T17:11:00+00:00
PER_SESSION_CONDITIONAL_UNKNOWN_EPOCH,1.0,-299.6100000000006,59065.5,MIM,2026-09-04T17:12:00+00:00
PER_SESSION_CONDITIONAL_UNKNOWN_EPOCH,2.0,0.0,0.0,YANK,2026-09-04T17:12:00+00:00
PER_SESSION_CONDITIONAL_UNKNOWN_EPOCH,1.0,-286.1100000000006,59079.0,MIM,2026-09-04T17:13:00+00:00
PER_SESSION_CONDITIONAL_UNKNOWN_EPOCH,2.0,0.0,0.0,YANK,2026-09-04T17:13:00+00:00
PER_SESSION_CONDITIONAL_UNKNOWN_EPOCH,1.0,-289.6100000000006,59075.5,MIM,2026-09-04T17:14:00+00:00
PER_SESSION_CONDITIONAL_UNKNOWN_EPOCH,2.0,0.0,0.0,YANK,2026-09-04T17:14:00+00:00
PER_SESSION_CONDITIONAL_UNKNOWN_EPOCH,1.0,-294.6100000000006,59070.5,MIM,2026-09-04T17:15:00+00:00
PER_SESSION_CONDITIONAL_UNKNOWN_EPOCH,2.0,0.0,0.0,YANK,2026-09-04T17:15:00+00:00
PER_SESSION_CONDITIONAL_UNKNOWN_EPOCH,1.0,-296.6100000000006,59068.5,MIM,2026-09-04T17:16:00+00:00
PER_SESSION_CONDITIONAL_UNKNOWN_EPOCH,2.0,0.0,0.0,YANK,2026-09-04T17:16:00+00:00
PER_SESSION_CONDITIONAL_UNKNOWN_EPOCH,1.0,-293.1100000000006,59072.0,MIM,2026-09-04T17:17:00+00:00
PER_SESSION_CONDITIONAL_UNKNOWN_EPOCH,2.0,0.0,0.0,YANK,2026-09-04T17:17:00+00:00
PER_SESSION_CONDITIONAL_UNKNOWN_EPOCH,1.0,-283.6100000000006,59081.5,MIM,2026-09-04T17:18:00+00:00
PER_SESSION_CONDITIONAL_UNKNOWN_EPOCH,2.0,0.0,0.0,YANK,2026-09-04T17:18:00+00:00
PER_SESSION_CONDITIONAL_UNKNOWN_EPOCH,1.0,-290.1100000000006,59075.0,MIM,2026-09-04T17:19:00+00:00
PER_SESSION_CONDITIONAL_UNKNOWN_EPOCH,2.0,0.0,0.0,YANK,2026-09-04T17:19:00+00:00
PER_SESSION_CONDITIONAL_UNKNOWN_EPOCH,1.0,-302.6100000000006,59062.5,MIM,2026-09-04T17:20:00+00:00
PER_SESSION_CONDITIONAL_UNKNOWN_EPOCH,2.0,0.0,0.0,YANK,2026-09-04T17:20:00+00:00
PER_SESSION_CONDITIONAL_UNKNOWN_EPOCH,1.0,-297.6100000000006,59067.5,MIM,2026-09-04T17:21:00+00:00
PER_SESSION_CONDITIONAL_UNKNOWN_EPOCH,2.0,0.0,0.0,YANK,2026-09-04T17:21:00+00:00
PER_SESSION_CONDITIONAL_UNKNOWN_EPOCH,1.0,-321.1100000000006,59044.0,MIM,2026-09-04T17:22:00+00:00
PER_SESSION_CONDITIONAL_UNKNOWN_EPOCH,2.0,0.0,0.0,YANK,2026-09-04T17:22:00+00:00
PER_SESSION_CONDITIONAL_UNKNOWN_EPOCH,1.0,-312.6100000000006,59052.5,MIM,2026-09-04T17:23:00+00:00
PER_SESSION_CONDITIONAL_UNKNOWN_EPOCH,2.0,0.0,0.0,YANK,2026-09-04T17:23:00+00:00
PER_SESSION_CONDITIONAL_UNKNOWN_EPOCH,1.0,-316.1100000000006,59049.0,MIM,2026-09-04T17:24:00+00:00
PER_SESSION_CONDITIONAL_UNKNOWN_EPOCH,2.0,0.0,0.0,YANK,2026-09-04T17:24:00+00:00
PER_SESSION_CONDITIONAL_UNKNOWN_EPOCH,1.0,-328.1100000000006,59037.0,MIM,2026-09-04T17:25:00+00:00
PER_SESSION_CONDITIONAL_UNKNOWN_EPOCH,2.0,0.0,0.0,YANK,2026-09-04T17:25:00+00:00
PER_SESSION_CONDITIONAL_UNKNOWN_EPOCH,1.0,-320.1100000000006,59045.0,MIM,2026-09-04T17:26:00+00:00
PER_SESSION_CONDITIONAL_UNKNOWN_EPOCH,2.0,0.0,0.0,YANK,2026-09-04T17:26:00+00:00
PER_SESSION_CONDITIONAL_UNKNOWN_EPOCH,1.0,-327.1100000000006,59038.0,MIM,2026-09-04T17:27:00+00:00
PER_SESSION_CONDITIONAL_UNKNOWN_EPOCH,2.0,0.0,0.0,YANK,2026-09-04T17:27:00+00:00
PER_SESSION_CONDITIONAL_UNKNOWN_EPOCH,1.0,-325.6100000000006,59039.5,MIM,2026-09-04T17:28:00+00:00
PER_SESSION_CONDITIONAL_UNKNOWN_EPOCH,2.0,0.0,0.0,YANK,2026-09-04T17:28:00+00:00
PER_SESSION_CONDITIONAL_UNKNOWN_EPOCH,1.0,-341.6100000000006,59023.5,MIM,2026-09-04T17:29:00+00:00
PER_SESSION_CONDITIONAL_UNKNOWN_EPOCH,2.0,0.0,0.0,YANK,2026-09-04T17:29:00+00:00
PER_SESSION_CONDITIONAL_UNKNOWN_EPOCH,1.0,-349.1100000000006,59016.0,MIM,2026-09-04T17:30:00+00:00
PER_SESSION_CONDITIONAL_UNKNOWN_EPOCH,2.0,0.0,0.0,YANK,2026-09-04T17:30:00+00:00
PER_SESSION_CONDITIONAL_UNKNOWN_EPOCH,1.0,-367.6100000000006,58997.5,MIM,2026-09-04T17:31:00+00:00
PER_SESSION_CONDITIONAL_UNKNOWN_EPOCH,2.0,0.0,0.0,YANK,2026-09-04T17:31:00+00:00
PER_SESSION_CONDITIONAL_UNKNOWN_EPOCH,1.0,-361.6100000000006,59003.5,MIM,2026-09-04T17:32:00+00:00
PER_SESSION_CONDITIONAL_UNKNOWN_EPOCH,2.0,0.0,0.0,YANK,2026-09-04T17:32:00+00:00
PER_SESSION_CONDITIONAL_UNKNOWN_EPOCH,1.0,-370.6100000000006,58994.5,MIM,2026-09-04T17:33:00+00:00
PER_SESSION_CONDITIONAL_UNKNOWN_EPOCH,2.0,0.0,0.0,YANK,2026-09-04T17:33:00+00:00
PER_SESSION_CONDITIONAL_UNKNOWN_EPOCH,1.0,-386.1100000000006,58979.0,MIM,2026-09-04T17:34:00+00:00
PER_SESSION_CONDITIONAL_UNKNOWN_EPOCH,2.0,0.0,0.0,YANK,2026-09-04T17:34:00+00:00
PER_SESSION_CONDITIONAL_UNKNOWN_EPOCH,1.0,-378.6100000000006,58986.5,MIM,2026-09-04T17:35:00+00:00
PER_SESSION_CONDITIONAL_UNKNOWN_EPOCH,2.0,0.0,0.0,YANK,2026-09-04T17:35:00+00:00
PER_SESSION_CONDITIONAL_UNKNOWN_EPOCH,1.0,-372.1100000000006,58993.0,MIM,2026-09-04T17:36:00+00:00
PER_SESSION_CONDITIONAL_UNKNOWN_EPOCH,2.0,0.0,0.0,YANK,2026-09-04T17:36:00+00:00
PER_SESSION_CONDITIONAL_UNKNOWN_EPOCH,1.0,-372.1100000000006,58993.0,MIM,2026-09-04T17:37:00+00:00
PER_SESSION_CONDITIONAL_UNKNOWN_EPOCH,2.0,0.0,0.0,YANK,2026-09-04T17:37:00+00:00
PER_SESSION_CONDITIONAL_UNKNOWN_EPOCH,1.0,-380.1100000000006,58985.0,MIM,2026-09-04T17:38:00+00:00
PER_SESSION_CONDITIONAL_UNKNOWN_EPOCH,2.0,0.0,0.0,YANK,2026-09-04T17:38:00+00:00
PER_SESSION_CONDITIONAL_UNKNOWN_EPOCH,1.0,-376.1100000000006,58989.0,MIM,2026-09-04T17:39:00+00:00
PER_SESSION_CONDITIONAL_UNKNOWN_EPOCH,2.0,0.0,0.0,YANK,2026-09-04T17:39:00+00:00
PER_SESSION_CONDITIONAL_UNKNOWN_EPOCH,1.0,-374.6100000000006,58990.5,MIM,2026-09-04T17:40:00+00:00
PER_SESSION_CONDITIONAL_UNKNOWN_EPOCH,2.0,0.0,0.0,YANK,2026-09-04T17:40:00+00:00
PER_SESSION_CONDITIONAL_UNKNOWN_EPOCH,1.0,-379.1100000000006,58986.0,MIM,2026-09-04T17:41:00+00:00
PER_SESSION_CONDITIONAL_UNKNOWN_EPOCH,2.0,0.0,0.0,YANK,2026-09-04T17:41:00+00:00
PER_SESSION_CONDITIONAL_UNKNOWN_EPOCH,1.0,-402.1100000000006,58963.0,MIM,2026-09-04T17:42:00+00:00
PER_SESSION_CONDITIONAL_UNKNOWN_EPOCH,2.0,0.0,0.0,YANK,2026-09-04T17:42:00+00:00
PER_SESSION_CONDITIONAL_UNKNOWN_EPOCH,1.0,-414.6100000000006,58950.5,MIM,2026-09-04T17:43:00+00:00
PER_SESSION_CONDITIONAL_UNKNOWN_EPOCH,2.0,0.0,0.0,YANK,2026-09-04T17:43:00+00:00
PER_SESSION_CONDITIONAL_UNKNOWN_EPOCH,1.0,-393.6100000000006,58971.5,MIM,2026-09-04T17:44:00+00:00
PER_SESSION_CONDITIONAL_UNKNOWN_EPOCH,2.0,0.0,0.0,YANK,2026-09-04T17:44:00+00:00
PER_SESSION_CONDITIONAL_UNKNOWN_EPOCH,1.0,-408.1100000000006,58957.0,MIM,2026-09-04T17:45:00+00:00
PER_SESSION_CONDITIONAL_UNKNOWN_EPOCH,2.0,0.0,0.0,YANK,2026-09-04T17:45:00+00:00
PER_SESSION_CONDITIONAL_UNKNOWN_EPOCH,1.0,-418.6100000000006,58946.5,MIM,2026-09-04T17:46:00+00:00
PER_SESSION_CONDITIONAL_UNKNOWN_EPOCH,2.0,0.0,0.0,YANK,2026-09-04T17:46:00+00:00
PER_SESSION_CONDITIONAL_UNKNOWN_EPOCH,1.0,-403.1100000000006,58962.0,MIM,2026-09-04T17:47:00+00:00
PER_SESSION_CONDITIONAL_UNKNOWN_EPOCH,2.0,0.0,0.0,YANK,2026-09-04T17:47:00+00:00
PER_SESSION_CONDITIONAL_UNKNOWN_EPOCH,1.0,-395.6100000000006,58969.5,MIM,2026-09-04T17:48:00+00:00
PER_SESSION_CONDITIONAL_UNKNOWN_EPOCH,2.0,0.0,0.0,YANK,2026-09-04T17:48:00+00:00
PER_SESSION_CONDITIONAL_UNKNOWN_EPOCH,1.0,-392.6100000000006,58972.5,MIM,2026-09-04T17:49:00+00:00
PER_SESSION_CONDITIONAL_UNKNOWN_EPOCH,2.0,0.0,0.0,YANK,2026-09-04T17:49:00+00:00
PER_SESSION_CONDITIONAL_UNKNOWN_EPOCH,1.0,-396.6100000000006,58968.5,MIM,2026-09-04T17:50:00+00:00
PER_SESSION_CONDITIONAL_UNKNOWN_EPOCH,2.0,0.0,0.0,YANK,2026-09-04T17:50:00+00:00
PER_SESSION_CONDITIONAL_UNKNOWN_EPOCH,1.0,-394.6100000000006,58970.5,MIM,2026-09-04T17:51:00+00:00
PER_SESSION_CONDITIONAL_UNKNOWN_EPOCH,2.0,0.0,0.0,YANK,2026-09-04T17:51:00+00:00
PER_SESSION_CONDITIONAL_UNKNOWN_EPOCH,1.0,-391.1100000000006,58974.0,MIM,2026-09-04T17:52:00+00:00
PER_SESSION_CONDITIONAL_UNKNOWN_EPOCH,2.0,0.0,0.0,YANK,2026-09-04T17:52:00+00:00
PER_SESSION_CONDITIONAL_UNKNOWN_EPOCH,1.0,-378.6100000000006,58986.5,MIM,2026-09-04T17:53:00+00:00
PER_SESSION_CONDITIONAL_UNKNOWN_EPOCH,2.0,0.0,0.0,YANK,2026-09-04T17:53:00+00:00
PER_SESSION_CONDITIONAL_UNKNOWN_EPOCH,1.0,-390.1100000000006,58975.0,MIM,2026-09-04T17:54:00+00:00
PER_SESSION_CONDITIONAL_UNKNOWN_EPOCH,2.0,0.0,0.0,YANK,2026-09-04T17:54:00+00:00
PER_SESSION_CONDITIONAL_UNKNOWN_EPOCH,1.0,-393.1100000000006,58972.0,MIM,2026-09-04T17:55:00+00:00
PER_SESSION_CONDITIONAL_UNKNOWN_EPOCH,2.0,0.0,0.0,YANK,2026-09-04T17:55:00+00:00
PER_SESSION_CONDITIONAL_UNKNOWN_EPOCH,1.0,-395.6100000000006,58969.5,MIM,2026-09-04T17:56:00+00:00
PER_SESSION_CONDITIONAL_UNKNOWN_EPOCH,2.0,0.0,0.0,YANK,2026-09-04T17:56:00+00:00
PER_SESSION_CONDITIONAL_UNKNOWN_EPOCH,1.0,-397.6100000000006,58967.5,MIM,2026-09-04T17:57:00+00:00
PER_SESSION_CONDITIONAL_UNKNOWN_EPOCH,2.0,0.0,0.0,YANK,2026-09-04T17:57:00+00:00
PER_SESSION_CONDITIONAL_UNKNOWN_EPOCH,1.0,-394.6100000000006,58970.5,MIM,2026-09-04T17:58:00+00:00
PER_SESSION_CONDITIONAL_UNKNOWN_EPOCH,2.0,0.0,0.0,YANK,2026-09-04T17:58:00+00:00
PER_SESSION_CONDITIONAL_UNKNOWN_EPOCH,1.0,-375.1100000000006,58990.0,MIM,2026-09-04T17:59:00+00:00
PER_SESSION_CONDITIONAL_UNKNOWN_EPOCH,2.0,0.0,0.0,YANK,2026-09-04T17:59:00+00:00
PER_SESSION_CONDITIONAL_UNKNOWN_EPOCH,1.0,-382.1100000000006,58983.0,MIM,2026-09-04T18:00:00+00:00
PER_SESSION_CONDITIONAL_UNKNOWN_EPOCH,2.0,0.0,0.0,YANK,2026-09-04T18:00:00+00:00
PER_SESSION_CONDITIONAL_UNKNOWN_EPOCH,1.0,-375.1100000000006,58990.0,MIM,2026-09-04T18:01:00+00:00
PER_SESSION_CONDITIONAL_UNKNOWN_EPOCH,2.0,0.0,0.0,YANK,2026-09-04T18:01:00+00:00
PER_SESSION_CONDITIONAL_UNKNOWN_EPOCH,1.0,-407.1100000000006,58958.0,MIM,2026-09-04T18:02:00+00:00
PER_SESSION_CONDITIONAL_UNKNOWN_EPOCH,2.0,0.0,0.0,YANK,2026-09-04T18:02:00+00:00
PER_SESSION_CONDITIONAL_UNKNOWN_EPOCH,1.0,-407.6100000000006,58957.5,MIM,2026-09-04T18:03:00+00:00
PER_SESSION_CONDITIONAL_UNKNOWN_EPOCH,2.0,0.0,0.0,YANK,2026-09-04T18:03:00+00:00
PER_SESSION_CONDITIONAL_UNKNOWN_EPOCH,1.0,-412.1100000000006,58953.0,MIM,2026-09-04T18:04:00+00:00
PER_SESSION_CONDITIONAL_UNKNOWN_EPOCH,2.0,0.0,0.0,YANK,2026-09-04T18:04:00+00:00
PER_SESSION_CONDITIONAL_UNKNOWN_EPOCH,1.0,-412.6100000000006,58952.5,MIM,2026-09-04T18:05:00+00:00
PER_SESSION_CONDITIONAL_UNKNOWN_EPOCH,2.0,0.0,0.0,YANK,2026-09-04T18:05:00+00:00
PER_SESSION_CONDITIONAL_UNKNOWN_EPOCH,1.0,-406.1100000000006,58959.0,MIM,2026-09-04T18:06:00+00:00
PER_SESSION_CONDITIONAL_UNKNOWN_EPOCH,2.0,0.0,0.0,YANK,2026-09-04T18:06:00+00:00
PER_SESSION_CONDITIONAL_UNKNOWN_EPOCH,1.0,-411.1100000000006,58954.0,MIM,2026-09-04T18:07:00+00:00
PER_SESSION_CONDITIONAL_UNKNOWN_EPOCH,2.0,0.0,0.0,YANK,2026-09-04T18:07:00+00:00
PER_SESSION_CONDITIONAL_UNKNOWN_EPOCH,1.0,-409.1100000000006,58956.0,MIM,2026-09-04T18:08:00+00:00
PER_SESSION_CONDITIONAL_UNKNOWN_EPOCH,2.0,0.0,0.0,YANK,2026-09-04T18:08:00+00:00
PER_SESSION_CONDITIONAL_UNKNOWN_EPOCH,1.0,-398.1100000000006,58967.0,MIM,2026-09-04T18:09:00+00:00
PER_SESSION_CONDITIONAL_UNKNOWN_EPOCH,2.0,0.0,0.0,YANK,2026-09-04T18:09:00+00:00
PER_SESSION_CONDITIONAL_UNKNOWN_EPOCH,1.0,-386.6100000000006,58978.5,MIM,2026-09-04T18:10:00+00:00
PER_SESSION_CONDITIONAL_UNKNOWN_EPOCH,2.0,0.0,0.0,YANK,2026-09-04T18:10:00+00:00
PER_SESSION_CONDITIONAL_UNKNOWN_EPOCH,1.0,-380.1100000000006,58985.0,MIM,2026-09-04T18:11:00+00:00
PER_SESSION_CONDITIONAL_UNKNOWN_EPOCH,2.0,0.0,0.0,YANK,2026-09-04T18:11:00+00:00
PER_SESSION_CONDITIONAL_UNKNOWN_EPOCH,1.0,-385.6100000000006,58979.5,MIM,2026-09-04T18:12:00+00:00
PER_SESSION_CONDITIONAL_UNKNOWN_EPOCH,2.0,0.0,0.0,YANK,2026-09-04T18:12:00+00:00
PER_SESSION_CONDITIONAL_UNKNOWN_EPOCH,1.0,-381.6100000000006,58983.5,MIM,2026-09-04T18:13:00+00:00
PER_SESSION_CONDITIONAL_UNKNOWN_EPOCH,2.0,0.0,0.0,YANK,2026-09-04T18:13:00+00:00
PER_SESSION_CONDITIONAL_UNKNOWN_EPOCH,1.0,-382.1100000000006,58983.0,MIM,2026-09-04T18:14:00+00:00
PER_SESSION_CONDITIONAL_UNKNOWN_EPOCH,2.0,0.0,0.0,YANK,2026-09-04T18:14:00+00:00
PER_SESSION_CONDITIONAL_UNKNOWN_EPOCH,1.0,-388.1100000000006,58977.0,MIM,2026-09-04T18:15:00+00:00
PER_SESSION_CONDITIONAL_UNKNOWN_EPOCH,2.0,0.0,0.0,YANK,2026-09-04T18:15:00+00:00
PER_SESSION_CONDITIONAL_UNKNOWN_EPOCH,1.0,-389.6100000000006,58975.5,MIM,2026-09-04T18:16:00+00:00
PER_SESSION_CONDITIONAL_UNKNOWN_EPOCH,2.0,0.0,0.0,YANK,2026-09-04T18:16:00+00:00
PER_SESSION_CONDITIONAL_UNKNOWN_EPOCH,1.0,-386.6100000000006,58978.5,MIM,2026-09-04T18:17:00+00:00
PER_SESSION_CONDITIONAL_UNKNOWN_EPOCH,2.0,0.0,0.0,YANK,2026-09-04T18:17:00+00:00
PER_SESSION_CONDITIONAL_UNKNOWN_EPOCH,1.0,-380.1100000000006,58985.0,MIM,2026-09-04T18:18:00+00:00
PER_SESSION_CONDITIONAL_UNKNOWN_EPOCH,2.0,0.0,0.0,YANK,2026-09-04T18:18:00+00:00
PER_SESSION_CONDITIONAL_UNKNOWN_EPOCH,1.0,-362.1100000000006,59003.0,MIM,2026-09-04T18:19:00+00:00
PER_SESSION_CONDITIONAL_UNKNOWN_EPOCH,2.0,0.0,0.0,YANK,2026-09-04T18:19:00+00:00
PER_SESSION_CONDITIONAL_UNKNOWN_EPOCH,1.0,-355.1100000000006,59010.0,MIM,2026-09-04T18:20:00+00:00
PER_SESSION_CONDITIONAL_UNKNOWN_EPOCH,2.0,0.0,0.0,YANK,2026-09-04T18:20:00+00:00
PER_SESSION_CONDITIONAL_UNKNOWN_EPOCH,1.0,-345.6100000000006,59019.5,MIM,2026-09-04T18:21:00+00:00
PER_SESSION_CONDITIONAL_UNKNOWN_EPOCH,2.0,0.0,0.0,YANK,2026-09-04T18:21:00+00:00
PER_SESSION_CONDITIONAL_UNKNOWN_EPOCH,1.0,-339.6100000000006,59025.5,MIM,2026-09-04T18:22:00+00:00
PER_SESSION_CONDITIONAL_UNKNOWN_EPOCH,2.0,0.0,0.0,YANK,2026-09-04T18:22:00+00:00
PER_SESSION_CONDITIONAL_UNKNOWN_EPOCH,1.0,-343.1100000000006,59022.0,MIM,2026-09-04T18:23:00+00:00
PER_SESSION_CONDITIONAL_UNKNOWN_EPOCH,2.0,0.0,0.0,YANK,2026-09-04T18:23:00+00:00
PER_SESSION_CONDITIONAL_UNKNOWN_EPOCH,1.0,-345.1100000000006,59020.0,MIM,2026-09-04T18:24:00+00:00
PER_SESSION_CONDITIONAL_UNKNOWN_EPOCH,2.0,0.0,0.0,YANK,2026-09-04T18:24:00+00:00
PER_SESSION_CONDITIONAL_UNKNOWN_EPOCH,1.0,-352.6100000000006,59012.5,MIM,2026-09-04T18:25:00+00:00
PER_SESSION_CONDITIONAL_UNKNOWN_EPOCH,2.0,0.0,0.0,YANK,2026-09-04T18:25:00+00:00
PER_SESSION_CONDITIONAL_UNKNOWN_EPOCH,1.0,-346.6100000000006,59018.5,MIM,2026-09-04T18:26:00+00:00
PER_SESSION_CONDITIONAL_UNKNOWN_EPOCH,2.0,0.0,0.0,YANK,2026-09-04T18:26:00+00:00
PER_SESSION_CONDITIONAL_UNKNOWN_EPOCH,1.0,-352.1100000000006,59013.0,MIM,2026-09-04T18:27:00+00:00
PER_SESSION_CONDITIONAL_UNKNOWN_EPOCH,2.0,0.0,0.0,YANK,2026-09-04T18:27:00+00:00
PER_SESSION_CONDITIONAL_UNKNOWN_EPOCH,1.0,-344.1100000000006,59021.0,MIM,2026-09-04T18:28:00+00:00
PER_SESSION_CONDITIONAL_UNKNOWN_EPOCH,2.0,0.0,0.0,YANK,2026-09-04T18:28:00+00:00
PER_SESSION_CONDITIONAL_UNKNOWN_EPOCH,1.0,-356.1100000000006,59009.0,MIM,2026-09-04T18:29:00+00:00
PER_SESSION_CONDITIONAL_UNKNOWN_EPOCH,2.0,0.0,0.0,YANK,2026-09-04T18:29:00+00:00
PER_SESSION_CONDITIONAL_UNKNOWN_EPOCH,1.0,-343.6100000000006,59021.5,MIM,2026-09-04T18:30:00+00:00
PER_SESSION_CONDITIONAL_UNKNOWN_EPOCH,2.0,0.0,0.0,YANK,2026-09-04T18:30:00+00:00
PER_SESSION_CONDITIONAL_UNKNOWN_EPOCH,1.0,-335.6100000000006,59029.5,MIM,2026-09-04T18:31:00+00:00
PER_SESSION_CONDITIONAL_UNKNOWN_EPOCH,2.0,0.0,0.0,YANK,2026-09-04T18:31:00+00:00
PER_SESSION_CONDITIONAL_UNKNOWN_EPOCH,1.0,-336.1100000000006,59029.0,MIM,2026-09-04T18:32:00+00:00
PER_SESSION_CONDITIONAL_UNKNOWN_EPOCH,2.0,0.0,0.0,YANK,2026-09-04T18:32:00+00:00
PER_SESSION_CONDITIONAL_UNKNOWN_EPOCH,1.0,-335.1100000000006,59030.0,MIM,2026-09-04T18:33:00+00:00
PER_SESSION_CONDITIONAL_UNKNOWN_EPOCH,2.0,0.0,0.0,YANK,2026-09-04T18:33:00+00:00
PER_SESSION_CONDITIONAL_UNKNOWN_EPOCH,1.0,-336.1100000000006,59029.0,MIM,2026-09-04T18:34:00+00:00
PER_SESSION_CONDITIONAL_UNKNOWN_EPOCH,2.0,0.0,0.0,YANK,2026-09-04T18:34:00+00:00
PER_SESSION_CONDITIONAL_UNKNOWN_EPOCH,1.0,-330.1100000000006,59035.0,MIM,2026-09-04T18:35:00+00:00
PER_SESSION_CONDITIONAL_UNKNOWN_EPOCH,2.0,0.0,0.0,YANK,2026-09-04T18:35:00+00:00
PER_SESSION_CONDITIONAL_UNKNOWN_EPOCH,1.0,-340.1100000000006,59025.0,MIM,2026-09-04T18:36:00+00:00
PER_SESSION_CONDITIONAL_UNKNOWN_EPOCH,2.0,0.0,0.0,YANK,2026-09-04T18:36:00+00:00
PER_SESSION_CONDITIONAL_UNKNOWN_EPOCH,1.0,-345.6100000000006,59019.5,MIM,2026-09-04T18:37:00+00:00
PER_SESSION_CONDITIONAL_UNKNOWN_EPOCH,2.0,0.0,0.0,YANK,2026-09-04T18:37:00+00:00
PER_SESSION_CONDITIONAL_UNKNOWN_EPOCH,1.0,-354.1100000000006,59011.0,MIM,2026-09-04T18:38:00+00:00
PER_SESSION_CONDITIONAL_UNKNOWN_EPOCH,2.0,0.0,0.0,YANK,2026-09-04T18:38:00+00:00
PER_SESSION_CONDITIONAL_UNKNOWN_EPOCH,1.0,-342.1100000000006,59023.0,MIM,2026-09-04T18:39:00+00:00
PER_SESSION_CONDITIONAL_UNKNOWN_EPOCH,2.0,0.0,0.0,YANK,2026-09-04T18:39:00+00:00
PER_SESSION_CONDITIONAL_UNKNOWN_EPOCH,1.0,-342.6100000000006,59022.5,MIM,2026-09-04T18:40:00+00:00
PER_SESSION_CONDITIONAL_UNKNOWN_EPOCH,2.0,0.0,0.0,YANK,2026-09-04T18:40:00+00:00
PER_SESSION_CONDITIONAL_UNKNOWN_EPOCH,1.0,-347.6100000000006,59017.5,MIM,2026-09-04T18:41:00+00:00
PER_SESSION_CONDITIONAL_UNKNOWN_EPOCH,2.0,0.0,0.0,YANK,2026-09-04T18:41:00+00:00
PER_SESSION_CONDITIONAL_UNKNOWN_EPOCH,1.0,-348.6100000000006,59016.5,MIM,2026-09-04T18:42:00+00:00
PER_SESSION_CONDITIONAL_UNKNOWN_EPOCH,2.0,0.0,0.0,YANK,2026-09-04T18:42:00+00:00
PER_SESSION_CONDITIONAL_UNKNOWN_EPOCH,1.0,-342.6100000000006,59022.5,MIM,2026-09-04T18:43:00+00:00
PER_SESSION_CONDITIONAL_UNKNOWN_EPOCH,2.0,0.0,0.0,YANK,2026-09-04T18:43:00+00:00
PER_SESSION_CONDITIONAL_UNKNOWN_EPOCH,1.0,-327.1100000000006,59038.0,MIM,2026-09-04T18:44:00+00:00
PER_SESSION_CONDITIONAL_UNKNOWN_EPOCH,2.0,0.0,0.0,YANK,2026-09-04T18:44:00+00:00
PER_SESSION_CONDITIONAL_UNKNOWN_EPOCH,1.0,-322.6100000000006,59042.5,MIM,2026-09-04T18:45:00+00:00
PER_SESSION_CONDITIONAL_UNKNOWN_EPOCH,2.0,0.0,0.0,YANK,2026-09-04T18:45:00+00:00
PER_SESSION_CONDITIONAL_UNKNOWN_EPOCH,1.0,-317.6100000000006,59047.5,MIM,2026-09-04T18:46:00+00:00
PER_SESSION_CONDITIONAL_UNKNOWN_EPOCH,2.0,0.0,0.0,YANK,2026-09-04T18:46:00+00:00
PER_SESSION_CONDITIONAL_UNKNOWN_EPOCH,1.0,-319.1100000000006,59046.0,MIM,2026-09-04T18:47:00+00:00
PER_SESSION_CONDITIONAL_UNKNOWN_EPOCH,2.0,0.0,0.0,YANK,2026-09-04T18:47:00+00:00
PER_SESSION_CONDITIONAL_UNKNOWN_EPOCH,1.0,-312.6100000000006,59052.5,MIM,2026-09-04T18:48:00+00:00
PER_SESSION_CONDITIONAL_UNKNOWN_EPOCH,2.0,0.0,0.0,YANK,2026-09-04T18:48:00+00:00
PER_SESSION_CONDITIONAL_UNKNOWN_EPOCH,1.0,-316.1100000000006,59049.0,MIM,2026-09-04T18:49:00+00:00
PER_SESSION_CONDITIONAL_UNKNOWN_EPOCH,2.0,0.0,0.0,YANK,2026-09-04T18:49:00+00:00
PER_SESSION_CONDITIONAL_UNKNOWN_EPOCH,1.0,-310.1100000000006,59055.0,MIM,2026-09-04T18:50:00+00:00
PER_SESSION_CONDITIONAL_UNKNOWN_EPOCH,2.0,0.0,0.0,YANK,2026-09-04T18:50:00+00:00
PER_SESSION_CONDITIONAL_UNKNOWN_EPOCH,1.0,-314.6100000000006,59050.5,MIM,2026-09-04T18:51:00+00:00
PER_SESSION_CONDITIONAL_UNKNOWN_EPOCH,2.0,0.0,0.0,YANK,2026-09-04T18:51:00+00:00
PER_SESSION_CONDITIONAL_UNKNOWN_EPOCH,1.0,-317.6100000000006,59047.5,MIM,2026-09-04T18:52:00+00:00
PER_SESSION_CONDITIONAL_UNKNOWN_EPOCH,2.0,0.0,0.0,YANK,2026-09-04T18:52:00+00:00
PER_SESSION_CONDITIONAL_UNKNOWN_EPOCH,1.0,-306.1100000000006,59059.0,MIM,2026-09-04T18:53:00+00:00
PER_SESSION_CONDITIONAL_UNKNOWN_EPOCH,2.0,0.0,0.0,YANK,2026-09-04T18:53:00+00:00
PER_SESSION_CONDITIONAL_UNKNOWN_EPOCH,1.0,-311.6100000000006,59053.5,MIM,2026-09-04T18:54:00+00:00
PER_SESSION_CONDITIONAL_UNKNOWN_EPOCH,2.0,0.0,0.0,YANK,2026-09-04T18:54:00+00:00
PER_SESSION_CONDITIONAL_UNKNOWN_EPOCH,1.0,-307.6100000000006,59057.5,MIM,2026-09-04T18:55:00+00:00
PER_SESSION_CONDITIONAL_UNKNOWN_EPOCH,2.0,0.0,0.0,YANK,2026-09-04T18:55:00+00:00
PER_SESSION_CONDITIONAL_UNKNOWN_EPOCH,1.0,-302.6100000000006,59062.5,MIM,2026-09-04T18:56:00+00:00
PER_SESSION_CONDITIONAL_UNKNOWN_EPOCH,2.0,0.0,0.0,YANK,2026-09-04T18:56:00+00:00
PER_SESSION_CONDITIONAL_UNKNOWN_EPOCH,1.0,-289.6100000000006,59075.5,MIM,2026-09-04T18:57:00+00:00
PER_SESSION_CONDITIONAL_UNKNOWN_EPOCH,2.0,0.0,0.0,YANK,2026-09-04T18:57:00+00:00
PER_SESSION_CONDITIONAL_UNKNOWN_EPOCH,1.0,-283.6100000000006,59081.5,MIM,2026-09-04T18:58:00+00:00
PER_SESSION_CONDITIONAL_UNKNOWN_EPOCH,2.0,0.0,0.0,YANK,2026-09-04T18:58:00+00:00
PER_SESSION_CONDITIONAL_UNKNOWN_EPOCH,1.0,-290.1100000000006,59075.0,MIM,2026-09-04T18:59:00+00:00
PER_SESSION_CONDITIONAL_UNKNOWN_EPOCH,2.0,0.0,0.0,YANK,2026-09-04T18:59:00+00:00
PER_SESSION_CONDITIONAL_UNKNOWN_EPOCH,1.0,-288.1100000000006,59077.0,MIM,2026-09-04T19:00:00+00:00
PER_SESSION_CONDITIONAL_UNKNOWN_EPOCH,2.0,0.0,0.0,YANK,2026-09-04T19:00:00+00:00
PER_SESSION_CONDITIONAL_UNKNOWN_EPOCH,1.0,-288.6100000000006,59076.5,MIM,2026-09-04T19:01:00+00:00
PER_SESSION_CONDITIONAL_UNKNOWN_EPOCH,2.0,0.0,0.0,YANK,2026-09-04T19:01:00+00:00
PER_SESSION_CONDITIONAL_UNKNOWN_EPOCH,1.0,-289.1100000000006,59076.0,MIM,2026-09-04T19:02:00+00:00
PER_SESSION_CONDITIONAL_UNKNOWN_EPOCH,2.0,0.0,0.0,YANK,2026-09-04T19:02:00+00:00
PER_SESSION_CONDITIONAL_UNKNOWN_EPOCH,1.0,-308.1100000000006,59057.0,MIM,2026-09-04T19:03:00+00:00
PER_SESSION_CONDITIONAL_UNKNOWN_EPOCH,2.0,0.0,0.0,YANK,2026-09-04T19:03:00+00:00
PER_SESSION_CONDITIONAL_UNKNOWN_EPOCH,1.0,-325.6100000000006,59039.5,MIM,2026-09-04T19:04:00+00:00
PER_SESSION_CONDITIONAL_UNKNOWN_EPOCH,2.0,0.0,0.0,YANK,2026-09-04T19:04:00+00:00
PER_SESSION_CONDITIONAL_UNKNOWN_EPOCH,1.0,-340.6100000000006,59024.5,MIM,2026-09-04T19:05:00+00:00
PER_SESSION_CONDITIONAL_UNKNOWN_EPOCH,2.0,0.0,0.0,YANK,2026-09-04T19:05:00+00:00
PER_SESSION_CONDITIONAL_UNKNOWN_EPOCH,1.0,-328.1100000000006,59037.0,MIM,2026-09-04T19:06:00+00:00
PER_SESSION_CONDITIONAL_UNKNOWN_EPOCH,2.0,0.0,0.0,YANK,2026-09-04T19:06:00+00:00
PER_SESSION_CONDITIONAL_UNKNOWN_EPOCH,1.0,-342.6100000000006,59022.5,MIM,2026-09-04T19:07:00+00:00
PER_SESSION_CONDITIONAL_UNKNOWN_EPOCH,2.0,0.0,0.0,YANK,2026-09-04T19:07:00+00:00
PER_SESSION_CONDITIONAL_UNKNOWN_EPOCH,1.0,-349.6100000000006,59015.5,MIM,2026-09-04T19:08:00+00:00
PER_SESSION_CONDITIONAL_UNKNOWN_EPOCH,2.0,0.0,0.0,YANK,2026-09-04T19:08:00+00:00
PER_SESSION_CONDITIONAL_UNKNOWN_EPOCH,1.0,-340.1100000000006,59025.0,MIM,2026-09-04T19:09:00+00:00
PER_SESSION_CONDITIONAL_UNKNOWN_EPOCH,2.0,0.0,0.0,YANK,2026-09-04T19:09:00+00:00
PER_SESSION_CONDITIONAL_UNKNOWN_EPOCH,1.0,-346.1100000000006,59019.0,MIM,2026-09-04T19:10:00+00:00
PER_SESSION_CONDITIONAL_UNKNOWN_EPOCH,2.0,0.0,0.0,YANK,2026-09-04T19:10:00+00:00
PER_SESSION_CONDITIONAL_UNKNOWN_EPOCH,1.0,-335.6100000000006,59029.5,MIM,2026-09-04T19:11:00+00:00
PER_SESSION_CONDITIONAL_UNKNOWN_EPOCH,2.0,0.0,0.0,YANK,2026-09-04T19:11:00+00:00
PER_SESSION_CONDITIONAL_UNKNOWN_EPOCH,1.0,-333.1100000000006,59032.0,MIM,2026-09-04T19:12:00+00:00
PER_SESSION_CONDITIONAL_UNKNOWN_EPOCH,2.0,0.0,0.0,YANK,2026-09-04T19:12:00+00:00
PER_SESSION_CONDITIONAL_UNKNOWN_EPOCH,1.0,-335.6100000000006,59029.5,MIM,2026-09-04T19:13:00+00:00
PER_SESSION_CONDITIONAL_UNKNOWN_EPOCH,2.0,0.0,0.0,YANK,2026-09-04T19:13:00+00:00
PER_SESSION_CONDITIONAL_UNKNOWN_EPOCH,1.0,-339.1100000000006,59026.0,MIM,2026-09-04T19:14:00+00:00
PER_SESSION_CONDITIONAL_UNKNOWN_EPOCH,2.0,0.0,0.0,YANK,2026-09-04T19:14:00+00:00
PER_SESSION_CONDITIONAL_UNKNOWN_EPOCH,1.0,-342.6100000000006,59022.5,MIM,2026-09-04T19:15:00+00:00
PER_SESSION_CONDITIONAL_UNKNOWN_EPOCH,2.0,0.0,0.0,YANK,2026-09-04T19:15:00+00:00
PER_SESSION_CONDITIONAL_UNKNOWN_EPOCH,1.0,-333.1100000000006,59032.0,MIM,2026-09-04T19:16:00+00:00
PER_SESSION_CONDITIONAL_UNKNOWN_EPOCH,2.0,0.0,0.0,YANK,2026-09-04T19:16:00+00:00
PER_SESSION_CONDITIONAL_UNKNOWN_EPOCH,1.0,-341.6100000000006,59023.5,MIM,2026-09-04T19:17:00+00:00
PER_SESSION_CONDITIONAL_UNKNOWN_EPOCH,2.0,0.0,0.0,YANK,2026-09-04T19:17:00+00:00
PER_SESSION_CONDITIONAL_UNKNOWN_EPOCH,1.0,-331.1100000000006,59034.0,MIM,2026-09-04T19:18:00+00:00
PER_SESSION_CONDITIONAL_UNKNOWN_EPOCH,2.0,0.0,0.0,YANK,2026-09-04T19:18:00+00:00
PER_SESSION_CONDITIONAL_UNKNOWN_EPOCH,1.0,-332.1100000000006,59033.0,MIM,2026-09-04T19:19:00+00:00
PER_SESSION_CONDITIONAL_UNKNOWN_EPOCH,2.0,0.0,0.0,YANK,2026-09-04T19:19:00+00:00
PER_SESSION_CONDITIONAL_UNKNOWN_EPOCH,1.0,-335.6100000000006,59029.5,MIM,2026-09-04T19:20:00+00:00
PER_SESSION_CONDITIONAL_UNKNOWN_EPOCH,2.0,0.0,0.0,YANK,2026-09-04T19:20:00+00:00
PER_SESSION_CONDITIONAL_UNKNOWN_EPOCH,1.0,-327.1100000000006,59038.0,MIM,2026-09-04T19:21:00+00:00
PER_SESSION_CONDITIONAL_UNKNOWN_EPOCH,2.0,0.0,0.0,YANK,2026-09-04T19:21:00+00:00
PER_SESSION_CONDITIONAL_UNKNOWN_EPOCH,1.0,-326.1100000000006,59039.0,MIM,2026-09-04T19:22:00+00:00
PER_SESSION_CONDITIONAL_UNKNOWN_EPOCH,2.0,0.0,0.0,YANK,2026-09-04T19:22:00+00:00
PER_SESSION_CONDITIONAL_UNKNOWN_EPOCH,1.0,-330.6100000000006,59034.5,MIM,2026-09-04T19:23:00+00:00
PER_SESSION_CONDITIONAL_UNKNOWN_EPOCH,2.0,0.0,0.0,YANK,2026-09-04T19:23:00+00:00
PER_SESSION_CONDITIONAL_UNKNOWN_EPOCH,1.0,-324.1100000000006,59041.0,MIM,2026-09-04T19:24:00+00:00
PER_SESSION_CONDITIONAL_UNKNOWN_EPOCH,2.0,0.0,0.0,YANK,2026-09-04T19:24:00+00:00
PER_SESSION_CONDITIONAL_UNKNOWN_EPOCH,1.0,-319.6100000000006,59045.5,MIM,2026-09-04T19:25:00+00:00
PER_SESSION_CONDITIONAL_UNKNOWN_EPOCH,2.0,0.0,0.0,YANK,2026-09-04T19:25:00+00:00
PER_SESSION_CONDITIONAL_UNKNOWN_EPOCH,1.0,-318.1100000000006,59047.0,MIM,2026-09-04T19:26:00+00:00
PER_SESSION_CONDITIONAL_UNKNOWN_EPOCH,2.0,0.0,0.0,YANK,2026-09-04T19:26:00+00:00
PER_SESSION_CONDITIONAL_UNKNOWN_EPOCH,1.0,-322.6100000000006,59042.5,MIM,2026-09-04T19:27:00+00:00
PER_SESSION_CONDITIONAL_UNKNOWN_EPOCH,2.0,0.0,0.0,YANK,2026-09-04T19:27:00+00:00
PER_SESSION_CONDITIONAL_UNKNOWN_EPOCH,1.0,-312.1100000000006,59053.0,MIM,2026-09-04T19:28:00+00:00
PER_SESSION_CONDITIONAL_UNKNOWN_EPOCH,2.0,0.0,0.0,YANK,2026-09-04T19:28:00+00:00
PER_SESSION_CONDITIONAL_UNKNOWN_EPOCH,1.0,-308.1100000000006,59057.0,MIM,2026-09-04T19:29:00+00:00
PER_SESSION_CONDITIONAL_UNKNOWN_EPOCH,2.0,0.0,0.0,YANK,2026-09-04T19:29:00+00:00
PER_SESSION_CONDITIONAL_UNKNOWN_EPOCH,1.0,-312.1100000000006,59053.0,MIM,2026-09-04T19:30:00+00:00
PER_SESSION_CONDITIONAL_UNKNOWN_EPOCH,2.0,0.0,0.0,YANK,2026-09-04T19:30:00+00:00
PER_SESSION_CONDITIONAL_UNKNOWN_EPOCH,1.0,-306.6100000000006,59058.5,MIM,2026-09-04T19:31:00+00:00
PER_SESSION_CONDITIONAL_UNKNOWN_EPOCH,2.0,0.0,0.0,YANK,2026-09-04T19:31:00+00:00
PER_SESSION_CONDITIONAL_UNKNOWN_EPOCH,1.0,-308.6100000000006,59056.5,MIM,2026-09-04T19:32:00+00:00
PER_SESSION_CONDITIONAL_UNKNOWN_EPOCH,2.0,0.0,0.0,YANK,2026-09-04T19:32:00+00:00
PER_SESSION_CONDITIONAL_UNKNOWN_EPOCH,1.0,-309.1100000000006,59056.0,MIM,2026-09-04T19:33:00+00:00
PER_SESSION_CONDITIONAL_UNKNOWN_EPOCH,2.0,0.0,0.0,YANK,2026-09-04T19:33:00+00:00
PER_SESSION_CONDITIONAL_UNKNOWN_EPOCH,1.0,-289.1100000000006,59076.0,MIM,2026-09-04T19:34:00+00:00
PER_SESSION_CONDITIONAL_UNKNOWN_EPOCH,2.0,0.0,0.0,YANK,2026-09-04T19:34:00+00:00
PER_SESSION_CONDITIONAL_UNKNOWN_EPOCH,1.0,-289.6100000000006,59075.5,MIM,2026-09-04T19:35:00+00:00
PER_SESSION_CONDITIONAL_UNKNOWN_EPOCH,2.0,0.0,0.0,YANK,2026-09-04T19:35:00+00:00
PER_SESSION_CONDITIONAL_UNKNOWN_EPOCH,1.0,-280.6100000000006,59084.5,MIM,2026-09-04T19:36:00+00:00
PER_SESSION_CONDITIONAL_UNKNOWN_EPOCH,2.0,0.0,0.0,YANK,2026-09-04T19:36:00+00:00
PER_SESSION_CONDITIONAL_UNKNOWN_EPOCH,1.0,-283.6100000000006,59081.5,MIM,2026-09-04T19:37:00+00:00
PER_SESSION_CONDITIONAL_UNKNOWN_EPOCH,2.0,0.0,0.0,YANK,2026-09-04T19:37:00+00:00
PER_SESSION_CONDITIONAL_UNKNOWN_EPOCH,1.0,-289.1100000000006,59076.0,MIM,2026-09-04T19:38:00+00:00
PER_SESSION_CONDITIONAL_UNKNOWN_EPOCH,2.0,0.0,0.0,YANK,2026-09-04T19:38:00+00:00
PER_SESSION_CONDITIONAL_UNKNOWN_EPOCH,1.0,-305.1100000000006,59060.0,MIM,2026-09-04T19:39:00+00:00
PER_SESSION_CONDITIONAL_UNKNOWN_EPOCH,2.0,0.0,0.0,YANK,2026-09-04T19:39:00+00:00
PER_SESSION_CONDITIONAL_UNKNOWN_EPOCH,1.0,-297.6100000000006,59067.5,MIM,2026-09-04T19:40:00+00:00
PER_SESSION_CONDITIONAL_UNKNOWN_EPOCH,2.0,0.0,0.0,YANK,2026-09-04T19:40:00+00:00
PER_SESSION_CONDITIONAL_UNKNOWN_EPOCH,1.0,-291.6100000000006,59073.5,MIM,2026-09-04T19:41:00+00:00
PER_SESSION_CONDITIONAL_UNKNOWN_EPOCH,2.0,0.0,0.0,YANK,2026-09-04T19:41:00+00:00
PER_SESSION_CONDITIONAL_UNKNOWN_EPOCH,1.0,-297.1100000000006,59068.0,MIM,2026-09-04T19:42:00+00:00
PER_SESSION_CONDITIONAL_UNKNOWN_EPOCH,2.0,0.0,0.0,YANK,2026-09-04T19:42:00+00:00
PER_SESSION_CONDITIONAL_UNKNOWN_EPOCH,1.0,-299.6100000000006,59065.5,MIM,2026-09-04T19:43:00+00:00
PER_SESSION_CONDITIONAL_UNKNOWN_EPOCH,2.0,0.0,0.0,YANK,2026-09-04T19:43:00+00:00
PER_SESSION_CONDITIONAL_UNKNOWN_EPOCH,1.0,-292.1100000000006,59073.0,MIM,2026-09-04T19:44:00+00:00
PER_SESSION_CONDITIONAL_UNKNOWN_EPOCH,2.0,0.0,0.0,YANK,2026-09-04T19:44:00+00:00
PER_SESSION_CONDITIONAL_UNKNOWN_EPOCH,1.0,-284.1100000000006,59081.0,MIM,2026-09-04T19:45:00+00:00
PER_SESSION_CONDITIONAL_UNKNOWN_EPOCH,2.0,0.0,0.0,YANK,2026-09-04T19:45:00+00:00
PER_SESSION_CONDITIONAL_UNKNOWN_EPOCH,1.0,-275.6100000000006,59089.5,MIM,2026-09-04T19:46:00+00:00
PER_SESSION_CONDITIONAL_UNKNOWN_EPOCH,2.0,0.0,0.0,YANK,2026-09-04T19:46:00+00:00
PER_SESSION_CONDITIONAL_UNKNOWN_EPOCH,1.0,-273.6100000000006,59091.5,MIM,2026-09-04T19:47:00+00:00
PER_SESSION_CONDITIONAL_UNKNOWN_EPOCH,2.0,0.0,0.0,YANK,2026-09-04T19:47:00+00:00
PER_SESSION_CONDITIONAL_UNKNOWN_EPOCH,1.0,-265.6100000000006,59099.5,MIM,2026-09-04T19:48:00+00:00
PER_SESSION_CONDITIONAL_UNKNOWN_EPOCH,2.0,0.0,0.0,YANK,2026-09-04T19:48:00+00:00
PER_SESSION_CONDITIONAL_UNKNOWN_EPOCH,1.0,-270.6100000000006,59094.5,MIM,2026-09-04T19:49:00+00:00
PER_SESSION_CONDITIONAL_UNKNOWN_EPOCH,2.0,0.0,0.0,YANK,2026-09-04T19:49:00+00:00
PER_SESSION_CONDITIONAL_UNKNOWN_EPOCH,1.0,-262.6100000000006,59102.5,MIM,2026-09-04T19:50:00+00:00
PER_SESSION_CONDITIONAL_UNKNOWN_EPOCH,2.0,0.0,0.0,YANK,2026-09-04T19:50:00+00:00
PER_SESSION_CONDITIONAL_UNKNOWN_EPOCH,1.0,-235.61000000000058,59129.5,MIM,2026-09-04T19:51:00+00:00
PER_SESSION_CONDITIONAL_UNKNOWN_EPOCH,2.0,0.0,0.0,YANK,2026-09-04T19:51:00+00:00
PER_SESSION_CONDITIONAL_UNKNOWN_EPOCH,1.0,-219.11000000000058,59146.0,MIM,2026-09-04T19:52:00+00:00
PER_SESSION_CONDITIONAL_UNKNOWN_EPOCH,2.0,0.0,0.0,YANK,2026-09-04T19:52:00+00:00
PER_SESSION_CONDITIONAL_UNKNOWN_EPOCH,1.0,-217.61000000000058,59147.5,MIM,2026-09-04T19:53:00+00:00
PER_SESSION_CONDITIONAL_UNKNOWN_EPOCH,2.0,0.0,0.0,YANK,2026-09-04T19:53:00+00:00
PER_SESSION_CONDITIONAL_UNKNOWN_EPOCH,1.0,-231.61000000000058,59133.5,MIM,2026-09-04T19:54:00+00:00
PER_SESSION_CONDITIONAL_UNKNOWN_EPOCH,2.0,0.0,0.0,YANK,2026-09-04T19:54:00+00:00
PER_SESSION_CONDITIONAL_UNKNOWN_EPOCH,1.0,-212.11000000000058,59153.0,MIM,2026-09-04T19:55:00+00:00
PER_SESSION_CONDITIONAL_UNKNOWN_EPOCH,2.0,0.0,0.0,YANK,2026-09-04T19:55:00+00:00
PER_SESSION_CONDITIONAL_UNKNOWN_EPOCH,1.0,-210.61000000000058,59154.5,MIM,2026-09-04T19:56:00+00:00
PER_SESSION_CONDITIONAL_UNKNOWN_EPOCH,2.0,0.0,0.0,YANK,2026-09-04T19:56:00+00:00
PER_SESSION_CONDITIONAL_UNKNOWN_EPOCH,1.0,-209.11000000000058,59156.0,MIM,2026-09-04T19:57:00+00:00
PER_SESSION_CONDITIONAL_UNKNOWN_EPOCH,2.0,0.0,0.0,YANK,2026-09-04T19:57:00+00:00
PER_SESSION_CONDITIONAL_UNKNOWN_EPOCH,1.0,-203.11000000000058,59162.0,MIM,2026-09-04T19:58:00+00:00
PER_SESSION_CONDITIONAL_UNKNOWN_EPOCH,2.0,0.0,0.0,YANK,2026-09-04T19:58:00+00:00
PER_SESSION_CONDITIONAL_UNKNOWN_EPOCH,1.0,-226.11000000000058,59139.0,MIM,2026-09-04T19:59:00+00:00
PER_SESSION_CONDITIONAL_UNKNOWN_EPOCH,2.0,0.0,0.0,YANK,2026-09-04T19:59:00+00:00
PER_SESSION_CONDITIONAL_UNKNOWN_EPOCH,1.0,-228.61000000000058,59136.5,MIM,2026-09-04T20:00:00+00:00
PER_SESSION_CONDITIONAL_UNKNOWN_EPOCH,2.0,0.0,0.0,YANK,2026-09-04T20:00:00+00:00
PER_SESSION_CONDITIONAL_UNKNOWN_EPOCH,1.0,-238.22000000000116,0.0,MIM,2026-09-04T20:01:00+00:00
PER_SESSION_CONDITIONAL_UNKNOWN_EPOCH,2.0,0.0,0.0,YANK,2026-09-04T20:01:00+00:00
PER_SESSION_CONDITIONAL_UNKNOWN_EPOCH,1.0,0.0,0.0,MIM,2026-09-15T13:31:00+00:00
PER_SESSION_CONDITIONAL_UNKNOWN_EPOCH,2.0,0.0,0.0,YANK,2026-09-15T13:31:00+00:00
PER_SESSION_CONDITIONAL_UNKNOWN_EPOCH,1.0,0.0,0.0,MIM,2026-09-15T13:32:00+00:00
PER_SESSION_CONDITIONAL_UNKNOWN_EPOCH,2.0,0.0,0.0,YANK,2026-09-15T13:32:00+00:00
PER_SESSION_CONDITIONAL_UNKNOWN_EPOCH,1.0,0.0,0.0,MIM,2026-09-15T13:33:00+00:00
PER_SESSION_CONDITIONAL_UNKNOWN_EPOCH,2.0,0.0,0.0,YANK,2026-09-15T13:33:00+00:00
PER_SESSION_CONDITIONAL_UNKNOWN_EPOCH,1.0,0.0,0.0,MIM,2026-09-15T13:34:00+00:00
PER_SESSION_CONDITIONAL_UNKNOWN_EPOCH,2.0,0.0,0.0,YANK,2026-09-15T13:34:00+00:00
PER_SESSION_CONDITIONAL_UNKNOWN_EPOCH,1.0,0.0,0.0,MIM,2026-09-15T13:35:00+00:00
PER_SESSION_CONDITIONAL_UNKNOWN_EPOCH,2.0,0.0,0.0,YANK,2026-09-15T13:35:00+00:00
PER_SESSION_CONDITIONAL_UNKNOWN_EPOCH,1.0,0.0,0.0,MIM,2026-09-15T13:36:00+00:00
PER_SESSION_CONDITIONAL_UNKNOWN_EPOCH,2.0,0.0,0.0,YANK,2026-09-15T13:36:00+00:00
PER_SESSION_CONDITIONAL_UNKNOWN_EPOCH,1.0,0.0,0.0,MIM,2026-09-15T13:37:00+00:00
PER_SESSION_CONDITIONAL_UNKNOWN_EPOCH,2.0,0.0,0.0,YANK,2026-09-15T13:37:00+00:00
PER_SESSION_CONDITIONAL_UNKNOWN_EPOCH,1.0,0.0,0.0,MIM,2026-09-15T13:38:00+00:00
PER_SESSION_CONDITIONAL_UNKNOWN_EPOCH,2.0,0.0,0.0,YANK,2026-09-15T13:38:00+00:00
PER_SESSION_CONDITIONAL_UNKNOWN_EPOCH,1.0,0.0,0.0,MIM,2026-09-15T13:39:00+00:00
PER_SESSION_CONDITIONAL_UNKNOWN_EPOCH,2.0,0.0,0.0,YANK,2026-09-15T13:39:00+00:00
PER_SESSION_CONDITIONAL_UNKNOWN_EPOCH,1.0,0.0,0.0,MIM,2026-09-15T13:40:00+00:00
PER_SESSION_CONDITIONAL_UNKNOWN_EPOCH,2.0,0.0,0.0,YANK,2026-09-15T13:40:00+00:00
PER_SESSION_CONDITIONAL_UNKNOWN_EPOCH,1.0,0.0,0.0,MIM,2026-09-15T13:41:00+00:00
PER_SESSION_CONDITIONAL_UNKNOWN_EPOCH,2.0,0.0,0.0,YANK,2026-09-15T13:41:00+00:00
PER_SESSION_CONDITIONAL_UNKNOWN_EPOCH,1.0,0.0,0.0,MIM,2026-09-15T13:42:00+00:00
PER_SESSION_CONDITIONAL_UNKNOWN_EPOCH,2.0,0.0,0.0,YANK,2026-09-15T13:42:00+00:00
PER_SESSION_CONDITIONAL_UNKNOWN_EPOCH,1.0,0.0,0.0,MIM,2026-09-15T13:43:00+00:00
PER_SESSION_CONDITIONAL_UNKNOWN_EPOCH,2.0,0.0,0.0,YANK,2026-09-15T13:43:00+00:00
PER_SESSION_CONDITIONAL_UNKNOWN_EPOCH,1.0,0.0,0.0,MIM,2026-09-15T13:44:00+00:00
PER_SESSION_CONDITIONAL_UNKNOWN_EPOCH,2.0,0.0,0.0,YANK,2026-09-15T13:44:00+00:00
PER_SESSION_CONDITIONAL_UNKNOWN_EPOCH,1.0,0.0,0.0,MIM,2026-09-15T13:45:00+00:00
PER_SESSION_CONDITIONAL_UNKNOWN_EPOCH,2.0,0.0,0.0,YANK,2026-09-15T13:45:00+00:00
PER_SESSION_CONDITIONAL_UNKNOWN_EPOCH,1.0,0.0,0.0,MIM,2026-09-15T13:46:00+00:00
PER_SESSION_CONDITIONAL_UNKNOWN_EPOCH,2.0,0.0,0.0,YANK,2026-09-15T13:46:00+00:00
PER_SESSION_CONDITIONAL_UNKNOWN_EPOCH,1.0,0.0,0.0,MIM,2026-09-15T13:47:00+00:00
PER_SESSION_CONDITIONAL_UNKNOWN_EPOCH,2.0,0.0,0.0,YANK,2026-09-15T13:47:00+00:00
PER_SESSION_CONDITIONAL_UNKNOWN_EPOCH,1.0,0.0,0.0,MIM,2026-09-15T13:48:00+00:00
PER_SESSION_CONDITIONAL_UNKNOWN_EPOCH,2.0,0.0,0.0,YANK,2026-09-15T13:48:00+00:00
PER_SESSION_CONDITIONAL_UNKNOWN_EPOCH,1.0,0.0,0.0,MIM,2026-09-15T13:49:00+00:00
PER_SESSION_CONDITIONAL_UNKNOWN_EPOCH,2.0,0.0,0.0,YANK,2026-09-15T13:49:00+00:00
PER_SESSION_CONDITIONAL_UNKNOWN_EPOCH,1.0,0.0,0.0,MIM,2026-09-15T13:50:00+00:00
PER_SESSION_CONDITIONAL_UNKNOWN_EPOCH,2.0,0.0,0.0,YANK,2026-09-15T13:50:00+00:00
PER_SESSION_CONDITIONAL_UNKNOWN_EPOCH,1.0,0.0,0.0,MIM,2026-09-15T13:51:00+00:00
PER_SESSION_CONDITIONAL_UNKNOWN_EPOCH,2.0,0.0,0.0,YANK,2026-09-15T13:51:00+00:00
PER_SESSION_CONDITIONAL_UNKNOWN_EPOCH,1.0,0.0,0.0,MIM,2026-09-15T13:52:00+00:00
PER_SESSION_CONDITIONAL_UNKNOWN_EPOCH,2.0,0.0,0.0,YANK,2026-09-15T13:52:00+00:00
PER_SESSION_CONDITIONAL_UNKNOWN_EPOCH,1.0,0.0,0.0,MIM,2026-09-15T13:53:00+00:00
PER_SESSION_CONDITIONAL_UNKNOWN_EPOCH,2.0,0.0,0.0,YANK,2026-09-15T13:53:00+00:00
PER_SESSION_CONDITIONAL_UNKNOWN_EPOCH,1.0,0.0,0.0,MIM,2026-09-15T13:54:00+00:00
PER_SESSION_CONDITIONAL_UNKNOWN_EPOCH,2.0,0.0,0.0,YANK,2026-09-15T13:54:00+00:00
PER_SESSION_CONDITIONAL_UNKNOWN_EPOCH,1.0,0.0,0.0,MIM,2026-09-15T13:55:00+00:00
PER_SESSION_CONDITIONAL_UNKNOWN_EPOCH,2.0,0.0,0.0,YANK,2026-09-15T13:55:00+00:00
PER_SESSION_CONDITIONAL_UNKNOWN_EPOCH,1.0,0.0,0.0,MIM,2026-09-15T13:56:00+00:00
PER_SESSION_CONDITIONAL_UNKNOWN_EPOCH,2.0,0.0,0.0,YANK,2026-09-15T13:56:00+00:00
PER_SESSION_CONDITIONAL_UNKNOWN_EPOCH,1.0,0.0,0.0,MIM,2026-09-15T13:57:00+00:00
PER_SESSION_CONDITIONAL_UNKNOWN_EPOCH,2.0,0.0,0.0,YANK,2026-09-15T13:57:00+00:00
PER_SESSION_CONDITIONAL_UNKNOWN_EPOCH,1.0,0.0,0.0,MIM,2026-09-15T13:58:00+00:00
PER_SESSION_CONDITIONAL_UNKNOWN_EPOCH,2.0,0.0,0.0,YANK,2026-09-15T13:58:00+00:00
PER_SESSION_CONDITIONAL_UNKNOWN_EPOCH,1.0,0.0,0.0,MIM,2026-09-15T13:59:00+00:00
PER_SESSION_CONDITIONAL_UNKNOWN_EPOCH,2.0,0.0,0.0,YANK,2026-09-15T13:59:00+00:00
PER_SESSION_CONDITIONAL_UNKNOWN_EPOCH,1.0,0.0,0.0,MIM,2026-09-15T14:00:00+00:00
PER_SESSION_CONDITIONAL_UNKNOWN_EPOCH,2.0,0.0,0.0,YANK,2026-09-15T14:00:00+00:00
PER_SESSION_CONDITIONAL_UNKNOWN_EPOCH,1.0,-2.610000000000582,58846.0,MIM,2026-09-15T14:01:00+00:00
PER_SESSION_CONDITIONAL_UNKNOWN_EPOCH,2.0,0.0,0.0,YANK,2026-09-15T14:01:00+00:00
PER_SESSION_CONDITIONAL_UNKNOWN_EPOCH,1.0,-6.610000000000582,58842.0,MIM,2026-09-15T14:02:00+00:00
PER_SESSION_CONDITIONAL_UNKNOWN_EPOCH,2.0,0.0,0.0,YANK,2026-09-15T14:02:00+00:00
PER_SESSION_CONDITIONAL_UNKNOWN_EPOCH,1.0,-14.110000000000582,58834.5,MIM,2026-09-15T14:03:00+00:00
PER_SESSION_CONDITIONAL_UNKNOWN_EPOCH,2.0,0.0,0.0,YANK,2026-09-15T14:03:00+00:00
PER_SESSION_CONDITIONAL_UNKNOWN_EPOCH,1.0,-45.61000000000058,58803.0,MIM,2026-09-15T14:04:00+00:00
PER_SESSION_CONDITIONAL_UNKNOWN_EPOCH,2.0,0.0,0.0,YANK,2026-09-15T14:04:00+00:00
PER_SESSION_CONDITIONAL_UNKNOWN_EPOCH,1.0,-55.11000000000058,58793.5,MIM,2026-09-15T14:05:00+00:00
PER_SESSION_CONDITIONAL_UNKNOWN_EPOCH,2.0,0.0,0.0,YANK,2026-09-15T14:05:00+00:00
PER_SESSION_CONDITIONAL_UNKNOWN_EPOCH,1.0,-68.61000000000058,58780.0,MIM,2026-09-15T14:06:00+00:00
PER_SESSION_CONDITIONAL_UNKNOWN_EPOCH,2.0,0.0,0.0,YANK,2026-09-15T14:06:00+00:00
PER_SESSION_CONDITIONAL_UNKNOWN_EPOCH,1.0,-79.61000000000058,58769.0,MIM,2026-09-15T14:07:00+00:00
PER_SESSION_CONDITIONAL_UNKNOWN_EPOCH,2.0,0.0,0.0,YANK,2026-09-15T14:07:00+00:00
PER_SESSION_CONDITIONAL_UNKNOWN_EPOCH,1.0,-79.61000000000058,58769.0,MIM,2026-09-15T14:08:00+00:00
PER_SESSION_CONDITIONAL_UNKNOWN_EPOCH,2.0,0.0,0.0,YANK,2026-09-15T14:08:00+00:00
PER_SESSION_CONDITIONAL_UNKNOWN_EPOCH,1.0,-83.61000000000058,58765.0,MIM,2026-09-15T14:09:00+00:00
PER_SESSION_CONDITIONAL_UNKNOWN_EPOCH,2.0,0.0,0.0,YANK,2026-09-15T14:09:00+00:00
PER_SESSION_CONDITIONAL_UNKNOWN_EPOCH,1.0,-85.61000000000058,58763.0,MIM,2026-09-15T14:10:00+00:00
PER_SESSION_CONDITIONAL_UNKNOWN_EPOCH,2.0,0.0,0.0,YANK,2026-09-15T14:10:00+00:00
PER_SESSION_CONDITIONAL_UNKNOWN_EPOCH,1.0,-120.61000000000058,58728.0,MIM,2026-09-15T14:11:00+00:00
PER_SESSION_CONDITIONAL_UNKNOWN_EPOCH,2.0,0.0,0.0,YANK,2026-09-15T14:11:00+00:00
PER_SESSION_CONDITIONAL_UNKNOWN_EPOCH,1.0,-132.11000000000058,58716.5,MIM,2026-09-15T14:12:00+00:00
PER_SESSION_CONDITIONAL_UNKNOWN_EPOCH,2.0,0.0,0.0,YANK,2026-09-15T14:12:00+00:00
PER_SESSION_CONDITIONAL_UNKNOWN_EPOCH,1.0,-136.61000000000058,58712.0,MIM,2026-09-15T14:13:00+00:00
PER_SESSION_CONDITIONAL_UNKNOWN_EPOCH,2.0,0.0,0.0,YANK,2026-09-15T14:13:00+00:00
PER_SESSION_CONDITIONAL_UNKNOWN_EPOCH,1.0,-167.11000000000058,58681.5,MIM,2026-09-15T14:14:00+00:00
PER_SESSION_CONDITIONAL_UNKNOWN_EPOCH,2.0,0.0,0.0,YANK,2026-09-15T14:14:00+00:00
PER_SESSION_CONDITIONAL_UNKNOWN_EPOCH,1.0,-163.11000000000058,58685.5,MIM,2026-09-15T14:15:00+00:00
PER_SESSION_CONDITIONAL_UNKNOWN_EPOCH,2.0,0.0,0.0,YANK,2026-09-15T14:15:00+00:00
PER_SESSION_CONDITIONAL_UNKNOWN_EPOCH,1.0,-147.11000000000058,58701.5,MIM,2026-09-15T14:16:00+00:00
PER_SESSION_CONDITIONAL_UNKNOWN_EPOCH,2.0,0.0,0.0,YANK,2026-09-15T14:16:00+00:00
PER_SESSION_CONDITIONAL_UNKNOWN_EPOCH,1.0,-146.11000000000058,58702.5,MIM,2026-09-15T14:17:00+00:00
PER_SESSION_CONDITIONAL_UNKNOWN_EPOCH,2.0,0.0,0.0,YANK,2026-09-15T14:17:00+00:00
PER_SESSION_CONDITIONAL_UNKNOWN_EPOCH,1.0,-134.11000000000058,58714.5,MIM,2026-09-15T14:18:00+00:00
PER_SESSION_CONDITIONAL_UNKNOWN_EPOCH,2.0,0.0,0.0,YANK,2026-09-15T14:18:00+00:00
PER_SESSION_CONDITIONAL_UNKNOWN_EPOCH,1.0,-136.61000000000058,58712.0,MIM,2026-09-15T14:19:00+00:00
PER_SESSION_CONDITIONAL_UNKNOWN_EPOCH,2.0,0.0,0.0,YANK,2026-09-15T14:19:00+00:00
PER_SESSION_CONDITIONAL_UNKNOWN_EPOCH,1.0,-138.11000000000058,58710.5,MIM,2026-09-15T14:20:00+00:00
PER_SESSION_CONDITIONAL_UNKNOWN_EPOCH,2.0,0.0,0.0,YANK,2026-09-15T14:20:00+00:00
PER_SESSION_CONDITIONAL_UNKNOWN_EPOCH,1.0,-133.61000000000058,58715.0,MIM,2026-09-15T14:21:00+00:00
PER_SESSION_CONDITIONAL_UNKNOWN_EPOCH,2.0,0.0,0.0,YANK,2026-09-15T14:21:00+00:00
PER_SESSION_CONDITIONAL_UNKNOWN_EPOCH,1.0,-194.61000000000058,58654.0,MIM,2026-09-15T14:22:00+00:00
PER_SESSION_CONDITIONAL_UNKNOWN_EPOCH,2.0,0.0,0.0,YANK,2026-09-15T14:22:00+00:00
PER_SESSION_CONDITIONAL_UNKNOWN_EPOCH,1.0,-220.11000000000058,58628.5,MIM,2026-09-15T14:23:00+00:00
PER_SESSION_CONDITIONAL_UNKNOWN_EPOCH,2.0,0.0,0.0,YANK,2026-09-15T14:23:00+00:00
PER_SESSION_CONDITIONAL_UNKNOWN_EPOCH,1.0,-240.11000000000058,58608.5,MIM,2026-09-15T14:24:00+00:00
PER_SESSION_CONDITIONAL_UNKNOWN_EPOCH,2.0,0.0,0.0,YANK,2026-09-15T14:24:00+00:00
PER_SESSION_CONDITIONAL_UNKNOWN_EPOCH,1.0,-194.11000000000058,58654.5,MIM,2026-09-15T14:25:00+00:00
PER_SESSION_CONDITIONAL_UNKNOWN_EPOCH,2.0,0.0,0.0,YANK,2026-09-15T14:25:00+00:00
PER_SESSION_CONDITIONAL_UNKNOWN_EPOCH,1.0,-206.11000000000058,58642.5,MIM,2026-09-15T14:26:00+00:00
PER_SESSION_CONDITIONAL_UNKNOWN_EPOCH,2.0,0.0,0.0,YANK,2026-09-15T14:26:00+00:00
PER_SESSION_CONDITIONAL_UNKNOWN_EPOCH,1.0,-204.11000000000058,58644.5,MIM,2026-09-15T14:27:00+00:00
PER_SESSION_CONDITIONAL_UNKNOWN_EPOCH,2.0,0.0,0.0,YANK,2026-09-15T14:27:00+00:00
PER_SESSION_CONDITIONAL_UNKNOWN_EPOCH,1.0,-206.61000000000058,58642.0,MIM,2026-09-15T14:28:00+00:00
PER_SESSION_CONDITIONAL_UNKNOWN_EPOCH,2.0,0.0,0.0,YANK,2026-09-15T14:28:00+00:00
PER_SESSION_CONDITIONAL_UNKNOWN_EPOCH,1.0,-180.11000000000058,58668.5,MIM,2026-09-15T14:29:00+00:00
PER_SESSION_CONDITIONAL_UNKNOWN_EPOCH,2.0,0.0,0.0,YANK,2026-09-15T14:29:00+00:00
PER_SESSION_CONDITIONAL_UNKNOWN_EPOCH,1.0,-196.11000000000058,58652.5,MIM,2026-09-15T14:30:00+00:00
PER_SESSION_CONDITIONAL_UNKNOWN_EPOCH,2.0,0.0,0.0,YANK,2026-09-15T14:30:00+00:00
PER_SESSION_CONDITIONAL_UNKNOWN_EPOCH,1.0,-228.11000000000058,58620.5,MIM,2026-09-15T14:31:00+00:00
PER_SESSION_CONDITIONAL_UNKNOWN_EPOCH,2.0,0.0,0.0,YANK,2026-09-15T14:31:00+00:00
PER_SESSION_CONDITIONAL_UNKNOWN_EPOCH,1.0,-184.61000000000058,58664.0,MIM,2026-09-15T14:32:00+00:00
PER_SESSION_CONDITIONAL_UNKNOWN_EPOCH,2.0,0.0,0.0,YANK,2026-09-15T14:32:00+00:00
PER_SESSION_CONDITIONAL_UNKNOWN_EPOCH,1.0,-211.61000000000058,58637.0,MIM,2026-09-15T14:33:00+00:00
PER_SESSION_CONDITIONAL_UNKNOWN_EPOCH,2.0,0.0,0.0,YANK,2026-09-15T14:33:00+00:00
PER_SESSION_CONDITIONAL_UNKNOWN_EPOCH,1.0,-216.11000000000058,58632.5,MIM,2026-09-15T14:34:00+00:00
PER_SESSION_CONDITIONAL_UNKNOWN_EPOCH,2.0,0.0,0.0,YANK,2026-09-15T14:34:00+00:00
PER_SESSION_CONDITIONAL_UNKNOWN_EPOCH,1.0,-228.61000000000058,58620.0,MIM,2026-09-15T14:35:00+00:00
PER_SESSION_CONDITIONAL_UNKNOWN_EPOCH,2.0,0.0,0.0,YANK,2026-09-15T14:35:00+00:00
PER_SESSION_CONDITIONAL_UNKNOWN_EPOCH,1.0,-223.61000000000058,58625.0,MIM,2026-09-15T14:36:00+00:00
PER_SESSION_CONDITIONAL_UNKNOWN_EPOCH,2.0,0.0,0.0,YANK,2026-09-15T14:36:00+00:00
PER_SESSION_CONDITIONAL_UNKNOWN_EPOCH,1.0,-217.11000000000058,58631.5,MIM,2026-09-15T14:37:00+00:00
PER_SESSION_CONDITIONAL_UNKNOWN_EPOCH,2.0,0.0,0.0,YANK,2026-09-15T14:37:00+00:00
PER_SESSION_CONDITIONAL_UNKNOWN_EPOCH,1.0,-244.11000000000058,58604.5,MIM,2026-09-15T14:38:00+00:00
PER_SESSION_CONDITIONAL_UNKNOWN_EPOCH,2.0,0.0,0.0,YANK,2026-09-15T14:38:00+00:00
PER_SESSION_CONDITIONAL_UNKNOWN_EPOCH,1.0,-268.1100000000006,58580.5,MIM,2026-09-15T14:39:00+00:00
PER_SESSION_CONDITIONAL_UNKNOWN_EPOCH,2.0,0.0,0.0,YANK,2026-09-15T14:39:00+00:00
PER_SESSION_CONDITIONAL_UNKNOWN_EPOCH,1.0,-266.1100000000006,58582.5,MIM,2026-09-15T14:40:00+00:00
PER_SESSION_CONDITIONAL_UNKNOWN_EPOCH,2.0,0.0,0.0,YANK,2026-09-15T14:40:00+00:00
PER_SESSION_CONDITIONAL_UNKNOWN_EPOCH,1.0,-293.6100000000006,58555.0,MIM,2026-09-15T14:41:00+00:00
PER_SESSION_CONDITIONAL_UNKNOWN_EPOCH,2.0,0.0,0.0,YANK,2026-09-15T14:41:00+00:00
PER_SESSION_CONDITIONAL_UNKNOWN_EPOCH,1.0,-291.1100000000006,58557.5,MIM,2026-09-15T14:42:00+00:00
PER_SESSION_CONDITIONAL_UNKNOWN_EPOCH,2.0,0.0,0.0,YANK,2026-09-15T14:42:00+00:00
PER_SESSION_CONDITIONAL_UNKNOWN_EPOCH,1.0,-278.6100000000006,58570.0,MIM,2026-09-15T14:43:00+00:00
PER_SESSION_CONDITIONAL_UNKNOWN_EPOCH,2.0,0.0,0.0,YANK,2026-09-15T14:43:00+00:00
PER_SESSION_CONDITIONAL_UNKNOWN_EPOCH,1.0,-289.1100000000006,58559.5,MIM,2026-09-15T14:44:00+00:00
PER_SESSION_CONDITIONAL_UNKNOWN_EPOCH,2.0,0.0,0.0,YANK,2026-09-15T14:44:00+00:00
PER_SESSION_CONDITIONAL_UNKNOWN_EPOCH,1.0,-272.1100000000006,58576.5,MIM,2026-09-15T14:45:00+00:00
PER_SESSION_CONDITIONAL_UNKNOWN_EPOCH,2.0,0.0,0.0,YANK,2026-09-15T14:45:00+00:00
PER_SESSION_CONDITIONAL_UNKNOWN_EPOCH,1.0,-266.6100000000006,58582.0,MIM,2026-09-15T14:46:00+00:00
PER_SESSION_CONDITIONAL_UNKNOWN_EPOCH,2.0,0.0,0.0,YANK,2026-09-15T14:46:00+00:00
PER_SESSION_CONDITIONAL_UNKNOWN_EPOCH,1.0,-261.1100000000006,58587.5,MIM,2026-09-15T14:47:00+00:00
PER_SESSION_CONDITIONAL_UNKNOWN_EPOCH,2.0,0.0,0.0,YANK,2026-09-15T14:47:00+00:00
PER_SESSION_CONDITIONAL_UNKNOWN_EPOCH,1.0,-262.1100000000006,58586.5,MIM,2026-09-15T14:48:00+00:00
PER_SESSION_CONDITIONAL_UNKNOWN_EPOCH,2.0,0.0,0.0,YANK,2026-09-15T14:48:00+00:00
PER_SESSION_CONDITIONAL_UNKNOWN_EPOCH,1.0,-294.1100000000006,58554.5,MIM,2026-09-15T14:49:00+00:00
PER_SESSION_CONDITIONAL_UNKNOWN_EPOCH,2.0,0.0,0.0,YANK,2026-09-15T14:49:00+00:00
PER_SESSION_CONDITIONAL_UNKNOWN_EPOCH,1.0,-312.1100000000006,58536.5,MIM,2026-09-15T14:50:00+00:00
PER_SESSION_CONDITIONAL_UNKNOWN_EPOCH,2.0,0.0,0.0,YANK,2026-09-15T14:50:00+00:00
PER_SESSION_CONDITIONAL_UNKNOWN_EPOCH,1.0,-332.1100000000006,58516.5,MIM,2026-09-15T14:51:00+00:00
PER_SESSION_CONDITIONAL_UNKNOWN_EPOCH,2.0,0.0,0.0,YANK,2026-09-15T14:51:00+00:00
PER_SESSION_CONDITIONAL_UNKNOWN_EPOCH,1.0,-390.6100000000006,58458.0,MIM,2026-09-15T14:52:00+00:00
PER_SESSION_CONDITIONAL_UNKNOWN_EPOCH,2.0,0.0,0.0,YANK,2026-09-15T14:52:00+00:00
PER_SESSION_CONDITIONAL_UNKNOWN_EPOCH,1.0,-373.6100000000006,58475.0,MIM,2026-09-15T14:53:00+00:00
PER_SESSION_CONDITIONAL_UNKNOWN_EPOCH,2.0,0.0,0.0,YANK,2026-09-15T14:53:00+00:00
PER_SESSION_CONDITIONAL_UNKNOWN_EPOCH,1.0,-395.6100000000006,58453.0,MIM,2026-09-15T14:54:00+00:00
PER_SESSION_CONDITIONAL_UNKNOWN_EPOCH,2.0,0.0,0.0,YANK,2026-09-15T14:54:00+00:00
PER_SESSION_CONDITIONAL_UNKNOWN_EPOCH,1.0,-369.6100000000006,58479.0,MIM,2026-09-15T14:55:00+00:00
PER_SESSION_CONDITIONAL_UNKNOWN_EPOCH,2.0,0.0,0.0,YANK,2026-09-15T14:55:00+00:00
PER_SESSION_CONDITIONAL_UNKNOWN_EPOCH,1.0,-376.6100000000006,58472.0,MIM,2026-09-15T14:56:00+00:00
PER_SESSION_CONDITIONAL_UNKNOWN_EPOCH,2.0,0.0,0.0,YANK,2026-09-15T14:56:00+00:00
PER_SESSION_CONDITIONAL_UNKNOWN_EPOCH,1.0,-365.1100000000006,58483.5,MIM,2026-09-15T14:57:00+00:00
PER_SESSION_CONDITIONAL_UNKNOWN_EPOCH,2.0,0.0,0.0,YANK,2026-09-15T14:57:00+00:00
PER_SESSION_CONDITIONAL_UNKNOWN_EPOCH,1.0,-340.6100000000006,58508.0,MIM,2026-09-15T14:58:00+00:00
PER_SESSION_CONDITIONAL_UNKNOWN_EPOCH,2.0,0.0,0.0,YANK,2026-09-15T14:58:00+00:00
PER_SESSION_CONDITIONAL_UNKNOWN_EPOCH,1.0,-341.6100000000006,58507.0,MIM,2026-09-15T14:59:00+00:00
PER_SESSION_CONDITIONAL_UNKNOWN_EPOCH,2.0,0.0,0.0,YANK,2026-09-15T14:59:00+00:00
PER_SESSION_CONDITIONAL_UNKNOWN_EPOCH,1.0,-368.6100000000006,58480.0,MIM,2026-09-15T15:00:00+00:00
PER_SESSION_CONDITIONAL_UNKNOWN_EPOCH,2.0,0.0,0.0,YANK,2026-09-15T15:00:00+00:00
PER_SESSION_CONDITIONAL_UNKNOWN_EPOCH,1.0,-335.6100000000006,58513.0,MIM,2026-09-15T15:01:00+00:00
PER_SESSION_CONDITIONAL_UNKNOWN_EPOCH,2.0,0.0,0.0,YANK,2026-09-15T15:01:00+00:00
PER_SESSION_CONDITIONAL_UNKNOWN_EPOCH,1.0,-311.6100000000006,58537.0,MIM,2026-09-15T15:02:00+00:00
PER_SESSION_CONDITIONAL_UNKNOWN_EPOCH,2.0,0.0,0.0,YANK,2026-09-15T15:02:00+00:00
PER_SESSION_CONDITIONAL_UNKNOWN_EPOCH,1.0,-337.1100000000006,58511.5,MIM,2026-09-15T15:03:00+00:00
PER_SESSION_CONDITIONAL_UNKNOWN_EPOCH,2.0,0.0,0.0,YANK,2026-09-15T15:03:00+00:00
PER_SESSION_CONDITIONAL_UNKNOWN_EPOCH,1.0,-295.1100000000006,58553.5,MIM,2026-09-15T15:04:00+00:00
PER_SESSION_CONDITIONAL_UNKNOWN_EPOCH,2.0,0.0,0.0,YANK,2026-09-15T15:04:00+00:00
PER_SESSION_CONDITIONAL_UNKNOWN_EPOCH,1.0,-280.6100000000006,58568.0,MIM,2026-09-15T15:05:00+00:00
PER_SESSION_CONDITIONAL_UNKNOWN_EPOCH,2.0,0.0,0.0,YANK,2026-09-15T15:05:00+00:00
PER_SESSION_CONDITIONAL_UNKNOWN_EPOCH,1.0,-285.1100000000006,58563.5,MIM,2026-09-15T15:06:00+00:00
PER_SESSION_CONDITIONAL_UNKNOWN_EPOCH,2.0,0.0,0.0,YANK,2026-09-15T15:06:00+00:00
PER_SESSION_CONDITIONAL_UNKNOWN_EPOCH,1.0,-288.1100000000006,58560.5,MIM,2026-09-15T15:07:00+00:00
PER_SESSION_CONDITIONAL_UNKNOWN_EPOCH,2.0,0.0,0.0,YANK,2026-09-15T15:07:00+00:00
PER_SESSION_CONDITIONAL_UNKNOWN_EPOCH,1.0,-280.1100000000006,58568.5,MIM,2026-09-15T15:08:00+00:00
PER_SESSION_CONDITIONAL_UNKNOWN_EPOCH,2.0,0.0,0.0,YANK,2026-09-15T15:08:00+00:00
PER_SESSION_CONDITIONAL_UNKNOWN_EPOCH,1.0,-294.1100000000006,58554.5,MIM,2026-09-15T15:09:00+00:00
PER_SESSION_CONDITIONAL_UNKNOWN_EPOCH,2.0,0.0,0.0,YANK,2026-09-15T15:09:00+00:00
PER_SESSION_CONDITIONAL_UNKNOWN_EPOCH,1.0,-300.6100000000006,58548.0,MIM,2026-09-15T15:10:00+00:00
PER_SESSION_CONDITIONAL_UNKNOWN_EPOCH,2.0,0.0,0.0,YANK,2026-09-15T15:10:00+00:00
PER_SESSION_CONDITIONAL_UNKNOWN_EPOCH,1.0,-314.6100000000006,58534.0,MIM,2026-09-15T15:11:00+00:00
PER_SESSION_CONDITIONAL_UNKNOWN_EPOCH,2.0,0.0,0.0,YANK,2026-09-15T15:11:00+00:00
PER_SESSION_CONDITIONAL_UNKNOWN_EPOCH,1.0,-309.1100000000006,58539.5,MIM,2026-09-15T15:12:00+00:00
PER_SESSION_CONDITIONAL_UNKNOWN_EPOCH,2.0,0.0,0.0,YANK,2026-09-15T15:12:00+00:00
PER_SESSION_CONDITIONAL_UNKNOWN_EPOCH,1.0,-308.6100000000006,58540.0,MIM,2026-09-15T15:13:00+00:00
PER_SESSION_CONDITIONAL_UNKNOWN_EPOCH,2.0,0.0,0.0,YANK,2026-09-15T15:13:00+00:00
PER_SESSION_CONDITIONAL_UNKNOWN_EPOCH,1.0,-323.6100000000006,58525.0,MIM,2026-09-15T15:14:00+00:00
PER_SESSION_CONDITIONAL_UNKNOWN_EPOCH,2.0,0.0,0.0,YANK,2026-09-15T15:14:00+00:00
PER_SESSION_CONDITIONAL_UNKNOWN_EPOCH,1.0,-301.1100000000006,58547.5,MIM,2026-09-15T15:15:00+00:00
PER_SESSION_CONDITIONAL_UNKNOWN_EPOCH,2.0,0.0,0.0,YANK,2026-09-15T15:15:00+00:00
PER_SESSION_CONDITIONAL_UNKNOWN_EPOCH,1.0,-300.6100000000006,58548.0,MIM,2026-09-15T15:16:00+00:00
PER_SESSION_CONDITIONAL_UNKNOWN_EPOCH,2.0,0.0,0.0,YANK,2026-09-15T15:16:00+00:00
PER_SESSION_CONDITIONAL_UNKNOWN_EPOCH,1.0,-287.1100000000006,58561.5,MIM,2026-09-15T15:17:00+00:00
PER_SESSION_CONDITIONAL_UNKNOWN_EPOCH,2.0,0.0,0.0,YANK,2026-09-15T15:17:00+00:00
PER_SESSION_CONDITIONAL_UNKNOWN_EPOCH,1.0,-275.1100000000006,58573.5,MIM,2026-09-15T15:18:00+00:00
PER_SESSION_CONDITIONAL_UNKNOWN_EPOCH,2.0,0.0,0.0,YANK,2026-09-15T15:18:00+00:00
PER_SESSION_CONDITIONAL_UNKNOWN_EPOCH,1.0,-263.1100000000006,58585.5,MIM,2026-09-15T15:19:00+00:00
PER_SESSION_CONDITIONAL_UNKNOWN_EPOCH,2.0,0.0,0.0,YANK,2026-09-15T15:19:00+00:00
PER_SESSION_CONDITIONAL_UNKNOWN_EPOCH,1.0,-273.1100000000006,58575.5,MIM,2026-09-15T15:20:00+00:00
PER_SESSION_CONDITIONAL_UNKNOWN_EPOCH,2.0,0.0,0.0,YANK,2026-09-15T15:20:00+00:00
PER_SESSION_CONDITIONAL_UNKNOWN_EPOCH,1.0,-292.6100000000006,58556.0,MIM,2026-09-15T15:21:00+00:00
PER_SESSION_CONDITIONAL_UNKNOWN_EPOCH,2.0,0.0,0.0,YANK,2026-09-15T15:21:00+00:00
PER_SESSION_CONDITIONAL_UNKNOWN_EPOCH,1.0,-303.1100000000006,58545.5,MIM,2026-09-15T15:22:00+00:00
PER_SESSION_CONDITIONAL_UNKNOWN_EPOCH,2.0,0.0,0.0,YANK,2026-09-15T15:22:00+00:00
PER_SESSION_CONDITIONAL_UNKNOWN_EPOCH,1.0,-300.1100000000006,58548.5,MIM,2026-09-15T15:23:00+00:00
PER_SESSION_CONDITIONAL_UNKNOWN_EPOCH,2.0,0.0,0.0,YANK,2026-09-15T15:23:00+00:00
PER_SESSION_CONDITIONAL_UNKNOWN_EPOCH,1.0,-262.1100000000006,58586.5,MIM,2026-09-15T15:24:00+00:00
PER_SESSION_CONDITIONAL_UNKNOWN_EPOCH,2.0,0.0,0.0,YANK,2026-09-15T15:24:00+00:00
PER_SESSION_CONDITIONAL_UNKNOWN_EPOCH,1.0,-273.6100000000006,58575.0,MIM,2026-09-15T15:25:00+00:00
PER_SESSION_CONDITIONAL_UNKNOWN_EPOCH,2.0,0.0,0.0,YANK,2026-09-15T15:25:00+00:00
PER_SESSION_CONDITIONAL_UNKNOWN_EPOCH,1.0,-269.1100000000006,58579.5,MIM,2026-09-15T15:26:00+00:00
PER_SESSION_CONDITIONAL_UNKNOWN_EPOCH,2.0,0.0,0.0,YANK,2026-09-15T15:26:00+00:00
PER_SESSION_CONDITIONAL_UNKNOWN_EPOCH,1.0,-270.1100000000006,58578.5,MIM,2026-09-15T15:27:00+00:00
PER_SESSION_CONDITIONAL_UNKNOWN_EPOCH,2.0,0.0,0.0,YANK,2026-09-15T15:27:00+00:00
PER_SESSION_CONDITIONAL_UNKNOWN_EPOCH,1.0,-255.61000000000058,58593.0,MIM,2026-09-15T15:28:00+00:00
PER_SESSION_CONDITIONAL_UNKNOWN_EPOCH,2.0,0.0,0.0,YANK,2026-09-15T15:28:00+00:00
PER_SESSION_CONDITIONAL_UNKNOWN_EPOCH,1.0,-269.1100000000006,58579.5,MIM,2026-09-15T15:29:00+00:00
PER_SESSION_CONDITIONAL_UNKNOWN_EPOCH,2.0,0.0,0.0,YANK,2026-09-15T15:29:00+00:00
PER_SESSION_CONDITIONAL_UNKNOWN_EPOCH,1.0,-266.1100000000006,58582.5,MIM,2026-09-15T15:30:00+00:00
PER_SESSION_CONDITIONAL_UNKNOWN_EPOCH,2.0,0.0,0.0,YANK,2026-09-15T15:30:00+00:00
PER_SESSION_CONDITIONAL_UNKNOWN_EPOCH,1.0,-281.1100000000006,58567.5,MIM,2026-09-15T15:31:00+00:00
PER_SESSION_CONDITIONAL_UNKNOWN_EPOCH,2.0,0.0,0.0,YANK,2026-09-15T15:31:00+00:00
PER_SESSION_CONDITIONAL_UNKNOWN_EPOCH,1.0,-298.6100000000006,58550.0,MIM,2026-09-15T15:32:00+00:00
PER_SESSION_CONDITIONAL_UNKNOWN_EPOCH,2.0,0.0,0.0,YANK,2026-09-15T15:32:00+00:00
PER_SESSION_CONDITIONAL_UNKNOWN_EPOCH,1.0,-311.6100000000006,58537.0,MIM,2026-09-15T15:33:00+00:00
PER_SESSION_CONDITIONAL_UNKNOWN_EPOCH,2.0,0.0,0.0,YANK,2026-09-15T15:33:00+00:00
PER_SESSION_CONDITIONAL_UNKNOWN_EPOCH,1.0,-313.6100000000006,58535.0,MIM,2026-09-15T15:34:00+00:00
PER_SESSION_CONDITIONAL_UNKNOWN_EPOCH,2.0,0.0,0.0,YANK,2026-09-15T15:34:00+00:00
PER_SESSION_CONDITIONAL_UNKNOWN_EPOCH,1.0,-284.6100000000006,58564.0,MIM,2026-09-15T15:35:00+00:00
PER_SESSION_CONDITIONAL_UNKNOWN_EPOCH,2.0,0.0,0.0,YANK,2026-09-15T15:35:00+00:00
PER_SESSION_CONDITIONAL_UNKNOWN_EPOCH,1.0,-297.1100000000006,58551.5,MIM,2026-09-15T15:36:00+00:00
PER_SESSION_CONDITIONAL_UNKNOWN_EPOCH,2.0,0.0,0.0,YANK,2026-09-15T15:36:00+00:00
PER_SESSION_CONDITIONAL_UNKNOWN_EPOCH,1.0,-274.6100000000006,58574.0,MIM,2026-09-15T15:37:00+00:00
PER_SESSION_CONDITIONAL_UNKNOWN_EPOCH,2.0,0.0,0.0,YANK,2026-09-15T15:37:00+00:00
PER_SESSION_CONDITIONAL_UNKNOWN_EPOCH,1.0,-297.1100000000006,58551.5,MIM,2026-09-15T15:38:00+00:00
PER_SESSION_CONDITIONAL_UNKNOWN_EPOCH,2.0,0.0,0.0,YANK,2026-09-15T15:38:00+00:00
PER_SESSION_CONDITIONAL_UNKNOWN_EPOCH,1.0,-283.6100000000006,58565.0,MIM,2026-09-15T15:39:00+00:00
PER_SESSION_CONDITIONAL_UNKNOWN_EPOCH,2.0,0.0,0.0,YANK,2026-09-15T15:39:00+00:00
PER_SESSION_CONDITIONAL_UNKNOWN_EPOCH,1.0,-303.6100000000006,58545.0,MIM,2026-09-15T15:40:00+00:00
PER_SESSION_CONDITIONAL_UNKNOWN_EPOCH,2.0,0.0,0.0,YANK,2026-09-15T15:40:00+00:00
PER_SESSION_CONDITIONAL_UNKNOWN_EPOCH,1.0,-276.6100000000006,58572.0,MIM,2026-09-15T15:41:00+00:00
PER_SESSION_CONDITIONAL_UNKNOWN_EPOCH,2.0,0.0,0.0,YANK,2026-09-15T15:41:00+00:00
PER_SESSION_CONDITIONAL_UNKNOWN_EPOCH,1.0,-270.1100000000006,58578.5,MIM,2026-09-15T15:42:00+00:00
PER_SESSION_CONDITIONAL_UNKNOWN_EPOCH,2.0,0.0,0.0,YANK,2026-09-15T15:42:00+00:00
PER_SESSION_CONDITIONAL_UNKNOWN_EPOCH,1.0,-269.1100000000006,58579.5,MIM,2026-09-15T15:43:00+00:00
PER_SESSION_CONDITIONAL_UNKNOWN_EPOCH,2.0,0.0,0.0,YANK,2026-09-15T15:43:00+00:00
PER_SESSION_CONDITIONAL_UNKNOWN_EPOCH,1.0,-257.6100000000006,58591.0,MIM,2026-09-15T15:44:00+00:00
PER_SESSION_CONDITIONAL_UNKNOWN_EPOCH,2.0,0.0,0.0,YANK,2026-09-15T15:44:00+00:00
PER_SESSION_CONDITIONAL_UNKNOWN_EPOCH,1.0,-273.6100000000006,58575.0,MIM,2026-09-15T15:45:00+00:00
PER_SESSION_CONDITIONAL_UNKNOWN_EPOCH,2.0,0.0,0.0,YANK,2026-09-15T15:45:00+00:00
PER_SESSION_CONDITIONAL_UNKNOWN_EPOCH,1.0,-277.1100000000006,58571.5,MIM,2026-09-15T15:46:00+00:00
PER_SESSION_CONDITIONAL_UNKNOWN_EPOCH,2.0,0.0,0.0,YANK,2026-09-15T15:46:00+00:00
PER_SESSION_CONDITIONAL_UNKNOWN_EPOCH,1.0,-282.1100000000006,58566.5,MIM,2026-09-15T15:47:00+00:00
PER_SESSION_CONDITIONAL_UNKNOWN_EPOCH,2.0,0.0,0.0,YANK,2026-09-15T15:47:00+00:00
PER_SESSION_CONDITIONAL_UNKNOWN_EPOCH,1.0,-302.6100000000006,58546.0,MIM,2026-09-15T15:48:00+00:00
PER_SESSION_CONDITIONAL_UNKNOWN_EPOCH,2.0,0.0,0.0,YANK,2026-09-15T15:48:00+00:00
PER_SESSION_CONDITIONAL_UNKNOWN_EPOCH,1.0,-300.1100000000006,58548.5,MIM,2026-09-15T15:49:00+00:00
PER_SESSION_CONDITIONAL_UNKNOWN_EPOCH,2.0,0.0,0.0,YANK,2026-09-15T15:49:00+00:00
PER_SESSION_CONDITIONAL_UNKNOWN_EPOCH,1.0,-314.1100000000006,58534.5,MIM,2026-09-15T15:50:00+00:00
PER_SESSION_CONDITIONAL_UNKNOWN_EPOCH,2.0,0.0,0.0,YANK,2026-09-15T15:50:00+00:00
PER_SESSION_CONDITIONAL_UNKNOWN_EPOCH,1.0,-279.6100000000006,58569.0,MIM,2026-09-15T15:51:00+00:00
PER_SESSION_CONDITIONAL_UNKNOWN_EPOCH,2.0,0.0,0.0,YANK,2026-09-15T15:51:00+00:00
PER_SESSION_CONDITIONAL_UNKNOWN_EPOCH,1.0,-298.6100000000006,58550.0,MIM,2026-09-15T15:52:00+00:00
PER_SESSION_CONDITIONAL_UNKNOWN_EPOCH,2.0,0.0,0.0,YANK,2026-09-15T15:52:00+00:00
PER_SESSION_CONDITIONAL_UNKNOWN_EPOCH,1.0,-292.6100000000006,58556.0,MIM,2026-09-15T15:53:00+00:00
PER_SESSION_CONDITIONAL_UNKNOWN_EPOCH,2.0,0.0,0.0,YANK,2026-09-15T15:53:00+00:00
PER_SESSION_CONDITIONAL_UNKNOWN_EPOCH,1.0,-289.1100000000006,58559.5,MIM,2026-09-15T15:54:00+00:00
PER_SESSION_CONDITIONAL_UNKNOWN_EPOCH,2.0,0.0,0.0,YANK,2026-09-15T15:54:00+00:00
PER_SESSION_CONDITIONAL_UNKNOWN_EPOCH,1.0,-291.1100000000006,58557.5,MIM,2026-09-15T15:55:00+00:00
PER_SESSION_CONDITIONAL_UNKNOWN_EPOCH,2.0,0.0,0.0,YANK,2026-09-15T15:55:00+00:00
PER_SESSION_CONDITIONAL_UNKNOWN_EPOCH,1.0,-242.61000000000058,58606.0,MIM,2026-09-15T15:56:00+00:00
PER_SESSION_CONDITIONAL_UNKNOWN_EPOCH,2.0,0.0,0.0,YANK,2026-09-15T15:56:00+00:00
PER_SESSION_CONDITIONAL_UNKNOWN_EPOCH,1.0,-274.1100000000006,58574.5,MIM,2026-09-15T15:57:00+00:00
PER_SESSION_CONDITIONAL_UNKNOWN_EPOCH,2.0,0.0,0.0,YANK,2026-09-15T15:57:00+00:00
PER_SESSION_CONDITIONAL_UNKNOWN_EPOCH,1.0,-275.1100000000006,58573.5,MIM,2026-09-15T15:58:00+00:00
PER_SESSION_CONDITIONAL_UNKNOWN_EPOCH,2.0,0.0,0.0,YANK,2026-09-15T15:58:00+00:00
PER_SESSION_CONDITIONAL_UNKNOWN_EPOCH,1.0,-294.1100000000006,58554.5,MIM,2026-09-15T15:59:00+00:00
PER_SESSION_CONDITIONAL_UNKNOWN_EPOCH,2.0,0.0,0.0,YANK,2026-09-15T15:59:00+00:00
PER_SESSION_CONDITIONAL_UNKNOWN_EPOCH,1.0,-293.6100000000006,58555.0,MIM,2026-09-15T16:00:00+00:00
PER_SESSION_CONDITIONAL_UNKNOWN_EPOCH,2.0,0.0,0.0,YANK,2026-09-15T16:00:00+00:00
PER_SESSION_CONDITIONAL_UNKNOWN_EPOCH,1.0,-286.1100000000006,58562.5,MIM,2026-09-15T16:01:00+00:00
PER_SESSION_CONDITIONAL_UNKNOWN_EPOCH,2.0,0.0,0.0,YANK,2026-09-15T16:01:00+00:00
PER_SESSION_CONDITIONAL_UNKNOWN_EPOCH,1.0,-280.1100000000006,58568.5,MIM,2026-09-15T16:02:00+00:00
PER_SESSION_CONDITIONAL_UNKNOWN_EPOCH,2.0,0.0,0.0,YANK,2026-09-15T16:02:00+00:00
PER_SESSION_CONDITIONAL_UNKNOWN_EPOCH,1.0,-272.6100000000006,58576.0,MIM,2026-09-15T16:03:00+00:00
PER_SESSION_CONDITIONAL_UNKNOWN_EPOCH,2.0,0.0,0.0,YANK,2026-09-15T16:03:00+00:00
PER_SESSION_CONDITIONAL_UNKNOWN_EPOCH,1.0,-287.6100000000006,58561.0,MIM,2026-09-15T16:04:00+00:00
PER_SESSION_CONDITIONAL_UNKNOWN_EPOCH,2.0,0.0,0.0,YANK,2026-09-15T16:04:00+00:00
PER_SESSION_CONDITIONAL_UNKNOWN_EPOCH,1.0,-278.6100000000006,58570.0,MIM,2026-09-15T16:05:00+00:00
PER_SESSION_CONDITIONAL_UNKNOWN_EPOCH,2.0,0.0,0.0,YANK,2026-09-15T16:05:00+00:00
PER_SESSION_CONDITIONAL_UNKNOWN_EPOCH,1.0,-292.6100000000006,58556.0,MIM,2026-09-15T16:06:00+00:00
PER_SESSION_CONDITIONAL_UNKNOWN_EPOCH,2.0,0.0,0.0,YANK,2026-09-15T16:06:00+00:00
PER_SESSION_CONDITIONAL_UNKNOWN_EPOCH,1.0,-304.6100000000006,58544.0,MIM,2026-09-15T16:07:00+00:00
PER_SESSION_CONDITIONAL_UNKNOWN_EPOCH,2.0,0.0,0.0,YANK,2026-09-15T16:07:00+00:00
PER_SESSION_CONDITIONAL_UNKNOWN_EPOCH,1.0,-316.1100000000006,58532.5,MIM,2026-09-15T16:08:00+00:00
PER_SESSION_CONDITIONAL_UNKNOWN_EPOCH,2.0,0.0,0.0,YANK,2026-09-15T16:08:00+00:00
PER_SESSION_CONDITIONAL_UNKNOWN_EPOCH,1.0,-335.6100000000006,58513.0,MIM,2026-09-15T16:09:00+00:00
PER_SESSION_CONDITIONAL_UNKNOWN_EPOCH,2.0,0.0,0.0,YANK,2026-09-15T16:09:00+00:00
PER_SESSION_CONDITIONAL_UNKNOWN_EPOCH,1.0,-349.6100000000006,58499.0,MIM,2026-09-15T16:10:00+00:00
PER_SESSION_CONDITIONAL_UNKNOWN_EPOCH,2.0,0.0,0.0,YANK,2026-09-15T16:10:00+00:00
PER_SESSION_CONDITIONAL_UNKNOWN_EPOCH,1.0,-351.1100000000006,58497.5,MIM,2026-09-15T16:11:00+00:00
PER_SESSION_CONDITIONAL_UNKNOWN_EPOCH,2.0,0.0,0.0,YANK,2026-09-15T16:11:00+00:00
PER_SESSION_CONDITIONAL_UNKNOWN_EPOCH,1.0,-349.6100000000006,58499.0,MIM,2026-09-15T16:12:00+00:00
PER_SESSION_CONDITIONAL_UNKNOWN_EPOCH,2.0,0.0,0.0,YANK,2026-09-15T16:12:00+00:00
PER_SESSION_CONDITIONAL_UNKNOWN_EPOCH,1.0,-356.1100000000006,58492.5,MIM,2026-09-15T16:13:00+00:00
PER_SESSION_CONDITIONAL_UNKNOWN_EPOCH,2.0,0.0,0.0,YANK,2026-09-15T16:13:00+00:00
PER_SESSION_CONDITIONAL_UNKNOWN_EPOCH,1.0,-353.6100000000006,58495.0,MIM,2026-09-15T16:14:00+00:00
PER_SESSION_CONDITIONAL_UNKNOWN_EPOCH,2.0,0.0,0.0,YANK,2026-09-15T16:14:00+00:00
PER_SESSION_CONDITIONAL_UNKNOWN_EPOCH,1.0,-360.6100000000006,58488.0,MIM,2026-09-15T16:15:00+00:00
PER_SESSION_CONDITIONAL_UNKNOWN_EPOCH,2.0,0.0,0.0,YANK,2026-09-15T16:15:00+00:00
PER_SESSION_CONDITIONAL_UNKNOWN_EPOCH,1.0,-350.1100000000006,58498.5,MIM,2026-09-15T16:16:00+00:00
PER_SESSION_CONDITIONAL_UNKNOWN_EPOCH,2.0,0.0,0.0,YANK,2026-09-15T16:16:00+00:00
PER_SESSION_CONDITIONAL_UNKNOWN_EPOCH,1.0,-347.6100000000006,58501.0,MIM,2026-09-15T16:17:00+00:00
PER_SESSION_CONDITIONAL_UNKNOWN_EPOCH,2.0,0.0,0.0,YANK,2026-09-15T16:17:00+00:00
PER_SESSION_CONDITIONAL_UNKNOWN_EPOCH,1.0,-328.6100000000006,58520.0,MIM,2026-09-15T16:18:00+00:00
PER_SESSION_CONDITIONAL_UNKNOWN_EPOCH,2.0,0.0,0.0,YANK,2026-09-15T16:18:00+00:00
PER_SESSION_CONDITIONAL_UNKNOWN_EPOCH,1.0,-322.1100000000006,58526.5,MIM,2026-09-15T16:19:00+00:00
PER_SESSION_CONDITIONAL_UNKNOWN_EPOCH,2.0,0.0,0.0,YANK,2026-09-15T16:19:00+00:00
PER_SESSION_CONDITIONAL_UNKNOWN_EPOCH,1.0,-314.1100000000006,58534.5,MIM,2026-09-15T16:20:00+00:00
PER_SESSION_CONDITIONAL_UNKNOWN_EPOCH,2.0,0.0,0.0,YANK,2026-09-15T16:20:00+00:00
PER_SESSION_CONDITIONAL_UNKNOWN_EPOCH,1.0,-310.1100000000006,58538.5,MIM,2026-09-15T16:21:00+00:00
PER_SESSION_CONDITIONAL_UNKNOWN_EPOCH,2.0,0.0,0.0,YANK,2026-09-15T16:21:00+00:00
PER_SESSION_CONDITIONAL_UNKNOWN_EPOCH,1.0,-292.6100000000006,58556.0,MIM,2026-09-15T16:22:00+00:00
PER_SESSION_CONDITIONAL_UNKNOWN_EPOCH,2.0,0.0,0.0,YANK,2026-09-15T16:22:00+00:00
PER_SESSION_CONDITIONAL_UNKNOWN_EPOCH,1.0,-277.1100000000006,58571.5,MIM,2026-09-15T16:23:00+00:00
PER_SESSION_CONDITIONAL_UNKNOWN_EPOCH,2.0,0.0,0.0,YANK,2026-09-15T16:23:00+00:00
PER_SESSION_CONDITIONAL_UNKNOWN_EPOCH,1.0,-253.61000000000058,58595.0,MIM,2026-09-15T16:24:00+00:00
PER_SESSION_CONDITIONAL_UNKNOWN_EPOCH,2.0,0.0,0.0,YANK,2026-09-15T16:24:00+00:00
PER_SESSION_CONDITIONAL_UNKNOWN_EPOCH,1.0,-256.6100000000006,58592.0,MIM,2026-09-15T16:25:00+00:00
PER_SESSION_CONDITIONAL_UNKNOWN_EPOCH,2.0,0.0,0.0,YANK,2026-09-15T16:25:00+00:00
PER_SESSION_CONDITIONAL_UNKNOWN_EPOCH,1.0,-266.6100000000006,58582.0,MIM,2026-09-15T16:26:00+00:00
PER_SESSION_CONDITIONAL_UNKNOWN_EPOCH,2.0,0.0,0.0,YANK,2026-09-15T16:26:00+00:00
PER_SESSION_CONDITIONAL_UNKNOWN_EPOCH,1.0,-273.6100000000006,58575.0,MIM,2026-09-15T16:27:00+00:00
PER_SESSION_CONDITIONAL_UNKNOWN_EPOCH,2.0,0.0,0.0,YANK,2026-09-15T16:27:00+00:00
PER_SESSION_CONDITIONAL_UNKNOWN_EPOCH,1.0,-255.61000000000058,58593.0,MIM,2026-09-15T16:28:00+00:00
PER_SESSION_CONDITIONAL_UNKNOWN_EPOCH,2.0,0.0,0.0,YANK,2026-09-15T16:28:00+00:00
PER_SESSION_CONDITIONAL_UNKNOWN_EPOCH,1.0,-258.1100000000006,58590.5,MIM,2026-09-15T16:29:00+00:00
PER_SESSION_CONDITIONAL_UNKNOWN_EPOCH,2.0,0.0,0.0,YANK,2026-09-15T16:29:00+00:00
PER_SESSION_CONDITIONAL_UNKNOWN_EPOCH,1.0,-278.6100000000006,58570.0,MIM,2026-09-15T16:30:00+00:00
PER_SESSION_CONDITIONAL_UNKNOWN_EPOCH,2.0,0.0,0.0,YANK,2026-09-15T16:30:00+00:00
PER_SESSION_CONDITIONAL_UNKNOWN_EPOCH,1.0,-310.1100000000006,58538.5,MIM,2026-09-15T16:31:00+00:00
PER_SESSION_CONDITIONAL_UNKNOWN_EPOCH,2.0,0.0,0.0,YANK,2026-09-15T16:31:00+00:00
PER_SESSION_CONDITIONAL_UNKNOWN_EPOCH,1.0,-288.6100000000006,58560.0,MIM,2026-09-15T16:32:00+00:00
PER_SESSION_CONDITIONAL_UNKNOWN_EPOCH,2.0,0.0,0.0,YANK,2026-09-15T16:32:00+00:00
PER_SESSION_CONDITIONAL_UNKNOWN_EPOCH,1.0,-267.6100000000006,58581.0,MIM,2026-09-15T16:33:00+00:00
PER_SESSION_CONDITIONAL_UNKNOWN_EPOCH,2.0,0.0,0.0,YANK,2026-09-15T16:33:00+00:00
PER_SESSION_CONDITIONAL_UNKNOWN_EPOCH,1.0,-270.1100000000006,58578.5,MIM,2026-09-15T16:34:00+00:00
PER_SESSION_CONDITIONAL_UNKNOWN_EPOCH,2.0,0.0,0.0,YANK,2026-09-15T16:34:00+00:00
PER_SESSION_CONDITIONAL_UNKNOWN_EPOCH,1.0,-276.1100000000006,58572.5,MIM,2026-09-15T16:35:00+00:00
PER_SESSION_CONDITIONAL_UNKNOWN_EPOCH,2.0,0.0,0.0,YANK,2026-09-15T16:35:00+00:00
PER_SESSION_CONDITIONAL_UNKNOWN_EPOCH,1.0,-285.1100000000006,58563.5,MIM,2026-09-15T16:36:00+00:00
PER_SESSION_CONDITIONAL_UNKNOWN_EPOCH,2.0,0.0,0.0,YANK,2026-09-15T16:36:00+00:00
PER_SESSION_CONDITIONAL_UNKNOWN_EPOCH,1.0,-277.1100000000006,58571.5,MIM,2026-09-15T16:37:00+00:00
PER_SESSION_CONDITIONAL_UNKNOWN_EPOCH,2.0,0.0,0.0,YANK,2026-09-15T16:37:00+00:00
PER_SESSION_CONDITIONAL_UNKNOWN_EPOCH,1.0,-283.1100000000006,58565.5,MIM,2026-09-15T16:38:00+00:00
PER_SESSION_CONDITIONAL_UNKNOWN_EPOCH,2.0,0.0,0.0,YANK,2026-09-15T16:38:00+00:00
PER_SESSION_CONDITIONAL_UNKNOWN_EPOCH,1.0,-291.1100000000006,58557.5,MIM,2026-09-15T16:39:00+00:00
PER_SESSION_CONDITIONAL_UNKNOWN_EPOCH,2.0,0.0,0.0,YANK,2026-09-15T16:39:00+00:00
PER_SESSION_CONDITIONAL_UNKNOWN_EPOCH,1.0,-287.6100000000006,58561.0,MIM,2026-09-15T16:40:00+00:00
PER_SESSION_CONDITIONAL_UNKNOWN_EPOCH,2.0,0.0,0.0,YANK,2026-09-15T16:40:00+00:00
PER_SESSION_CONDITIONAL_UNKNOWN_EPOCH,1.0,-296.1100000000006,58552.5,MIM,2026-09-15T16:41:00+00:00
PER_SESSION_CONDITIONAL_UNKNOWN_EPOCH,2.0,0.0,0.0,YANK,2026-09-15T16:41:00+00:00
PER_SESSION_CONDITIONAL_UNKNOWN_EPOCH,1.0,-284.6100000000006,58564.0,MIM,2026-09-15T16:42:00+00:00
PER_SESSION_CONDITIONAL_UNKNOWN_EPOCH,2.0,0.0,0.0,YANK,2026-09-15T16:42:00+00:00
PER_SESSION_CONDITIONAL_UNKNOWN_EPOCH,1.0,-286.1100000000006,58562.5,MIM,2026-09-15T16:43:00+00:00
PER_SESSION_CONDITIONAL_UNKNOWN_EPOCH,2.0,0.0,0.0,YANK,2026-09-15T16:43:00+00:00
PER_SESSION_CONDITIONAL_UNKNOWN_EPOCH,1.0,-293.6100000000006,58555.0,MIM,2026-09-15T16:44:00+00:00
PER_SESSION_CONDITIONAL_UNKNOWN_EPOCH,2.0,0.0,0.0,YANK,2026-09-15T16:44:00+00:00
PER_SESSION_CONDITIONAL_UNKNOWN_EPOCH,1.0,-294.6100000000006,58554.0,MIM,2026-09-15T16:45:00+00:00
PER_SESSION_CONDITIONAL_UNKNOWN_EPOCH,2.0,0.0,0.0,YANK,2026-09-15T16:45:00+00:00
PER_SESSION_CONDITIONAL_UNKNOWN_EPOCH,1.0,-290.1100000000006,58558.5,MIM,2026-09-15T16:46:00+00:00
PER_SESSION_CONDITIONAL_UNKNOWN_EPOCH,2.0,0.0,0.0,YANK,2026-09-15T16:46:00+00:00
PER_SESSION_CONDITIONAL_UNKNOWN_EPOCH,1.0,-290.6100000000006,58558.0,MIM,2026-09-15T16:47:00+00:00
PER_SESSION_CONDITIONAL_UNKNOWN_EPOCH,2.0,0.0,0.0,YANK,2026-09-15T16:47:00+00:00
PER_SESSION_CONDITIONAL_UNKNOWN_EPOCH,1.0,-299.6100000000006,58549.0,MIM,2026-09-15T16:48:00+00:00
PER_SESSION_CONDITIONAL_UNKNOWN_EPOCH,2.0,0.0,0.0,YANK,2026-09-15T16:48:00+00:00
PER_SESSION_CONDITIONAL_UNKNOWN_EPOCH,1.0,-316.6100000000006,58532.0,MIM,2026-09-15T16:49:00+00:00
PER_SESSION_CONDITIONAL_UNKNOWN_EPOCH,2.0,0.0,0.0,YANK,2026-09-15T16:49:00+00:00
PER_SESSION_CONDITIONAL_UNKNOWN_EPOCH,1.0,-301.1100000000006,58547.5,MIM,2026-09-15T16:50:00+00:00
PER_SESSION_CONDITIONAL_UNKNOWN_EPOCH,2.0,0.0,0.0,YANK,2026-09-15T16:50:00+00:00
PER_SESSION_CONDITIONAL_UNKNOWN_EPOCH,1.0,-299.1100000000006,58549.5,MIM,2026-09-15T16:51:00+00:00
PER_SESSION_CONDITIONAL_UNKNOWN_EPOCH,2.0,0.0,0.0,YANK,2026-09-15T16:51:00+00:00
PER_SESSION_CONDITIONAL_UNKNOWN_EPOCH,1.0,-294.6100000000006,58554.0,MIM,2026-09-15T16:52:00+00:00
PER_SESSION_CONDITIONAL_UNKNOWN_EPOCH,2.0,0.0,0.0,YANK,2026-09-15T16:52:00+00:00
PER_SESSION_CONDITIONAL_UNKNOWN_EPOCH,1.0,-261.1100000000006,58587.5,MIM,2026-09-15T16:53:00+00:00
PER_SESSION_CONDITIONAL_UNKNOWN_EPOCH,2.0,0.0,0.0,YANK,2026-09-15T16:53:00+00:00
PER_SESSION_CONDITIONAL_UNKNOWN_EPOCH,1.0,-254.61000000000058,58594.0,MIM,2026-09-15T16:54:00+00:00
PER_SESSION_CONDITIONAL_UNKNOWN_EPOCH,2.0,0.0,0.0,YANK,2026-09-15T16:54:00+00:00
PER_SESSION_CONDITIONAL_UNKNOWN_EPOCH,1.0,-253.11000000000058,58595.5,MIM,2026-09-15T16:55:00+00:00
PER_SESSION_CONDITIONAL_UNKNOWN_EPOCH,2.0,0.0,0.0,YANK,2026-09-15T16:55:00+00:00
PER_SESSION_CONDITIONAL_UNKNOWN_EPOCH,1.0,-253.11000000000058,58595.5,MIM,2026-09-15T16:56:00+00:00
PER_SESSION_CONDITIONAL_UNKNOWN_EPOCH,2.0,0.0,0.0,YANK,2026-09-15T16:56:00+00:00
PER_SESSION_CONDITIONAL_UNKNOWN_EPOCH,1.0,-278.6100000000006,58570.0,MIM,2026-09-15T16:57:00+00:00
PER_SESSION_CONDITIONAL_UNKNOWN_EPOCH,2.0,0.0,0.0,YANK,2026-09-15T16:57:00+00:00
PER_SESSION_CONDITIONAL_UNKNOWN_EPOCH,1.0,-287.1100000000006,58561.5,MIM,2026-09-15T16:58:00+00:00
PER_SESSION_CONDITIONAL_UNKNOWN_EPOCH,2.0,0.0,0.0,YANK,2026-09-15T16:58:00+00:00
PER_SESSION_CONDITIONAL_UNKNOWN_EPOCH,1.0,-295.1100000000006,58553.5,MIM,2026-09-15T16:59:00+00:00
PER_SESSION_CONDITIONAL_UNKNOWN_EPOCH,2.0,0.0,0.0,YANK,2026-09-15T16:59:00+00:00
PER_SESSION_CONDITIONAL_UNKNOWN_EPOCH,1.0,-288.1100000000006,58560.5,MIM,2026-09-15T17:00:00+00:00
PER_SESSION_CONDITIONAL_UNKNOWN_EPOCH,2.0,0.0,0.0,YANK,2026-09-15T17:00:00+00:00
PER_SESSION_CONDITIONAL_UNKNOWN_EPOCH,1.0,-297.6100000000006,58551.0,MIM,2026-09-15T17:01:00+00:00
PER_SESSION_CONDITIONAL_UNKNOWN_EPOCH,2.0,0.0,0.0,YANK,2026-09-15T17:01:00+00:00
PER_SESSION_CONDITIONAL_UNKNOWN_EPOCH,1.0,-284.6100000000006,58564.0,MIM,2026-09-15T17:02:00+00:00
PER_SESSION_CONDITIONAL_UNKNOWN_EPOCH,2.0,0.0,0.0,YANK,2026-09-15T17:02:00+00:00
PER_SESSION_CONDITIONAL_UNKNOWN_EPOCH,1.0,-323.1100000000006,58525.5,MIM,2026-09-15T17:03:00+00:00
PER_SESSION_CONDITIONAL_UNKNOWN_EPOCH,2.0,0.0,0.0,YANK,2026-09-15T17:03:00+00:00
PER_SESSION_CONDITIONAL_UNKNOWN_EPOCH,1.0,-326.1100000000006,58522.5,MIM,2026-09-15T17:04:00+00:00
PER_SESSION_CONDITIONAL_UNKNOWN_EPOCH,2.0,0.0,0.0,YANK,2026-09-15T17:04:00+00:00
PER_SESSION_CONDITIONAL_UNKNOWN_EPOCH,1.0,-348.6100000000006,58500.0,MIM,2026-09-15T17:05:00+00:00
PER_SESSION_CONDITIONAL_UNKNOWN_EPOCH,2.0,0.0,0.0,YANK,2026-09-15T17:05:00+00:00
PER_SESSION_CONDITIONAL_UNKNOWN_EPOCH,1.0,-353.6100000000006,58495.0,MIM,2026-09-15T17:06:00+00:00
PER_SESSION_CONDITIONAL_UNKNOWN_EPOCH,2.0,0.0,0.0,YANK,2026-09-15T17:06:00+00:00
PER_SESSION_CONDITIONAL_UNKNOWN_EPOCH,1.0,-339.6100000000006,58509.0,MIM,2026-09-15T17:07:00+00:00
PER_SESSION_CONDITIONAL_UNKNOWN_EPOCH,2.0,0.0,0.0,YANK,2026-09-15T17:07:00+00:00
PER_SESSION_CONDITIONAL_UNKNOWN_EPOCH,1.0,-325.6100000000006,58523.0,MIM,2026-09-15T17:08:00+00:00
PER_SESSION_CONDITIONAL_UNKNOWN_EPOCH,2.0,0.0,0.0,YANK,2026-09-15T17:08:00+00:00
PER_SESSION_CONDITIONAL_UNKNOWN_EPOCH,1.0,-326.1100000000006,58522.5,MIM,2026-09-15T17:09:00+00:00
PER_SESSION_CONDITIONAL_UNKNOWN_EPOCH,2.0,0.0,0.0,YANK,2026-09-15T17:09:00+00:00
PER_SESSION_CONDITIONAL_UNKNOWN_EPOCH,1.0,-337.6100000000006,58511.0,MIM,2026-09-15T17:10:00+00:00
PER_SESSION_CONDITIONAL_UNKNOWN_EPOCH,2.0,0.0,0.0,YANK,2026-09-15T17:10:00+00:00
PER_SESSION_CONDITIONAL_UNKNOWN_EPOCH,1.0,-313.1100000000006,58535.5,MIM,2026-09-15T17:11:00+00:00
PER_SESSION_CONDITIONAL_UNKNOWN_EPOCH,2.0,0.0,0.0,YANK,2026-09-15T17:11:00+00:00
PER_SESSION_CONDITIONAL_UNKNOWN_EPOCH,1.0,-313.6100000000006,58535.0,MIM,2026-09-15T17:12:00+00:00
PER_SESSION_CONDITIONAL_UNKNOWN_EPOCH,2.0,0.0,0.0,YANK,2026-09-15T17:12:00+00:00
PER_SESSION_CONDITIONAL_UNKNOWN_EPOCH,1.0,-332.6100000000006,58516.0,MIM,2026-09-15T17:13:00+00:00
PER_SESSION_CONDITIONAL_UNKNOWN_EPOCH,2.0,0.0,0.0,YANK,2026-09-15T17:13:00+00:00
PER_SESSION_CONDITIONAL_UNKNOWN_EPOCH,1.0,-325.6100000000006,58523.0,MIM,2026-09-15T17:14:00+00:00
PER_SESSION_CONDITIONAL_UNKNOWN_EPOCH,2.0,0.0,0.0,YANK,2026-09-15T17:14:00+00:00
PER_SESSION_CONDITIONAL_UNKNOWN_EPOCH,1.0,-341.6100000000006,58507.0,MIM,2026-09-15T17:15:00+00:00
PER_SESSION_CONDITIONAL_UNKNOWN_EPOCH,2.0,0.0,0.0,YANK,2026-09-15T17:15:00+00:00
PER_SESSION_CONDITIONAL_UNKNOWN_EPOCH,1.0,-340.1100000000006,58508.5,MIM,2026-09-15T17:16:00+00:00
PER_SESSION_CONDITIONAL_UNKNOWN_EPOCH,2.0,0.0,0.0,YANK,2026-09-15T17:16:00+00:00
PER_SESSION_CONDITIONAL_UNKNOWN_EPOCH,1.0,-331.6100000000006,58517.0,MIM,2026-09-15T17:17:00+00:00
PER_SESSION_CONDITIONAL_UNKNOWN_EPOCH,2.0,0.0,0.0,YANK,2026-09-15T17:17:00+00:00
PER_SESSION_CONDITIONAL_UNKNOWN_EPOCH,1.0,-338.6100000000006,58510.0,MIM,2026-09-15T17:18:00+00:00
PER_SESSION_CONDITIONAL_UNKNOWN_EPOCH,2.0,0.0,0.0,YANK,2026-09-15T17:18:00+00:00
PER_SESSION_CONDITIONAL_UNKNOWN_EPOCH,1.0,-340.6100000000006,58508.0,MIM,2026-09-15T17:19:00+00:00
PER_SESSION_CONDITIONAL_UNKNOWN_EPOCH,2.0,0.0,0.0,YANK,2026-09-15T17:19:00+00:00
PER_SESSION_CONDITIONAL_UNKNOWN_EPOCH,1.0,-325.1100000000006,58523.5,MIM,2026-09-15T17:20:00+00:00
PER_SESSION_CONDITIONAL_UNKNOWN_EPOCH,2.0,0.0,0.0,YANK,2026-09-15T17:20:00+00:00
PER_SESSION_CONDITIONAL_UNKNOWN_EPOCH,1.0,-319.6100000000006,58529.0,MIM,2026-09-15T17:21:00+00:00
PER_SESSION_CONDITIONAL_UNKNOWN_EPOCH,2.0,0.0,0.0,YANK,2026-09-15T17:21:00+00:00
PER_SESSION_CONDITIONAL_UNKNOWN_EPOCH,1.0,-334.1100000000006,58514.5,MIM,2026-09-15T17:22:00+00:00
PER_SESSION_CONDITIONAL_UNKNOWN_EPOCH,2.0,0.0,0.0,YANK,2026-09-15T17:22:00+00:00
PER_SESSION_CONDITIONAL_UNKNOWN_EPOCH,1.0,-341.1100000000006,58507.5,MIM,2026-09-15T17:23:00+00:00
PER_SESSION_CONDITIONAL_UNKNOWN_EPOCH,2.0,0.0,0.0,YANK,2026-09-15T17:23:00+00:00
PER_SESSION_CONDITIONAL_UNKNOWN_EPOCH,1.0,-342.1100000000006,58506.5,MIM,2026-09-15T17:24:00+00:00
PER_SESSION_CONDITIONAL_UNKNOWN_EPOCH,2.0,0.0,0.0,YANK,2026-09-15T17:24:00+00:00
PER_SESSION_CONDITIONAL_UNKNOWN_EPOCH,1.0,-361.1100000000006,58487.5,MIM,2026-09-15T17:25:00+00:00
PER_SESSION_CONDITIONAL_UNKNOWN_EPOCH,2.0,0.0,0.0,YANK,2026-09-15T17:25:00+00:00
PER_SESSION_CONDITIONAL_UNKNOWN_EPOCH,1.0,-353.1100000000006,58495.5,MIM,2026-09-15T17:26:00+00:00
PER_SESSION_CONDITIONAL_UNKNOWN_EPOCH,2.0,0.0,0.0,YANK,2026-09-15T17:26:00+00:00
PER_SESSION_CONDITIONAL_UNKNOWN_EPOCH,1.0,-342.6100000000006,58506.0,MIM,2026-09-15T17:27:00+00:00
PER_SESSION_CONDITIONAL_UNKNOWN_EPOCH,2.0,0.0,0.0,YANK,2026-09-15T17:27:00+00:00
PER_SESSION_CONDITIONAL_UNKNOWN_EPOCH,1.0,-342.6100000000006,58506.0,MIM,2026-09-15T17:28:00+00:00
PER_SESSION_CONDITIONAL_UNKNOWN_EPOCH,2.0,0.0,0.0,YANK,2026-09-15T17:28:00+00:00
PER_SESSION_CONDITIONAL_UNKNOWN_EPOCH,1.0,-351.6100000000006,58497.0,MIM,2026-09-15T17:29:00+00:00
PER_SESSION_CONDITIONAL_UNKNOWN_EPOCH,2.0,0.0,0.0,YANK,2026-09-15T17:29:00+00:00
PER_SESSION_CONDITIONAL_UNKNOWN_EPOCH,1.0,-341.1100000000006,58507.5,MIM,2026-09-15T17:30:00+00:00
PER_SESSION_CONDITIONAL_UNKNOWN_EPOCH,2.0,0.0,0.0,YANK,2026-09-15T17:30:00+00:00
PER_SESSION_CONDITIONAL_UNKNOWN_EPOCH,1.0,-346.6100000000006,58502.0,MIM,2026-09-15T17:31:00+00:00
PER_SESSION_CONDITIONAL_UNKNOWN_EPOCH,2.0,0.0,0.0,YANK,2026-09-15T17:31:00+00:00
PER_SESSION_CONDITIONAL_UNKNOWN_EPOCH,1.0,-333.1100000000006,58515.5,MIM,2026-09-15T17:32:00+00:00
PER_SESSION_CONDITIONAL_UNKNOWN_EPOCH,2.0,0.0,0.0,YANK,2026-09-15T17:32:00+00:00
PER_SESSION_CONDITIONAL_UNKNOWN_EPOCH,1.0,-320.1100000000006,58528.5,MIM,2026-09-15T17:33:00+00:00
PER_SESSION_CONDITIONAL_UNKNOWN_EPOCH,2.0,0.0,0.0,YANK,2026-09-15T17:33:00+00:00
PER_SESSION_CONDITIONAL_UNKNOWN_EPOCH,1.0,-317.6100000000006,58531.0,MIM,2026-09-15T17:34:00+00:00
PER_SESSION_CONDITIONAL_UNKNOWN_EPOCH,2.0,0.0,0.0,YANK,2026-09-15T17:34:00+00:00
PER_SESSION_CONDITIONAL_UNKNOWN_EPOCH,1.0,-333.1100000000006,58515.5,MIM,2026-09-15T17:35:00+00:00
PER_SESSION_CONDITIONAL_UNKNOWN_EPOCH,2.0,0.0,0.0,YANK,2026-09-15T17:35:00+00:00
PER_SESSION_CONDITIONAL_UNKNOWN_EPOCH,1.0,-326.6100000000006,58522.0,MIM,2026-09-15T17:36:00+00:00
PER_SESSION_CONDITIONAL_UNKNOWN_EPOCH,2.0,0.0,0.0,YANK,2026-09-15T17:36:00+00:00
PER_SESSION_CONDITIONAL_UNKNOWN_EPOCH,1.0,-337.6100000000006,58511.0,MIM,2026-09-15T17:37:00+00:00
PER_SESSION_CONDITIONAL_UNKNOWN_EPOCH,2.0,0.0,0.0,YANK,2026-09-15T17:37:00+00:00
PER_SESSION_CONDITIONAL_UNKNOWN_EPOCH,1.0,-330.6100000000006,58518.0,MIM,2026-09-15T17:38:00+00:00
PER_SESSION_CONDITIONAL_UNKNOWN_EPOCH,2.0,0.0,0.0,YANK,2026-09-15T17:38:00+00:00
PER_SESSION_CONDITIONAL_UNKNOWN_EPOCH,1.0,-338.1100000000006,58510.5,MIM,2026-09-15T17:39:00+00:00
PER_SESSION_CONDITIONAL_UNKNOWN_EPOCH,2.0,0.0,0.0,YANK,2026-09-15T17:39:00+00:00
PER_SESSION_CONDITIONAL_UNKNOWN_EPOCH,1.0,-340.6100000000006,58508.0,MIM,2026-09-15T17:40:00+00:00
PER_SESSION_CONDITIONAL_UNKNOWN_EPOCH,2.0,0.0,0.0,YANK,2026-09-15T17:40:00+00:00
PER_SESSION_CONDITIONAL_UNKNOWN_EPOCH,1.0,-332.1100000000006,58516.5,MIM,2026-09-15T17:41:00+00:00
PER_SESSION_CONDITIONAL_UNKNOWN_EPOCH,2.0,0.0,0.0,YANK,2026-09-15T17:41:00+00:00
PER_SESSION_CONDITIONAL_UNKNOWN_EPOCH,1.0,-345.1100000000006,58503.5,MIM,2026-09-15T17:42:00+00:00
PER_SESSION_CONDITIONAL_UNKNOWN_EPOCH,2.0,0.0,0.0,YANK,2026-09-15T17:42:00+00:00
PER_SESSION_CONDITIONAL_UNKNOWN_EPOCH,1.0,-355.1100000000006,58493.5,MIM,2026-09-15T17:43:00+00:00
PER_SESSION_CONDITIONAL_UNKNOWN_EPOCH,2.0,0.0,0.0,YANK,2026-09-15T17:43:00+00:00
PER_SESSION_CONDITIONAL_UNKNOWN_EPOCH,1.0,-342.1100000000006,58506.5,MIM,2026-09-15T17:44:00+00:00
PER_SESSION_CONDITIONAL_UNKNOWN_EPOCH,2.0,0.0,0.0,YANK,2026-09-15T17:44:00+00:00
PER_SESSION_CONDITIONAL_UNKNOWN_EPOCH,1.0,-337.6100000000006,58511.0,MIM,2026-09-15T17:45:00+00:00
PER_SESSION_CONDITIONAL_UNKNOWN_EPOCH,2.0,0.0,0.0,YANK,2026-09-15T17:45:00+00:00
PER_SESSION_CONDITIONAL_UNKNOWN_EPOCH,1.0,-332.6100000000006,58516.0,MIM,2026-09-15T17:46:00+00:00
PER_SESSION_CONDITIONAL_UNKNOWN_EPOCH,2.0,0.0,0.0,YANK,2026-09-15T17:46:00+00:00
PER_SESSION_CONDITIONAL_UNKNOWN_EPOCH,1.0,-349.1100000000006,58499.5,MIM,2026-09-15T17:47:00+00:00
PER_SESSION_CONDITIONAL_UNKNOWN_EPOCH,2.0,0.0,0.0,YANK,2026-09-15T17:47:00+00:00
PER_SESSION_CONDITIONAL_UNKNOWN_EPOCH,1.0,-348.1100000000006,58500.5,MIM,2026-09-15T17:48:00+00:00
PER_SESSION_CONDITIONAL_UNKNOWN_EPOCH,2.0,0.0,0.0,YANK,2026-09-15T17:48:00+00:00
PER_SESSION_CONDITIONAL_UNKNOWN_EPOCH,1.0,-350.6100000000006,58498.0,MIM,2026-09-15T17:49:00+00:00
PER_SESSION_CONDITIONAL_UNKNOWN_EPOCH,2.0,0.0,0.0,YANK,2026-09-15T17:49:00+00:00
PER_SESSION_CONDITIONAL_UNKNOWN_EPOCH,1.0,-349.6100000000006,58499.0,MIM,2026-09-15T17:50:00+00:00
PER_SESSION_CONDITIONAL_UNKNOWN_EPOCH,2.0,0.0,0.0,YANK,2026-09-15T17:50:00+00:00
PER_SESSION_CONDITIONAL_UNKNOWN_EPOCH,1.0,-347.1100000000006,58501.5,MIM,2026-09-15T17:51:00+00:00
PER_SESSION_CONDITIONAL_UNKNOWN_EPOCH,2.0,0.0,0.0,YANK,2026-09-15T17:51:00+00:00
PER_SESSION_CONDITIONAL_UNKNOWN_EPOCH,1.0,-346.6100000000006,58502.0,MIM,2026-09-15T17:52:00+00:00
PER_SESSION_CONDITIONAL_UNKNOWN_EPOCH,2.0,0.0,0.0,YANK,2026-09-15T17:52:00+00:00
PER_SESSION_CONDITIONAL_UNKNOWN_EPOCH,1.0,-336.1100000000006,58512.5,MIM,2026-09-15T17:53:00+00:00
PER_SESSION_CONDITIONAL_UNKNOWN_EPOCH,2.0,0.0,0.0,YANK,2026-09-15T17:53:00+00:00
PER_SESSION_CONDITIONAL_UNKNOWN_EPOCH,1.0,-327.1100000000006,58521.5,MIM,2026-09-15T17:54:00+00:00
PER_SESSION_CONDITIONAL_UNKNOWN_EPOCH,2.0,0.0,0.0,YANK,2026-09-15T17:54:00+00:00
PER_SESSION_CONDITIONAL_UNKNOWN_EPOCH,1.0,-321.1100000000006,58527.5,MIM,2026-09-15T17:55:00+00:00
PER_SESSION_CONDITIONAL_UNKNOWN_EPOCH,2.0,0.0,0.0,YANK,2026-09-15T17:55:00+00:00
PER_SESSION_CONDITIONAL_UNKNOWN_EPOCH,1.0,-318.1100000000006,58530.5,MIM,2026-09-15T17:56:00+00:00
PER_SESSION_CONDITIONAL_UNKNOWN_EPOCH,2.0,0.0,0.0,YANK,2026-09-15T17:56:00+00:00
PER_SESSION_CONDITIONAL_UNKNOWN_EPOCH,1.0,-306.6100000000006,58542.0,MIM,2026-09-15T17:57:00+00:00
PER_SESSION_CONDITIONAL_UNKNOWN_EPOCH,2.0,0.0,0.0,YANK,2026-09-15T17:57:00+00:00
PER_SESSION_CONDITIONAL_UNKNOWN_EPOCH,1.0,-311.1100000000006,58537.5,MIM,2026-09-15T17:58:00+00:00
PER_SESSION_CONDITIONAL_UNKNOWN_EPOCH,2.0,0.0,0.0,YANK,2026-09-15T17:58:00+00:00
PER_SESSION_CONDITIONAL_UNKNOWN_EPOCH,1.0,-317.6100000000006,58531.0,MIM,2026-09-15T17:59:00+00:00
PER_SESSION_CONDITIONAL_UNKNOWN_EPOCH,2.0,0.0,0.0,YANK,2026-09-15T17:59:00+00:00
PER_SESSION_CONDITIONAL_UNKNOWN_EPOCH,1.0,-321.1100000000006,58527.5,MIM,2026-09-15T18:00:00+00:00
PER_SESSION_CONDITIONAL_UNKNOWN_EPOCH,2.0,0.0,0.0,YANK,2026-09-15T18:00:00+00:00
PER_SESSION_CONDITIONAL_UNKNOWN_EPOCH,1.0,-332.1100000000006,58516.5,MIM,2026-09-15T18:01:00+00:00
PER_SESSION_CONDITIONAL_UNKNOWN_EPOCH,2.0,0.0,0.0,YANK,2026-09-15T18:01:00+00:00
PER_SESSION_CONDITIONAL_UNKNOWN_EPOCH,1.0,-315.1100000000006,58533.5,MIM,2026-09-15T18:02:00+00:00
PER_SESSION_CONDITIONAL_UNKNOWN_EPOCH,2.0,0.0,0.0,YANK,2026-09-15T18:02:00+00:00
PER_SESSION_CONDITIONAL_UNKNOWN_EPOCH,1.0,-304.1100000000006,58544.5,MIM,2026-09-15T18:03:00+00:00
PER_SESSION_CONDITIONAL_UNKNOWN_EPOCH,2.0,0.0,0.0,YANK,2026-09-15T18:03:00+00:00
PER_SESSION_CONDITIONAL_UNKNOWN_EPOCH,1.0,-305.1100000000006,58543.5,MIM,2026-09-15T18:04:00+00:00
PER_SESSION_CONDITIONAL_UNKNOWN_EPOCH,2.0,0.0,0.0,YANK,2026-09-15T18:04:00+00:00
PER_SESSION_CONDITIONAL_UNKNOWN_EPOCH,1.0,-301.6100000000006,58547.0,MIM,2026-09-15T18:05:00+00:00
PER_SESSION_CONDITIONAL_UNKNOWN_EPOCH,2.0,0.0,0.0,YANK,2026-09-15T18:05:00+00:00
PER_SESSION_CONDITIONAL_UNKNOWN_EPOCH,1.0,-306.1100000000006,58542.5,MIM,2026-09-15T18:06:00+00:00
PER_SESSION_CONDITIONAL_UNKNOWN_EPOCH,2.0,0.0,0.0,YANK,2026-09-15T18:06:00+00:00
PER_SESSION_CONDITIONAL_UNKNOWN_EPOCH,1.0,-295.6100000000006,58553.0,MIM,2026-09-15T18:07:00+00:00
PER_SESSION_CONDITIONAL_UNKNOWN_EPOCH,2.0,0.0,0.0,YANK,2026-09-15T18:07:00+00:00
PER_SESSION_CONDITIONAL_UNKNOWN_EPOCH,1.0,-291.1100000000006,58557.5,MIM,2026-09-15T18:08:00+00:00
PER_SESSION_CONDITIONAL_UNKNOWN_EPOCH,2.0,0.0,0.0,YANK,2026-09-15T18:08:00+00:00
PER_SESSION_CONDITIONAL_UNKNOWN_EPOCH,1.0,-297.6100000000006,58551.0,MIM,2026-09-15T18:09:00+00:00
PER_SESSION_CONDITIONAL_UNKNOWN_EPOCH,2.0,0.0,0.0,YANK,2026-09-15T18:09:00+00:00
PER_SESSION_CONDITIONAL_UNKNOWN_EPOCH,1.0,-288.1100000000006,58560.5,MIM,2026-09-15T18:10:00+00:00
PER_SESSION_CONDITIONAL_UNKNOWN_EPOCH,2.0,0.0,0.0,YANK,2026-09-15T18:10:00+00:00
PER_SESSION_CONDITIONAL_UNKNOWN_EPOCH,1.0,-299.6100000000006,58549.0,MIM,2026-09-15T18:11:00+00:00
PER_SESSION_CONDITIONAL_UNKNOWN_EPOCH,2.0,0.0,0.0,YANK,2026-09-15T18:11:00+00:00
PER_SESSION_CONDITIONAL_UNKNOWN_EPOCH,1.0,-281.1100000000006,58567.5,MIM,2026-09-15T18:12:00+00:00
PER_SESSION_CONDITIONAL_UNKNOWN_EPOCH,2.0,0.0,0.0,YANK,2026-09-15T18:12:00+00:00
PER_SESSION_CONDITIONAL_UNKNOWN_EPOCH,1.0,-280.1100000000006,58568.5,MIM,2026-09-15T18:13:00+00:00
PER_SESSION_CONDITIONAL_UNKNOWN_EPOCH,2.0,0.0,0.0,YANK,2026-09-15T18:13:00+00:00
PER_SESSION_CONDITIONAL_UNKNOWN_EPOCH,1.0,-281.1100000000006,58567.5,MIM,2026-09-15T18:14:00+00:00
PER_SESSION_CONDITIONAL_UNKNOWN_EPOCH,2.0,0.0,0.0,YANK,2026-09-15T18:14:00+00:00
PER_SESSION_CONDITIONAL_UNKNOWN_EPOCH,1.0,-287.6100000000006,58561.0,MIM,2026-09-15T18:15:00+00:00
PER_SESSION_CONDITIONAL_UNKNOWN_EPOCH,2.0,0.0,0.0,YANK,2026-09-15T18:15:00+00:00
PER_SESSION_CONDITIONAL_UNKNOWN_EPOCH,1.0,-302.6100000000006,58546.0,MIM,2026-09-15T18:16:00+00:00
PER_SESSION_CONDITIONAL_UNKNOWN_EPOCH,2.0,0.0,0.0,YANK,2026-09-15T18:16:00+00:00
PER_SESSION_CONDITIONAL_UNKNOWN_EPOCH,1.0,-316.6100000000006,58532.0,MIM,2026-09-15T18:17:00+00:00
PER_SESSION_CONDITIONAL_UNKNOWN_EPOCH,2.0,0.0,0.0,YANK,2026-09-15T18:17:00+00:00
PER_SESSION_CONDITIONAL_UNKNOWN_EPOCH,1.0,-311.6100000000006,58537.0,MIM,2026-09-15T18:18:00+00:00
PER_SESSION_CONDITIONAL_UNKNOWN_EPOCH,2.0,0.0,0.0,YANK,2026-09-15T18:18:00+00:00
PER_SESSION_CONDITIONAL_UNKNOWN_EPOCH,1.0,-316.1100000000006,58532.5,MIM,2026-09-15T18:19:00+00:00
PER_SESSION_CONDITIONAL_UNKNOWN_EPOCH,2.0,0.0,0.0,YANK,2026-09-15T18:19:00+00:00
PER_SESSION_CONDITIONAL_UNKNOWN_EPOCH,1.0,-314.1100000000006,58534.5,MIM,2026-09-15T18:20:00+00:00
PER_SESSION_CONDITIONAL_UNKNOWN_EPOCH,2.0,0.0,0.0,YANK,2026-09-15T18:20:00+00:00
PER_SESSION_CONDITIONAL_UNKNOWN_EPOCH,1.0,-312.1100000000006,58536.5,MIM,2026-09-15T18:21:00+00:00
PER_SESSION_CONDITIONAL_UNKNOWN_EPOCH,2.0,0.0,0.0,YANK,2026-09-15T18:21:00+00:00
PER_SESSION_CONDITIONAL_UNKNOWN_EPOCH,1.0,-305.6100000000006,58543.0,MIM,2026-09-15T18:22:00+00:00
PER_SESSION_CONDITIONAL_UNKNOWN_EPOCH,2.0,0.0,0.0,YANK,2026-09-15T18:22:00+00:00
PER_SESSION_CONDITIONAL_UNKNOWN_EPOCH,1.0,-304.1100000000006,58544.5,MIM,2026-09-15T18:23:00+00:00
PER_SESSION_CONDITIONAL_UNKNOWN_EPOCH,2.0,0.0,0.0,YANK,2026-09-15T18:23:00+00:00
PER_SESSION_CONDITIONAL_UNKNOWN_EPOCH,1.0,-311.1100000000006,58537.5,MIM,2026-09-15T18:24:00+00:00
PER_SESSION_CONDITIONAL_UNKNOWN_EPOCH,2.0,0.0,0.0,YANK,2026-09-15T18:24:00+00:00
PER_SESSION_CONDITIONAL_UNKNOWN_EPOCH,1.0,-306.1100000000006,58542.5,MIM,2026-09-15T18:25:00+00:00
PER_SESSION_CONDITIONAL_UNKNOWN_EPOCH,2.0,0.0,0.0,YANK,2026-09-15T18:25:00+00:00
PER_SESSION_CONDITIONAL_UNKNOWN_EPOCH,1.0,-302.1100000000006,58546.5,MIM,2026-09-15T18:26:00+00:00
PER_SESSION_CONDITIONAL_UNKNOWN_EPOCH,2.0,0.0,0.0,YANK,2026-09-15T18:26:00+00:00
PER_SESSION_CONDITIONAL_UNKNOWN_EPOCH,1.0,-305.6100000000006,58543.0,MIM,2026-09-15T18:27:00+00:00
PER_SESSION_CONDITIONAL_UNKNOWN_EPOCH,2.0,0.0,0.0,YANK,2026-09-15T18:27:00+00:00
PER_SESSION_CONDITIONAL_UNKNOWN_EPOCH,1.0,-312.6100000000006,58536.0,MIM,2026-09-15T18:28:00+00:00
PER_SESSION_CONDITIONAL_UNKNOWN_EPOCH,2.0,0.0,0.0,YANK,2026-09-15T18:28:00+00:00
PER_SESSION_CONDITIONAL_UNKNOWN_EPOCH,1.0,-287.1100000000006,58561.5,MIM,2026-09-15T18:29:00+00:00
PER_SESSION_CONDITIONAL_UNKNOWN_EPOCH,2.0,0.0,0.0,YANK,2026-09-15T18:29:00+00:00
PER_SESSION_CONDITIONAL_UNKNOWN_EPOCH,1.0,-287.1100000000006,58561.5,MIM,2026-09-15T18:30:00+00:00
PER_SESSION_CONDITIONAL_UNKNOWN_EPOCH,2.0,0.0,0.0,YANK,2026-09-15T18:30:00+00:00
PER_SESSION_CONDITIONAL_UNKNOWN_EPOCH,1.0,-308.1100000000006,58540.5,MIM,2026-09-15T18:31:00+00:00
PER_SESSION_CONDITIONAL_UNKNOWN_EPOCH,2.0,0.0,0.0,YANK,2026-09-15T18:31:00+00:00
PER_SESSION_CONDITIONAL_UNKNOWN_EPOCH,1.0,-312.1100000000006,58536.5,MIM,2026-09-15T18:32:00+00:00
PER_SESSION_CONDITIONAL_UNKNOWN_EPOCH,2.0,0.0,0.0,YANK,2026-09-15T18:32:00+00:00
PER_SESSION_CONDITIONAL_UNKNOWN_EPOCH,1.0,-329.1100000000006,58519.5,MIM,2026-09-15T18:33:00+00:00
PER_SESSION_CONDITIONAL_UNKNOWN_EPOCH,2.0,0.0,0.0,YANK,2026-09-15T18:33:00+00:00
PER_SESSION_CONDITIONAL_UNKNOWN_EPOCH,1.0,-331.1100000000006,58517.5,MIM,2026-09-15T18:34:00+00:00
PER_SESSION_CONDITIONAL_UNKNOWN_EPOCH,2.0,0.0,0.0,YANK,2026-09-15T18:34:00+00:00
PER_SESSION_CONDITIONAL_UNKNOWN_EPOCH,1.0,-331.6100000000006,58517.0,MIM,2026-09-15T18:35:00+00:00
PER_SESSION_CONDITIONAL_UNKNOWN_EPOCH,2.0,0.0,0.0,YANK,2026-09-15T18:35:00+00:00
PER_SESSION_CONDITIONAL_UNKNOWN_EPOCH,1.0,-326.1100000000006,58522.5,MIM,2026-09-15T18:36:00+00:00
PER_SESSION_CONDITIONAL_UNKNOWN_EPOCH,2.0,0.0,0.0,YANK,2026-09-15T18:36:00+00:00
PER_SESSION_CONDITIONAL_UNKNOWN_EPOCH,1.0,-331.6100000000006,58517.0,MIM,2026-09-15T18:37:00+00:00
PER_SESSION_CONDITIONAL_UNKNOWN_EPOCH,2.0,0.0,0.0,YANK,2026-09-15T18:37:00+00:00
PER_SESSION_CONDITIONAL_UNKNOWN_EPOCH,1.0,-335.6100000000006,58513.0,MIM,2026-09-15T18:38:00+00:00
PER_SESSION_CONDITIONAL_UNKNOWN_EPOCH,2.0,0.0,0.0,YANK,2026-09-15T18:38:00+00:00
PER_SESSION_CONDITIONAL_UNKNOWN_EPOCH,1.0,-330.6100000000006,58518.0,MIM,2026-09-15T18:39:00+00:00
PER_SESSION_CONDITIONAL_UNKNOWN_EPOCH,2.0,0.0,0.0,YANK,2026-09-15T18:39:00+00:00
PER_SESSION_CONDITIONAL_UNKNOWN_EPOCH,1.0,-332.1100000000006,58516.5,MIM,2026-09-15T18:40:00+00:00
PER_SESSION_CONDITIONAL_UNKNOWN_EPOCH,2.0,0.0,0.0,YANK,2026-09-15T18:40:00+00:00
PER_SESSION_CONDITIONAL_UNKNOWN_EPOCH,1.0,-349.1100000000006,58499.5,MIM,2026-09-15T18:41:00+00:00
PER_SESSION_CONDITIONAL_UNKNOWN_EPOCH,2.0,0.0,0.0,YANK,2026-09-15T18:41:00+00:00
PER_SESSION_CONDITIONAL_UNKNOWN_EPOCH,1.0,-319.6100000000006,58529.0,MIM,2026-09-15T18:42:00+00:00
PER_SESSION_CONDITIONAL_UNKNOWN_EPOCH,2.0,0.0,0.0,YANK,2026-09-15T18:42:00+00:00
PER_SESSION_CONDITIONAL_UNKNOWN_EPOCH,1.0,-341.1100000000006,58507.5,MIM,2026-09-15T18:43:00+00:00
PER_SESSION_CONDITIONAL_UNKNOWN_EPOCH,2.0,0.0,0.0,YANK,2026-09-15T18:43:00+00:00
PER_SESSION_CONDITIONAL_UNKNOWN_EPOCH,1.0,-346.6100000000006,58502.0,MIM,2026-09-15T18:44:00+00:00
PER_SESSION_CONDITIONAL_UNKNOWN_EPOCH,2.0,0.0,0.0,YANK,2026-09-15T18:44:00+00:00
PER_SESSION_CONDITIONAL_UNKNOWN_EPOCH,1.0,-346.6100000000006,58502.0,MIM,2026-09-15T18:45:00+00:00
PER_SESSION_CONDITIONAL_UNKNOWN_EPOCH,2.0,0.0,0.0,YANK,2026-09-15T18:45:00+00:00
PER_SESSION_CONDITIONAL_UNKNOWN_EPOCH,1.0,-351.6100000000006,58497.0,MIM,2026-09-15T18:46:00+00:00
PER_SESSION_CONDITIONAL_UNKNOWN_EPOCH,2.0,0.0,0.0,YANK,2026-09-15T18:46:00+00:00
PER_SESSION_CONDITIONAL_UNKNOWN_EPOCH,1.0,-359.6100000000006,58489.0,MIM,2026-09-15T18:47:00+00:00
PER_SESSION_CONDITIONAL_UNKNOWN_EPOCH,2.0,0.0,0.0,YANK,2026-09-15T18:47:00+00:00
PER_SESSION_CONDITIONAL_UNKNOWN_EPOCH,1.0,-362.1100000000006,58486.5,MIM,2026-09-15T18:48:00+00:00
PER_SESSION_CONDITIONAL_UNKNOWN_EPOCH,2.0,0.0,0.0,YANK,2026-09-15T18:48:00+00:00
PER_SESSION_CONDITIONAL_UNKNOWN_EPOCH,1.0,-371.1100000000006,58477.5,MIM,2026-09-15T18:49:00+00:00
PER_SESSION_CONDITIONAL_UNKNOWN_EPOCH,2.0,0.0,0.0,YANK,2026-09-15T18:49:00+00:00
PER_SESSION_CONDITIONAL_UNKNOWN_EPOCH,1.0,-376.6100000000006,58472.0,MIM,2026-09-15T18:50:00+00:00
PER_SESSION_CONDITIONAL_UNKNOWN_EPOCH,2.0,0.0,0.0,YANK,2026-09-15T18:50:00+00:00
PER_SESSION_CONDITIONAL_UNKNOWN_EPOCH,1.0,-370.6100000000006,58478.0,MIM,2026-09-15T18:51:00+00:00
PER_SESSION_CONDITIONAL_UNKNOWN_EPOCH,2.0,0.0,0.0,YANK,2026-09-15T18:51:00+00:00
PER_SESSION_CONDITIONAL_UNKNOWN_EPOCH,1.0,-381.1100000000006,58467.5,MIM,2026-09-15T18:52:00+00:00
PER_SESSION_CONDITIONAL_UNKNOWN_EPOCH,2.0,0.0,0.0,YANK,2026-09-15T18:52:00+00:00
PER_SESSION_CONDITIONAL_UNKNOWN_EPOCH,1.0,-374.6100000000006,58474.0,MIM,2026-09-15T18:53:00+00:00
PER_SESSION_CONDITIONAL_UNKNOWN_EPOCH,2.0,0.0,0.0,YANK,2026-09-15T18:53:00+00:00
PER_SESSION_CONDITIONAL_UNKNOWN_EPOCH,1.0,-369.1100000000006,58479.5,MIM,2026-09-15T18:54:00+00:00
PER_SESSION_CONDITIONAL_UNKNOWN_EPOCH,2.0,0.0,0.0,YANK,2026-09-15T18:54:00+00:00
PER_SESSION_CONDITIONAL_UNKNOWN_EPOCH,1.0,-363.1100000000006,58485.5,MIM,2026-09-15T18:55:00+00:00
PER_SESSION_CONDITIONAL_UNKNOWN_EPOCH,2.0,0.0,0.0,YANK,2026-09-15T18:55:00+00:00
PER_SESSION_CONDITIONAL_UNKNOWN_EPOCH,1.0,-361.6100000000006,58487.0,MIM,2026-09-15T18:56:00+00:00
PER_SESSION_CONDITIONAL_UNKNOWN_EPOCH,2.0,0.0,0.0,YANK,2026-09-15T18:56:00+00:00
PER_SESSION_CONDITIONAL_UNKNOWN_EPOCH,1.0,-360.6100000000006,58488.0,MIM,2026-09-15T18:57:00+00:00
PER_SESSION_CONDITIONAL_UNKNOWN_EPOCH,2.0,0.0,0.0,YANK,2026-09-15T18:57:00+00:00
PER_SESSION_CONDITIONAL_UNKNOWN_EPOCH,1.0,-364.6100000000006,58484.0,MIM,2026-09-15T18:58:00+00:00
PER_SESSION_CONDITIONAL_UNKNOWN_EPOCH,2.0,0.0,0.0,YANK,2026-09-15T18:58:00+00:00
PER_SESSION_CONDITIONAL_UNKNOWN_EPOCH,1.0,-353.6100000000006,58495.0,MIM,2026-09-15T18:59:00+00:00
PER_SESSION_CONDITIONAL_UNKNOWN_EPOCH,2.0,0.0,0.0,YANK,2026-09-15T18:59:00+00:00
PER_SESSION_CONDITIONAL_UNKNOWN_EPOCH,1.0,-343.6100000000006,58505.0,MIM,2026-09-15T19:00:00+00:00
PER_SESSION_CONDITIONAL_UNKNOWN_EPOCH,2.0,0.0,0.0,YANK,2026-09-15T19:00:00+00:00
PER_SESSION_CONDITIONAL_UNKNOWN_EPOCH,1.0,-335.1100000000006,58513.5,MIM,2026-09-15T19:01:00+00:00
PER_SESSION_CONDITIONAL_UNKNOWN_EPOCH,2.0,0.0,0.0,YANK,2026-09-15T19:01:00+00:00
PER_SESSION_CONDITIONAL_UNKNOWN_EPOCH,1.0,-353.1100000000006,58495.5,MIM,2026-09-15T19:02:00+00:00
PER_SESSION_CONDITIONAL_UNKNOWN_EPOCH,2.0,0.0,0.0,YANK,2026-09-15T19:02:00+00:00
PER_SESSION_CONDITIONAL_UNKNOWN_EPOCH,1.0,-348.1100000000006,58500.5,MIM,2026-09-15T19:03:00+00:00
PER_SESSION_CONDITIONAL_UNKNOWN_EPOCH,2.0,0.0,0.0,YANK,2026-09-15T19:03:00+00:00
PER_SESSION_CONDITIONAL_UNKNOWN_EPOCH,1.0,-347.1100000000006,58501.5,MIM,2026-09-15T19:04:00+00:00
PER_SESSION_CONDITIONAL_UNKNOWN_EPOCH,2.0,0.0,0.0,YANK,2026-09-15T19:04:00+00:00
PER_SESSION_CONDITIONAL_UNKNOWN_EPOCH,1.0,-347.1100000000006,58501.5,MIM,2026-09-15T19:05:00+00:00
PER_SESSION_CONDITIONAL_UNKNOWN_EPOCH,2.0,0.0,0.0,YANK,2026-09-15T19:05:00+00:00
PER_SESSION_CONDITIONAL_UNKNOWN_EPOCH,1.0,-350.6100000000006,58498.0,MIM,2026-09-15T19:06:00+00:00
PER_SESSION_CONDITIONAL_UNKNOWN_EPOCH,2.0,0.0,0.0,YANK,2026-09-15T19:06:00+00:00
PER_SESSION_CONDITIONAL_UNKNOWN_EPOCH,1.0,-352.1100000000006,58496.5,MIM,2026-09-15T19:07:00+00:00
PER_SESSION_CONDITIONAL_UNKNOWN_EPOCH,2.0,0.0,0.0,YANK,2026-09-15T19:07:00+00:00
PER_SESSION_CONDITIONAL_UNKNOWN_EPOCH,1.0,-346.1100000000006,58502.5,MIM,2026-09-15T19:08:00+00:00
PER_SESSION_CONDITIONAL_UNKNOWN_EPOCH,2.0,0.0,0.0,YANK,2026-09-15T19:08:00+00:00
PER_SESSION_CONDITIONAL_UNKNOWN_EPOCH,1.0,-343.1100000000006,58505.5,MIM,2026-09-15T19:09:00+00:00
PER_SESSION_CONDITIONAL_UNKNOWN_EPOCH,2.0,0.0,0.0,YANK,2026-09-15T19:09:00+00:00
PER_SESSION_CONDITIONAL_UNKNOWN_EPOCH,1.0,-343.1100000000006,58505.5,MIM,2026-09-15T19:10:00+00:00
PER_SESSION_CONDITIONAL_UNKNOWN_EPOCH,2.0,0.0,0.0,YANK,2026-09-15T19:10:00+00:00
PER_SESSION_CONDITIONAL_UNKNOWN_EPOCH,1.0,-343.1100000000006,58505.5,MIM,2026-09-15T19:11:00+00:00
PER_SESSION_CONDITIONAL_UNKNOWN_EPOCH,2.0,0.0,0.0,YANK,2026-09-15T19:11:00+00:00
PER_SESSION_CONDITIONAL_UNKNOWN_EPOCH,1.0,-349.1100000000006,58499.5,MIM,2026-09-15T19:12:00+00:00
PER_SESSION_CONDITIONAL_UNKNOWN_EPOCH,2.0,0.0,0.0,YANK,2026-09-15T19:12:00+00:00
PER_SESSION_CONDITIONAL_UNKNOWN_EPOCH,1.0,-361.6100000000006,58487.0,MIM,2026-09-15T19:13:00+00:00
PER_SESSION_CONDITIONAL_UNKNOWN_EPOCH,2.0,0.0,0.0,YANK,2026-09-15T19:13:00+00:00
PER_SESSION_CONDITIONAL_UNKNOWN_EPOCH,1.0,-368.1100000000006,58480.5,MIM,2026-09-15T19:14:00+00:00
PER_SESSION_CONDITIONAL_UNKNOWN_EPOCH,2.0,0.0,0.0,YANK,2026-09-15T19:14:00+00:00
PER_SESSION_CONDITIONAL_UNKNOWN_EPOCH,1.0,-367.1100000000006,58481.5,MIM,2026-09-15T19:15:00+00:00
PER_SESSION_CONDITIONAL_UNKNOWN_EPOCH,2.0,0.0,0.0,YANK,2026-09-15T19:15:00+00:00
PER_SESSION_CONDITIONAL_UNKNOWN_EPOCH,1.0,-376.1100000000006,58472.5,MIM,2026-09-15T19:16:00+00:00
PER_SESSION_CONDITIONAL_UNKNOWN_EPOCH,2.0,0.0,0.0,YANK,2026-09-15T19:16:00+00:00
PER_SESSION_CONDITIONAL_UNKNOWN_EPOCH,1.0,-374.6100000000006,58474.0,MIM,2026-09-15T19:17:00+00:00
PER_SESSION_CONDITIONAL_UNKNOWN_EPOCH,2.0,0.0,0.0,YANK,2026-09-15T19:17:00+00:00
PER_SESSION_CONDITIONAL_UNKNOWN_EPOCH,1.0,-376.6100000000006,58472.0,MIM,2026-09-15T19:18:00+00:00
PER_SESSION_CONDITIONAL_UNKNOWN_EPOCH,2.0,0.0,0.0,YANK,2026-09-15T19:18:00+00:00
PER_SESSION_CONDITIONAL_UNKNOWN_EPOCH,1.0,-370.1100000000006,58478.5,MIM,2026-09-15T19:19:00+00:00
PER_SESSION_CONDITIONAL_UNKNOWN_EPOCH,2.0,0.0,0.0,YANK,2026-09-15T19:19:00+00:00
PER_SESSION_CONDITIONAL_UNKNOWN_EPOCH,1.0,-367.1100000000006,58481.5,MIM,2026-09-15T19:20:00+00:00
PER_SESSION_CONDITIONAL_UNKNOWN_EPOCH,2.0,0.0,0.0,YANK,2026-09-15T19:20:00+00:00
PER_SESSION_CONDITIONAL_UNKNOWN_EPOCH,1.0,-375.6100000000006,58473.0,MIM,2026-09-15T19:21:00+00:00
PER_SESSION_CONDITIONAL_UNKNOWN_EPOCH,2.0,0.0,0.0,YANK,2026-09-15T19:21:00+00:00
PER_SESSION_CONDITIONAL_UNKNOWN_EPOCH,1.0,-377.1100000000006,58471.5,MIM,2026-09-15T19:22:00+00:00
PER_SESSION_CONDITIONAL_UNKNOWN_EPOCH,2.0,0.0,0.0,YANK,2026-09-15T19:22:00+00:00
PER_SESSION_CONDITIONAL_UNKNOWN_EPOCH,1.0,-372.6100000000006,58476.0,MIM,2026-09-15T19:23:00+00:00
PER_SESSION_CONDITIONAL_UNKNOWN_EPOCH,2.0,0.0,0.0,YANK,2026-09-15T19:23:00+00:00
PER_SESSION_CONDITIONAL_UNKNOWN_EPOCH,1.0,-373.6100000000006,58475.0,MIM,2026-09-15T19:24:00+00:00
PER_SESSION_CONDITIONAL_UNKNOWN_EPOCH,2.0,0.0,0.0,YANK,2026-09-15T19:24:00+00:00
PER_SESSION_CONDITIONAL_UNKNOWN_EPOCH,1.0,-376.1100000000006,58472.5,MIM,2026-09-15T19:25:00+00:00
PER_SESSION_CONDITIONAL_UNKNOWN_EPOCH,2.0,0.0,0.0,YANK,2026-09-15T19:25:00+00:00
PER_SESSION_CONDITIONAL_UNKNOWN_EPOCH,1.0,-380.6100000000006,58468.0,MIM,2026-09-15T19:26:00+00:00
PER_SESSION_CONDITIONAL_UNKNOWN_EPOCH,2.0,0.0,0.0,YANK,2026-09-15T19:26:00+00:00
PER_SESSION_CONDITIONAL_UNKNOWN_EPOCH,1.0,-370.6100000000006,58478.0,MIM,2026-09-15T19:27:00+00:00
PER_SESSION_CONDITIONAL_UNKNOWN_EPOCH,2.0,0.0,0.0,YANK,2026-09-15T19:27:00+00:00
PER_SESSION_CONDITIONAL_UNKNOWN_EPOCH,1.0,-362.1100000000006,58486.5,MIM,2026-09-15T19:28:00+00:00
PER_SESSION_CONDITIONAL_UNKNOWN_EPOCH,2.0,0.0,0.0,YANK,2026-09-15T19:28:00+00:00
PER_SESSION_CONDITIONAL_UNKNOWN_EPOCH,1.0,-368.1100000000006,58480.5,MIM,2026-09-15T19:29:00+00:00
PER_SESSION_CONDITIONAL_UNKNOWN_EPOCH,2.0,0.0,0.0,YANK,2026-09-15T19:29:00+00:00
PER_SESSION_CONDITIONAL_UNKNOWN_EPOCH,1.0,-371.6100000000006,58477.0,MIM,2026-09-15T19:30:00+00:00
PER_SESSION_CONDITIONAL_UNKNOWN_EPOCH,2.0,0.0,0.0,YANK,2026-09-15T19:30:00+00:00
PER_SESSION_CONDITIONAL_UNKNOWN_EPOCH,1.0,-380.6100000000006,58468.0,MIM,2026-09-15T19:31:00+00:00
PER_SESSION_CONDITIONAL_UNKNOWN_EPOCH,2.0,0.0,0.0,YANK,2026-09-15T19:31:00+00:00
PER_SESSION_CONDITIONAL_UNKNOWN_EPOCH,1.0,-380.1100000000006,58468.5,MIM,2026-09-15T19:32:00+00:00
PER_SESSION_CONDITIONAL_UNKNOWN_EPOCH,2.0,0.0,0.0,YANK,2026-09-15T19:32:00+00:00
PER_SESSION_CONDITIONAL_UNKNOWN_EPOCH,1.0,-370.1100000000006,58478.5,MIM,2026-09-15T19:33:00+00:00
PER_SESSION_CONDITIONAL_UNKNOWN_EPOCH,2.0,0.0,0.0,YANK,2026-09-15T19:33:00+00:00
PER_SESSION_CONDITIONAL_UNKNOWN_EPOCH,1.0,-373.6100000000006,58475.0,MIM,2026-09-15T19:34:00+00:00
PER_SESSION_CONDITIONAL_UNKNOWN_EPOCH,2.0,0.0,0.0,YANK,2026-09-15T19:34:00+00:00
PER_SESSION_CONDITIONAL_UNKNOWN_EPOCH,1.0,-381.6100000000006,58467.0,MIM,2026-09-15T19:35:00+00:00
PER_SESSION_CONDITIONAL_UNKNOWN_EPOCH,2.0,0.0,0.0,YANK,2026-09-15T19:35:00+00:00
PER_SESSION_CONDITIONAL_UNKNOWN_EPOCH,1.0,-399.1100000000006,58449.5,MIM,2026-09-15T19:36:00+00:00
PER_SESSION_CONDITIONAL_UNKNOWN_EPOCH,2.0,0.0,0.0,YANK,2026-09-15T19:36:00+00:00
PER_SESSION_CONDITIONAL_UNKNOWN_EPOCH,1.0,-392.6100000000006,58456.0,MIM,2026-09-15T19:37:00+00:00
PER_SESSION_CONDITIONAL_UNKNOWN_EPOCH,2.0,0.0,0.0,YANK,2026-09-15T19:37:00+00:00
PER_SESSION_CONDITIONAL_UNKNOWN_EPOCH,1.0,-403.6100000000006,58445.0,MIM,2026-09-15T19:38:00+00:00
PER_SESSION_CONDITIONAL_UNKNOWN_EPOCH,2.0,0.0,0.0,YANK,2026-09-15T19:38:00+00:00
PER_SESSION_CONDITIONAL_UNKNOWN_EPOCH,1.0,-405.6100000000006,58443.0,MIM,2026-09-15T19:39:00+00:00
PER_SESSION_CONDITIONAL_UNKNOWN_EPOCH,2.0,0.0,0.0,YANK,2026-09-15T19:39:00+00:00
PER_SESSION_CONDITIONAL_UNKNOWN_EPOCH,1.0,-410.6100000000006,58438.0,MIM,2026-09-15T19:40:00+00:00
PER_SESSION_CONDITIONAL_UNKNOWN_EPOCH,2.0,0.0,0.0,YANK,2026-09-15T19:40:00+00:00
PER_SESSION_CONDITIONAL_UNKNOWN_EPOCH,1.0,-404.6100000000006,58444.0,MIM,2026-09-15T19:41:00+00:00
PER_SESSION_CONDITIONAL_UNKNOWN_EPOCH,2.0,0.0,0.0,YANK,2026-09-15T19:41:00+00:00
PER_SESSION_CONDITIONAL_UNKNOWN_EPOCH,1.0,-400.6100000000006,58448.0,MIM,2026-09-15T19:42:00+00:00
PER_SESSION_CONDITIONAL_UNKNOWN_EPOCH,2.0,0.0,0.0,YANK,2026-09-15T19:42:00+00:00
PER_SESSION_CONDITIONAL_UNKNOWN_EPOCH,1.0,-406.1100000000006,58442.5,MIM,2026-09-15T19:43:00+00:00
PER_SESSION_CONDITIONAL_UNKNOWN_EPOCH,2.0,0.0,0.0,YANK,2026-09-15T19:43:00+00:00
PER_SESSION_CONDITIONAL_UNKNOWN_EPOCH,1.0,-396.1100000000006,58452.5,MIM,2026-09-15T19:44:00+00:00
PER_SESSION_CONDITIONAL_UNKNOWN_EPOCH,2.0,0.0,0.0,YANK,2026-09-15T19:44:00+00:00
PER_SESSION_CONDITIONAL_UNKNOWN_EPOCH,1.0,-393.6100000000006,58455.0,MIM,2026-09-15T19:45:00+00:00
PER_SESSION_CONDITIONAL_UNKNOWN_EPOCH,2.0,0.0,0.0,YANK,2026-09-15T19:45:00+00:00
PER_SESSION_CONDITIONAL_UNKNOWN_EPOCH,1.0,-397.1100000000006,58451.5,MIM,2026-09-15T19:46:00+00:00
PER_SESSION_CONDITIONAL_UNKNOWN_EPOCH,2.0,0.0,0.0,YANK,2026-09-15T19:46:00+00:00
PER_SESSION_CONDITIONAL_UNKNOWN_EPOCH,1.0,-394.1100000000006,58454.5,MIM,2026-09-15T19:47:00+00:00
PER_SESSION_CONDITIONAL_UNKNOWN_EPOCH,2.0,0.0,0.0,YANK,2026-09-15T19:47:00+00:00
PER_SESSION_CONDITIONAL_UNKNOWN_EPOCH,1.0,-395.6100000000006,58453.0,MIM,2026-09-15T19:48:00+00:00
PER_SESSION_CONDITIONAL_UNKNOWN_EPOCH,2.0,0.0,0.0,YANK,2026-09-15T19:48:00+00:00
PER_SESSION_CONDITIONAL_UNKNOWN_EPOCH,1.0,-401.6100000000006,58447.0,MIM,2026-09-15T19:49:00+00:00
PER_SESSION_CONDITIONAL_UNKNOWN_EPOCH,2.0,0.0,0.0,YANK,2026-09-15T19:49:00+00:00
PER_SESSION_CONDITIONAL_UNKNOWN_EPOCH,1.0,-382.6100000000006,58466.0,MIM,2026-09-15T19:50:00+00:00
PER_SESSION_CONDITIONAL_UNKNOWN_EPOCH,2.0,0.0,0.0,YANK,2026-09-15T19:50:00+00:00
PER_SESSION_CONDITIONAL_UNKNOWN_EPOCH,1.0,-411.1100000000006,58437.5,MIM,2026-09-15T19:51:00+00:00
PER_SESSION_CONDITIONAL_UNKNOWN_EPOCH,2.0,0.0,0.0,YANK,2026-09-15T19:51:00+00:00
PER_SESSION_CONDITIONAL_UNKNOWN_EPOCH,1.0,-410.6100000000006,58438.0,MIM,2026-09-15T19:52:00+00:00
PER_SESSION_CONDITIONAL_UNKNOWN_EPOCH,2.0,0.0,0.0,YANK,2026-09-15T19:52:00+00:00
PER_SESSION_CONDITIONAL_UNKNOWN_EPOCH,1.0,-419.1100000000006,58429.5,MIM,2026-09-15T19:53:00+00:00
PER_SESSION_CONDITIONAL_UNKNOWN_EPOCH,2.0,0.0,0.0,YANK,2026-09-15T19:53:00+00:00
PER_SESSION_CONDITIONAL_UNKNOWN_EPOCH,1.0,-404.1100000000006,58444.5,MIM,2026-09-15T19:54:00+00:00
PER_SESSION_CONDITIONAL_UNKNOWN_EPOCH,2.0,0.0,0.0,YANK,2026-09-15T19:54:00+00:00
PER_SESSION_CONDITIONAL_UNKNOWN_EPOCH,1.0,-373.1100000000006,58475.5,MIM,2026-09-15T19:55:00+00:00
PER_SESSION_CONDITIONAL_UNKNOWN_EPOCH,2.0,0.0,0.0,YANK,2026-09-15T19:55:00+00:00
PER_SESSION_CONDITIONAL_UNKNOWN_EPOCH,1.0,-386.1100000000006,58462.5,MIM,2026-09-15T19:56:00+00:00
PER_SESSION_CONDITIONAL_UNKNOWN_EPOCH,2.0,0.0,0.0,YANK,2026-09-15T19:56:00+00:00
PER_SESSION_CONDITIONAL_UNKNOWN_EPOCH,1.0,-384.6100000000006,58464.0,MIM,2026-09-15T19:57:00+00:00
PER_SESSION_CONDITIONAL_UNKNOWN_EPOCH,2.0,0.0,0.0,YANK,2026-09-15T19:57:00+00:00
PER_SESSION_CONDITIONAL_UNKNOWN_EPOCH,1.0,-377.1100000000006,58471.5,MIM,2026-09-15T19:58:00+00:00
PER_SESSION_CONDITIONAL_UNKNOWN_EPOCH,2.0,0.0,0.0,YANK,2026-09-15T19:58:00+00:00
PER_SESSION_CONDITIONAL_UNKNOWN_EPOCH,1.0,-367.1100000000006,58481.5,MIM,2026-09-15T19:59:00+00:00
PER_SESSION_CONDITIONAL_UNKNOWN_EPOCH,2.0,0.0,0.0,YANK,2026-09-15T19:59:00+00:00
PER_SESSION_CONDITIONAL_UNKNOWN_EPOCH,1.0,-344.1100000000006,58504.5,MIM,2026-09-15T20:00:00+00:00
PER_SESSION_CONDITIONAL_UNKNOWN_EPOCH,2.0,0.0,0.0,YANK,2026-09-15T20:00:00+00:00
PER_SESSION_CONDITIONAL_UNKNOWN_EPOCH,1.0,-325.22000000000116,0.0,MIM,2026-09-15T20:01:00+00:00
PER_SESSION_CONDITIONAL_UNKNOWN_EPOCH,2.0,0.0,0.0,YANK,2026-09-15T20:01:00+00:00
PER_SESSION_CONDITIONAL_UNKNOWN_EPOCH,1.0,0.0,0.0,MIM,2026-09-16T13:31:00+00:00
PER_SESSION_CONDITIONAL_UNKNOWN_EPOCH,2.0,0.0,0.0,YANK,2026-09-16T13:31:00+00:00
PER_SESSION_CONDITIONAL_UNKNOWN_EPOCH,1.0,0.0,0.0,MIM,2026-09-16T13:32:00+00:00
PER_SESSION_CONDITIONAL_UNKNOWN_EPOCH,2.0,0.0,0.0,YANK,2026-09-16T13:32:00+00:00
PER_SESSION_CONDITIONAL_UNKNOWN_EPOCH,1.0,0.0,0.0,MIM,2026-09-16T13:33:00+00:00
PER_SESSION_CONDITIONAL_UNKNOWN_EPOCH,2.0,0.0,0.0,YANK,2026-09-16T13:33:00+00:00
PER_SESSION_CONDITIONAL_UNKNOWN_EPOCH,1.0,0.0,0.0,MIM,2026-09-16T13:34:00+00:00
PER_SESSION_CONDITIONAL_UNKNOWN_EPOCH,2.0,0.0,0.0,YANK,2026-09-16T13:34:00+00:00
PER_SESSION_CONDITIONAL_UNKNOWN_EPOCH,1.0,0.0,0.0,MIM,2026-09-16T13:35:00+00:00
PER_SESSION_CONDITIONAL_UNKNOWN_EPOCH,2.0,0.0,0.0,YANK,2026-09-16T13:35:00+00:00
PER_SESSION_CONDITIONAL_UNKNOWN_EPOCH,1.0,0.0,0.0,MIM,2026-09-16T13:36:00+00:00
PER_SESSION_CONDITIONAL_UNKNOWN_EPOCH,2.0,0.0,0.0,YANK,2026-09-16T13:36:00+00:00
PER_SESSION_CONDITIONAL_UNKNOWN_EPOCH,1.0,0.0,0.0,MIM,2026-09-16T13:37:00+00:00
PER_SESSION_CONDITIONAL_UNKNOWN_EPOCH,2.0,0.0,0.0,YANK,2026-09-16T13:37:00+00:00
PER_SESSION_CONDITIONAL_UNKNOWN_EPOCH,1.0,0.0,0.0,MIM,2026-09-16T13:38:00+00:00
PER_SESSION_CONDITIONAL_UNKNOWN_EPOCH,2.0,0.0,0.0,YANK,2026-09-16T13:38:00+00:00
PER_SESSION_CONDITIONAL_UNKNOWN_EPOCH,1.0,0.0,0.0,MIM,2026-09-16T13:39:00+00:00
PER_SESSION_CONDITIONAL_UNKNOWN_EPOCH,2.0,0.0,0.0,YANK,2026-09-16T13:39:00+00:00
PER_SESSION_CONDITIONAL_UNKNOWN_EPOCH,1.0,0.0,0.0,MIM,2026-09-16T13:40:00+00:00
PER_SESSION_CONDITIONAL_UNKNOWN_EPOCH,2.0,0.0,0.0,YANK,2026-09-16T13:40:00+00:00
PER_SESSION_CONDITIONAL_UNKNOWN_EPOCH,1.0,0.0,0.0,MIM,2026-09-16T13:41:00+00:00
PER_SESSION_CONDITIONAL_UNKNOWN_EPOCH,2.0,0.0,0.0,YANK,2026-09-16T13:41:00+00:00
PER_SESSION_CONDITIONAL_UNKNOWN_EPOCH,1.0,0.0,0.0,MIM,2026-09-16T13:42:00+00:00
PER_SESSION_CONDITIONAL_UNKNOWN_EPOCH,2.0,0.0,0.0,YANK,2026-09-16T13:42:00+00:00
PER_SESSION_CONDITIONAL_UNKNOWN_EPOCH,1.0,0.0,0.0,MIM,2026-09-16T13:43:00+00:00
PER_SESSION_CONDITIONAL_UNKNOWN_EPOCH,2.0,0.0,0.0,YANK,2026-09-16T13:43:00+00:00
PER_SESSION_CONDITIONAL_UNKNOWN_EPOCH,1.0,0.0,0.0,MIM,2026-09-16T13:44:00+00:00
PER_SESSION_CONDITIONAL_UNKNOWN_EPOCH,2.0,0.0,0.0,YANK,2026-09-16T13:44:00+00:00
PER_SESSION_CONDITIONAL_UNKNOWN_EPOCH,1.0,0.0,0.0,MIM,2026-09-16T13:45:00+00:00
PER_SESSION_CONDITIONAL_UNKNOWN_EPOCH,2.0,0.0,0.0,YANK,2026-09-16T13:45:00+00:00
PER_SESSION_CONDITIONAL_UNKNOWN_EPOCH,1.0,0.0,0.0,MIM,2026-09-16T13:46:00+00:00
PER_SESSION_CONDITIONAL_UNKNOWN_EPOCH,2.0,0.0,0.0,YANK,2026-09-16T13:46:00+00:00
PER_SESSION_CONDITIONAL_UNKNOWN_EPOCH,1.0,0.0,0.0,MIM,2026-09-16T13:47:00+00:00
PER_SESSION_CONDITIONAL_UNKNOWN_EPOCH,2.0,0.0,0.0,YANK,2026-09-16T13:47:00+00:00
PER_SESSION_CONDITIONAL_UNKNOWN_EPOCH,1.0,0.0,0.0,MIM,2026-09-16T13:48:00+00:00
PER_SESSION_CONDITIONAL_UNKNOWN_EPOCH,2.0,0.0,0.0,YANK,2026-09-16T13:48:00+00:00
PER_SESSION_CONDITIONAL_UNKNOWN_EPOCH,1.0,0.0,0.0,MIM,2026-09-16T13:49:00+00:00
PER_SESSION_CONDITIONAL_UNKNOWN_EPOCH,2.0,0.0,0.0,YANK,2026-09-16T13:49:00+00:00
PER_SESSION_CONDITIONAL_UNKNOWN_EPOCH,1.0,0.0,0.0,MIM,2026-09-16T13:50:00+00:00
PER_SESSION_CONDITIONAL_UNKNOWN_EPOCH,2.0,0.0,0.0,YANK,2026-09-16T13:50:00+00:00
PER_SESSION_CONDITIONAL_UNKNOWN_EPOCH,1.0,0.0,0.0,MIM,2026-09-16T13:51:00+00:00
PER_SESSION_CONDITIONAL_UNKNOWN_EPOCH,2.0,0.0,0.0,YANK,2026-09-16T13:51:00+00:00
PER_SESSION_CONDITIONAL_UNKNOWN_EPOCH,1.0,0.0,0.0,MIM,2026-09-16T13:52:00+00:00
PER_SESSION_CONDITIONAL_UNKNOWN_EPOCH,2.0,0.0,0.0,YANK,2026-09-16T13:52:00+00:00
PER_SESSION_CONDITIONAL_UNKNOWN_EPOCH,1.0,0.0,0.0,MIM,2026-09-16T13:53:00+00:00
PER_SESSION_CONDITIONAL_UNKNOWN_EPOCH,2.0,0.0,0.0,YANK,2026-09-16T13:53:00+00:00
PER_SESSION_CONDITIONAL_UNKNOWN_EPOCH,1.0,0.0,0.0,MIM,2026-09-16T13:54:00+00:00
PER_SESSION_CONDITIONAL_UNKNOWN_EPOCH,2.0,0.0,0.0,YANK,2026-09-16T13:54:00+00:00
PER_SESSION_CONDITIONAL_UNKNOWN_EPOCH,1.0,0.0,0.0,MIM,2026-09-16T13:55:00+00:00
PER_SESSION_CONDITIONAL_UNKNOWN_EPOCH,2.0,0.0,0.0,YANK,2026-09-16T13:55:00+00:00
PER_SESSION_CONDITIONAL_UNKNOWN_EPOCH,1.0,0.0,0.0,MIM,2026-09-16T13:56:00+00:00
PER_SESSION_CONDITIONAL_UNKNOWN_EPOCH,2.0,0.0,0.0,YANK,2026-09-16T13:56:00+00:00
PER_SESSION_CONDITIONAL_UNKNOWN_EPOCH,1.0,0.0,0.0,MIM,2026-09-16T13:57:00+00:00
PER_SESSION_CONDITIONAL_UNKNOWN_EPOCH,2.0,0.0,0.0,YANK,2026-09-16T13:57:00+00:00
PER_SESSION_CONDITIONAL_UNKNOWN_EPOCH,1.0,0.0,0.0,MIM,2026-09-16T13:58:00+00:00
PER_SESSION_CONDITIONAL_UNKNOWN_EPOCH,2.0,0.0,0.0,YANK,2026-09-16T13:58:00+00:00
PER_SESSION_CONDITIONAL_UNKNOWN_EPOCH,1.0,0.0,0.0,MIM,2026-09-16T13:59:00+00:00
PER_SESSION_CONDITIONAL_UNKNOWN_EPOCH,2.0,0.0,0.0,YANK,2026-09-16T13:59:00+00:00
PER_SESSION_CONDITIONAL_UNKNOWN_EPOCH,1.0,0.0,0.0,MIM,2026-09-16T14:00:00+00:00
PER_SESSION_CONDITIONAL_UNKNOWN_EPOCH,2.0,0.0,0.0,YANK,2026-09-16T14:00:00+00:00
PER_SESSION_CONDITIONAL_UNKNOWN_EPOCH,1.0,-1.110000000000582,58951.5,MIM,2026-09-16T14:01:00+00:00
PER_SESSION_CONDITIONAL_UNKNOWN_EPOCH,2.0,0.0,0.0,YANK,2026-09-16T14:01:00+00:00
PER_SESSION_CONDITIONAL_UNKNOWN_EPOCH,1.0,-30.610000000000582,58922.0,MIM,2026-09-16T14:02:00+00:00
PER_SESSION_CONDITIONAL_UNKNOWN_EPOCH,2.0,0.0,0.0,YANK,2026-09-16T14:02:00+00:00
PER_SESSION_CONDITIONAL_UNKNOWN_EPOCH,1.0,-74.61000000000058,58878.0,MIM,2026-09-16T14:03:00+00:00
PER_SESSION_CONDITIONAL_UNKNOWN_EPOCH,2.0,0.0,0.0,YANK,2026-09-16T14:03:00+00:00
PER_SESSION_CONDITIONAL_UNKNOWN_EPOCH,1.0,-77.61000000000058,58875.0,MIM,2026-09-16T14:04:00+00:00
PER_SESSION_CONDITIONAL_UNKNOWN_EPOCH,2.0,0.0,0.0,YANK,2026-09-16T14:04:00+00:00
PER_SESSION_CONDITIONAL_UNKNOWN_EPOCH,1.0,-82.11000000000058,58870.5,MIM,2026-09-16T14:05:00+00:00
PER_SESSION_CONDITIONAL_UNKNOWN_EPOCH,2.0,0.0,0.0,YANK,2026-09-16T14:05:00+00:00
PER_SESSION_CONDITIONAL_UNKNOWN_EPOCH,1.0,-83.11000000000058,58869.5,MIM,2026-09-16T14:06:00+00:00
PER_SESSION_CONDITIONAL_UNKNOWN_EPOCH,2.0,0.0,0.0,YANK,2026-09-16T14:06:00+00:00
PER_SESSION_CONDITIONAL_UNKNOWN_EPOCH,1.0,-72.61000000000058,58880.0,MIM,2026-09-16T14:07:00+00:00
PER_SESSION_CONDITIONAL_UNKNOWN_EPOCH,2.0,0.0,0.0,YANK,2026-09-16T14:07:00+00:00
PER_SESSION_CONDITIONAL_UNKNOWN_EPOCH,1.0,-48.61000000000058,58904.0,MIM,2026-09-16T14:08:00+00:00
PER_SESSION_CONDITIONAL_UNKNOWN_EPOCH,2.0,0.0,0.0,YANK,2026-09-16T14:08:00+00:00
PER_SESSION_CONDITIONAL_UNKNOWN_EPOCH,1.0,-27.110000000000582,58925.5,MIM,2026-09-16T14:09:00+00:00
PER_SESSION_CONDITIONAL_UNKNOWN_EPOCH,2.0,0.0,0.0,YANK,2026-09-16T14:09:00+00:00
PER_SESSION_CONDITIONAL_UNKNOWN_EPOCH,1.0,-43.61000000000058,58909.0,MIM,2026-09-16T14:10:00+00:00
PER_SESSION_CONDITIONAL_UNKNOWN_EPOCH,2.0,0.0,0.0,YANK,2026-09-16T14:10:00+00:00
PER_SESSION_CONDITIONAL_UNKNOWN_EPOCH,1.0,-31.110000000000582,58921.5,MIM,2026-09-16T14:11:00+00:00
PER_SESSION_CONDITIONAL_UNKNOWN_EPOCH,2.0,0.0,0.0,YANK,2026-09-16T14:11:00+00:00
PER_SESSION_CONDITIONAL_UNKNOWN_EPOCH,1.0,-64.61000000000058,58888.0,MIM,2026-09-16T14:12:00+00:00
PER_SESSION_CONDITIONAL_UNKNOWN_EPOCH,2.0,0.0,0.0,YANK,2026-09-16T14:12:00+00:00
PER_SESSION_CONDITIONAL_UNKNOWN_EPOCH,1.0,-93.61000000000058,58859.0,MIM,2026-09-16T14:13:00+00:00
PER_SESSION_CONDITIONAL_UNKNOWN_EPOCH,2.0,0.0,0.0,YANK,2026-09-16T14:13:00+00:00
PER_SESSION_CONDITIONAL_UNKNOWN_EPOCH,1.0,-86.11000000000058,58866.5,MIM,2026-09-16T14:14:00+00:00
PER_SESSION_CONDITIONAL_UNKNOWN_EPOCH,2.0,0.0,0.0,YANK,2026-09-16T14:14:00+00:00
PER_SESSION_CONDITIONAL_UNKNOWN_EPOCH,1.0,-53.11000000000058,58899.5,MIM,2026-09-16T14:15:00+00:00
PER_SESSION_CONDITIONAL_UNKNOWN_EPOCH,2.0,0.0,0.0,YANK,2026-09-16T14:15:00+00:00
PER_SESSION_CONDITIONAL_UNKNOWN_EPOCH,1.0,-43.11000000000058,58909.5,MIM,2026-09-16T14:16:00+00:00
PER_SESSION_CONDITIONAL_UNKNOWN_EPOCH,2.0,0.0,0.0,YANK,2026-09-16T14:16:00+00:00
PER_SESSION_CONDITIONAL_UNKNOWN_EPOCH,1.0,-33.61000000000058,58919.0,MIM,2026-09-16T14:17:00+00:00
PER_SESSION_CONDITIONAL_UNKNOWN_EPOCH,2.0,0.0,0.0,YANK,2026-09-16T14:17:00+00:00
PER_SESSION_CONDITIONAL_UNKNOWN_EPOCH,1.0,-26.610000000000582,58926.0,MIM,2026-09-16T14:18:00+00:00
PER_SESSION_CONDITIONAL_UNKNOWN_EPOCH,2.0,0.0,0.0,YANK,2026-09-16T14:18:00+00:00
PER_SESSION_CONDITIONAL_UNKNOWN_EPOCH,1.0,-8.110000000000582,58944.5,MIM,2026-09-16T14:19:00+00:00
PER_SESSION_CONDITIONAL_UNKNOWN_EPOCH,2.0,0.0,0.0,YANK,2026-09-16T14:19:00+00:00
PER_SESSION_CONDITIONAL_UNKNOWN_EPOCH,1.0,-14.110000000000582,58938.5,MIM,2026-09-16T14:20:00+00:00
PER_SESSION_CONDITIONAL_UNKNOWN_EPOCH,2.0,0.0,0.0,YANK,2026-09-16T14:20:00+00:00
PER_SESSION_CONDITIONAL_UNKNOWN_EPOCH,1.0,-21.610000000000582,58931.0,MIM,2026-09-16T14:21:00+00:00
PER_SESSION_CONDITIONAL_UNKNOWN_EPOCH,2.0,0.0,0.0,YANK,2026-09-16T14:21:00+00:00
PER_SESSION_CONDITIONAL_UNKNOWN_EPOCH,1.0,-17.610000000000582,58935.0,MIM,2026-09-16T14:22:00+00:00
PER_SESSION_CONDITIONAL_UNKNOWN_EPOCH,2.0,0.0,0.0,YANK,2026-09-16T14:22:00+00:00
PER_SESSION_CONDITIONAL_UNKNOWN_EPOCH,1.0,-31.610000000000582,58921.0,MIM,2026-09-16T14:23:00+00:00
PER_SESSION_CONDITIONAL_UNKNOWN_EPOCH,2.0,0.0,0.0,YANK,2026-09-16T14:23:00+00:00
PER_SESSION_CONDITIONAL_UNKNOWN_EPOCH,1.0,-16.110000000000582,58936.5,MIM,2026-09-16T14:24:00+00:00
PER_SESSION_CONDITIONAL_UNKNOWN_EPOCH,2.0,0.0,0.0,YANK,2026-09-16T14:24:00+00:00
PER_SESSION_CONDITIONAL_UNKNOWN_EPOCH,1.0,-25.610000000000582,58927.0,MIM,2026-09-16T14:25:00+00:00
PER_SESSION_CONDITIONAL_UNKNOWN_EPOCH,2.0,0.0,0.0,YANK,2026-09-16T14:25:00+00:00
PER_SESSION_CONDITIONAL_UNKNOWN_EPOCH,1.0,-35.61000000000058,58917.0,MIM,2026-09-16T14:26:00+00:00
PER_SESSION_CONDITIONAL_UNKNOWN_EPOCH,2.0,0.0,0.0,YANK,2026-09-16T14:26:00+00:00
PER_SESSION_CONDITIONAL_UNKNOWN_EPOCH,1.0,-39.61000000000058,58913.0,MIM,2026-09-16T14:27:00+00:00
PER_SESSION_CONDITIONAL_UNKNOWN_EPOCH,2.0,0.0,0.0,YANK,2026-09-16T14:27:00+00:00
PER_SESSION_CONDITIONAL_UNKNOWN_EPOCH,1.0,-56.61000000000058,58896.0,MIM,2026-09-16T14:28:00+00:00
PER_SESSION_CONDITIONAL_UNKNOWN_EPOCH,2.0,0.0,0.0,YANK,2026-09-16T14:28:00+00:00
PER_SESSION_CONDITIONAL_UNKNOWN_EPOCH,1.0,-60.61000000000058,58892.0,MIM,2026-09-16T14:29:00+00:00
PER_SESSION_CONDITIONAL_UNKNOWN_EPOCH,2.0,0.0,0.0,YANK,2026-09-16T14:29:00+00:00
PER_SESSION_CONDITIONAL_UNKNOWN_EPOCH,1.0,-49.11000000000058,58903.5,MIM,2026-09-16T14:30:00+00:00
PER_SESSION_CONDITIONAL_UNKNOWN_EPOCH,2.0,0.0,0.0,YANK,2026-09-16T14:30:00+00:00
PER_SESSION_CONDITIONAL_UNKNOWN_EPOCH,1.0,-42.61000000000058,58910.0,MIM,2026-09-16T14:31:00+00:00
PER_SESSION_CONDITIONAL_UNKNOWN_EPOCH,2.0,0.0,0.0,YANK,2026-09-16T14:31:00+00:00
PER_SESSION_CONDITIONAL_UNKNOWN_EPOCH,1.0,-54.11000000000058,58898.5,MIM,2026-09-16T14:32:00+00:00
PER_SESSION_CONDITIONAL_UNKNOWN_EPOCH,2.0,0.0,0.0,YANK,2026-09-16T14:32:00+00:00
PER_SESSION_CONDITIONAL_UNKNOWN_EPOCH,1.0,-67.61000000000058,58885.0,MIM,2026-09-16T14:33:00+00:00
PER_SESSION_CONDITIONAL_UNKNOWN_EPOCH,2.0,0.0,0.0,YANK,2026-09-16T14:33:00+00:00
PER_SESSION_CONDITIONAL_UNKNOWN_EPOCH,1.0,-48.61000000000058,58904.0,MIM,2026-09-16T14:34:00+00:00
PER_SESSION_CONDITIONAL_UNKNOWN_EPOCH,2.0,0.0,0.0,YANK,2026-09-16T14:34:00+00:00
PER_SESSION_CONDITIONAL_UNKNOWN_EPOCH,1.0,-63.11000000000058,58889.5,MIM,2026-09-16T14:35:00+00:00
PER_SESSION_CONDITIONAL_UNKNOWN_EPOCH,2.0,0.0,0.0,YANK,2026-09-16T14:35:00+00:00
PER_SESSION_CONDITIONAL_UNKNOWN_EPOCH,1.0,-71.11000000000058,58881.5,MIM,2026-09-16T14:36:00+00:00
PER_SESSION_CONDITIONAL_UNKNOWN_EPOCH,2.0,0.0,0.0,YANK,2026-09-16T14:36:00+00:00
PER_SESSION_CONDITIONAL_UNKNOWN_EPOCH,1.0,-89.11000000000058,58863.5,MIM,2026-09-16T14:37:00+00:00
PER_SESSION_CONDITIONAL_UNKNOWN_EPOCH,2.0,0.0,0.0,YANK,2026-09-16T14:37:00+00:00
PER_SESSION_CONDITIONAL_UNKNOWN_EPOCH,1.0,-65.61000000000058,58887.0,MIM,2026-09-16T14:38:00+00:00
PER_SESSION_CONDITIONAL_UNKNOWN_EPOCH,2.0,0.0,0.0,YANK,2026-09-16T14:38:00+00:00
PER_SESSION_CONDITIONAL_UNKNOWN_EPOCH,1.0,-54.11000000000058,58898.5,MIM,2026-09-16T14:39:00+00:00
PER_SESSION_CONDITIONAL_UNKNOWN_EPOCH,2.0,0.0,0.0,YANK,2026-09-16T14:39:00+00:00
PER_SESSION_CONDITIONAL_UNKNOWN_EPOCH,1.0,-75.61000000000058,58877.0,MIM,2026-09-16T14:40:00+00:00
PER_SESSION_CONDITIONAL_UNKNOWN_EPOCH,2.0,0.0,0.0,YANK,2026-09-16T14:40:00+00:00
PER_SESSION_CONDITIONAL_UNKNOWN_EPOCH,1.0,-49.11000000000058,58903.5,MIM,2026-09-16T14:41:00+00:00
PER_SESSION_CONDITIONAL_UNKNOWN_EPOCH,2.0,0.0,0.0,YANK,2026-09-16T14:41:00+00:00
PER_SESSION_CONDITIONAL_UNKNOWN_EPOCH,1.0,-59.11000000000058,58893.5,MIM,2026-09-16T14:42:00+00:00
PER_SESSION_CONDITIONAL_UNKNOWN_EPOCH,2.0,0.0,0.0,YANK,2026-09-16T14:42:00+00:00
PER_SESSION_CONDITIONAL_UNKNOWN_EPOCH,1.0,-55.11000000000058,58897.5,MIM,2026-09-16T14:43:00+00:00
PER_SESSION_CONDITIONAL_UNKNOWN_EPOCH,2.0,0.0,0.0,YANK,2026-09-16T14:43:00+00:00
PER_SESSION_CONDITIONAL_UNKNOWN_EPOCH,1.0,-31.610000000000582,58921.0,MIM,2026-09-16T14:44:00+00:00
PER_SESSION_CONDITIONAL_UNKNOWN_EPOCH,2.0,0.0,0.0,YANK,2026-09-16T14:44:00+00:00
PER_SESSION_CONDITIONAL_UNKNOWN_EPOCH,1.0,-19.610000000000582,58933.0,MIM,2026-09-16T14:45:00+00:00
PER_SESSION_CONDITIONAL_UNKNOWN_EPOCH,2.0,0.0,0.0,YANK,2026-09-16T14:45:00+00:00
PER_SESSION_CONDITIONAL_UNKNOWN_EPOCH,1.0,-17.610000000000582,58935.0,MIM,2026-09-16T14:46:00+00:00
PER_SESSION_CONDITIONAL_UNKNOWN_EPOCH,2.0,0.0,0.0,YANK,2026-09-16T14:46:00+00:00
PER_SESSION_CONDITIONAL_UNKNOWN_EPOCH,1.0,-12.610000000000582,58940.0,MIM,2026-09-16T14:47:00+00:00
PER_SESSION_CONDITIONAL_UNKNOWN_EPOCH,2.0,0.0,0.0,YANK,2026-09-16T14:47:00+00:00
PER_SESSION_CONDITIONAL_UNKNOWN_EPOCH,1.0,-26.610000000000582,58926.0,MIM,2026-09-16T14:48:00+00:00
PER_SESSION_CONDITIONAL_UNKNOWN_EPOCH,2.0,0.0,0.0,YANK,2026-09-16T14:48:00+00:00
PER_SESSION_CONDITIONAL_UNKNOWN_EPOCH,1.0,-33.61000000000058,58919.0,MIM,2026-09-16T14:49:00+00:00
PER_SESSION_CONDITIONAL_UNKNOWN_EPOCH,2.0,0.0,0.0,YANK,2026-09-16T14:49:00+00:00
PER_SESSION_CONDITIONAL_UNKNOWN_EPOCH,1.0,-37.61000000000058,58915.0,MIM,2026-09-16T14:50:00+00:00
PER_SESSION_CONDITIONAL_UNKNOWN_EPOCH,2.0,0.0,0.0,YANK,2026-09-16T14:50:00+00:00
PER_SESSION_CONDITIONAL_UNKNOWN_EPOCH,1.0,-44.11000000000058,58908.5,MIM,2026-09-16T14:51:00+00:00
PER_SESSION_CONDITIONAL_UNKNOWN_EPOCH,2.0,0.0,0.0,YANK,2026-09-16T14:51:00+00:00
PER_SESSION_CONDITIONAL_UNKNOWN_EPOCH,1.0,-47.11000000000058,58905.5,MIM,2026-09-16T14:52:00+00:00
PER_SESSION_CONDITIONAL_UNKNOWN_EPOCH,2.0,0.0,0.0,YANK,2026-09-16T14:52:00+00:00
PER_SESSION_CONDITIONAL_UNKNOWN_EPOCH,1.0,-19.610000000000582,58933.0,MIM,2026-09-16T14:53:00+00:00
PER_SESSION_CONDITIONAL_UNKNOWN_EPOCH,2.0,0.0,0.0,YANK,2026-09-16T14:53:00+00:00
PER_SESSION_CONDITIONAL_UNKNOWN_EPOCH,1.0,-15.110000000000582,58937.5,MIM,2026-09-16T14:54:00+00:00
PER_SESSION_CONDITIONAL_UNKNOWN_EPOCH,2.0,0.0,0.0,YANK,2026-09-16T14:54:00+00:00
PER_SESSION_CONDITIONAL_UNKNOWN_EPOCH,1.0,-25.610000000000582,58927.0,MIM,2026-09-16T14:55:00+00:00
PER_SESSION_CONDITIONAL_UNKNOWN_EPOCH,2.0,0.0,0.0,YANK,2026-09-16T14:55:00+00:00
PER_SESSION_CONDITIONAL_UNKNOWN_EPOCH,1.0,-28.610000000000582,58924.0,MIM,2026-09-16T14:56:00+00:00
PER_SESSION_CONDITIONAL_UNKNOWN_EPOCH,2.0,0.0,0.0,YANK,2026-09-16T14:56:00+00:00
PER_SESSION_CONDITIONAL_UNKNOWN_EPOCH,1.0,-16.110000000000582,58936.5,MIM,2026-09-16T14:57:00+00:00
PER_SESSION_CONDITIONAL_UNKNOWN_EPOCH,2.0,0.0,0.0,YANK,2026-09-16T14:57:00+00:00
PER_SESSION_CONDITIONAL_UNKNOWN_EPOCH,1.0,-4.110000000000582,58948.5,MIM,2026-09-16T14:58:00+00:00
PER_SESSION_CONDITIONAL_UNKNOWN_EPOCH,2.0,0.0,0.0,YANK,2026-09-16T14:58:00+00:00
PER_SESSION_CONDITIONAL_UNKNOWN_EPOCH,1.0,2.389999999999418,58955.0,MIM,2026-09-16T14:59:00+00:00
PER_SESSION_CONDITIONAL_UNKNOWN_EPOCH,2.0,0.0,0.0,YANK,2026-09-16T14:59:00+00:00
PER_SESSION_CONDITIONAL_UNKNOWN_EPOCH,1.0,45.38999999999942,58998.0,MIM,2026-09-16T15:00:00+00:00
PER_SESSION_CONDITIONAL_UNKNOWN_EPOCH,2.0,0.0,0.0,YANK,2026-09-16T15:00:00+00:00
PER_SESSION_CONDITIONAL_UNKNOWN_EPOCH,1.0,69.38999999999942,59022.0,MIM,2026-09-16T15:01:00+00:00
PER_SESSION_CONDITIONAL_UNKNOWN_EPOCH,2.0,0.0,0.0,YANK,2026-09-16T15:01:00+00:00
PER_SESSION_CONDITIONAL_UNKNOWN_EPOCH,1.0,61.38999999999942,59014.0,MIM,2026-09-16T15:02:00+00:00
PER_SESSION_CONDITIONAL_UNKNOWN_EPOCH,2.0,0.0,0.0,YANK,2026-09-16T15:02:00+00:00
PER_SESSION_CONDITIONAL_UNKNOWN_EPOCH,1.0,17.389999999999418,58970.0,MIM,2026-09-16T15:03:00+00:00
PER_SESSION_CONDITIONAL_UNKNOWN_EPOCH,2.0,0.0,0.0,YANK,2026-09-16T15:03:00+00:00
PER_SESSION_CONDITIONAL_UNKNOWN_EPOCH,1.0,47.38999999999942,59000.0,MIM,2026-09-16T15:04:00+00:00
PER_SESSION_CONDITIONAL_UNKNOWN_EPOCH,2.0,0.0,0.0,YANK,2026-09-16T15:04:00+00:00
PER_SESSION_CONDITIONAL_UNKNOWN_EPOCH,1.0,49.38999999999942,59002.0,MIM,2026-09-16T15:05:00+00:00
PER_SESSION_CONDITIONAL_UNKNOWN_EPOCH,2.0,0.0,0.0,YANK,2026-09-16T15:05:00+00:00
PER_SESSION_CONDITIONAL_UNKNOWN_EPOCH,1.0,49.88999999999942,59002.5,MIM,2026-09-16T15:06:00+00:00
PER_SESSION_CONDITIONAL_UNKNOWN_EPOCH,2.0,0.0,0.0,YANK,2026-09-16T15:06:00+00:00
PER_SESSION_CONDITIONAL_UNKNOWN_EPOCH,1.0,55.38999999999942,59008.0,MIM,2026-09-16T15:07:00+00:00
PER_SESSION_CONDITIONAL_UNKNOWN_EPOCH,2.0,0.0,0.0,YANK,2026-09-16T15:07:00+00:00
PER_SESSION_CONDITIONAL_UNKNOWN_EPOCH,1.0,77.38999999999942,59030.0,MIM,2026-09-16T15:08:00+00:00
PER_SESSION_CONDITIONAL_UNKNOWN_EPOCH,2.0,0.0,0.0,YANK,2026-09-16T15:08:00+00:00
PER_SESSION_CONDITIONAL_UNKNOWN_EPOCH,1.0,106.38999999999942,59059.0,MIM,2026-09-16T15:09:00+00:00
PER_SESSION_CONDITIONAL_UNKNOWN_EPOCH,2.0,0.0,0.0,YANK,2026-09-16T15:09:00+00:00
PER_SESSION_CONDITIONAL_UNKNOWN_EPOCH,1.0,104.38999999999942,59057.0,MIM,2026-09-16T15:10:00+00:00
PER_SESSION_CONDITIONAL_UNKNOWN_EPOCH,2.0,0.0,0.0,YANK,2026-09-16T15:10:00+00:00
PER_SESSION_CONDITIONAL_UNKNOWN_EPOCH,1.0,97.88999999999942,59050.5,MIM,2026-09-16T15:11:00+00:00
PER_SESSION_CONDITIONAL_UNKNOWN_EPOCH,2.0,0.0,0.0,YANK,2026-09-16T15:11:00+00:00
PER_SESSION_CONDITIONAL_UNKNOWN_EPOCH,1.0,81.38999999999942,59034.0,MIM,2026-09-16T15:12:00+00:00
PER_SESSION_CONDITIONAL_UNKNOWN_EPOCH,2.0,0.0,0.0,YANK,2026-09-16T15:12:00+00:00
PER_SESSION_CONDITIONAL_UNKNOWN_EPOCH,1.0,84.88999999999942,59037.5,MIM,2026-09-16T15:13:00+00:00
PER_SESSION_CONDITIONAL_UNKNOWN_EPOCH,2.0,0.0,0.0,YANK,2026-09-16T15:13:00+00:00
PER_SESSION_CONDITIONAL_UNKNOWN_EPOCH,1.0,88.88999999999942,59041.5,MIM,2026-09-16T15:14:00+00:00
PER_SESSION_CONDITIONAL_UNKNOWN_EPOCH,2.0,0.0,0.0,YANK,2026-09-16T15:14:00+00:00
PER_SESSION_CONDITIONAL_UNKNOWN_EPOCH,1.0,95.38999999999942,59048.0,MIM,2026-09-16T15:15:00+00:00
PER_SESSION_CONDITIONAL_UNKNOWN_EPOCH,2.0,0.0,0.0,YANK,2026-09-16T15:15:00+00:00
PER_SESSION_CONDITIONAL_UNKNOWN_EPOCH,1.0,68.38999999999942,59021.0,MIM,2026-09-16T15:16:00+00:00
PER_SESSION_CONDITIONAL_UNKNOWN_EPOCH,2.0,0.0,0.0,YANK,2026-09-16T15:16:00+00:00
PER_SESSION_CONDITIONAL_UNKNOWN_EPOCH,1.0,46.88999999999942,58999.5,MIM,2026-09-16T15:17:00+00:00
PER_SESSION_CONDITIONAL_UNKNOWN_EPOCH,2.0,0.0,0.0,YANK,2026-09-16T15:17:00+00:00
PER_SESSION_CONDITIONAL_UNKNOWN_EPOCH,1.0,45.88999999999942,58998.5,MIM,2026-09-16T15:18:00+00:00
PER_SESSION_CONDITIONAL_UNKNOWN_EPOCH,2.0,0.0,0.0,YANK,2026-09-16T15:18:00+00:00
PER_SESSION_CONDITIONAL_UNKNOWN_EPOCH,1.0,45.38999999999942,58998.0,MIM,2026-09-16T15:19:00+00:00
PER_SESSION_CONDITIONAL_UNKNOWN_EPOCH,2.0,0.0,0.0,YANK,2026-09-16T15:19:00+00:00
PER_SESSION_CONDITIONAL_UNKNOWN_EPOCH,1.0,63.88999999999942,59016.5,MIM,2026-09-16T15:20:00+00:00
PER_SESSION_CONDITIONAL_UNKNOWN_EPOCH,2.0,0.0,0.0,YANK,2026-09-16T15:20:00+00:00
PER_SESSION_CONDITIONAL_UNKNOWN_EPOCH,1.0,58.38999999999942,59011.0,MIM,2026-09-16T15:21:00+00:00
PER_SESSION_CONDITIONAL_UNKNOWN_EPOCH,2.0,0.0,0.0,YANK,2026-09-16T15:21:00+00:00
PER_SESSION_CONDITIONAL_UNKNOWN_EPOCH,1.0,55.88999999999942,59008.5,MIM,2026-09-16T15:22:00+00:00
PER_SESSION_CONDITIONAL_UNKNOWN_EPOCH,2.0,0.0,0.0,YANK,2026-09-16T15:22:00+00:00
PER_SESSION_CONDITIONAL_UNKNOWN_EPOCH,1.0,62.38999999999942,59015.0,MIM,2026-09-16T15:23:00+00:00
PER_SESSION_CONDITIONAL_UNKNOWN_EPOCH,2.0,0.0,0.0,YANK,2026-09-16T15:23:00+00:00
PER_SESSION_CONDITIONAL_UNKNOWN_EPOCH,1.0,61.88999999999942,59014.5,MIM,2026-09-16T15:24:00+00:00
PER_SESSION_CONDITIONAL_UNKNOWN_EPOCH,2.0,0.0,0.0,YANK,2026-09-16T15:24:00+00:00
PER_SESSION_CONDITIONAL_UNKNOWN_EPOCH,1.0,79.88999999999942,59032.5,MIM,2026-09-16T15:25:00+00:00
PER_SESSION_CONDITIONAL_UNKNOWN_EPOCH,2.0,0.0,0.0,YANK,2026-09-16T15:25:00+00:00
PER_SESSION_CONDITIONAL_UNKNOWN_EPOCH,1.0,96.38999999999942,59049.0,MIM,2026-09-16T15:26:00+00:00
PER_SESSION_CONDITIONAL_UNKNOWN_EPOCH,2.0,0.0,0.0,YANK,2026-09-16T15:26:00+00:00
PER_SESSION_CONDITIONAL_UNKNOWN_EPOCH,1.0,79.88999999999942,59032.5,MIM,2026-09-16T15:27:00+00:00
PER_SESSION_CONDITIONAL_UNKNOWN_EPOCH,2.0,0.0,0.0,YANK,2026-09-16T15:27:00+00:00
PER_SESSION_CONDITIONAL_UNKNOWN_EPOCH,1.0,83.38999999999942,59036.0,MIM,2026-09-16T15:28:00+00:00
PER_SESSION_CONDITIONAL_UNKNOWN_EPOCH,2.0,0.0,0.0,YANK,2026-09-16T15:28:00+00:00
PER_SESSION_CONDITIONAL_UNKNOWN_EPOCH,1.0,57.88999999999942,59010.5,MIM,2026-09-16T15:29:00+00:00
PER_SESSION_CONDITIONAL_UNKNOWN_EPOCH,2.0,0.0,0.0,YANK,2026-09-16T15:29:00+00:00
PER_SESSION_CONDITIONAL_UNKNOWN_EPOCH,1.0,60.88999999999942,59013.5,MIM,2026-09-16T15:30:00+00:00
PER_SESSION_CONDITIONAL_UNKNOWN_EPOCH,2.0,0.0,0.0,YANK,2026-09-16T15:30:00+00:00
PER_SESSION_CONDITIONAL_UNKNOWN_EPOCH,1.0,42.38999999999942,58995.0,MIM,2026-09-16T15:31:00+00:00
PER_SESSION_CONDITIONAL_UNKNOWN_EPOCH,2.0,0.0,0.0,YANK,2026-09-16T15:31:00+00:00
PER_SESSION_CONDITIONAL_UNKNOWN_EPOCH,1.0,36.38999999999942,58989.0,MIM,2026-09-16T15:32:00+00:00
PER_SESSION_CONDITIONAL_UNKNOWN_EPOCH,2.0,0.0,0.0,YANK,2026-09-16T15:32:00+00:00
PER_SESSION_CONDITIONAL_UNKNOWN_EPOCH,1.0,22.389999999999418,58975.0,MIM,2026-09-16T15:33:00+00:00
PER_SESSION_CONDITIONAL_UNKNOWN_EPOCH,2.0,0.0,0.0,YANK,2026-09-16T15:33:00+00:00
PER_SESSION_CONDITIONAL_UNKNOWN_EPOCH,1.0,19.389999999999418,58972.0,MIM,2026-09-16T15:34:00+00:00
PER_SESSION_CONDITIONAL_UNKNOWN_EPOCH,2.0,0.0,0.0,YANK,2026-09-16T15:34:00+00:00
PER_SESSION_CONDITIONAL_UNKNOWN_EPOCH,1.0,26.889999999999418,58979.5,MIM,2026-09-16T15:35:00+00:00
PER_SESSION_CONDITIONAL_UNKNOWN_EPOCH,2.0,0.0,0.0,YANK,2026-09-16T15:35:00+00:00
PER_SESSION_CONDITIONAL_UNKNOWN_EPOCH,1.0,31.889999999999418,58984.5,MIM,2026-09-16T15:36:00+00:00
PER_SESSION_CONDITIONAL_UNKNOWN_EPOCH,2.0,0.0,0.0,YANK,2026-09-16T15:36:00+00:00
PER_SESSION_CONDITIONAL_UNKNOWN_EPOCH,1.0,33.38999999999942,58986.0,MIM,2026-09-16T15:37:00+00:00
PER_SESSION_CONDITIONAL_UNKNOWN_EPOCH,2.0,0.0,0.0,YANK,2026-09-16T15:37:00+00:00
PER_SESSION_CONDITIONAL_UNKNOWN_EPOCH,1.0,22.889999999999418,58975.5,MIM,2026-09-16T15:38:00+00:00
PER_SESSION_CONDITIONAL_UNKNOWN_EPOCH,2.0,0.0,0.0,YANK,2026-09-16T15:38:00+00:00
PER_SESSION_CONDITIONAL_UNKNOWN_EPOCH,1.0,41.88999999999942,58994.5,MIM,2026-09-16T15:39:00+00:00
PER_SESSION_CONDITIONAL_UNKNOWN_EPOCH,2.0,0.0,0.0,YANK,2026-09-16T15:39:00+00:00
PER_SESSION_CONDITIONAL_UNKNOWN_EPOCH,1.0,33.88999999999942,58986.5,MIM,2026-09-16T15:40:00+00:00
PER_SESSION_CONDITIONAL_UNKNOWN_EPOCH,2.0,0.0,0.0,YANK,2026-09-16T15:40:00+00:00
PER_SESSION_CONDITIONAL_UNKNOWN_EPOCH,1.0,45.88999999999942,58998.5,MIM,2026-09-16T15:41:00+00:00
PER_SESSION_CONDITIONAL_UNKNOWN_EPOCH,2.0,0.0,0.0,YANK,2026-09-16T15:41:00+00:00
PER_SESSION_CONDITIONAL_UNKNOWN_EPOCH,1.0,27.889999999999418,58980.5,MIM,2026-09-16T15:42:00+00:00
PER_SESSION_CONDITIONAL_UNKNOWN_EPOCH,2.0,0.0,0.0,YANK,2026-09-16T15:42:00+00:00
PER_SESSION_CONDITIONAL_UNKNOWN_EPOCH,1.0,37.38999999999942,58990.0,MIM,2026-09-16T15:43:00+00:00
PER_SESSION_CONDITIONAL_UNKNOWN_EPOCH,2.0,0.0,0.0,YANK,2026-09-16T15:43:00+00:00
PER_SESSION_CONDITIONAL_UNKNOWN_EPOCH,1.0,35.88999999999942,58988.5,MIM,2026-09-16T15:44:00+00:00
PER_SESSION_CONDITIONAL_UNKNOWN_EPOCH,2.0,0.0,0.0,YANK,2026-09-16T15:44:00+00:00
PER_SESSION_CONDITIONAL_UNKNOWN_EPOCH,1.0,39.88999999999942,58992.5,MIM,2026-09-16T15:45:00+00:00
PER_SESSION_CONDITIONAL_UNKNOWN_EPOCH,2.0,0.0,0.0,YANK,2026-09-16T15:45:00+00:00
PER_SESSION_CONDITIONAL_UNKNOWN_EPOCH,1.0,35.38999999999942,58988.0,MIM,2026-09-16T15:46:00+00:00
PER_SESSION_CONDITIONAL_UNKNOWN_EPOCH,2.0,0.0,0.0,YANK,2026-09-16T15:46:00+00:00
PER_SESSION_CONDITIONAL_UNKNOWN_EPOCH,1.0,29.889999999999418,58982.5,MIM,2026-09-16T15:47:00+00:00
PER_SESSION_CONDITIONAL_UNKNOWN_EPOCH,2.0,0.0,0.0,YANK,2026-09-16T15:47:00+00:00
PER_SESSION_CONDITIONAL_UNKNOWN_EPOCH,1.0,107.38999999999942,59060.0,MIM,2026-09-16T15:48:00+00:00
PER_SESSION_CONDITIONAL_UNKNOWN_EPOCH,2.0,0.0,0.0,YANK,2026-09-16T15:48:00+00:00
PER_SESSION_CONDITIONAL_UNKNOWN_EPOCH,1.0,119.38999999999942,59072.0,MIM,2026-09-16T15:49:00+00:00
PER_SESSION_CONDITIONAL_UNKNOWN_EPOCH,2.0,0.0,0.0,YANK,2026-09-16T15:49:00+00:00
PER_SESSION_CONDITIONAL_UNKNOWN_EPOCH,1.0,102.38999999999942,59055.0,MIM,2026-09-16T15:50:00+00:00
PER_SESSION_CONDITIONAL_UNKNOWN_EPOCH,2.0,0.0,0.0,YANK,2026-09-16T15:50:00+00:00
PER_SESSION_CONDITIONAL_UNKNOWN_EPOCH,1.0,95.88999999999942,59048.5,MIM,2026-09-16T15:51:00+00:00
PER_SESSION_CONDITIONAL_UNKNOWN_EPOCH,2.0,0.0,0.0,YANK,2026-09-16T15:51:00+00:00
PER_SESSION_CONDITIONAL_UNKNOWN_EPOCH,1.0,80.38999999999942,59033.0,MIM,2026-09-16T15:52:00+00:00
PER_SESSION_CONDITIONAL_UNKNOWN_EPOCH,2.0,0.0,0.0,YANK,2026-09-16T15:52:00+00:00
PER_SESSION_CONDITIONAL_UNKNOWN_EPOCH,1.0,87.88999999999942,59040.5,MIM,2026-09-16T15:53:00+00:00
PER_SESSION_CONDITIONAL_UNKNOWN_EPOCH,2.0,0.0,0.0,YANK,2026-09-16T15:53:00+00:00
PER_SESSION_CONDITIONAL_UNKNOWN_EPOCH,1.0,76.38999999999942,59029.0,MIM,2026-09-16T15:54:00+00:00
PER_SESSION_CONDITIONAL_UNKNOWN_EPOCH,2.0,0.0,0.0,YANK,2026-09-16T15:54:00+00:00
PER_SESSION_CONDITIONAL_UNKNOWN_EPOCH,1.0,69.88999999999942,59022.5,MIM,2026-09-16T15:55:00+00:00
PER_SESSION_CONDITIONAL_UNKNOWN_EPOCH,2.0,0.0,0.0,YANK,2026-09-16T15:55:00+00:00
PER_SESSION_CONDITIONAL_UNKNOWN_EPOCH,1.0,77.38999999999942,59030.0,MIM,2026-09-16T15:56:00+00:00
PER_SESSION_CONDITIONAL_UNKNOWN_EPOCH,2.0,0.0,0.0,YANK,2026-09-16T15:56:00+00:00
PER_SESSION_CONDITIONAL_UNKNOWN_EPOCH,1.0,72.88999999999942,59025.5,MIM,2026-09-16T15:57:00+00:00
PER_SESSION_CONDITIONAL_UNKNOWN_EPOCH,2.0,0.0,0.0,YANK,2026-09-16T15:57:00+00:00
PER_SESSION_CONDITIONAL_UNKNOWN_EPOCH,1.0,68.88999999999942,59021.5,MIM,2026-09-16T15:58:00+00:00
PER_SESSION_CONDITIONAL_UNKNOWN_EPOCH,2.0,0.0,0.0,YANK,2026-09-16T15:58:00+00:00
PER_SESSION_CONDITIONAL_UNKNOWN_EPOCH,1.0,70.38999999999942,59023.0,MIM,2026-09-16T15:59:00+00:00
PER_SESSION_CONDITIONAL_UNKNOWN_EPOCH,2.0,0.0,0.0,YANK,2026-09-16T15:59:00+00:00
PER_SESSION_CONDITIONAL_UNKNOWN_EPOCH,1.0,47.38999999999942,59000.0,MIM,2026-09-16T16:00:00+00:00
PER_SESSION_CONDITIONAL_UNKNOWN_EPOCH,2.0,0.0,0.0,YANK,2026-09-16T16:00:00+00:00
PER_SESSION_CONDITIONAL_UNKNOWN_EPOCH,1.0,42.88999999999942,58995.5,MIM,2026-09-16T16:01:00+00:00
PER_SESSION_CONDITIONAL_UNKNOWN_EPOCH,2.0,0.0,0.0,YANK,2026-09-16T16:01:00+00:00
PER_SESSION_CONDITIONAL_UNKNOWN_EPOCH,1.0,24.389999999999418,58977.0,MIM,2026-09-16T16:02:00+00:00
PER_SESSION_CONDITIONAL_UNKNOWN_EPOCH,2.0,0.0,0.0,YANK,2026-09-16T16:02:00+00:00
PER_SESSION_CONDITIONAL_UNKNOWN_EPOCH,1.0,22.389999999999418,58975.0,MIM,2026-09-16T16:03:00+00:00
PER_SESSION_CONDITIONAL_UNKNOWN_EPOCH,2.0,0.0,0.0,YANK,2026-09-16T16:03:00+00:00
PER_SESSION_CONDITIONAL_UNKNOWN_EPOCH,1.0,8.889999999999418,58961.5,MIM,2026-09-16T16:04:00+00:00
PER_SESSION_CONDITIONAL_UNKNOWN_EPOCH,2.0,0.0,0.0,YANK,2026-09-16T16:04:00+00:00
PER_SESSION_CONDITIONAL_UNKNOWN_EPOCH,1.0,-1.610000000000582,58951.0,MIM,2026-09-16T16:05:00+00:00
PER_SESSION_CONDITIONAL_UNKNOWN_EPOCH,2.0,0.0,0.0,YANK,2026-09-16T16:05:00+00:00
PER_SESSION_CONDITIONAL_UNKNOWN_EPOCH,1.0,9.389999999999418,58962.0,MIM,2026-09-16T16:06:00+00:00
PER_SESSION_CONDITIONAL_UNKNOWN_EPOCH,2.0,0.0,0.0,YANK,2026-09-16T16:06:00+00:00
PER_SESSION_CONDITIONAL_UNKNOWN_EPOCH,1.0,10.389999999999418,58963.0,MIM,2026-09-16T16:07:00+00:00
PER_SESSION_CONDITIONAL_UNKNOWN_EPOCH,2.0,0.0,0.0,YANK,2026-09-16T16:07:00+00:00
PER_SESSION_CONDITIONAL_UNKNOWN_EPOCH,1.0,3.889999999999418,58956.5,MIM,2026-09-16T16:08:00+00:00
PER_SESSION_CONDITIONAL_UNKNOWN_EPOCH,2.0,0.0,0.0,YANK,2026-09-16T16:08:00+00:00
PER_SESSION_CONDITIONAL_UNKNOWN_EPOCH,1.0,9.889999999999418,58962.5,MIM,2026-09-16T16:09:00+00:00
PER_SESSION_CONDITIONAL_UNKNOWN_EPOCH,2.0,0.0,0.0,YANK,2026-09-16T16:09:00+00:00
PER_SESSION_CONDITIONAL_UNKNOWN_EPOCH,1.0,17.889999999999418,58970.5,MIM,2026-09-16T16:10:00+00:00
PER_SESSION_CONDITIONAL_UNKNOWN_EPOCH,2.0,0.0,0.0,YANK,2026-09-16T16:10:00+00:00
PER_SESSION_CONDITIONAL_UNKNOWN_EPOCH,1.0,12.889999999999418,58965.5,MIM,2026-09-16T16:11:00+00:00
PER_SESSION_CONDITIONAL_UNKNOWN_EPOCH,2.0,0.0,0.0,YANK,2026-09-16T16:11:00+00:00
PER_SESSION_CONDITIONAL_UNKNOWN_EPOCH,1.0,3.389999999999418,58956.0,MIM,2026-09-16T16:12:00+00:00
PER_SESSION_CONDITIONAL_UNKNOWN_EPOCH,2.0,0.0,0.0,YANK,2026-09-16T16:12:00+00:00
PER_SESSION_CONDITIONAL_UNKNOWN_EPOCH,1.0,-7.610000000000582,58945.0,MIM,2026-09-16T16:13:00+00:00
PER_SESSION_CONDITIONAL_UNKNOWN_EPOCH,2.0,0.0,0.0,YANK,2026-09-16T16:13:00+00:00
PER_SESSION_CONDITIONAL_UNKNOWN_EPOCH,1.0,14.389999999999418,58967.0,MIM,2026-09-16T16:14:00+00:00
PER_SESSION_CONDITIONAL_UNKNOWN_EPOCH,2.0,0.0,0.0,YANK,2026-09-16T16:14:00+00:00
PER_SESSION_CONDITIONAL_UNKNOWN_EPOCH,1.0,16.889999999999418,58969.5,MIM,2026-09-16T16:15:00+00:00
PER_SESSION_CONDITIONAL_UNKNOWN_EPOCH,2.0,0.0,0.0,YANK,2026-09-16T16:15:00+00:00
PER_SESSION_CONDITIONAL_UNKNOWN_EPOCH,1.0,26.889999999999418,58979.5,MIM,2026-09-16T16:16:00+00:00
PER_SESSION_CONDITIONAL_UNKNOWN_EPOCH,2.0,0.0,0.0,YANK,2026-09-16T16:16:00+00:00
PER_SESSION_CONDITIONAL_UNKNOWN_EPOCH,1.0,17.889999999999418,58970.5,MIM,2026-09-16T16:17:00+00:00
PER_SESSION_CONDITIONAL_UNKNOWN_EPOCH,2.0,0.0,0.0,YANK,2026-09-16T16:17:00+00:00
PER_SESSION_CONDITIONAL_UNKNOWN_EPOCH,1.0,34.88999999999942,58987.5,MIM,2026-09-16T16:18:00+00:00
PER_SESSION_CONDITIONAL_UNKNOWN_EPOCH,2.0,0.0,0.0,YANK,2026-09-16T16:18:00+00:00
PER_SESSION_CONDITIONAL_UNKNOWN_EPOCH,1.0,26.889999999999418,58979.5,MIM,2026-09-16T16:19:00+00:00
PER_SESSION_CONDITIONAL_UNKNOWN_EPOCH,2.0,0.0,0.0,YANK,2026-09-16T16:19:00+00:00
PER_SESSION_CONDITIONAL_UNKNOWN_EPOCH,1.0,28.389999999999418,58981.0,MIM,2026-09-16T16:20:00+00:00
PER_SESSION_CONDITIONAL_UNKNOWN_EPOCH,2.0,0.0,0.0,YANK,2026-09-16T16:20:00+00:00
PER_SESSION_CONDITIONAL_UNKNOWN_EPOCH,1.0,18.389999999999418,58971.0,MIM,2026-09-16T16:21:00+00:00
PER_SESSION_CONDITIONAL_UNKNOWN_EPOCH,2.0,0.0,0.0,YANK,2026-09-16T16:21:00+00:00
PER_SESSION_CONDITIONAL_UNKNOWN_EPOCH,1.0,-0.11000000000058208,58952.5,MIM,2026-09-16T16:22:00+00:00
PER_SESSION_CONDITIONAL_UNKNOWN_EPOCH,2.0,0.0,0.0,YANK,2026-09-16T16:22:00+00:00
PER_SESSION_CONDITIONAL_UNKNOWN_EPOCH,1.0,-5.110000000000582,58947.5,MIM,2026-09-16T16:23:00+00:00
PER_SESSION_CONDITIONAL_UNKNOWN_EPOCH,2.0,0.0,0.0,YANK,2026-09-16T16:23:00+00:00
PER_SESSION_CONDITIONAL_UNKNOWN_EPOCH,1.0,-5.610000000000582,58947.0,MIM,2026-09-16T16:24:00+00:00
PER_SESSION_CONDITIONAL_UNKNOWN_EPOCH,2.0,0.0,0.0,YANK,2026-09-16T16:24:00+00:00
PER_SESSION_CONDITIONAL_UNKNOWN_EPOCH,1.0,-13.110000000000582,58939.5,MIM,2026-09-16T16:25:00+00:00
PER_SESSION_CONDITIONAL_UNKNOWN_EPOCH,2.0,0.0,0.0,YANK,2026-09-16T16:25:00+00:00
PER_SESSION_CONDITIONAL_UNKNOWN_EPOCH,1.0,-6.610000000000582,58946.0,MIM,2026-09-16T16:26:00+00:00
PER_SESSION_CONDITIONAL_UNKNOWN_EPOCH,2.0,0.0,0.0,YANK,2026-09-16T16:26:00+00:00
PER_SESSION_CONDITIONAL_UNKNOWN_EPOCH,1.0,2.389999999999418,58955.0,MIM,2026-09-16T16:27:00+00:00
PER_SESSION_CONDITIONAL_UNKNOWN_EPOCH,2.0,0.0,0.0,YANK,2026-09-16T16:27:00+00:00
PER_SESSION_CONDITIONAL_UNKNOWN_EPOCH,1.0,-5.610000000000582,58947.0,MIM,2026-09-16T16:28:00+00:00
PER_SESSION_CONDITIONAL_UNKNOWN_EPOCH,2.0,0.0,0.0,YANK,2026-09-16T16:28:00+00:00
PER_SESSION_CONDITIONAL_UNKNOWN_EPOCH,1.0,0.8899999999994179,58953.5,MIM,2026-09-16T16:29:00+00:00
PER_SESSION_CONDITIONAL_UNKNOWN_EPOCH,2.0,0.0,0.0,YANK,2026-09-16T16:29:00+00:00
PER_SESSION_CONDITIONAL_UNKNOWN_EPOCH,1.0,17.389999999999418,58970.0,MIM,2026-09-16T16:30:00+00:00
PER_SESSION_CONDITIONAL_UNKNOWN_EPOCH,2.0,0.0,0.0,YANK,2026-09-16T16:30:00+00:00
PER_SESSION_CONDITIONAL_UNKNOWN_EPOCH,1.0,13.389999999999418,58966.0,MIM,2026-09-16T16:31:00+00:00
PER_SESSION_CONDITIONAL_UNKNOWN_EPOCH,2.0,0.0,0.0,YANK,2026-09-16T16:31:00+00:00
PER_SESSION_CONDITIONAL_UNKNOWN_EPOCH,1.0,0.3899999999994179,58953.0,MIM,2026-09-16T16:32:00+00:00
PER_SESSION_CONDITIONAL_UNKNOWN_EPOCH,2.0,0.0,0.0,YANK,2026-09-16T16:32:00+00:00
PER_SESSION_CONDITIONAL_UNKNOWN_EPOCH,1.0,-11.110000000000582,58941.5,MIM,2026-09-16T16:33:00+00:00
PER_SESSION_CONDITIONAL_UNKNOWN_EPOCH,2.0,0.0,0.0,YANK,2026-09-16T16:33:00+00:00
PER_SESSION_CONDITIONAL_UNKNOWN_EPOCH,1.0,-22.110000000000582,58930.5,MIM,2026-09-16T16:34:00+00:00
PER_SESSION_CONDITIONAL_UNKNOWN_EPOCH,2.0,0.0,0.0,YANK,2026-09-16T16:34:00+00:00
PER_SESSION_CONDITIONAL_UNKNOWN_EPOCH,1.0,-21.110000000000582,58931.5,MIM,2026-09-16T16:35:00+00:00
PER_SESSION_CONDITIONAL_UNKNOWN_EPOCH,2.0,0.0,0.0,YANK,2026-09-16T16:35:00+00:00
PER_SESSION_CONDITIONAL_UNKNOWN_EPOCH,1.0,-13.610000000000582,58939.0,MIM,2026-09-16T16:36:00+00:00
PER_SESSION_CONDITIONAL_UNKNOWN_EPOCH,2.0,0.0,0.0,YANK,2026-09-16T16:36:00+00:00
PER_SESSION_CONDITIONAL_UNKNOWN_EPOCH,1.0,-9.610000000000582,58943.0,MIM,2026-09-16T16:37:00+00:00
PER_SESSION_CONDITIONAL_UNKNOWN_EPOCH,2.0,0.0,0.0,YANK,2026-09-16T16:37:00+00:00
PER_SESSION_CONDITIONAL_UNKNOWN_EPOCH,1.0,-12.610000000000582,58940.0,MIM,2026-09-16T16:38:00+00:00
PER_SESSION_CONDITIONAL_UNKNOWN_EPOCH,2.0,0.0,0.0,YANK,2026-09-16T16:38:00+00:00
PER_SESSION_CONDITIONAL_UNKNOWN_EPOCH,1.0,-9.610000000000582,58943.0,MIM,2026-09-16T16:39:00+00:00
PER_SESSION_CONDITIONAL_UNKNOWN_EPOCH,2.0,0.0,0.0,YANK,2026-09-16T16:39:00+00:00
PER_SESSION_CONDITIONAL_UNKNOWN_EPOCH,1.0,-11.610000000000582,58941.0,MIM,2026-09-16T16:40:00+00:00
PER_SESSION_CONDITIONAL_UNKNOWN_EPOCH,2.0,0.0,0.0,YANK,2026-09-16T16:40:00+00:00
PER_SESSION_CONDITIONAL_UNKNOWN_EPOCH,1.0,-6.610000000000582,58946.0,MIM,2026-09-16T16:41:00+00:00
PER_SESSION_CONDITIONAL_UNKNOWN_EPOCH,2.0,0.0,0.0,YANK,2026-09-16T16:41:00+00:00
PER_SESSION_CONDITIONAL_UNKNOWN_EPOCH,1.0,-13.110000000000582,58939.5,MIM,2026-09-16T16:42:00+00:00
PER_SESSION_CONDITIONAL_UNKNOWN_EPOCH,2.0,0.0,0.0,YANK,2026-09-16T16:42:00+00:00
PER_SESSION_CONDITIONAL_UNKNOWN_EPOCH,1.0,-14.110000000000582,58938.5,MIM,2026-09-16T16:43:00+00:00
PER_SESSION_CONDITIONAL_UNKNOWN_EPOCH,2.0,0.0,0.0,YANK,2026-09-16T16:43:00+00:00
PER_SESSION_CONDITIONAL_UNKNOWN_EPOCH,1.0,-10.610000000000582,58942.0,MIM,2026-09-16T16:44:00+00:00
PER_SESSION_CONDITIONAL_UNKNOWN_EPOCH,2.0,0.0,0.0,YANK,2026-09-16T16:44:00+00:00
PER_SESSION_CONDITIONAL_UNKNOWN_EPOCH,1.0,-12.610000000000582,58940.0,MIM,2026-09-16T16:45:00+00:00
PER_SESSION_CONDITIONAL_UNKNOWN_EPOCH,2.0,0.0,0.0,YANK,2026-09-16T16:45:00+00:00
PER_SESSION_CONDITIONAL_UNKNOWN_EPOCH,1.0,7.389999999999418,58960.0,MIM,2026-09-16T16:46:00+00:00
PER_SESSION_CONDITIONAL_UNKNOWN_EPOCH,2.0,0.0,0.0,YANK,2026-09-16T16:46:00+00:00
PER_SESSION_CONDITIONAL_UNKNOWN_EPOCH,1.0,22.389999999999418,58975.0,MIM,2026-09-16T16:47:00+00:00
PER_SESSION_CONDITIONAL_UNKNOWN_EPOCH,2.0,0.0,0.0,YANK,2026-09-16T16:47:00+00:00
PER_SESSION_CONDITIONAL_UNKNOWN_EPOCH,1.0,27.389999999999418,58980.0,MIM,2026-09-16T16:48:00+00:00
PER_SESSION_CONDITIONAL_UNKNOWN_EPOCH,2.0,0.0,0.0,YANK,2026-09-16T16:48:00+00:00
PER_SESSION_CONDITIONAL_UNKNOWN_EPOCH,1.0,26.889999999999418,58979.5,MIM,2026-09-16T16:49:00+00:00
PER_SESSION_CONDITIONAL_UNKNOWN_EPOCH,2.0,0.0,0.0,YANK,2026-09-16T16:49:00+00:00
PER_SESSION_CONDITIONAL_UNKNOWN_EPOCH,1.0,18.889999999999418,58971.5,MIM,2026-09-16T16:50:00+00:00
PER_SESSION_CONDITIONAL_UNKNOWN_EPOCH,2.0,0.0,0.0,YANK,2026-09-16T16:50:00+00:00
PER_SESSION_CONDITIONAL_UNKNOWN_EPOCH,1.0,-5.110000000000582,58947.5,MIM,2026-09-16T16:51:00+00:00
PER_SESSION_CONDITIONAL_UNKNOWN_EPOCH,2.0,0.0,0.0,YANK,2026-09-16T16:51:00+00:00
PER_SESSION_CONDITIONAL_UNKNOWN_EPOCH,1.0,-10.110000000000582,58942.5,MIM,2026-09-16T16:52:00+00:00
PER_SESSION_CONDITIONAL_UNKNOWN_EPOCH,2.0,0.0,0.0,YANK,2026-09-16T16:52:00+00:00
PER_SESSION_CONDITIONAL_UNKNOWN_EPOCH,1.0,-7.610000000000582,58945.0,MIM,2026-09-16T16:53:00+00:00
PER_SESSION_CONDITIONAL_UNKNOWN_EPOCH,2.0,0.0,0.0,YANK,2026-09-16T16:53:00+00:00
PER_SESSION_CONDITIONAL_UNKNOWN_EPOCH,1.0,-11.110000000000582,58941.5,MIM,2026-09-16T16:54:00+00:00
PER_SESSION_CONDITIONAL_UNKNOWN_EPOCH,2.0,0.0,0.0,YANK,2026-09-16T16:54:00+00:00
PER_SESSION_CONDITIONAL_UNKNOWN_EPOCH,1.0,-4.110000000000582,58948.5,MIM,2026-09-16T16:55:00+00:00
PER_SESSION_CONDITIONAL_UNKNOWN_EPOCH,2.0,0.0,0.0,YANK,2026-09-16T16:55:00+00:00
PER_SESSION_CONDITIONAL_UNKNOWN_EPOCH,1.0,0.8899999999994179,58953.5,MIM,2026-09-16T16:56:00+00:00
PER_SESSION_CONDITIONAL_UNKNOWN_EPOCH,2.0,0.0,0.0,YANK,2026-09-16T16:56:00+00:00
PER_SESSION_CONDITIONAL_UNKNOWN_EPOCH,1.0,-3.610000000000582,58949.0,MIM,2026-09-16T16:57:00+00:00
PER_SESSION_CONDITIONAL_UNKNOWN_EPOCH,2.0,0.0,0.0,YANK,2026-09-16T16:57:00+00:00
PER_SESSION_CONDITIONAL_UNKNOWN_EPOCH,1.0,-3.110000000000582,58949.5,MIM,2026-09-16T16:58:00+00:00
PER_SESSION_CONDITIONAL_UNKNOWN_EPOCH,2.0,0.0,0.0,YANK,2026-09-16T16:58:00+00:00
PER_SESSION_CONDITIONAL_UNKNOWN_EPOCH,1.0,-1.610000000000582,58951.0,MIM,2026-09-16T16:59:00+00:00
PER_SESSION_CONDITIONAL_UNKNOWN_EPOCH,2.0,0.0,0.0,YANK,2026-09-16T16:59:00+00:00
PER_SESSION_CONDITIONAL_UNKNOWN_EPOCH,1.0,-15.610000000000582,58937.0,MIM,2026-09-16T17:00:00+00:00
PER_SESSION_CONDITIONAL_UNKNOWN_EPOCH,2.0,0.0,0.0,YANK,2026-09-16T17:00:00+00:00
PER_SESSION_CONDITIONAL_UNKNOWN_EPOCH,1.0,-46.11000000000058,58906.5,MIM,2026-09-16T17:01:00+00:00
PER_SESSION_CONDITIONAL_UNKNOWN_EPOCH,2.0,0.0,0.0,YANK,2026-09-16T17:01:00+00:00
PER_SESSION_CONDITIONAL_UNKNOWN_EPOCH,1.0,-52.11000000000058,58900.5,MIM,2026-09-16T17:02:00+00:00
PER_SESSION_CONDITIONAL_UNKNOWN_EPOCH,2.0,0.0,0.0,YANK,2026-09-16T17:02:00+00:00
PER_SESSION_CONDITIONAL_UNKNOWN_EPOCH,1.0,-53.11000000000058,58899.5,MIM,2026-09-16T17:03:00+00:00
PER_SESSION_CONDITIONAL_UNKNOWN_EPOCH,2.0,0.0,0.0,YANK,2026-09-16T17:03:00+00:00
PER_SESSION_CONDITIONAL_UNKNOWN_EPOCH,1.0,-67.61000000000058,58885.0,MIM,2026-09-16T17:04:00+00:00
PER_SESSION_CONDITIONAL_UNKNOWN_EPOCH,2.0,0.0,0.0,YANK,2026-09-16T17:04:00+00:00
PER_SESSION_CONDITIONAL_UNKNOWN_EPOCH,1.0,-56.61000000000058,58896.0,MIM,2026-09-16T17:05:00+00:00
PER_SESSION_CONDITIONAL_UNKNOWN_EPOCH,2.0,0.0,0.0,YANK,2026-09-16T17:05:00+00:00
PER_SESSION_CONDITIONAL_UNKNOWN_EPOCH,1.0,-62.11000000000058,58890.5,MIM,2026-09-16T17:06:00+00:00
PER_SESSION_CONDITIONAL_UNKNOWN_EPOCH,2.0,0.0,0.0,YANK,2026-09-16T17:06:00+00:00
PER_SESSION_CONDITIONAL_UNKNOWN_EPOCH,1.0,-60.11000000000058,58892.5,MIM,2026-09-16T17:07:00+00:00
PER_SESSION_CONDITIONAL_UNKNOWN_EPOCH,2.0,0.0,0.0,YANK,2026-09-16T17:07:00+00:00
PER_SESSION_CONDITIONAL_UNKNOWN_EPOCH,1.0,-55.11000000000058,58897.5,MIM,2026-09-16T17:08:00+00:00
PER_SESSION_CONDITIONAL_UNKNOWN_EPOCH,2.0,0.0,0.0,YANK,2026-09-16T17:08:00+00:00
PER_SESSION_CONDITIONAL_UNKNOWN_EPOCH,1.0,-52.11000000000058,58900.5,MIM,2026-09-16T17:09:00+00:00
PER_SESSION_CONDITIONAL_UNKNOWN_EPOCH,2.0,0.0,0.0,YANK,2026-09-16T17:09:00+00:00
PER_SESSION_CONDITIONAL_UNKNOWN_EPOCH,1.0,-48.11000000000058,58904.5,MIM,2026-09-16T17:10:00+00:00
PER_SESSION_CONDITIONAL_UNKNOWN_EPOCH,2.0,0.0,0.0,YANK,2026-09-16T17:10:00+00:00
PER_SESSION_CONDITIONAL_UNKNOWN_EPOCH,1.0,-49.11000000000058,58903.5,MIM,2026-09-16T17:11:00+00:00
PER_SESSION_CONDITIONAL_UNKNOWN_EPOCH,2.0,0.0,0.0,YANK,2026-09-16T17:11:00+00:00
PER_SESSION_CONDITIONAL_UNKNOWN_EPOCH,1.0,-61.11000000000058,58891.5,MIM,2026-09-16T17:12:00+00:00
PER_SESSION_CONDITIONAL_UNKNOWN_EPOCH,2.0,0.0,0.0,YANK,2026-09-16T17:12:00+00:00
PER_SESSION_CONDITIONAL_UNKNOWN_EPOCH,1.0,-57.11000000000058,58895.5,MIM,2026-09-16T17:13:00+00:00
PER_SESSION_CONDITIONAL_UNKNOWN_EPOCH,2.0,0.0,0.0,YANK,2026-09-16T17:13:00+00:00
PER_SESSION_CONDITIONAL_UNKNOWN_EPOCH,1.0,-50.11000000000058,58902.5,MIM,2026-09-16T17:14:00+00:00
PER_SESSION_CONDITIONAL_UNKNOWN_EPOCH,2.0,0.0,0.0,YANK,2026-09-16T17:14:00+00:00
PER_SESSION_CONDITIONAL_UNKNOWN_EPOCH,1.0,-32.61000000000058,58920.0,MIM,2026-09-16T17:15:00+00:00
PER_SESSION_CONDITIONAL_UNKNOWN_EPOCH,2.0,0.0,0.0,YANK,2026-09-16T17:15:00+00:00
PER_SESSION_CONDITIONAL_UNKNOWN_EPOCH,1.0,-35.11000000000058,58917.5,MIM,2026-09-16T17:16:00+00:00
PER_SESSION_CONDITIONAL_UNKNOWN_EPOCH,2.0,0.0,0.0,YANK,2026-09-16T17:16:00+00:00
PER_SESSION_CONDITIONAL_UNKNOWN_EPOCH,1.0,-25.610000000000582,58927.0,MIM,2026-09-16T17:17:00+00:00
PER_SESSION_CONDITIONAL_UNKNOWN_EPOCH,2.0,0.0,0.0,YANK,2026-09-16T17:17:00+00:00
PER_SESSION_CONDITIONAL_UNKNOWN_EPOCH,1.0,-37.61000000000058,58915.0,MIM,2026-09-16T17:18:00+00:00
PER_SESSION_CONDITIONAL_UNKNOWN_EPOCH,2.0,0.0,0.0,YANK,2026-09-16T17:18:00+00:00
PER_SESSION_CONDITIONAL_UNKNOWN_EPOCH,1.0,-36.11000000000058,58916.5,MIM,2026-09-16T17:19:00+00:00
PER_SESSION_CONDITIONAL_UNKNOWN_EPOCH,2.0,0.0,0.0,YANK,2026-09-16T17:19:00+00:00
PER_SESSION_CONDITIONAL_UNKNOWN_EPOCH,1.0,-44.61000000000058,58908.0,MIM,2026-09-16T17:20:00+00:00
PER_SESSION_CONDITIONAL_UNKNOWN_EPOCH,2.0,0.0,0.0,YANK,2026-09-16T17:20:00+00:00
PER_SESSION_CONDITIONAL_UNKNOWN_EPOCH,1.0,-36.11000000000058,58916.5,MIM,2026-09-16T17:21:00+00:00
PER_SESSION_CONDITIONAL_UNKNOWN_EPOCH,2.0,0.0,0.0,YANK,2026-09-16T17:21:00+00:00
PER_SESSION_CONDITIONAL_UNKNOWN_EPOCH,1.0,-32.61000000000058,58920.0,MIM,2026-09-16T17:22:00+00:00
PER_SESSION_CONDITIONAL_UNKNOWN_EPOCH,2.0,0.0,0.0,YANK,2026-09-16T17:22:00+00:00
PER_SESSION_CONDITIONAL_UNKNOWN_EPOCH,1.0,-47.61000000000058,58905.0,MIM,2026-09-16T17:23:00+00:00
PER_SESSION_CONDITIONAL_UNKNOWN_EPOCH,2.0,0.0,0.0,YANK,2026-09-16T17:23:00+00:00
PER_SESSION_CONDITIONAL_UNKNOWN_EPOCH,1.0,-59.61000000000058,58893.0,MIM,2026-09-16T17:24:00+00:00
PER_SESSION_CONDITIONAL_UNKNOWN_EPOCH,2.0,0.0,0.0,YANK,2026-09-16T17:24:00+00:00
PER_SESSION_CONDITIONAL_UNKNOWN_EPOCH,1.0,-56.11000000000058,58896.5,MIM,2026-09-16T17:25:00+00:00
PER_SESSION_CONDITIONAL_UNKNOWN_EPOCH,2.0,0.0,0.0,YANK,2026-09-16T17:25:00+00:00
PER_SESSION_CONDITIONAL_UNKNOWN_EPOCH,1.0,-44.61000000000058,58908.0,MIM,2026-09-16T17:26:00+00:00
PER_SESSION_CONDITIONAL_UNKNOWN_EPOCH,2.0,0.0,0.0,YANK,2026-09-16T17:26:00+00:00
PER_SESSION_CONDITIONAL_UNKNOWN_EPOCH,1.0,-45.11000000000058,58907.5,MIM,2026-09-16T17:27:00+00:00
PER_SESSION_CONDITIONAL_UNKNOWN_EPOCH,2.0,0.0,0.0,YANK,2026-09-16T17:27:00+00:00
PER_SESSION_CONDITIONAL_UNKNOWN_EPOCH,1.0,-42.61000000000058,58910.0,MIM,2026-09-16T17:28:00+00:00
PER_SESSION_CONDITIONAL_UNKNOWN_EPOCH,2.0,0.0,0.0,YANK,2026-09-16T17:28:00+00:00
PER_SESSION_CONDITIONAL_UNKNOWN_EPOCH,1.0,-51.61000000000058,58901.0,MIM,2026-09-16T17:29:00+00:00
PER_SESSION_CONDITIONAL_UNKNOWN_EPOCH,2.0,0.0,0.0,YANK,2026-09-16T17:29:00+00:00
PER_SESSION_CONDITIONAL_UNKNOWN_EPOCH,1.0,-40.11000000000058,58912.5,MIM,2026-09-16T17:30:00+00:00
PER_SESSION_CONDITIONAL_UNKNOWN_EPOCH,2.0,0.0,0.0,YANK,2026-09-16T17:30:00+00:00
PER_SESSION_CONDITIONAL_UNKNOWN_EPOCH,1.0,-40.11000000000058,58912.5,MIM,2026-09-16T17:31:00+00:00
PER_SESSION_CONDITIONAL_UNKNOWN_EPOCH,2.0,0.0,0.0,YANK,2026-09-16T17:31:00+00:00
PER_SESSION_CONDITIONAL_UNKNOWN_EPOCH,1.0,-49.61000000000058,58903.0,MIM,2026-09-16T17:32:00+00:00
PER_SESSION_CONDITIONAL_UNKNOWN_EPOCH,2.0,0.0,0.0,YANK,2026-09-16T17:32:00+00:00
PER_SESSION_CONDITIONAL_UNKNOWN_EPOCH,1.0,-54.11000000000058,58898.5,MIM,2026-09-16T17:33:00+00:00
PER_SESSION_CONDITIONAL_UNKNOWN_EPOCH,2.0,0.0,0.0,YANK,2026-09-16T17:33:00+00:00
PER_SESSION_CONDITIONAL_UNKNOWN_EPOCH,1.0,-55.61000000000058,58897.0,MIM,2026-09-16T17:34:00+00:00
PER_SESSION_CONDITIONAL_UNKNOWN_EPOCH,2.0,0.0,0.0,YANK,2026-09-16T17:34:00+00:00
PER_SESSION_CONDITIONAL_UNKNOWN_EPOCH,1.0,-49.11000000000058,58903.5,MIM,2026-09-16T17:35:00+00:00
PER_SESSION_CONDITIONAL_UNKNOWN_EPOCH,2.0,0.0,0.0,YANK,2026-09-16T17:35:00+00:00
PER_SESSION_CONDITIONAL_UNKNOWN_EPOCH,1.0,-48.11000000000058,58904.5,MIM,2026-09-16T17:36:00+00:00
PER_SESSION_CONDITIONAL_UNKNOWN_EPOCH,2.0,0.0,0.0,YANK,2026-09-16T17:36:00+00:00
PER_SESSION_CONDITIONAL_UNKNOWN_EPOCH,1.0,-45.11000000000058,58907.5,MIM,2026-09-16T17:37:00+00:00
PER_SESSION_CONDITIONAL_UNKNOWN_EPOCH,2.0,0.0,0.0,YANK,2026-09-16T17:37:00+00:00
PER_SESSION_CONDITIONAL_UNKNOWN_EPOCH,1.0,-50.61000000000058,58902.0,MIM,2026-09-16T17:38:00+00:00
PER_SESSION_CONDITIONAL_UNKNOWN_EPOCH,2.0,0.0,0.0,YANK,2026-09-16T17:38:00+00:00
PER_SESSION_CONDITIONAL_UNKNOWN_EPOCH,1.0,-57.11000000000058,58895.5,MIM,2026-09-16T17:39:00+00:00
PER_SESSION_CONDITIONAL_UNKNOWN_EPOCH,2.0,0.0,0.0,YANK,2026-09-16T17:39:00+00:00
PER_SESSION_CONDITIONAL_UNKNOWN_EPOCH,1.0,-70.61000000000058,58882.0,MIM,2026-09-16T17:40:00+00:00
PER_SESSION_CONDITIONAL_UNKNOWN_EPOCH,2.0,0.0,0.0,YANK,2026-09-16T17:40:00+00:00
PER_SESSION_CONDITIONAL_UNKNOWN_EPOCH,1.0,-90.11000000000058,58862.5,MIM,2026-09-16T17:41:00+00:00
PER_SESSION_CONDITIONAL_UNKNOWN_EPOCH,2.0,0.0,0.0,YANK,2026-09-16T17:41:00+00:00
PER_SESSION_CONDITIONAL_UNKNOWN_EPOCH,1.0,-88.61000000000058,58864.0,MIM,2026-09-16T17:42:00+00:00
PER_SESSION_CONDITIONAL_UNKNOWN_EPOCH,2.0,0.0,0.0,YANK,2026-09-16T17:42:00+00:00
PER_SESSION_CONDITIONAL_UNKNOWN_EPOCH,1.0,-93.11000000000058,58859.5,MIM,2026-09-16T17:43:00+00:00
PER_SESSION_CONDITIONAL_UNKNOWN_EPOCH,2.0,0.0,0.0,YANK,2026-09-16T17:43:00+00:00
PER_SESSION_CONDITIONAL_UNKNOWN_EPOCH,1.0,-111.61000000000058,58841.0,MIM,2026-09-16T17:44:00+00:00
PER_SESSION_CONDITIONAL_UNKNOWN_EPOCH,2.0,0.0,0.0,YANK,2026-09-16T17:44:00+00:00
PER_SESSION_CONDITIONAL_UNKNOWN_EPOCH,1.0,-106.61000000000058,58846.0,MIM,2026-09-16T17:45:00+00:00
PER_SESSION_CONDITIONAL_UNKNOWN_EPOCH,2.0,0.0,0.0,YANK,2026-09-16T17:45:00+00:00
PER_SESSION_CONDITIONAL_UNKNOWN_EPOCH,1.0,-88.11000000000058,58864.5,MIM,2026-09-16T17:46:00+00:00
PER_SESSION_CONDITIONAL_UNKNOWN_EPOCH,2.0,0.0,0.0,YANK,2026-09-16T17:46:00+00:00
PER_SESSION_CONDITIONAL_UNKNOWN_EPOCH,1.0,-72.61000000000058,58880.0,MIM,2026-09-16T17:47:00+00:00
PER_SESSION_CONDITIONAL_UNKNOWN_EPOCH,2.0,0.0,0.0,YANK,2026-09-16T17:47:00+00:00
PER_SESSION_CONDITIONAL_UNKNOWN_EPOCH,1.0,-69.61000000000058,58883.0,MIM,2026-09-16T17:48:00+00:00
PER_SESSION_CONDITIONAL_UNKNOWN_EPOCH,2.0,0.0,0.0,YANK,2026-09-16T17:48:00+00:00
PER_SESSION_CONDITIONAL_UNKNOWN_EPOCH,1.0,-85.11000000000058,58867.5,MIM,2026-09-16T17:49:00+00:00
PER_SESSION_CONDITIONAL_UNKNOWN_EPOCH,2.0,0.0,0.0,YANK,2026-09-16T17:49:00+00:00
PER_SESSION_CONDITIONAL_UNKNOWN_EPOCH,1.0,-86.11000000000058,58866.5,MIM,2026-09-16T17:50:00+00:00
PER_SESSION_CONDITIONAL_UNKNOWN_EPOCH,2.0,0.0,0.0,YANK,2026-09-16T17:50:00+00:00
PER_SESSION_CONDITIONAL_UNKNOWN_EPOCH,1.0,-90.11000000000058,58862.5,MIM,2026-09-16T17:51:00+00:00
PER_SESSION_CONDITIONAL_UNKNOWN_EPOCH,2.0,0.0,0.0,YANK,2026-09-16T17:51:00+00:00
PER_SESSION_CONDITIONAL_UNKNOWN_EPOCH,1.0,-84.11000000000058,58868.5,MIM,2026-09-16T17:52:00+00:00
PER_SESSION_CONDITIONAL_UNKNOWN_EPOCH,2.0,0.0,0.0,YANK,2026-09-16T17:52:00+00:00
PER_SESSION_CONDITIONAL_UNKNOWN_EPOCH,1.0,-76.11000000000058,58876.5,MIM,2026-09-16T17:53:00+00:00
PER_SESSION_CONDITIONAL_UNKNOWN_EPOCH,2.0,0.0,0.0,YANK,2026-09-16T17:53:00+00:00
PER_SESSION_CONDITIONAL_UNKNOWN_EPOCH,1.0,-56.11000000000058,58896.5,MIM,2026-09-16T17:54:00+00:00
PER_SESSION_CONDITIONAL_UNKNOWN_EPOCH,2.0,0.0,0.0,YANK,2026-09-16T17:54:00+00:00
PER_SESSION_CONDITIONAL_UNKNOWN_EPOCH,1.0,-61.61000000000058,58891.0,MIM,2026-09-16T17:55:00+00:00
PER_SESSION_CONDITIONAL_UNKNOWN_EPOCH,2.0,0.0,0.0,YANK,2026-09-16T17:55:00+00:00
PER_SESSION_CONDITIONAL_UNKNOWN_EPOCH,1.0,-58.61000000000058,58894.0,MIM,2026-09-16T17:56:00+00:00
PER_SESSION_CONDITIONAL_UNKNOWN_EPOCH,2.0,0.0,0.0,YANK,2026-09-16T17:56:00+00:00
PER_SESSION_CONDITIONAL_UNKNOWN_EPOCH,1.0,-27.610000000000582,58925.0,MIM,2026-09-16T17:57:00+00:00
PER_SESSION_CONDITIONAL_UNKNOWN_EPOCH,2.0,0.0,0.0,YANK,2026-09-16T17:57:00+00:00
PER_SESSION_CONDITIONAL_UNKNOWN_EPOCH,1.0,-30.110000000000582,58922.5,MIM,2026-09-16T17:58:00+00:00
PER_SESSION_CONDITIONAL_UNKNOWN_EPOCH,2.0,0.0,0.0,YANK,2026-09-16T17:58:00+00:00
PER_SESSION_CONDITIONAL_UNKNOWN_EPOCH,1.0,-5.110000000000582,58947.5,MIM,2026-09-16T17:59:00+00:00
PER_SESSION_CONDITIONAL_UNKNOWN_EPOCH,2.0,0.0,0.0,YANK,2026-09-16T17:59:00+00:00
PER_SESSION_CONDITIONAL_UNKNOWN_EPOCH,1.0,3.389999999999418,58956.0,MIM,2026-09-16T18:00:00+00:00
PER_SESSION_CONDITIONAL_UNKNOWN_EPOCH,2.0,0.0,0.0,YANK,2026-09-16T18:00:00+00:00
PER_SESSION_CONDITIONAL_UNKNOWN_EPOCH,1.0,-42.11000000000058,58910.5,MIM,2026-09-16T18:01:00+00:00
PER_SESSION_CONDITIONAL_UNKNOWN_EPOCH,2.0,0.0,0.0,YANK,2026-09-16T18:01:00+00:00
PER_SESSION_CONDITIONAL_UNKNOWN_EPOCH,1.0,-106.11000000000058,58846.5,MIM,2026-09-16T18:02:00+00:00
PER_SESSION_CONDITIONAL_UNKNOWN_EPOCH,2.0,0.0,0.0,YANK,2026-09-16T18:02:00+00:00
PER_SESSION_CONDITIONAL_UNKNOWN_EPOCH,1.0,-20.110000000000582,58932.5,MIM,2026-09-16T18:03:00+00:00
PER_SESSION_CONDITIONAL_UNKNOWN_EPOCH,2.0,0.0,0.0,YANK,2026-09-16T18:03:00+00:00
PER_SESSION_CONDITIONAL_UNKNOWN_EPOCH,1.0,-18.110000000000582,58934.5,MIM,2026-09-16T18:04:00+00:00
PER_SESSION_CONDITIONAL_UNKNOWN_EPOCH,2.0,0.0,0.0,YANK,2026-09-16T18:04:00+00:00
PER_SESSION_CONDITIONAL_UNKNOWN_EPOCH,1.0,63.38999999999942,59016.0,MIM,2026-09-16T18:05:00+00:00
PER_SESSION_CONDITIONAL_UNKNOWN_EPOCH,2.0,0.0,0.0,YANK,2026-09-16T18:05:00+00:00
PER_SESSION_CONDITIONAL_UNKNOWN_EPOCH,1.0,90.38999999999942,59043.0,MIM,2026-09-16T18:06:00+00:00
PER_SESSION_CONDITIONAL_UNKNOWN_EPOCH,2.0,0.0,0.0,YANK,2026-09-16T18:06:00+00:00
PER_SESSION_CONDITIONAL_UNKNOWN_EPOCH,1.0,51.38999999999942,59004.0,MIM,2026-09-16T18:07:00+00:00
PER_SESSION_CONDITIONAL_UNKNOWN_EPOCH,2.0,0.0,0.0,YANK,2026-09-16T18:07:00+00:00
PER_SESSION_CONDITIONAL_UNKNOWN_EPOCH,1.0,73.38999999999942,59026.0,MIM,2026-09-16T18:08:00+00:00
PER_SESSION_CONDITIONAL_UNKNOWN_EPOCH,2.0,0.0,0.0,YANK,2026-09-16T18:08:00+00:00
PER_SESSION_CONDITIONAL_UNKNOWN_EPOCH,1.0,70.88999999999942,59023.5,MIM,2026-09-16T18:09:00+00:00
PER_SESSION_CONDITIONAL_UNKNOWN_EPOCH,2.0,0.0,0.0,YANK,2026-09-16T18:09:00+00:00
PER_SESSION_CONDITIONAL_UNKNOWN_EPOCH,1.0,48.38999999999942,59001.0,MIM,2026-09-16T18:10:00+00:00
PER_SESSION_CONDITIONAL_UNKNOWN_EPOCH,2.0,0.0,0.0,YANK,2026-09-16T18:10:00+00:00
PER_SESSION_CONDITIONAL_UNKNOWN_EPOCH,1.0,17.889999999999418,58970.5,MIM,2026-09-16T18:11:00+00:00
PER_SESSION_CONDITIONAL_UNKNOWN_EPOCH,2.0,0.0,0.0,YANK,2026-09-16T18:11:00+00:00
PER_SESSION_CONDITIONAL_UNKNOWN_EPOCH,1.0,2.389999999999418,58955.0,MIM,2026-09-16T18:12:00+00:00
PER_SESSION_CONDITIONAL_UNKNOWN_EPOCH,2.0,0.0,0.0,YANK,2026-09-16T18:12:00+00:00
PER_SESSION_CONDITIONAL_UNKNOWN_EPOCH,1.0,-16.610000000000582,58936.0,MIM,2026-09-16T18:13:00+00:00
PER_SESSION_CONDITIONAL_UNKNOWN_EPOCH,2.0,0.0,0.0,YANK,2026-09-16T18:13:00+00:00
PER_SESSION_CONDITIONAL_UNKNOWN_EPOCH,1.0,-0.11000000000058208,58952.5,MIM,2026-09-16T18:14:00+00:00
PER_SESSION_CONDITIONAL_UNKNOWN_EPOCH,2.0,0.0,0.0,YANK,2026-09-16T18:14:00+00:00
PER_SESSION_CONDITIONAL_UNKNOWN_EPOCH,1.0,-22.110000000000582,58930.5,MIM,2026-09-16T18:15:00+00:00
PER_SESSION_CONDITIONAL_UNKNOWN_EPOCH,2.0,0.0,0.0,YANK,2026-09-16T18:15:00+00:00
PER_SESSION_CONDITIONAL_UNKNOWN_EPOCH,1.0,-39.61000000000058,58913.0,MIM,2026-09-16T18:16:00+00:00
PER_SESSION_CONDITIONAL_UNKNOWN_EPOCH,2.0,0.0,0.0,YANK,2026-09-16T18:16:00+00:00
PER_SESSION_CONDITIONAL_UNKNOWN_EPOCH,1.0,-32.61000000000058,58920.0,MIM,2026-09-16T18:17:00+00:00
PER_SESSION_CONDITIONAL_UNKNOWN_EPOCH,2.0,0.0,0.0,YANK,2026-09-16T18:17:00+00:00
PER_SESSION_CONDITIONAL_UNKNOWN_EPOCH,1.0,-22.610000000000582,58930.0,MIM,2026-09-16T18:18:00+00:00
PER_SESSION_CONDITIONAL_UNKNOWN_EPOCH,2.0,0.0,0.0,YANK,2026-09-16T18:18:00+00:00
PER_SESSION_CONDITIONAL_UNKNOWN_EPOCH,1.0,-42.11000000000058,58910.5,MIM,2026-09-16T18:19:00+00:00
PER_SESSION_CONDITIONAL_UNKNOWN_EPOCH,2.0,0.0,0.0,YANK,2026-09-16T18:19:00+00:00
PER_SESSION_CONDITIONAL_UNKNOWN_EPOCH,1.0,-23.610000000000582,58929.0,MIM,2026-09-16T18:20:00+00:00
PER_SESSION_CONDITIONAL_UNKNOWN_EPOCH,2.0,0.0,0.0,YANK,2026-09-16T18:20:00+00:00
PER_SESSION_CONDITIONAL_UNKNOWN_EPOCH,1.0,-37.61000000000058,58915.0,MIM,2026-09-16T18:21:00+00:00
PER_SESSION_CONDITIONAL_UNKNOWN_EPOCH,2.0,0.0,0.0,YANK,2026-09-16T18:21:00+00:00
PER_SESSION_CONDITIONAL_UNKNOWN_EPOCH,1.0,-26.110000000000582,58926.5,MIM,2026-09-16T18:22:00+00:00
PER_SESSION_CONDITIONAL_UNKNOWN_EPOCH,2.0,0.0,0.0,YANK,2026-09-16T18:22:00+00:00
PER_SESSION_CONDITIONAL_UNKNOWN_EPOCH,1.0,-24.610000000000582,58928.0,MIM,2026-09-16T18:23:00+00:00
PER_SESSION_CONDITIONAL_UNKNOWN_EPOCH,2.0,0.0,0.0,YANK,2026-09-16T18:23:00+00:00
PER_SESSION_CONDITIONAL_UNKNOWN_EPOCH,1.0,-16.110000000000582,58936.5,MIM,2026-09-16T18:24:00+00:00
PER_SESSION_CONDITIONAL_UNKNOWN_EPOCH,2.0,0.0,0.0,YANK,2026-09-16T18:24:00+00:00
PER_SESSION_CONDITIONAL_UNKNOWN_EPOCH,1.0,-42.61000000000058,58910.0,MIM,2026-09-16T18:25:00+00:00
PER_SESSION_CONDITIONAL_UNKNOWN_EPOCH,2.0,0.0,0.0,YANK,2026-09-16T18:25:00+00:00
PER_SESSION_CONDITIONAL_UNKNOWN_EPOCH,1.0,-64.61000000000058,58888.0,MIM,2026-09-16T18:26:00+00:00
PER_SESSION_CONDITIONAL_UNKNOWN_EPOCH,2.0,0.0,0.0,YANK,2026-09-16T18:26:00+00:00
PER_SESSION_CONDITIONAL_UNKNOWN_EPOCH,1.0,-68.61000000000058,58884.0,MIM,2026-09-16T18:27:00+00:00
PER_SESSION_CONDITIONAL_UNKNOWN_EPOCH,2.0,0.0,0.0,YANK,2026-09-16T18:27:00+00:00
PER_SESSION_CONDITIONAL_UNKNOWN_EPOCH,1.0,-120.61000000000058,58832.0,MIM,2026-09-16T18:28:00+00:00
PER_SESSION_CONDITIONAL_UNKNOWN_EPOCH,2.0,0.0,0.0,YANK,2026-09-16T18:28:00+00:00
PER_SESSION_CONDITIONAL_UNKNOWN_EPOCH,1.0,-99.11000000000058,58853.5,MIM,2026-09-16T18:29:00+00:00
PER_SESSION_CONDITIONAL_UNKNOWN_EPOCH,2.0,0.0,0.0,YANK,2026-09-16T18:29:00+00:00
PER_SESSION_CONDITIONAL_UNKNOWN_EPOCH,1.0,-43.11000000000058,58909.5,MIM,2026-09-16T18:30:00+00:00
PER_SESSION_CONDITIONAL_UNKNOWN_EPOCH,2.0,0.0,0.0,YANK,2026-09-16T18:30:00+00:00
PER_SESSION_CONDITIONAL_UNKNOWN_EPOCH,1.0,-69.61000000000058,58883.0,MIM,2026-09-16T18:31:00+00:00
PER_SESSION_CONDITIONAL_UNKNOWN_EPOCH,2.0,0.0,0.0,YANK,2026-09-16T18:31:00+00:00
PER_SESSION_CONDITIONAL_UNKNOWN_EPOCH,1.0,-114.11000000000058,58838.5,MIM,2026-09-16T18:32:00+00:00
PER_SESSION_CONDITIONAL_UNKNOWN_EPOCH,2.0,0.0,0.0,YANK,2026-09-16T18:32:00+00:00
PER_SESSION_CONDITIONAL_UNKNOWN_EPOCH,1.0,-181.11000000000058,58771.5,MIM,2026-09-16T18:33:00+00:00
PER_SESSION_CONDITIONAL_UNKNOWN_EPOCH,2.0,0.0,0.0,YANK,2026-09-16T18:33:00+00:00
PER_SESSION_CONDITIONAL_UNKNOWN_EPOCH,1.0,-185.61000000000058,58767.0,MIM,2026-09-16T18:34:00+00:00
PER_SESSION_CONDITIONAL_UNKNOWN_EPOCH,2.0,0.0,0.0,YANK,2026-09-16T18:34:00+00:00
PER_SESSION_CONDITIONAL_UNKNOWN_EPOCH,1.0,-209.11000000000058,58743.5,MIM,2026-09-16T18:35:00+00:00
PER_SESSION_CONDITIONAL_UNKNOWN_EPOCH,2.0,0.0,0.0,YANK,2026-09-16T18:35:00+00:00
PER_SESSION_CONDITIONAL_UNKNOWN_EPOCH,1.0,-266.6100000000006,58686.0,MIM,2026-09-16T18:36:00+00:00
PER_SESSION_CONDITIONAL_UNKNOWN_EPOCH,2.0,0.0,0.0,YANK,2026-09-16T18:36:00+00:00
PER_SESSION_CONDITIONAL_UNKNOWN_EPOCH,1.0,-345.1100000000006,58607.5,MIM,2026-09-16T18:37:00+00:00
PER_SESSION_CONDITIONAL_UNKNOWN_EPOCH,2.0,0.0,0.0,YANK,2026-09-16T18:37:00+00:00
PER_SESSION_CONDITIONAL_UNKNOWN_EPOCH,1.0,-304.1100000000006,58648.5,MIM,2026-09-16T18:38:00+00:00
PER_SESSION_CONDITIONAL_UNKNOWN_EPOCH,2.0,0.0,0.0,YANK,2026-09-16T18:38:00+00:00
PER_SESSION_CONDITIONAL_UNKNOWN_EPOCH,1.0,-223.11000000000058,58729.5,MIM,2026-09-16T18:39:00+00:00
PER_SESSION_CONDITIONAL_UNKNOWN_EPOCH,2.0,0.0,0.0,YANK,2026-09-16T18:39:00+00:00
PER_SESSION_CONDITIONAL_UNKNOWN_EPOCH,1.0,-170.11000000000058,58782.5,MIM,2026-09-16T18:40:00+00:00
PER_SESSION_CONDITIONAL_UNKNOWN_EPOCH,2.0,0.0,0.0,YANK,2026-09-16T18:40:00+00:00
PER_SESSION_CONDITIONAL_UNKNOWN_EPOCH,1.0,-119.61000000000058,58833.0,MIM,2026-09-16T18:41:00+00:00
PER_SESSION_CONDITIONAL_UNKNOWN_EPOCH,2.0,0.0,0.0,YANK,2026-09-16T18:41:00+00:00
PER_SESSION_CONDITIONAL_UNKNOWN_EPOCH,1.0,-64.61000000000058,58888.0,MIM,2026-09-16T18:42:00+00:00
PER_SESSION_CONDITIONAL_UNKNOWN_EPOCH,2.0,0.0,0.0,YANK,2026-09-16T18:42:00+00:00
PER_SESSION_CONDITIONAL_UNKNOWN_EPOCH,1.0,19.889999999999418,58972.5,MIM,2026-09-16T18:43:00+00:00
PER_SESSION_CONDITIONAL_UNKNOWN_EPOCH,2.0,0.0,0.0,YANK,2026-09-16T18:43:00+00:00
PER_SESSION_CONDITIONAL_UNKNOWN_EPOCH,1.0,11.889999999999418,58964.5,MIM,2026-09-16T18:44:00+00:00
PER_SESSION_CONDITIONAL_UNKNOWN_EPOCH,2.0,0.0,0.0,YANK,2026-09-16T18:44:00+00:00
PER_SESSION_CONDITIONAL_UNKNOWN_EPOCH,1.0,-74.61000000000058,58878.0,MIM,2026-09-16T18:45:00+00:00
PER_SESSION_CONDITIONAL_UNKNOWN_EPOCH,2.0,0.0,0.0,YANK,2026-09-16T18:45:00+00:00
PER_SESSION_CONDITIONAL_UNKNOWN_EPOCH,1.0,-56.11000000000058,58896.5,MIM,2026-09-16T18:46:00+00:00
PER_SESSION_CONDITIONAL_UNKNOWN_EPOCH,2.0,0.0,0.0,YANK,2026-09-16T18:46:00+00:00
PER_SESSION_CONDITIONAL_UNKNOWN_EPOCH,1.0,-108.11000000000058,58844.5,MIM,2026-09-16T18:47:00+00:00
PER_SESSION_CONDITIONAL_UNKNOWN_EPOCH,2.0,0.0,0.0,YANK,2026-09-16T18:47:00+00:00
PER_SESSION_CONDITIONAL_UNKNOWN_EPOCH,1.0,-144.11000000000058,58808.5,MIM,2026-09-16T18:48:00+00:00
PER_SESSION_CONDITIONAL_UNKNOWN_EPOCH,2.0,0.0,0.0,YANK,2026-09-16T18:48:00+00:00
PER_SESSION_CONDITIONAL_UNKNOWN_EPOCH,1.0,-176.61000000000058,58776.0,MIM,2026-09-16T18:49:00+00:00
PER_SESSION_CONDITIONAL_UNKNOWN_EPOCH,2.0,0.0,0.0,YANK,2026-09-16T18:49:00+00:00
PER_SESSION_CONDITIONAL_UNKNOWN_EPOCH,1.0,-190.11000000000058,58762.5,MIM,2026-09-16T18:50:00+00:00
PER_SESSION_CONDITIONAL_UNKNOWN_EPOCH,2.0,0.0,0.0,YANK,2026-09-16T18:50:00+00:00
PER_SESSION_CONDITIONAL_UNKNOWN_EPOCH,1.0,-233.61000000000058,58719.0,MIM,2026-09-16T18:51:00+00:00
PER_SESSION_CONDITIONAL_UNKNOWN_EPOCH,2.0,0.0,0.0,YANK,2026-09-16T18:51:00+00:00
PER_SESSION_CONDITIONAL_UNKNOWN_EPOCH,1.0,-203.61000000000058,58749.0,MIM,2026-09-16T18:52:00+00:00
PER_SESSION_CONDITIONAL_UNKNOWN_EPOCH,2.0,0.0,0.0,YANK,2026-09-16T18:52:00+00:00
PER_SESSION_CONDITIONAL_UNKNOWN_EPOCH,1.0,-276.1100000000006,58676.5,MIM,2026-09-16T18:53:00+00:00
PER_SESSION_CONDITIONAL_UNKNOWN_EPOCH,2.0,0.0,0.0,YANK,2026-09-16T18:53:00+00:00
PER_SESSION_CONDITIONAL_UNKNOWN_EPOCH,1.0,-340.1100000000006,58612.5,MIM,2026-09-16T18:54:00+00:00
PER_SESSION_CONDITIONAL_UNKNOWN_EPOCH,2.0,0.0,0.0,YANK,2026-09-16T18:54:00+00:00
PER_SESSION_CONDITIONAL_UNKNOWN_EPOCH,1.0,-361.1100000000006,58591.5,MIM,2026-09-16T18:55:00+00:00
PER_SESSION_CONDITIONAL_UNKNOWN_EPOCH,2.0,0.0,0.0,YANK,2026-09-16T18:55:00+00:00
PER_SESSION_CONDITIONAL_UNKNOWN_EPOCH,1.0,-364.1100000000006,58588.5,MIM,2026-09-16T18:56:00+00:00
PER_SESSION_CONDITIONAL_UNKNOWN_EPOCH,2.0,0.0,0.0,YANK,2026-09-16T18:56:00+00:00
PER_SESSION_CONDITIONAL_UNKNOWN_EPOCH,1.0,-434.1100000000006,58518.5,MIM,2026-09-16T18:57:00+00:00
PER_SESSION_CONDITIONAL_UNKNOWN_EPOCH,2.0,0.0,0.0,YANK,2026-09-16T18:57:00+00:00
PER_SESSION_CONDITIONAL_UNKNOWN_EPOCH,1.0,-496.22000000000116,0.0,MIM,2026-09-16T18:58:00+00:00
PER_SESSION_CONDITIONAL_UNKNOWN_EPOCH,2.0,0.0,0.0,YANK,2026-09-16T18:58:00+00:00
PER_SESSION_CONDITIONAL_UNKNOWN_EPOCH,1.0,-496.22000000000116,0.0,MIM,2026-09-16T18:59:00+00:00
PER_SESSION_CONDITIONAL_UNKNOWN_EPOCH,2.0,0.0,0.0,YANK,2026-09-16T18:59:00+00:00
PER_SESSION_CONDITIONAL_UNKNOWN_EPOCH,1.0,-496.22000000000116,0.0,MIM,2026-09-16T19:00:00+00:00
PER_SESSION_CONDITIONAL_UNKNOWN_EPOCH,2.0,0.0,0.0,YANK,2026-09-16T19:00:00+00:00
PER_SESSION_CONDITIONAL_UNKNOWN_EPOCH,1.0,-496.22000000000116,0.0,MIM,2026-09-16T19:01:00+00:00
PER_SESSION_CONDITIONAL_UNKNOWN_EPOCH,2.0,0.0,0.0,YANK,2026-09-16T19:01:00+00:00
PER_SESSION_CONDITIONAL_UNKNOWN_EPOCH,1.0,-496.22000000000116,0.0,MIM,2026-09-16T19:02:00+00:00
PER_SESSION_CONDITIONAL_UNKNOWN_EPOCH,2.0,0.0,0.0,YANK,2026-09-16T19:02:00+00:00
PER_SESSION_CONDITIONAL_UNKNOWN_EPOCH,1.0,-496.22000000000116,0.0,MIM,2026-09-16T19:03:00+00:00
PER_SESSION_CONDITIONAL_UNKNOWN_EPOCH,2.0,0.0,0.0,YANK,2026-09-16T19:03:00+00:00
PER_SESSION_CONDITIONAL_UNKNOWN_EPOCH,1.0,-496.22000000000116,0.0,MIM,2026-09-16T19:04:00+00:00
PER_SESSION_CONDITIONAL_UNKNOWN_EPOCH,2.0,0.0,0.0,YANK,2026-09-16T19:04:00+00:00
PER_SESSION_CONDITIONAL_UNKNOWN_EPOCH,1.0,-496.22000000000116,0.0,MIM,2026-09-16T19:05:00+00:00
PER_SESSION_CONDITIONAL_UNKNOWN_EPOCH,2.0,0.0,0.0,YANK,2026-09-16T19:05:00+00:00
PER_SESSION_CONDITIONAL_UNKNOWN_EPOCH,1.0,-496.22000000000116,0.0,MIM,2026-09-16T19:06:00+00:00
PER_SESSION_CONDITIONAL_UNKNOWN_EPOCH,2.0,0.0,0.0,YANK,2026-09-16T19:06:00+00:00
PER_SESSION_CONDITIONAL_UNKNOWN_EPOCH,1.0,-496.22000000000116,0.0,MIM,2026-09-16T19:07:00+00:00
PER_SESSION_CONDITIONAL_UNKNOWN_EPOCH,2.0,0.0,0.0,YANK,2026-09-16T19:07:00+00:00
PER_SESSION_CONDITIONAL_UNKNOWN_EPOCH,1.0,-496.22000000000116,0.0,MIM,2026-09-16T19:08:00+00:00
PER_SESSION_CONDITIONAL_UNKNOWN_EPOCH,2.0,0.0,0.0,YANK,2026-09-16T19:08:00+00:00
PER_SESSION_CONDITIONAL_UNKNOWN_EPOCH,1.0,-496.22000000000116,0.0,MIM,2026-09-16T19:09:00+00:00
PER_SESSION_CONDITIONAL_UNKNOWN_EPOCH,2.0,0.0,0.0,YANK,2026-09-16T19:09:00+00:00
PER_SESSION_CONDITIONAL_UNKNOWN_EPOCH,1.0,-496.22000000000116,0.0,MIM,2026-09-16T19:10:00+00:00
PER_SESSION_CONDITIONAL_UNKNOWN_EPOCH,2.0,0.0,0.0,YANK,2026-09-16T19:10:00+00:00
PER_SESSION_CONDITIONAL_UNKNOWN_EPOCH,1.0,-496.22000000000116,0.0,MIM,2026-09-16T19:11:00+00:00
PER_SESSION_CONDITIONAL_UNKNOWN_EPOCH,2.0,0.0,0.0,YANK,2026-09-16T19:11:00+00:00
PER_SESSION_CONDITIONAL_UNKNOWN_EPOCH,1.0,-496.22000000000116,0.0,MIM,2026-09-16T19:12:00+00:00
PER_SESSION_CONDITIONAL_UNKNOWN_EPOCH,2.0,0.0,0.0,YANK,2026-09-16T19:12:00+00:00
PER_SESSION_CONDITIONAL_UNKNOWN_EPOCH,1.0,-496.22000000000116,0.0,MIM,2026-09-16T19:13:00+00:00
PER_SESSION_CONDITIONAL_UNKNOWN_EPOCH,2.0,0.0,0.0,YANK,2026-09-16T19:13:00+00:00
PER_SESSION_CONDITIONAL_UNKNOWN_EPOCH,1.0,-496.22000000000116,0.0,MIM,2026-09-16T19:14:00+00:00
PER_SESSION_CONDITIONAL_UNKNOWN_EPOCH,2.0,0.0,0.0,YANK,2026-09-16T19:14:00+00:00
PER_SESSION_CONDITIONAL_UNKNOWN_EPOCH,1.0,-496.22000000000116,0.0,MIM,2026-09-16T19:15:00+00:00
PER_SESSION_CONDITIONAL_UNKNOWN_EPOCH,2.0,0.0,0.0,YANK,2026-09-16T19:15:00+00:00
PER_SESSION_CONDITIONAL_UNKNOWN_EPOCH,1.0,-496.22000000000116,0.0,MIM,2026-09-16T19:16:00+00:00
PER_SESSION_CONDITIONAL_UNKNOWN_EPOCH,2.0,0.0,0.0,YANK,2026-09-16T19:16:00+00:00
PER_SESSION_CONDITIONAL_UNKNOWN_EPOCH,1.0,-496.22000000000116,0.0,MIM,2026-09-16T19:17:00+00:00
PER_SESSION_CONDITIONAL_UNKNOWN_EPOCH,2.0,0.0,0.0,YANK,2026-09-16T19:17:00+00:00
PER_SESSION_CONDITIONAL_UNKNOWN_EPOCH,1.0,-496.22000000000116,0.0,MIM,2026-09-16T19:18:00+00:00
PER_SESSION_CONDITIONAL_UNKNOWN_EPOCH,2.0,0.0,0.0,YANK,2026-09-16T19:18:00+00:00
PER_SESSION_CONDITIONAL_UNKNOWN_EPOCH,1.0,-496.22000000000116,0.0,MIM,2026-09-16T19:19:00+00:00
PER_SESSION_CONDITIONAL_UNKNOWN_EPOCH,2.0,0.0,0.0,YANK,2026-09-16T19:19:00+00:00
PER_SESSION_CONDITIONAL_UNKNOWN_EPOCH,1.0,-496.22000000000116,0.0,MIM,2026-09-16T19:20:00+00:00
PER_SESSION_CONDITIONAL_UNKNOWN_EPOCH,2.0,0.0,0.0,YANK,2026-09-16T19:20:00+00:00
PER_SESSION_CONDITIONAL_UNKNOWN_EPOCH,1.0,-496.22000000000116,0.0,MIM,2026-09-16T19:21:00+00:00
PER_SESSION_CONDITIONAL_UNKNOWN_EPOCH,2.0,0.0,0.0,YANK,2026-09-16T19:21:00+00:00
PER_SESSION_CONDITIONAL_UNKNOWN_EPOCH,1.0,-496.22000000000116,0.0,MIM,2026-09-16T19:22:00+00:00
PER_SESSION_CONDITIONAL_UNKNOWN_EPOCH,2.0,0.0,0.0,YANK,2026-09-16T19:22:00+00:00
PER_SESSION_CONDITIONAL_UNKNOWN_EPOCH,1.0,-496.22000000000116,0.0,MIM,2026-09-16T19:23:00+00:00
PER_SESSION_CONDITIONAL_UNKNOWN_EPOCH,2.0,0.0,0.0,YANK,2026-09-16T19:23:00+00:00
PER_SESSION_CONDITIONAL_UNKNOWN_EPOCH,1.0,-496.22000000000116,0.0,MIM,2026-09-16T19:24:00+00:00
PER_SESSION_CONDITIONAL_UNKNOWN_EPOCH,2.0,0.0,0.0,YANK,2026-09-16T19:24:00+00:00
PER_SESSION_CONDITIONAL_UNKNOWN_EPOCH,1.0,-496.22000000000116,0.0,MIM,2026-09-16T19:25:00+00:00
PER_SESSION_CONDITIONAL_UNKNOWN_EPOCH,2.0,0.0,0.0,YANK,2026-09-16T19:25:00+00:00
PER_SESSION_CONDITIONAL_UNKNOWN_EPOCH,1.0,-496.22000000000116,0.0,MIM,2026-09-16T19:26:00+00:00
PER_SESSION_CONDITIONAL_UNKNOWN_EPOCH,2.0,0.0,0.0,YANK,2026-09-16T19:26:00+00:00
PER_SESSION_CONDITIONAL_UNKNOWN_EPOCH,1.0,-496.22000000000116,0.0,MIM,2026-09-16T19:27:00+00:00
PER_SESSION_CONDITIONAL_UNKNOWN_EPOCH,2.0,0.0,0.0,YANK,2026-09-16T19:27:00+00:00
PER_SESSION_CONDITIONAL_UNKNOWN_EPOCH,1.0,-496.22000000000116,0.0,MIM,2026-09-16T19:28:00+00:00
PER_SESSION_CONDITIONAL_UNKNOWN_EPOCH,2.0,0.0,0.0,YANK,2026-09-16T19:28:00+00:00
PER_SESSION_CONDITIONAL_UNKNOWN_EPOCH,1.0,-496.22000000000116,0.0,MIM,2026-09-16T19:29:00+00:00
PER_SESSION_CONDITIONAL_UNKNOWN_EPOCH,2.0,0.0,0.0,YANK,2026-09-16T19:29:00+00:00
PER_SESSION_CONDITIONAL_UNKNOWN_EPOCH,1.0,-496.22000000000116,0.0,MIM,2026-09-16T19:30:00+00:00
PER_SESSION_CONDITIONAL_UNKNOWN_EPOCH,2.0,0.0,0.0,YANK,2026-09-16T19:30:00+00:00
PER_SESSION_CONDITIONAL_UNKNOWN_EPOCH,1.0,-529.8300000000017,58287.0,MIM,2026-09-16T19:31:00+00:00
PER_SESSION_CONDITIONAL_UNKNOWN_EPOCH,2.0,0.0,0.0,YANK,2026-09-16T19:31:00+00:00
PER_SESSION_CONDITIONAL_UNKNOWN_EPOCH,1.0,-539.8300000000017,58297.0,MIM,2026-09-16T19:32:00+00:00
PER_SESSION_CONDITIONAL_UNKNOWN_EPOCH,2.0,0.0,0.0,YANK,2026-09-16T19:32:00+00:00
PER_SESSION_CONDITIONAL_UNKNOWN_EPOCH,1.0,-579.3300000000017,58336.5,MIM,2026-09-16T19:33:00+00:00
PER_SESSION_CONDITIONAL_UNKNOWN_EPOCH,2.0,0.0,0.0,YANK,2026-09-16T19:33:00+00:00
PER_SESSION_CONDITIONAL_UNKNOWN_EPOCH,1.0,-587.3300000000017,58344.5,MIM,2026-09-16T19:34:00+00:00
PER_SESSION_CONDITIONAL_UNKNOWN_EPOCH,2.0,0.0,0.0,YANK,2026-09-16T19:34:00+00:00
PER_SESSION_CONDITIONAL_UNKNOWN_EPOCH,1.0,-633.3300000000017,58390.5,MIM,2026-09-16T19:35:00+00:00
PER_SESSION_CONDITIONAL_UNKNOWN_EPOCH,2.0,0.0,0.0,YANK,2026-09-16T19:35:00+00:00
PER_SESSION_CONDITIONAL_UNKNOWN_EPOCH,1.0,-613.8300000000017,58371.0,MIM,2026-09-16T19:36:00+00:00
PER_SESSION_CONDITIONAL_UNKNOWN_EPOCH,2.0,0.0,0.0,YANK,2026-09-16T19:36:00+00:00
PER_SESSION_CONDITIONAL_UNKNOWN_EPOCH,1.0,-541.8300000000017,58299.0,MIM,2026-09-16T19:37:00+00:00
PER_SESSION_CONDITIONAL_UNKNOWN_EPOCH,2.0,0.0,0.0,YANK,2026-09-16T19:37:00+00:00
PER_SESSION_CONDITIONAL_UNKNOWN_EPOCH,1.0,-602.3300000000017,58359.5,MIM,2026-09-16T19:38:00+00:00
PER_SESSION_CONDITIONAL_UNKNOWN_EPOCH,2.0,0.0,0.0,YANK,2026-09-16T19:38:00+00:00
PER_SESSION_CONDITIONAL_UNKNOWN_EPOCH,1.0,-579.8300000000017,58337.0,MIM,2026-09-16T19:39:00+00:00
PER_SESSION_CONDITIONAL_UNKNOWN_EPOCH,2.0,0.0,0.0,YANK,2026-09-16T19:39:00+00:00
PER_SESSION_CONDITIONAL_UNKNOWN_EPOCH,1.0,-624.3300000000017,58381.5,MIM,2026-09-16T19:40:00+00:00
PER_SESSION_CONDITIONAL_UNKNOWN_EPOCH,2.0,0.0,0.0,YANK,2026-09-16T19:40:00+00:00
PER_SESSION_CONDITIONAL_UNKNOWN_EPOCH,1.0,-609.3300000000017,58366.5,MIM,2026-09-16T19:41:00+00:00
PER_SESSION_CONDITIONAL_UNKNOWN_EPOCH,2.0,0.0,0.0,YANK,2026-09-16T19:41:00+00:00
PER_SESSION_CONDITIONAL_UNKNOWN_EPOCH,1.0,-568.3300000000017,58325.5,MIM,2026-09-16T19:42:00+00:00
PER_SESSION_CONDITIONAL_UNKNOWN_EPOCH,2.0,0.0,0.0,YANK,2026-09-16T19:42:00+00:00
PER_SESSION_CONDITIONAL_UNKNOWN_EPOCH,1.0,-577.3300000000017,58334.5,MIM,2026-09-16T19:43:00+00:00
PER_SESSION_CONDITIONAL_UNKNOWN_EPOCH,2.0,0.0,0.0,YANK,2026-09-16T19:43:00+00:00
PER_SESSION_CONDITIONAL_UNKNOWN_EPOCH,1.0,-601.3300000000017,58358.5,MIM,2026-09-16T19:44:00+00:00
PER_SESSION_CONDITIONAL_UNKNOWN_EPOCH,2.0,0.0,0.0,YANK,2026-09-16T19:44:00+00:00
PER_SESSION_CONDITIONAL_UNKNOWN_EPOCH,1.0,-590.3300000000017,58347.5,MIM,2026-09-16T19:45:00+00:00
PER_SESSION_CONDITIONAL_UNKNOWN_EPOCH,2.0,0.0,0.0,YANK,2026-09-16T19:45:00+00:00
PER_SESSION_CONDITIONAL_UNKNOWN_EPOCH,1.0,-671.3300000000017,58428.5,MIM,2026-09-16T19:46:00+00:00
PER_SESSION_CONDITIONAL_UNKNOWN_EPOCH,2.0,0.0,0.0,YANK,2026-09-16T19:46:00+00:00
PER_SESSION_CONDITIONAL_UNKNOWN_EPOCH,1.0,-664.3300000000017,58421.5,MIM,2026-09-16T19:47:00+00:00
PER_SESSION_CONDITIONAL_UNKNOWN_EPOCH,2.0,0.0,0.0,YANK,2026-09-16T19:47:00+00:00
PER_SESSION_CONDITIONAL_UNKNOWN_EPOCH,1.0,-692.3300000000017,58449.5,MIM,2026-09-16T19:48:00+00:00
PER_SESSION_CONDITIONAL_UNKNOWN_EPOCH,2.0,0.0,0.0,YANK,2026-09-16T19:48:00+00:00
PER_SESSION_CONDITIONAL_UNKNOWN_EPOCH,1.0,-702.8300000000017,58460.0,MIM,2026-09-16T19:49:00+00:00
PER_SESSION_CONDITIONAL_UNKNOWN_EPOCH,2.0,0.0,0.0,YANK,2026-09-16T19:49:00+00:00
PER_SESSION_CONDITIONAL_UNKNOWN_EPOCH,1.0,-692.8300000000017,58450.0,MIM,2026-09-16T19:50:00+00:00
PER_SESSION_CONDITIONAL_UNKNOWN_EPOCH,2.0,0.0,0.0,YANK,2026-09-16T19:50:00+00:00
PER_SESSION_CONDITIONAL_UNKNOWN_EPOCH,1.0,-729.3300000000017,58486.5,MIM,2026-09-16T19:51:00+00:00
PER_SESSION_CONDITIONAL_UNKNOWN_EPOCH,2.0,0.0,0.0,YANK,2026-09-16T19:51:00+00:00
PER_SESSION_CONDITIONAL_UNKNOWN_EPOCH,1.0,-693.3300000000017,58450.5,MIM,2026-09-16T19:52:00+00:00
PER_SESSION_CONDITIONAL_UNKNOWN_EPOCH,2.0,0.0,0.0,YANK,2026-09-16T19:52:00+00:00
PER_SESSION_CONDITIONAL_UNKNOWN_EPOCH,1.0,-716.3300000000017,58473.5,MIM,2026-09-16T19:53:00+00:00
PER_SESSION_CONDITIONAL_UNKNOWN_EPOCH,2.0,0.0,0.0,YANK,2026-09-16T19:53:00+00:00
PER_SESSION_CONDITIONAL_UNKNOWN_EPOCH,1.0,-696.3300000000017,58453.5,MIM,2026-09-16T19:54:00+00:00
PER_SESSION_CONDITIONAL_UNKNOWN_EPOCH,2.0,0.0,0.0,YANK,2026-09-16T19:54:00+00:00
PER_SESSION_CONDITIONAL_UNKNOWN_EPOCH,1.0,-722.3300000000017,58479.5,MIM,2026-09-16T19:55:00+00:00
PER_SESSION_CONDITIONAL_UNKNOWN_EPOCH,2.0,0.0,0.0,YANK,2026-09-16T19:55:00+00:00
PER_SESSION_CONDITIONAL_UNKNOWN_EPOCH,1.0,-718.3300000000017,58475.5,MIM,2026-09-16T19:56:00+00:00
PER_SESSION_CONDITIONAL_UNKNOWN_EPOCH,2.0,0.0,0.0,YANK,2026-09-16T19:56:00+00:00
PER_SESSION_CONDITIONAL_UNKNOWN_EPOCH,1.0,-736.8300000000017,58494.0,MIM,2026-09-16T19:57:00+00:00
PER_SESSION_CONDITIONAL_UNKNOWN_EPOCH,2.0,0.0,0.0,YANK,2026-09-16T19:57:00+00:00
PER_SESSION_CONDITIONAL_UNKNOWN_EPOCH,1.0,-713.3300000000017,58470.5,MIM,2026-09-16T19:58:00+00:00
PER_SESSION_CONDITIONAL_UNKNOWN_EPOCH,2.0,0.0,0.0,YANK,2026-09-16T19:58:00+00:00
PER_SESSION_CONDITIONAL_UNKNOWN_EPOCH,1.0,-718.3300000000017,58475.5,MIM,2026-09-16T19:59:00+00:00
PER_SESSION_CONDITIONAL_UNKNOWN_EPOCH,2.0,0.0,0.0,YANK,2026-09-16T19:59:00+00:00
PER_SESSION_CONDITIONAL_UNKNOWN_EPOCH,1.0,-750.8300000000017,58508.0,MIM,2026-09-16T20:00:00+00:00
PER_SESSION_CONDITIONAL_UNKNOWN_EPOCH,2.0,0.0,0.0,YANK,2026-09-16T20:00:00+00:00
PER_SESSION_CONDITIONAL_UNKNOWN_EPOCH,1.0,-757.4400000000023,0.0,MIM,2026-09-16T20:01:00+00:00
PER_SESSION_CONDITIONAL_UNKNOWN_EPOCH,2.0,0.0,0.0,YANK,2026-09-16T20:01:00+00:00
