feature,importance
day_of_week,0.22491492413757352
vol_expansion,0.14850543079852588
swing_dist_atr,0.10017731758030951
stop_distance,0.09055669639030067
mss_to_fvg_bars,0.05149808989717422
momentum_20,0.02712888579273179
