{
  "threshold": 0.49999999999999994,
  "cv_mean_auc": 0.46728582256151807,
  "cv_oos_pf_unfiltered": 1.4295,
  "cv_oos_pf_filtered": 1.3423,
  "cv_pass_rate": 0.2889,
  "train_auc_full": 0.9894
}