{
  "threshold": 0.49999999999999994,
  "cv_mean_auc": 0.5772445247732307,
  "cv_oos_pf_unfiltered": 1.2643,
  "cv_oos_pf_filtered": 1.972,
  "cv_pass_rate": 0.2833,
  "train_auc_full": 0.9988
}