root,timestamp,observed_contracts,pair_count,volume_pair_count,oi_pair_count,active_pair_count,repeat_filtered_pair_count,fixed_near,fixed_far,fixed_active,fixed_repeat_filtered
CL,2025-01-02T22:00:00Z,24,59,59,59,59,59,CLG25,CLK25,1,1
CL,2025-01-03T22:00:00Z,24,59,59,59,59,59,CLG25,CLK25,1,1
CL,2025-01-06T22:00:00Z,24,59,59,59,59,59,CLG25,CLK25,1,1
CL,2025-01-07T22:00:00Z,24,59,59,59,59,59,CLG25,CLK25,1,1
CL,2025-01-08T22:00:00Z,24,59,59,59,59,59,CLG25,CLK25,1,1
CL,2025-01-09T22:00:00Z,24,59,59,59,59,59,CLG25,CLK25,1,1
CL,2025-01-10T22:00:00Z,24,59,59,59,59,59,CLG25,CLK25,1,1
CL,2025-01-13T22:00:00Z,24,59,59,59,59,59,CLG25,CLK25,1,1
CL,2025-01-14T22:00:00Z,24,59,59,59,59,59,CLG25,CLK25,1,1
CL,2025-01-15T22:00:00Z,24,59,59,59,59,59,CLG25,CLK25,1,1
CL,2025-01-16T22:00:00Z,24,59,59,59,59,59,CLG25,CLK25,1,1
CL,2025-01-17T22:00:00Z,24,59,59,59,59,59,CLG25,CLK25,1,1
CL,2025-01-21T22:00:00Z,23,56,56,56,56,56,CLG25,CLK25,1,1
CL,2025-01-22T22:00:00Z,23,56,52,56,52,52,CLH25,CLN25,1,1
CL,2025-01-23T22:00:00Z,23,56,56,56,56,56,CLH25,CLN25,1,1
CL,2025-01-24T22:00:00Z,23,56,56,56,56,56,CLH25,CLN25,1,1
CL,2025-01-27T22:00:00Z,23,56,56,56,56,56,CLH25,CLN25,1,1
CL,2025-01-28T22:00:00Z,23,56,56,56,56,56,CLH25,CLN25,1,1
CL,2025-01-29T22:00:00Z,23,56,56,56,56,56,CLH25,CLN25,1,1
CL,2025-01-30T22:00:00Z,23,56,53,56,53,53,CLH25,CLN25,1,1
CL,2025-01-31T22:00:00Z,23,56,56,56,56,56,CLH25,CLN25,1,1
CL,2025-02-03T22:00:00Z,22,53,53,53,53,53,CLH25,CLN25,1,1
CL,2025-02-04T22:00:00Z,23,56,56,56,56,56,CLH25,CLN25,1,1
CL,2025-02-05T22:00:00Z,23,56,56,56,56,56,CLH25,CLN25,1,1
CL,2025-02-06T22:00:00Z,23,56,56,56,56,56,CLH25,CLN25,1,1
CL,2025-02-07T22:00:00Z,23,56,56,56,56,56,CLH25,CLN25,1,1
CL,2025-02-10T22:00:00Z,23,56,56,56,56,56,CLH25,CLN25,1,1
CL,2025-02-11T22:00:00Z,23,56,56,56,56,56,CLH25,CLN25,1,1
CL,2025-02-12T22:00:00Z,23,56,56,56,56,56,CLH25,CLN25,1,1
CL,2025-02-13T22:00:00Z,23,56,56,56,56,56,CLH25,CLN25,1,1
CL,2025-02-14T22:00:00Z,23,56,56,56,56,56,CLH25,CLN25,1,1
CL,2025-02-18T22:00:00Z,23,56,56,56,56,56,CLH25,CLN25,1,1
CL,2025-02-19T22:00:00Z,23,56,56,56,56,56,CLH25,CLN25,1,1
CL,2025-02-20T22:00:00Z,23,56,56,56,56,56,CLH25,CLN25,1,1
CL,2025-02-21T22:00:00Z,22,54,54,54,54,54,CLJ25,CLN25,1,1
CL,2025-02-24T22:00:00Z,22,54,51,54,51,51,CLJ25,CLN25,1,1
CL,2025-02-25T22:00:00Z,22,54,54,54,54,54,CLJ25,CLN25,1,1
CL,2025-02-26T22:00:00Z,22,54,54,54,54,54,CLJ25,CLN25,1,1
CL,2025-02-27T22:00:00Z,22,54,54,54,54,54,CLJ25,CLN25,1,1
CL,2025-02-28T22:00:00Z,22,54,54,54,54,54,CLJ25,CLN25,1,1
CL,2025-03-03T22:00:00Z,22,54,54,54,54,54,CLJ25,CLN25,1,1
CL,2025-03-04T22:00:00Z,22,54,54,54,54,54,CLJ25,CLN25,1,1
CL,2025-03-05T22:00:00Z,22,54,54,54,54,54,CLJ25,CLN25,1,1
CL,2025-03-06T22:00:00Z,22,54,54,54,54,54,CLJ25,CLN25,1,1
CL,2025-03-07T22:00:00Z,22,54,54,54,54,54,CLJ25,CLN25,1,1
CL,2025-03-10T21:00:00Z,22,54,54,54,54,54,CLJ25,CLN25,1,1
CL,2025-03-11T21:00:00Z,22,54,54,54,54,54,CLJ25,CLN25,1,1
CL,2025-03-12T21:00:00Z,22,54,54,54,54,54,CLJ25,CLN25,1,1
CL,2025-03-13T21:00:00Z,22,54,54,54,54,54,CLJ25,CLN25,1,1
CL,2025-03-14T21:00:00Z,22,54,54,54,54,54,CLJ25,CLN25,1,1
CL,2025-03-17T21:00:00Z,22,54,54,54,54,54,CLJ25,CLN25,1,1
CL,2025-03-18T21:00:00Z,22,54,54,54,54,54,CLJ25,CLN25,1,1
CL,2025-03-19T21:00:00Z,21,51,51,51,51,51,CLJ25,CLN25,1,1
CL,2025-03-20T21:00:00Z,22,54,54,54,54,54,CLJ25,CLN25,1,1
CL,2025-03-21T21:00:00Z,21,51,51,51,51,51,CLK25,CLQ25,1,1
CL,2025-03-24T21:00:00Z,21,51,51,51,51,51,CLK25,CLQ25,1,1
CL,2025-03-25T21:00:00Z,21,51,51,51,51,51,CLK25,CLQ25,1,1
CL,2025-03-26T21:00:00Z,21,51,51,51,51,51,CLK25,CLQ25,1,1
CL,2025-03-27T21:00:00Z,21,51,51,51,51,51,CLK25,CLQ25,1,1
CL,2025-03-28T21:00:00Z,21,51,51,51,51,51,CLK25,CLQ25,1,1
CL,2025-03-31T21:00:00Z,21,51,51,51,51,51,CLK25,CLQ25,1,1
CL,2025-04-01T21:00:00Z,21,51,51,51,51,51,CLK25,CLQ25,1,1
CL,2025-04-02T21:00:00Z,21,51,51,51,51,51,CLK25,CLQ25,1,1
CL,2025-04-03T21:00:00Z,21,51,51,51,51,51,CLK25,CLQ25,1,1
CL,2025-04-04T21:00:00Z,21,51,51,51,51,51,CLK25,CLQ25,1,1
CL,2025-04-07T21:00:00Z,21,51,51,51,51,51,CLK25,CLQ25,1,1
CL,2025-04-08T21:00:00Z,21,51,51,51,51,51,CLK25,CLQ25,1,1
CL,2025-04-09T21:00:00Z,21,51,51,51,51,51,CLK25,CLQ25,1,1
CL,2025-04-10T21:00:00Z,21,51,51,51,51,51,CLK25,CLQ25,1,1
CL,2025-04-11T21:00:00Z,21,51,51,51,51,51,CLK25,CLQ25,1,1
CL,2025-04-14T21:00:00Z,21,51,51,51,51,51,CLK25,CLQ25,1,1
CL,2025-04-15T21:00:00Z,21,51,51,51,51,51,CLK25,CLQ25,1,1
CL,2025-04-16T21:00:00Z,21,51,51,51,51,51,CLK25,CLQ25,1,1
CL,2025-04-17T21:00:00Z,21,51,51,51,51,51,CLK25,CLQ25,1,1
CL,2025-04-21T21:00:00Z,21,51,51,51,51,51,CLK25,CLQ25,1,1
CL,2025-04-22T21:00:00Z,21,51,51,51,51,51,CLK25,CLQ25,1,1
CL,2025-04-23T21:00:00Z,20,48,48,48,48,48,CLM25,CLU25,1,1
CL,2025-04-24T21:00:00Z,20,48,48,48,48,48,CLM25,CLU25,1,1
CL,2025-04-25T21:00:00Z,20,48,48,48,48,48,CLM25,CLU25,1,1
CL,2025-04-28T21:00:00Z,20,48,48,48,48,48,CLM25,CLU25,1,1
CL,2025-04-29T21:00:00Z,20,48,48,48,48,48,CLM25,CLU25,1,1
CL,2025-04-30T21:00:00Z,20,48,48,48,48,48,CLM25,CLU25,1,1
CL,2025-05-01T21:00:00Z,20,48,48,48,48,48,CLM25,CLU25,1,1
CL,2025-05-02T21:00:00Z,20,48,48,48,48,48,CLM25,CLU25,1,1
CL,2025-05-05T21:00:00Z,20,48,48,48,48,48,CLM25,CLU25,1,1
CL,2025-05-06T21:00:00Z,20,48,48,48,48,48,CLM25,CLU25,1,1
CL,2025-05-07T21:00:00Z,20,48,48,48,48,48,CLM25,CLU25,1,1
CL,2025-05-08T21:00:00Z,20,48,48,48,48,48,CLM25,CLU25,1,1
CL,2025-05-09T21:00:00Z,20,48,48,48,48,48,CLM25,CLU25,1,1
CL,2025-05-12T21:00:00Z,20,48,48,48,48,48,CLM25,CLU25,1,1
CL,2025-05-13T21:00:00Z,20,48,48,48,48,48,CLM25,CLU25,1,1
CL,2025-05-14T21:00:00Z,20,48,48,48,48,48,CLM25,CLU25,1,1
CL,2025-05-15T21:00:00Z,20,48,48,48,48,48,CLM25,CLU25,1,1
CL,2025-05-16T21:00:00Z,20,48,48,48,48,48,CLM25,CLU25,1,1
CL,2025-05-19T21:00:00Z,20,48,48,48,48,48,CLM25,CLU25,1,1
CL,2025-05-20T21:00:00Z,20,48,48,48,48,48,CLM25,CLU25,1,1
CL,2025-05-21T21:00:00Z,19,45,45,45,45,45,CLN25,CLV25,1,1
CL,2025-05-22T21:00:00Z,19,45,45,45,45,45,CLN25,CLV25,1,1
CL,2025-05-23T21:00:00Z,19,45,45,45,45,45,CLN25,CLV25,1,1
CL,2025-05-27T21:00:00Z,19,45,45,45,45,45,CLN25,CLV25,1,1
CL,2025-05-28T21:00:00Z,19,45,45,45,45,45,CLN25,CLV25,1,1
CL,2025-05-29T21:00:00Z,19,45,45,45,45,45,CLN25,CLV25,1,1
CL,2025-05-30T21:00:00Z,19,45,45,45,45,45,CLN25,CLV25,1,1
CL,2025-06-02T21:00:00Z,19,45,45,45,45,45,CLN25,CLV25,1,1
CL,2025-06-03T21:00:00Z,19,45,45,45,45,45,CLN25,CLV25,1,1
CL,2025-06-04T21:00:00Z,19,45,45,45,45,45,CLN25,CLV25,1,1
CL,2025-06-05T21:00:00Z,19,45,45,45,45,45,CLN25,CLV25,1,1
CL,2025-06-06T21:00:00Z,19,45,45,45,45,45,CLN25,CLV25,1,1
CL,2025-06-09T21:00:00Z,19,45,45,45,45,45,CLN25,CLV25,1,1
CL,2025-06-10T21:00:00Z,19,45,45,45,45,45,CLN25,CLV25,1,1
CL,2025-06-11T21:00:00Z,19,45,45,45,45,45,CLN25,CLV25,1,1
CL,2025-06-12T21:00:00Z,19,45,45,45,45,45,CLN25,CLV25,1,1
CL,2025-06-13T21:00:00Z,19,45,45,45,45,45,CLN25,CLV25,1,1
CL,2025-06-16T21:00:00Z,19,45,45,45,45,45,CLN25,CLV25,1,1
CL,2025-06-17T21:00:00Z,19,45,45,45,45,45,CLN25,CLV25,1,1
CL,2025-06-18T21:00:00Z,19,45,45,45,45,45,CLN25,CLV25,1,1
CL,2025-06-20T21:00:00Z,19,45,45,45,45,45,CLN25,CLV25,1,1
CL,2025-06-23T21:00:00Z,18,42,42,42,42,42,CLQ25,CLX25,1,1
CL,2025-06-24T21:00:00Z,18,42,42,42,42,42,CLQ25,CLX25,1,1
CL,2025-06-25T21:00:00Z,18,42,42,42,42,42,CLQ25,CLX25,1,1
CL,2025-06-26T21:00:00Z,18,42,42,42,42,42,CLQ25,CLX25,1,1
CL,2025-06-27T21:00:00Z,18,42,42,42,42,42,CLQ25,CLX25,1,1
CL,2025-06-30T21:00:00Z,18,42,42,42,42,42,CLQ25,CLX25,1,1
CL,2025-07-01T21:00:00Z,18,42,42,42,42,42,CLQ25,CLX25,1,1
CL,2025-07-02T21:00:00Z,18,42,42,42,42,42,CLQ25,CLX25,1,1
CL,2025-07-03T21:00:00Z,18,42,42,42,42,42,CLQ25,CLX25,1,1
CL,2025-07-07T21:00:00Z,18,42,42,42,42,42,CLQ25,CLX25,1,1
CL,2025-07-08T21:00:00Z,18,42,42,42,42,42,CLQ25,CLX25,1,1
CL,2025-07-09T21:00:00Z,18,42,42,42,42,42,CLQ25,CLX25,1,1
CL,2025-07-10T21:00:00Z,18,42,42,42,42,42,CLQ25,CLX25,1,1
CL,2025-07-11T21:00:00Z,18,42,42,42,42,42,CLQ25,CLX25,1,1
CL,2025-07-14T21:00:00Z,18,42,42,42,42,42,CLQ25,CLX25,1,1
CL,2025-07-15T21:00:00Z,18,42,42,42,42,42,CLQ25,CLX25,1,1
CL,2025-07-16T21:00:00Z,18,42,42,42,42,42,CLQ25,CLX25,1,1
CL,2025-07-17T21:00:00Z,18,42,42,42,42,42,CLQ25,CLX25,1,1
CL,2025-07-18T21:00:00Z,18,42,42,42,42,42,CLQ25,CLX25,1,1
CL,2025-07-21T21:00:00Z,18,42,42,42,42,42,CLQ25,CLX25,1,1
CL,2025-07-22T21:00:00Z,18,42,42,42,42,42,CLQ25,CLX25,1,1
CL,2025-07-23T21:00:00Z,17,39,39,39,39,39,CLU25,CLZ25,1,1
CL,2025-07-24T21:00:00Z,17,39,39,39,39,39,CLU25,CLZ25,1,1
CL,2025-07-25T21:00:00Z,17,39,39,39,39,39,CLU25,CLZ25,1,1
CL,2025-07-28T21:00:00Z,17,39,39,39,39,39,CLU25,CLZ25,1,1
CL,2025-07-29T21:00:00Z,17,39,39,39,39,39,CLU25,CLZ25,1,1
CL,2025-07-30T21:00:00Z,17,39,39,39,39,39,CLU25,CLZ25,1,1
CL,2025-07-31T21:00:00Z,17,39,39,39,39,39,CLU25,CLZ25,1,1
CL,2025-08-01T21:00:00Z,17,39,39,39,39,39,CLU25,CLZ25,1,1
CL,2025-08-04T21:00:00Z,17,39,39,39,39,39,CLU25,CLZ25,1,1
CL,2025-08-05T21:00:00Z,17,39,39,39,39,39,CLU25,CLZ25,1,1
CL,2025-08-06T21:00:00Z,17,39,39,39,39,39,CLU25,CLZ25,1,1
CL,2025-08-07T21:00:00Z,17,39,39,39,39,39,CLU25,CLZ25,1,1
CL,2025-08-08T21:00:00Z,17,39,39,39,39,39,CLU25,CLZ25,1,1
CL,2025-08-11T21:00:00Z,17,39,39,39,39,39,CLU25,CLZ25,1,1
CL,2025-08-12T21:00:00Z,17,39,39,39,39,39,CLU25,CLZ25,1,1
CL,2025-08-13T21:00:00Z,17,39,39,39,39,39,CLU25,CLZ25,1,1
CL,2025-08-14T21:00:00Z,17,39,39,39,39,39,CLU25,CLZ25,1,1
CL,2025-08-15T21:00:00Z,17,39,39,39,39,39,CLU25,CLZ25,1,1
CL,2025-08-18T21:00:00Z,17,39,39,39,39,39,CLU25,CLZ25,1,1
CL,2025-08-19T21:00:00Z,17,39,39,39,39,39,CLU25,CLZ25,1,1
CL,2025-08-20T21:00:00Z,17,39,39,39,39,39,CLU25,CLZ25,1,1
CL,2025-08-21T21:00:00Z,16,36,36,36,36,36,CLV25,CLG26,1,1
CL,2025-08-22T21:00:00Z,16,36,36,36,36,36,CLV25,CLG26,1,1
CL,2025-08-25T21:00:00Z,16,36,36,36,36,36,CLV25,CLG26,1,1
CL,2025-08-26T21:00:00Z,16,36,36,36,36,36,CLV25,CLG26,1,1
CL,2025-08-27T21:00:00Z,16,36,36,36,36,36,CLV25,CLG26,1,1
CL,2025-08-28T21:00:00Z,16,36,36,36,36,36,CLV25,CLG26,1,1
CL,2025-08-29T21:00:00Z,16,36,36,36,36,36,CLV25,CLG26,1,1
CL,2025-09-02T21:00:00Z,16,36,36,36,36,36,CLV25,CLG26,1,1
CL,2025-09-03T21:00:00Z,16,36,36,36,36,36,CLV25,CLG26,1,1
CL,2025-09-04T21:00:00Z,16,36,36,36,36,36,CLV25,CLG26,1,1
CL,2025-09-05T21:00:00Z,16,36,36,36,36,36,CLV25,CLG26,1,1
CL,2025-09-08T21:00:00Z,16,36,36,36,36,36,CLV25,CLG26,1,1
CL,2025-09-09T21:00:00Z,16,36,36,36,36,36,CLV25,CLG26,1,1
CL,2025-09-10T21:00:00Z,16,36,36,36,36,36,CLV25,CLG26,1,1
CL,2025-09-11T21:00:00Z,16,36,36,36,36,36,CLV25,CLG26,1,1
CL,2025-09-12T21:00:00Z,16,36,36,36,36,36,CLV25,CLG26,1,1
CL,2025-09-15T21:00:00Z,16,36,36,36,36,36,CLV25,CLG26,1,1
CL,2025-09-16T21:00:00Z,16,36,36,36,36,36,CLV25,CLG26,1,1
CL,2025-09-17T21:00:00Z,16,36,36,36,36,36,CLV25,CLG26,1,1
CL,2025-09-18T21:00:00Z,16,36,36,36,36,36,CLV25,CLG26,1,1
CL,2025-09-19T21:00:00Z,16,36,36,36,36,36,CLV25,CLG26,1,1
CL,2025-09-22T21:00:00Z,16,36,36,36,36,36,CLV25,CLG26,1,1
CL,2025-09-23T21:00:00Z,15,33,33,33,33,33,CLX25,CLG26,1,1
CL,2025-09-24T21:00:00Z,15,33,33,33,33,33,CLX25,CLG26,1,1
CL,2025-09-25T21:00:00Z,15,33,33,33,33,33,CLX25,CLG26,1,1
CL,2025-09-26T21:00:00Z,15,33,33,33,33,33,CLX25,CLG26,1,1
CL,2025-09-29T21:00:00Z,15,33,33,33,33,33,CLX25,CLG26,1,1
CL,2025-09-30T21:00:00Z,15,33,33,33,33,33,CLX25,CLG26,1,1
CL,2025-10-01T21:00:00Z,15,33,33,33,33,33,CLX25,CLG26,1,1
CL,2025-10-02T21:00:00Z,15,33,33,33,33,33,CLX25,CLG26,1,1
CL,2025-10-03T21:00:00Z,15,33,33,33,33,33,CLX25,CLG26,1,1
CL,2025-10-06T21:00:00Z,15,33,33,33,33,33,CLX25,CLG26,1,1
CL,2025-10-07T21:00:00Z,15,33,33,33,33,33,CLX25,CLG26,1,1
CL,2025-10-08T21:00:00Z,15,33,33,33,33,33,CLX25,CLG26,1,1
CL,2025-10-09T21:00:00Z,15,33,33,33,33,33,CLX25,CLG26,1,1
CL,2025-10-10T21:00:00Z,15,33,33,33,33,33,CLX25,CLG26,1,1
CL,2025-10-13T21:00:00Z,15,33,33,33,33,33,CLX25,CLG26,1,1
CL,2025-10-14T21:00:00Z,15,33,33,33,33,33,CLX25,CLG26,1,1
CL,2025-10-15T21:00:00Z,15,33,33,33,33,33,CLX25,CLG26,1,1
CL,2025-10-16T21:00:00Z,15,33,33,33,33,33,CLX25,CLG26,1,1
CL,2025-10-17T21:00:00Z,15,33,33,33,33,33,CLX25,CLG26,1,1
CL,2025-10-20T21:00:00Z,15,33,33,33,33,33,CLX25,CLG26,1,1
CL,2025-10-21T21:00:00Z,15,33,33,33,33,33,CLX25,CLG26,1,1
CL,2025-10-22T21:00:00Z,14,30,30,30,30,30,CLZ25,CLH26,1,1
CL,2025-10-23T21:00:00Z,14,30,30,30,30,30,CLZ25,CLH26,1,1
CL,2025-10-24T21:00:00Z,14,30,30,30,30,30,CLZ25,CLH26,1,1
CL,2025-10-27T21:00:00Z,14,30,30,30,30,30,CLZ25,CLH26,1,1
CL,2025-10-28T21:00:00Z,14,30,30,30,30,30,CLZ25,CLH26,1,1
CL,2025-10-29T21:00:00Z,14,30,30,30,30,30,CLZ25,CLH26,1,1
CL,2025-10-30T21:00:00Z,14,30,30,30,30,30,CLZ25,CLH26,1,1
CL,2025-10-31T21:00:00Z,14,30,30,30,30,30,CLZ25,CLH26,1,1
CL,2025-11-03T22:00:00Z,14,30,30,30,30,30,CLZ25,CLH26,1,1
CL,2025-11-04T22:00:00Z,14,30,30,30,30,30,CLZ25,CLH26,1,1
CL,2025-11-05T22:00:00Z,14,30,30,30,30,30,CLZ25,CLH26,1,1
CL,2025-11-06T22:00:00Z,14,30,30,30,30,30,CLZ25,CLH26,1,1
CL,2025-11-07T22:00:00Z,14,30,30,30,30,30,CLZ25,CLH26,1,1
CL,2025-11-10T22:00:00Z,14,30,30,30,30,30,CLZ25,CLH26,1,1
CL,2025-11-11T22:00:00Z,14,30,30,30,30,30,CLZ25,CLH26,1,1
CL,2025-11-12T22:00:00Z,14,30,30,30,30,30,CLZ25,CLH26,1,1
CL,2025-11-13T22:00:00Z,14,30,30,30,30,30,CLZ25,CLH26,1,1
CL,2025-11-14T22:00:00Z,14,30,30,30,30,30,CLZ25,CLH26,1,1
CL,2025-11-17T22:00:00Z,14,30,30,30,30,30,CLZ25,CLH26,1,1
CL,2025-11-18T22:00:00Z,14,30,30,30,30,30,CLZ25,CLH26,1,1
CL,2025-11-19T22:00:00Z,14,30,30,30,30,30,CLZ25,CLH26,1,1
CL,2025-11-20T22:00:00Z,14,30,30,30,30,30,CLZ25,CLH26,1,1
CL,2025-11-21T22:00:00Z,13,26,26,26,26,26,CLF26,CLJ26,1,1
CL,2025-11-24T22:00:00Z,13,26,26,26,26,26,CLF26,CLJ26,1,1
CL,2025-11-25T22:00:00Z,13,26,26,26,26,26,CLF26,CLJ26,1,1
CL,2025-11-26T22:00:00Z,13,26,26,26,26,26,CLF26,CLJ26,1,1
CL,2025-11-28T22:00:00Z,13,26,26,26,26,26,CLF26,CLJ26,1,1
CL,2025-12-01T22:00:00Z,13,26,26,26,26,26,CLF26,CLJ26,1,1
CL,2025-12-02T22:00:00Z,13,26,26,26,26,26,CLF26,CLJ26,1,1
CL,2025-12-03T22:00:00Z,13,26,26,26,26,26,CLF26,CLJ26,1,1
CL,2025-12-04T22:00:00Z,13,26,26,26,26,26,CLF26,CLJ26,1,1
CL,2025-12-05T22:00:00Z,13,26,26,26,26,26,CLF26,CLJ26,1,1
CL,2025-12-08T22:00:00Z,13,26,26,26,26,26,CLF26,CLJ26,1,1
CL,2025-12-09T22:00:00Z,13,26,26,26,26,26,CLF26,CLJ26,1,1
CL,2025-12-10T22:00:00Z,13,26,26,26,26,26,CLF26,CLJ26,1,1
CL,2025-12-11T22:00:00Z,13,26,26,26,26,26,CLF26,CLJ26,1,1
CL,2025-12-12T22:00:00Z,13,26,26,26,26,26,CLF26,CLJ26,1,1
CL,2025-12-15T22:00:00Z,13,26,26,26,26,26,CLF26,CLJ26,1,1
CL,2025-12-16T22:00:00Z,13,26,26,26,26,26,CLF26,CLJ26,1,1
CL,2025-12-17T22:00:00Z,13,26,26,26,26,26,CLF26,CLJ26,1,1
CL,2025-12-18T22:00:00Z,13,26,26,26,26,26,CLF26,CLJ26,1,1
CL,2025-12-19T22:00:00Z,13,26,26,26,26,26,CLF26,CLJ26,1,1
CL,2025-12-22T22:00:00Z,12,23,23,23,23,23,CLG26,CLK26,1,1
CL,2025-12-23T22:00:00Z,12,23,23,23,23,23,CLG26,CLK26,1,1
CL,2025-12-24T22:00:00Z,12,23,23,23,23,23,CLG26,CLK26,1,1
CL,2025-12-26T22:00:00Z,12,23,23,23,23,23,CLG26,CLK26,1,1
CL,2025-12-29T22:00:00Z,12,23,23,23,23,23,CLG26,CLK26,1,1
CL,2025-12-30T22:00:00Z,12,23,23,23,23,23,CLG26,CLK26,1,1
CL,2025-12-31T22:00:00Z,12,23,23,23,23,23,CLG26,CLK26,1,1
NG,2025-01-02T22:00:00Z,24,59,59,59,59,59,NGG25,NGM25,1,1
NG,2025-01-03T22:00:00Z,24,59,59,59,59,59,NGG25,NGM25,1,1
NG,2025-01-06T22:00:00Z,24,59,59,59,59,59,NGG25,NGM25,1,1
NG,2025-01-07T22:00:00Z,24,59,59,59,59,59,NGG25,NGM25,1,1
NG,2025-01-08T22:00:00Z,24,59,59,59,59,59,NGG25,NGM25,1,1
NG,2025-01-09T22:00:00Z,24,59,59,59,59,59,NGG25,NGM25,1,1
NG,2025-01-10T22:00:00Z,24,59,59,59,59,59,NGG25,NGM25,1,1
NG,2025-01-13T22:00:00Z,24,59,59,59,59,59,NGG25,NGM25,1,1
NG,2025-01-14T22:00:00Z,24,59,59,59,59,59,NGG25,NGM25,1,1
NG,2025-01-15T22:00:00Z,24,59,59,59,59,59,NGG25,NGM25,1,1
NG,2025-01-16T22:00:00Z,24,59,59,59,59,59,NGG25,NGM25,1,1
NG,2025-01-17T22:00:00Z,24,59,59,59,59,59,NGG25,NGM25,1,1
NG,2025-01-21T22:00:00Z,24,59,59,59,59,59,NGG25,NGM25,1,1
NG,2025-01-22T22:00:00Z,24,59,59,59,59,59,NGG25,NGM25,1,1
NG,2025-01-23T22:00:00Z,24,59,59,59,59,59,NGG25,NGM25,1,1
NG,2025-01-24T22:00:00Z,24,59,59,59,59,59,NGG25,NGM25,1,1
NG,2025-01-27T22:00:00Z,24,59,59,59,59,59,NGG25,NGM25,1,1
NG,2025-01-28T22:00:00Z,24,59,59,59,59,59,NGG25,NGM25,1,1
NG,2025-01-29T22:00:00Z,24,59,59,59,59,59,NGG25,NGM25,1,1
NG,2025-01-30T22:00:00Z,23,57,57,57,57,57,NGH25,NGM25,1,1
NG,2025-01-31T22:00:00Z,23,57,57,57,57,57,NGH25,NGM25,1,1
NG,2025-02-03T22:00:00Z,23,57,57,57,57,57,NGH25,NGM25,1,1
NG,2025-02-04T22:00:00Z,23,57,57,57,57,57,NGH25,NGM25,1,1
NG,2025-02-05T22:00:00Z,23,57,57,57,57,57,NGH25,NGM25,1,1
NG,2025-02-06T22:00:00Z,23,57,57,57,57,57,NGH25,NGM25,1,1
NG,2025-02-07T22:00:00Z,23,57,57,57,57,57,NGH25,NGM25,1,1
NG,2025-02-10T22:00:00Z,23,57,57,57,57,57,NGH25,NGM25,1,1
NG,2025-02-11T22:00:00Z,23,57,57,57,57,57,NGH25,NGM25,1,1
NG,2025-02-12T22:00:00Z,23,57,57,57,57,57,NGH25,NGM25,1,1
NG,2025-02-13T22:00:00Z,23,57,57,57,57,57,NGH25,NGM25,1,1
NG,2025-02-14T22:00:00Z,23,57,57,57,57,57,NGH25,NGM25,1,1
NG,2025-02-18T22:00:00Z,23,57,57,57,57,57,NGH25,NGM25,1,1
NG,2025-02-19T22:00:00Z,23,57,57,57,57,57,NGH25,NGM25,1,1
NG,2025-02-20T22:00:00Z,23,57,57,57,57,57,NGH25,NGM25,1,1
NG,2025-02-21T22:00:00Z,23,57,57,57,57,57,NGH25,NGM25,1,1
NG,2025-02-24T22:00:00Z,23,57,57,57,57,57,NGH25,NGM25,1,1
NG,2025-02-25T22:00:00Z,23,57,57,57,57,57,NGH25,NGM25,1,1
NG,2025-02-26T22:00:00Z,23,57,57,57,57,57,NGH25,NGM25,1,1
NG,2025-02-27T22:00:00Z,22,54,54,54,54,54,NGJ25,NGN25,1,1
NG,2025-02-28T22:00:00Z,22,54,54,54,54,54,NGJ25,NGN25,1,1
NG,2025-03-03T22:00:00Z,22,54,54,54,54,54,NGJ25,NGN25,1,1
NG,2025-03-04T22:00:00Z,22,54,54,54,54,54,NGJ25,NGN25,1,1
NG,2025-03-05T22:00:00Z,22,54,54,54,54,54,NGJ25,NGN25,1,1
NG,2025-03-06T22:00:00Z,22,54,54,54,54,54,NGJ25,NGN25,1,1
NG,2025-03-07T22:00:00Z,22,54,54,54,54,54,NGJ25,NGN25,1,1
NG,2025-03-10T21:00:00Z,22,54,54,54,54,54,NGJ25,NGN25,1,1
NG,2025-03-11T21:00:00Z,22,54,54,54,54,54,NGJ25,NGN25,1,1
NG,2025-03-12T21:00:00Z,22,54,54,54,54,54,NGJ25,NGN25,1,1
NG,2025-03-13T21:00:00Z,22,54,54,54,54,54,NGJ25,NGN25,1,1
NG,2025-03-14T21:00:00Z,22,54,54,54,54,54,NGJ25,NGN25,1,1
NG,2025-03-17T21:00:00Z,22,54,54,54,54,54,NGJ25,NGN25,1,1
NG,2025-03-18T21:00:00Z,22,54,54,54,54,54,NGJ25,NGN25,1,1
NG,2025-03-19T21:00:00Z,22,54,54,54,54,54,NGJ25,NGN25,1,1
NG,2025-03-20T21:00:00Z,22,54,54,54,54,54,NGJ25,NGN25,1,1
NG,2025-03-21T21:00:00Z,22,54,54,54,54,54,NGJ25,NGN25,1,1
NG,2025-03-24T21:00:00Z,22,54,54,54,54,54,NGJ25,NGN25,1,1
NG,2025-03-25T21:00:00Z,22,54,54,54,54,54,NGJ25,NGN25,1,1
NG,2025-03-26T21:00:00Z,22,54,54,54,54,54,NGJ25,NGN25,1,1
NG,2025-03-27T21:00:00Z,22,54,54,54,54,54,NGJ25,NGN25,1,1
NG,2025-03-28T21:00:00Z,21,51,51,51,51,51,NGK25,NGQ25,1,1
NG,2025-03-31T21:00:00Z,21,51,51,51,51,51,NGK25,NGQ25,1,1
NG,2025-04-01T21:00:00Z,21,51,51,51,51,51,NGK25,NGQ25,1,1
NG,2025-04-02T21:00:00Z,21,51,51,51,51,51,NGK25,NGQ25,1,1
NG,2025-04-03T21:00:00Z,21,51,51,51,51,51,NGK25,NGQ25,1,1
NG,2025-04-04T21:00:00Z,21,51,51,51,51,51,NGK25,NGQ25,1,1
NG,2025-04-07T21:00:00Z,21,51,51,51,51,51,NGK25,NGQ25,1,1
NG,2025-04-08T21:00:00Z,21,51,51,51,51,51,NGK25,NGQ25,1,1
NG,2025-04-09T21:00:00Z,21,51,51,51,51,51,NGK25,NGQ25,1,1
NG,2025-04-10T21:00:00Z,21,51,51,51,51,51,NGK25,NGQ25,1,1
NG,2025-04-11T21:00:00Z,21,51,51,51,51,51,NGK25,NGQ25,1,1
NG,2025-04-14T21:00:00Z,21,51,51,51,51,51,NGK25,NGQ25,1,1
NG,2025-04-15T21:00:00Z,21,51,51,51,51,51,NGK25,NGQ25,1,1
NG,2025-04-16T21:00:00Z,21,51,51,51,51,51,NGK25,NGQ25,1,1
NG,2025-04-17T21:00:00Z,21,51,51,51,51,51,NGK25,NGQ25,1,1
NG,2025-04-21T21:00:00Z,21,51,51,51,51,51,NGK25,NGQ25,1,1
NG,2025-04-22T21:00:00Z,21,51,51,51,51,51,NGK25,NGQ25,1,1
NG,2025-04-23T21:00:00Z,21,51,51,51,51,51,NGK25,NGQ25,1,1
NG,2025-04-24T21:00:00Z,21,51,51,51,51,51,NGK25,NGQ25,1,1
NG,2025-04-25T21:00:00Z,21,51,51,51,51,51,NGK25,NGQ25,1,1
NG,2025-04-28T21:00:00Z,21,51,51,51,51,51,NGK25,NGQ25,1,1
NG,2025-04-29T21:00:00Z,20,48,48,48,48,48,NGM25,NGU25,1,1
NG,2025-04-30T21:00:00Z,20,48,48,48,48,48,NGM25,NGU25,1,1
NG,2025-05-01T21:00:00Z,20,48,48,48,48,48,NGM25,NGU25,1,1
NG,2025-05-02T21:00:00Z,20,48,48,48,48,48,NGM25,NGU25,1,1
NG,2025-05-05T21:00:00Z,20,48,48,48,48,48,NGM25,NGU25,1,1
NG,2025-05-06T21:00:00Z,20,48,48,48,48,48,NGM25,NGU25,1,1
NG,2025-05-07T21:00:00Z,20,48,48,48,48,48,NGM25,NGU25,1,1
NG,2025-05-08T21:00:00Z,20,48,48,48,48,48,NGM25,NGU25,1,1
NG,2025-05-09T21:00:00Z,20,48,48,48,48,48,NGM25,NGU25,1,1
NG,2025-05-12T21:00:00Z,20,48,48,48,48,48,NGM25,NGU25,1,1
NG,2025-05-13T21:00:00Z,20,48,48,48,48,48,NGM25,NGU25,1,1
NG,2025-05-14T21:00:00Z,20,48,48,48,48,48,NGM25,NGU25,1,1
NG,2025-05-15T21:00:00Z,20,48,48,48,48,48,NGM25,NGU25,1,1
NG,2025-05-16T21:00:00Z,20,48,48,48,48,48,NGM25,NGU25,1,1
NG,2025-05-19T21:00:00Z,20,48,48,48,48,48,NGM25,NGU25,1,1
NG,2025-05-20T21:00:00Z,20,48,48,48,48,48,NGM25,NGU25,1,1
NG,2025-05-21T21:00:00Z,20,48,48,48,48,48,NGM25,NGU25,1,1
NG,2025-05-22T21:00:00Z,20,48,48,48,48,48,NGM25,NGU25,1,1
NG,2025-05-23T21:00:00Z,20,48,48,48,48,48,NGM25,NGU25,1,1
NG,2025-05-27T21:00:00Z,20,48,48,48,48,48,NGM25,NGU25,1,1
NG,2025-05-28T21:00:00Z,20,48,48,48,48,48,NGM25,NGU25,1,1
NG,2025-05-29T21:00:00Z,19,45,45,45,45,45,NGN25,NGV25,1,1
NG,2025-05-30T21:00:00Z,19,45,45,45,45,45,NGN25,NGV25,1,1
NG,2025-06-02T21:00:00Z,19,45,45,45,45,45,NGN25,NGV25,1,1
NG,2025-06-03T21:00:00Z,19,45,45,45,45,45,NGN25,NGV25,1,1
NG,2025-06-04T21:00:00Z,19,45,45,45,45,45,NGN25,NGV25,1,1
NG,2025-06-05T21:00:00Z,19,45,45,45,45,45,NGN25,NGV25,1,1
NG,2025-06-06T21:00:00Z,19,45,45,45,45,45,NGN25,NGV25,1,1
NG,2025-06-09T21:00:00Z,19,45,45,45,45,45,NGN25,NGV25,1,1
NG,2025-06-10T21:00:00Z,19,45,45,45,45,45,NGN25,NGV25,1,1
NG,2025-06-11T21:00:00Z,19,45,45,45,45,45,NGN25,NGV25,1,1
NG,2025-06-12T21:00:00Z,19,45,45,45,45,45,NGN25,NGV25,1,1
NG,2025-06-13T21:00:00Z,19,45,45,45,45,45,NGN25,NGV25,1,1
NG,2025-06-16T21:00:00Z,19,45,45,45,45,45,NGN25,NGV25,1,1
NG,2025-06-17T21:00:00Z,19,45,45,45,45,45,NGN25,NGV25,1,1
NG,2025-06-18T21:00:00Z,19,45,45,45,45,45,NGN25,NGV25,1,1
NG,2025-06-20T21:00:00Z,19,45,45,45,45,45,NGN25,NGV25,1,1
NG,2025-06-23T21:00:00Z,19,45,45,45,45,45,NGN25,NGV25,1,1
NG,2025-06-24T21:00:00Z,19,45,45,45,45,45,NGN25,NGV25,1,1
NG,2025-06-25T21:00:00Z,19,45,45,45,45,45,NGN25,NGV25,1,1
NG,2025-06-26T21:00:00Z,19,45,45,45,45,45,NGN25,NGV25,1,1
NG,2025-06-27T21:00:00Z,18,42,42,42,42,42,NGQ25,NGX25,1,1
NG,2025-06-30T21:00:00Z,18,42,42,42,42,42,NGQ25,NGX25,1,1
NG,2025-07-01T21:00:00Z,18,42,42,42,42,42,NGQ25,NGX25,1,1
NG,2025-07-02T21:00:00Z,18,42,42,42,42,42,NGQ25,NGX25,1,1
NG,2025-07-03T21:00:00Z,18,42,42,42,42,42,NGQ25,NGX25,1,1
NG,2025-07-07T21:00:00Z,18,42,42,42,42,42,NGQ25,NGX25,1,1
NG,2025-07-08T21:00:00Z,18,42,42,42,42,42,NGQ25,NGX25,1,1
NG,2025-07-09T21:00:00Z,18,42,42,42,42,42,NGQ25,NGX25,1,1
NG,2025-07-10T21:00:00Z,18,42,42,42,42,42,NGQ25,NGX25,1,1
NG,2025-07-11T21:00:00Z,18,42,42,42,42,42,NGQ25,NGX25,1,1
NG,2025-07-14T21:00:00Z,18,42,42,42,42,42,NGQ25,NGX25,1,1
NG,2025-07-15T21:00:00Z,18,42,42,42,42,42,NGQ25,NGX25,1,1
NG,2025-07-16T21:00:00Z,18,42,42,42,42,42,NGQ25,NGX25,1,1
NG,2025-07-17T21:00:00Z,18,42,42,42,42,42,NGQ25,NGX25,1,1
NG,2025-07-18T21:00:00Z,18,42,42,42,42,42,NGQ25,NGX25,1,1
NG,2025-07-21T21:00:00Z,18,42,42,42,42,42,NGQ25,NGX25,1,1
NG,2025-07-22T21:00:00Z,18,42,42,42,42,42,NGQ25,NGX25,1,1
NG,2025-07-23T21:00:00Z,18,42,42,42,42,42,NGQ25,NGX25,1,1
NG,2025-07-24T21:00:00Z,18,42,42,42,42,42,NGQ25,NGX25,1,1
NG,2025-07-25T21:00:00Z,18,42,42,42,42,42,NGQ25,NGX25,1,1
NG,2025-07-28T21:00:00Z,18,42,42,42,42,42,NGQ25,NGX25,1,1
NG,2025-07-29T21:00:00Z,18,42,42,42,42,42,NGQ25,NGX25,1,1
NG,2025-07-30T21:00:00Z,17,39,39,39,39,39,NGU25,NGZ25,1,1
NG,2025-07-31T21:00:00Z,17,39,39,39,39,39,NGU25,NGZ25,1,1
NG,2025-08-01T21:00:00Z,17,39,39,39,39,39,NGU25,NGZ25,1,1
NG,2025-08-04T21:00:00Z,17,39,39,39,39,39,NGU25,NGZ25,1,1
NG,2025-08-05T21:00:00Z,17,39,39,39,39,39,NGU25,NGZ25,1,1
NG,2025-08-06T21:00:00Z,17,39,39,39,39,39,NGU25,NGZ25,1,1
NG,2025-08-07T21:00:00Z,17,39,39,39,39,39,NGU25,NGZ25,1,1
NG,2025-08-08T21:00:00Z,17,39,39,39,39,39,NGU25,NGZ25,1,1
NG,2025-08-11T21:00:00Z,17,39,39,39,39,39,NGU25,NGZ25,1,1
NG,2025-08-12T21:00:00Z,17,39,39,39,39,39,NGU25,NGZ25,1,1
NG,2025-08-13T21:00:00Z,17,39,39,39,39,39,NGU25,NGZ25,1,1
NG,2025-08-14T21:00:00Z,17,39,39,39,39,39,NGU25,NGZ25,1,1
NG,2025-08-15T21:00:00Z,17,39,39,39,39,39,NGU25,NGZ25,1,1
NG,2025-08-18T21:00:00Z,17,39,39,39,39,39,NGU25,NGZ25,1,1
NG,2025-08-19T21:00:00Z,17,39,39,39,39,39,NGU25,NGZ25,1,1
NG,2025-08-20T21:00:00Z,17,39,39,39,39,39,NGU25,NGZ25,1,1
NG,2025-08-21T21:00:00Z,17,39,39,39,39,39,NGU25,NGZ25,1,1
NG,2025-08-22T21:00:00Z,17,39,39,39,39,39,NGU25,NGZ25,1,1
NG,2025-08-25T21:00:00Z,17,39,39,39,39,39,NGU25,NGZ25,1,1
NG,2025-08-26T21:00:00Z,17,39,39,39,39,39,NGU25,NGZ25,1,1
NG,2025-08-27T21:00:00Z,17,39,39,39,39,39,NGU25,NGZ25,1,1
NG,2025-08-28T21:00:00Z,16,36,36,36,36,36,NGV25,NGF26,1,1
NG,2025-08-29T21:00:00Z,16,36,36,36,36,36,NGV25,NGF26,1,1
NG,2025-09-02T21:00:00Z,16,36,36,36,36,36,NGV25,NGF26,1,1
NG,2025-09-03T21:00:00Z,16,36,36,36,36,36,NGV25,NGF26,1,1
NG,2025-09-04T21:00:00Z,16,36,36,36,36,36,NGV25,NGF26,1,1
NG,2025-09-05T21:00:00Z,16,36,36,36,36,36,NGV25,NGF26,1,1
NG,2025-09-08T21:00:00Z,16,36,36,36,36,36,NGV25,NGF26,1,1
NG,2025-09-09T21:00:00Z,16,36,36,36,36,36,NGV25,NGF26,1,1
NG,2025-09-10T21:00:00Z,16,36,36,36,36,36,NGV25,NGF26,1,1
NG,2025-09-11T21:00:00Z,16,36,36,36,36,36,NGV25,NGF26,1,1
NG,2025-09-12T21:00:00Z,16,36,36,36,36,36,NGV25,NGF26,1,1
NG,2025-09-15T21:00:00Z,16,36,36,36,36,36,NGV25,NGF26,1,1
NG,2025-09-16T21:00:00Z,16,36,36,36,36,36,NGV25,NGF26,1,1
NG,2025-09-17T21:00:00Z,16,36,36,36,36,36,NGV25,NGF26,1,1
NG,2025-09-18T21:00:00Z,16,36,36,36,36,36,NGV25,NGF26,1,1
NG,2025-09-19T21:00:00Z,16,36,36,36,36,36,NGV25,NGF26,1,1
NG,2025-09-22T21:00:00Z,16,36,36,36,36,36,NGV25,NGF26,1,1
NG,2025-09-23T21:00:00Z,16,36,36,36,36,36,NGV25,NGF26,1,1
NG,2025-09-24T21:00:00Z,16,36,36,36,36,36,NGV25,NGF26,1,1
NG,2025-09-25T21:00:00Z,16,36,36,36,36,36,NGV25,NGF26,1,1
NG,2025-09-26T21:00:00Z,16,36,36,36,36,36,NGV25,NGF26,1,1
NG,2025-09-29T21:00:00Z,15,33,33,33,33,33,NGX25,NGG26,1,1
NG,2025-09-30T21:00:00Z,15,33,33,33,33,33,NGX25,NGG26,1,1
NG,2025-10-01T21:00:00Z,15,33,33,33,33,33,NGX25,NGG26,1,1
NG,2025-10-02T21:00:00Z,15,33,33,33,33,33,NGX25,NGG26,1,1
NG,2025-10-03T21:00:00Z,15,33,33,33,33,33,NGX25,NGG26,1,1
NG,2025-10-06T21:00:00Z,15,33,33,33,33,33,NGX25,NGG26,1,1
NG,2025-10-07T21:00:00Z,15,33,33,33,33,33,NGX25,NGG26,1,1
NG,2025-10-08T21:00:00Z,15,33,33,33,33,33,NGX25,NGG26,1,1
NG,2025-10-09T21:00:00Z,15,33,33,33,33,33,NGX25,NGG26,1,1
NG,2025-10-10T21:00:00Z,15,33,33,33,33,33,NGX25,NGG26,1,1
NG,2025-10-13T21:00:00Z,15,33,33,33,33,33,NGX25,NGG26,1,1
NG,2025-10-14T21:00:00Z,15,33,33,33,33,33,NGX25,NGG26,1,1
NG,2025-10-15T21:00:00Z,15,33,33,33,33,33,NGX25,NGG26,1,1
NG,2025-10-16T21:00:00Z,15,33,33,33,33,33,NGX25,NGG26,1,1
NG,2025-10-17T21:00:00Z,15,33,33,33,33,33,NGX25,NGG26,1,1
NG,2025-10-20T21:00:00Z,15,33,33,33,33,33,NGX25,NGG26,1,1
NG,2025-10-21T21:00:00Z,15,33,33,33,33,33,NGX25,NGG26,1,1
NG,2025-10-22T21:00:00Z,15,33,33,33,33,33,NGX25,NGG26,1,1
NG,2025-10-23T21:00:00Z,15,33,33,33,33,33,NGX25,NGG26,1,1
NG,2025-10-24T21:00:00Z,15,33,33,33,33,33,NGX25,NGG26,1,1
NG,2025-10-27T21:00:00Z,15,33,33,33,33,33,NGX25,NGG26,1,1
NG,2025-10-28T21:00:00Z,15,33,33,33,33,33,NGX25,NGG26,1,1
NG,2025-10-29T21:00:00Z,15,33,33,33,33,33,NGX25,NGG26,1,1
NG,2025-10-30T21:00:00Z,14,30,30,30,30,30,NGZ25,NGH26,1,1
NG,2025-10-31T21:00:00Z,14,30,30,30,30,30,NGZ25,NGH26,1,1
NG,2025-11-03T22:00:00Z,14,30,30,30,30,30,NGZ25,NGH26,1,1
NG,2025-11-04T22:00:00Z,14,30,30,30,30,30,NGZ25,NGH26,1,1
NG,2025-11-05T22:00:00Z,14,30,30,30,30,30,NGZ25,NGH26,1,1
NG,2025-11-06T22:00:00Z,14,30,30,30,30,30,NGZ25,NGH26,1,1
NG,2025-11-07T22:00:00Z,14,30,30,30,30,30,NGZ25,NGH26,1,1
NG,2025-11-10T22:00:00Z,14,30,30,30,30,30,NGZ25,NGH26,1,1
NG,2025-11-11T22:00:00Z,14,30,30,30,30,30,NGZ25,NGH26,1,1
NG,2025-11-12T22:00:00Z,14,30,30,30,30,30,NGZ25,NGH26,1,1
NG,2025-11-13T22:00:00Z,14,30,30,30,30,30,NGZ25,NGH26,1,1
NG,2025-11-14T22:00:00Z,14,30,30,30,30,30,NGZ25,NGH26,1,1
NG,2025-11-17T22:00:00Z,14,30,30,30,30,30,NGZ25,NGH26,1,1
NG,2025-11-18T22:00:00Z,14,30,30,30,30,30,NGZ25,NGH26,1,1
NG,2025-11-19T22:00:00Z,14,30,30,30,30,30,NGZ25,NGH26,1,1
NG,2025-11-20T22:00:00Z,14,30,30,30,30,30,NGZ25,NGH26,1,1
NG,2025-11-21T22:00:00Z,14,30,30,30,30,30,NGZ25,NGH26,1,1
NG,2025-11-24T22:00:00Z,14,30,30,30,30,30,NGZ25,NGH26,1,1
NG,2025-11-25T22:00:00Z,14,30,30,30,30,30,NGZ25,NGH26,1,1
NG,2025-11-26T22:00:00Z,13,27,27,27,27,27,NGF26,NGK26,1,1
NG,2025-11-28T22:00:00Z,13,27,27,27,27,27,NGF26,NGK26,1,1
NG,2025-12-01T22:00:00Z,13,27,27,27,27,27,NGF26,NGK26,1,1
NG,2025-12-02T22:00:00Z,13,27,27,27,27,27,NGF26,NGK26,1,1
NG,2025-12-03T22:00:00Z,13,27,27,27,27,27,NGF26,NGK26,1,1
NG,2025-12-04T22:00:00Z,13,27,27,27,27,27,NGF26,NGK26,1,1
NG,2025-12-05T22:00:00Z,13,27,27,27,27,27,NGF26,NGK26,1,1
NG,2025-12-08T22:00:00Z,13,27,27,27,27,27,NGF26,NGK26,1,1
NG,2025-12-09T22:00:00Z,13,27,27,27,27,27,NGF26,NGK26,1,1
NG,2025-12-10T22:00:00Z,13,27,27,27,27,27,NGF26,NGK26,1,1
NG,2025-12-11T22:00:00Z,13,27,27,27,27,27,NGF26,NGK26,1,1
NG,2025-12-12T22:00:00Z,13,27,27,27,27,27,NGF26,NGK26,1,1
NG,2025-12-15T22:00:00Z,13,27,27,27,27,27,NGF26,NGK26,1,1
NG,2025-12-16T22:00:00Z,13,27,27,27,27,27,NGF26,NGK26,1,1
NG,2025-12-17T22:00:00Z,13,27,27,27,27,27,NGF26,NGK26,1,1
NG,2025-12-18T22:00:00Z,13,27,27,27,27,27,NGF26,NGK26,1,1
NG,2025-12-19T22:00:00Z,13,27,27,27,27,27,NGF26,NGK26,1,1
NG,2025-12-22T22:00:00Z,13,27,27,27,27,27,NGF26,NGK26,1,1
NG,2025-12-23T22:00:00Z,13,27,27,27,27,27,NGF26,NGK26,1,1
NG,2025-12-24T22:00:00Z,13,27,27,27,27,27,NGF26,NGK26,1,1
NG,2025-12-26T22:00:00Z,13,27,27,27,27,27,NGF26,NGK26,1,1
NG,2025-12-29T22:00:00Z,13,27,27,27,27,27,NGF26,NGK26,1,1
NG,2025-12-30T22:00:00Z,12,24,24,24,24,24,NGG26,NGK26,1,1
NG,2025-12-31T22:00:00Z,12,24,24,24,24,24,NGG26,NGK26,1,1
RB,2025-01-02T22:00:00Z,24,59,29,59,29,29,RBG25,RBM25,1,1
RB,2025-01-03T22:00:00Z,24,59,35,59,35,35,RBG25,RBM25,1,1
RB,2025-01-06T22:00:00Z,24,59,29,59,29,29,RBG25,RBM25,1,1
RB,2025-01-07T22:00:00Z,24,59,29,59,29,29,RBG25,RBM25,1,1
RB,2025-01-08T22:00:00Z,24,59,29,59,29,29,RBG25,RBM25,1,1
RB,2025-01-09T22:00:00Z,23,56,29,56,29,29,RBG25,RBM25,1,1
RB,2025-01-10T22:00:00Z,24,59,29,59,29,29,RBG25,RBM25,1,1
RB,2025-01-13T22:00:00Z,24,59,50,59,50,50,RBG25,RBM25,1,1
RB,2025-01-14T22:00:00Z,24,59,32,59,32,32,RBG25,RBM25,1,1
RB,2025-01-15T22:00:00Z,24,59,29,59,29,29,RBG25,RBM25,1,1
RB,2025-01-16T22:00:00Z,24,59,38,59,38,38,RBG25,RBM25,1,1
RB,2025-01-17T22:00:00Z,21,41,23,41,23,23,RBG25,RBM25,1,1
RB,2025-01-21T22:00:00Z,24,59,29,59,29,29,RBG25,RBM25,1,1
RB,2025-01-22T22:00:00Z,24,59,35,59,35,35,RBG25,RBM25,1,1
RB,2025-01-23T22:00:00Z,24,59,38,59,38,38,RBG25,RBM25,1,1
RB,2025-01-24T22:00:00Z,24,59,29,59,29,29,RBG25,RBM25,1,1
RB,2025-01-27T22:00:00Z,24,59,28,59,28,28,RBG25,RBM25,1,1
RB,2025-01-28T22:00:00Z,24,59,29,59,29,29,RBG25,RBM25,1,1
RB,2025-01-29T22:00:00Z,24,59,32,59,32,32,RBG25,RBM25,1,1
RB,2025-01-30T22:00:00Z,24,59,26,59,26,26,RBG25,RBM25,1,1
RB,2025-01-31T22:00:00Z,24,59,29,59,29,29,RBG25,RBM25,1,1
RB,2025-02-03T22:00:00Z,23,57,27,57,27,27,RBH25,RBM25,1,1
RB,2025-02-04T22:00:00Z,23,57,27,57,27,27,RBH25,RBM25,1,1
RB,2025-02-05T22:00:00Z,23,57,27,57,27,27,RBH25,RBM25,1,1
RB,2025-02-06T22:00:00Z,23,57,27,57,27,27,RBH25,RBM25,1,1
RB,2025-02-07T22:00:00Z,23,57,27,57,27,27,RBH25,RBM25,1,1
RB,2025-02-10T22:00:00Z,23,57,27,57,27,27,RBH25,RBM25,1,1
RB,2025-02-11T22:00:00Z,23,57,27,57,27,27,RBH25,RBM25,1,1
RB,2025-02-12T22:00:00Z,23,57,33,57,33,33,RBH25,RBM25,1,1
RB,2025-02-13T22:00:00Z,23,57,27,57,27,27,RBH25,RBM25,1,1
RB,2025-02-14T22:00:00Z,23,57,30,57,30,30,RBH25,RBM25,1,1
RB,2025-02-18T22:00:00Z,23,57,44,57,44,44,RBH25,RBM25,1,1
RB,2025-02-19T22:00:00Z,23,57,36,57,36,36,RBH25,RBM25,1,1
RB,2025-02-20T22:00:00Z,23,57,36,57,36,36,RBH25,RBM25,1,1
RB,2025-02-21T22:00:00Z,23,57,36,57,36,36,RBH25,RBM25,1,1
RB,2025-02-24T22:00:00Z,20,40,36,40,36,36,RBH25,RBM25,1,1
RB,2025-02-25T22:00:00Z,23,57,27,57,27,27,RBH25,RBM25,1,1
RB,2025-02-26T22:00:00Z,23,57,40,57,40,40,RBH25,RBM25,1,1
RB,2025-02-27T22:00:00Z,23,57,27,57,27,27,RBH25,RBM25,1,1
RB,2025-02-28T22:00:00Z,23,57,36,57,36,36,RBH25,RBM25,1,1
RB,2025-03-03T22:00:00Z,22,54,39,54,39,39,RBJ25,RBN25,1,1
RB,2025-03-04T22:00:00Z,21,51,41,51,41,41,RBJ25,RBN25,1,1
RB,2025-03-05T22:00:00Z,22,54,48,54,48,48,RBJ25,RBN25,1,1
RB,2025-03-06T22:00:00Z,22,54,48,54,48,48,RBJ25,RBN25,1,1
RB,2025-03-07T22:00:00Z,22,54,45,54,45,45,RBJ25,RBN25,1,1
RB,2025-03-10T21:00:00Z,22,54,54,54,54,54,RBJ25,RBN25,1,1
RB,2025-03-11T21:00:00Z,22,54,33,54,33,33,RBJ25,RBN25,1,1
RB,2025-03-12T21:00:00Z,22,54,33,54,33,33,RBJ25,RBN25,1,1
RB,2025-03-13T21:00:00Z,22,54,45,54,45,45,RBJ25,RBN25,1,1
RB,2025-03-14T21:00:00Z,22,54,54,54,54,54,RBJ25,RBN25,1,1
RB,2025-03-17T21:00:00Z,22,54,41,54,41,41,RBJ25,RBN25,1,1
RB,2025-03-18T21:00:00Z,22,54,54,54,54,54,RBJ25,RBN25,1,1
RB,2025-03-19T21:00:00Z,22,54,39,54,39,39,RBJ25,RBN25,1,1
RB,2025-03-20T21:00:00Z,22,54,37,54,37,37,RBJ25,RBN25,1,1
RB,2025-03-21T21:00:00Z,22,54,54,54,54,54,RBJ25,RBN25,1,1
RB,2025-03-24T21:00:00Z,22,54,37,54,37,37,RBJ25,RBN25,1,1
RB,2025-03-25T21:00:00Z,22,54,37,54,37,37,RBJ25,RBN25,1,1
RB,2025-03-26T21:00:00Z,22,54,37,54,37,37,RBJ25,RBN25,1,1
RB,2025-03-27T21:00:00Z,22,54,37,54,37,37,RBJ25,RBN25,1,1
RB,2025-03-28T21:00:00Z,22,54,45,54,45,45,RBJ25,RBN25,1,1
RB,2025-03-31T21:00:00Z,22,54,40,54,40,40,RBJ25,RBN25,1,1
RB,2025-04-01T21:00:00Z,21,51,51,51,51,51,RBK25,RBQ25,1,1
RB,2025-04-02T21:00:00Z,21,51,42,51,42,42,RBK25,RBQ25,1,1
RB,2025-04-03T21:00:00Z,21,51,51,51,51,51,RBK25,RBQ25,1,1
RB,2025-04-04T21:00:00Z,21,51,51,51,51,51,RBK25,RBQ25,1,1
RB,2025-04-07T21:00:00Z,21,51,51,51,51,51,RBK25,RBQ25,1,1
RB,2025-04-08T21:00:00Z,21,51,46,51,46,46,RBK25,RBQ25,1,1
RB,2025-04-09T21:00:00Z,21,51,51,51,51,51,RBK25,RBQ25,1,1
RB,2025-04-10T21:00:00Z,21,51,51,51,51,51,RBK25,RBQ25,1,1
RB,2025-04-11T21:00:00Z,21,51,48,51,48,48,RBK25,RBQ25,1,1
RB,2025-04-14T21:00:00Z,21,51,30,51,30,30,RBK25,RBQ25,1,1
RB,2025-04-15T21:00:00Z,21,51,34,51,34,34,RBK25,RBQ25,1,1
RB,2025-04-16T21:00:00Z,21,51,42,51,42,42,RBK25,RBQ25,1,1
RB,2025-04-17T21:00:00Z,21,51,48,51,48,48,RBK25,RBQ25,1,1
RB,2025-04-21T21:00:00Z,21,51,39,51,39,39,RBK25,RBQ25,1,1
RB,2025-04-22T21:00:00Z,21,51,48,51,48,48,RBK25,RBQ25,1,1
RB,2025-04-23T21:00:00Z,21,51,48,51,48,48,RBK25,RBQ25,1,1
RB,2025-04-24T21:00:00Z,21,51,48,51,48,48,RBK25,RBQ25,1,1
RB,2025-04-25T21:00:00Z,21,51,45,51,45,45,RBK25,RBQ25,1,1
RB,2025-04-28T21:00:00Z,21,51,51,51,51,51,RBK25,RBQ25,1,1
RB,2025-04-29T21:00:00Z,21,51,48,51,48,48,RBK25,RBQ25,1,1
RB,2025-04-30T21:00:00Z,21,51,48,51,48,48,RBK25,RBQ25,1,1
RB,2025-05-01T21:00:00Z,20,48,48,48,48,48,RBM25,RBU25,1,1
RB,2025-05-02T21:00:00Z,20,48,30,48,30,30,RBM25,RBU25,1,1
RB,2025-05-05T21:00:00Z,20,48,31,48,31,31,RBM25,RBU25,1,1
RB,2025-05-06T21:00:00Z,20,48,48,48,48,48,RBM25,RBU25,1,1
RB,2025-05-07T21:00:00Z,20,48,38,48,38,38,RBM25,RBU25,1,1
RB,2025-05-08T21:00:00Z,20,48,48,48,48,48,RBM25,RBU25,1,1
RB,2025-05-09T21:00:00Z,20,48,31,48,31,31,RBM25,RBU25,1,1
RB,2025-05-12T21:00:00Z,20,48,45,48,45,45,RBM25,RBU25,1,1
RB,2025-05-13T21:00:00Z,20,48,42,48,42,42,RBM25,RBU25,1,1
RB,2025-05-14T21:00:00Z,20,48,45,48,45,45,RBM25,RBU25,1,1
RB,2025-05-15T21:00:00Z,20,48,45,48,45,45,RBM25,RBU25,1,1
RB,2025-05-16T21:00:00Z,20,48,48,48,48,48,RBM25,RBU25,1,1
RB,2025-05-19T21:00:00Z,20,48,36,48,36,36,RBM25,RBU25,1,1
RB,2025-05-20T21:00:00Z,20,48,33,48,33,33,RBM25,RBU25,1,1
RB,2025-05-21T21:00:00Z,20,48,45,48,45,45,RBM25,RBU25,1,1
RB,2025-05-22T21:00:00Z,20,48,48,48,48,48,RBM25,RBU25,1,1
RB,2025-05-23T21:00:00Z,20,48,45,48,45,45,RBM25,RBU25,1,1
RB,2025-05-27T21:00:00Z,20,48,48,48,48,48,RBM25,RBU25,1,1
RB,2025-05-28T21:00:00Z,20,48,31,48,31,31,RBM25,RBU25,1,1
RB,2025-05-29T21:00:00Z,20,48,48,48,48,48,RBM25,RBU25,1,1
RB,2025-05-30T21:00:00Z,20,48,48,48,48,48,RBM25,RBU25,1,1
RB,2025-06-02T21:00:00Z,19,45,28,45,28,28,RBN25,RBV25,1,1
RB,2025-06-03T21:00:00Z,19,45,42,45,42,42,RBN25,RBV25,1,1
RB,2025-06-04T21:00:00Z,19,45,39,45,39,39,RBN25,RBV25,1,1
RB,2025-06-05T21:00:00Z,19,45,33,45,33,33,RBN25,RBV25,1,1
RB,2025-06-06T21:00:00Z,19,45,42,45,42,42,RBN25,RBV25,1,1
RB,2025-06-09T21:00:00Z,19,45,42,45,42,42,RBN25,RBV25,1,1
RB,2025-06-10T21:00:00Z,19,45,42,45,42,42,RBN25,RBV25,1,1
RB,2025-06-11T21:00:00Z,19,45,45,45,45,45,RBN25,RBV25,1,1
RB,2025-06-12T21:00:00Z,19,45,45,45,45,45,RBN25,RBV25,1,1
RB,2025-06-13T21:00:00Z,19,45,45,45,45,45,RBN25,RBV25,1,1
RB,2025-06-16T21:00:00Z,19,45,45,45,45,45,RBN25,RBV25,1,1
RB,2025-06-17T21:00:00Z,19,45,42,45,42,42,RBN25,RBV25,1,1
RB,2025-06-18T21:00:00Z,19,45,45,45,45,45,RBN25,RBV25,1,1
RB,2025-06-20T21:00:00Z,19,45,42,45,42,42,RBN25,RBV25,1,1
RB,2025-06-23T21:00:00Z,19,45,45,45,45,45,RBN25,RBV25,1,1
RB,2025-06-24T21:00:00Z,19,45,45,45,45,45,RBN25,RBV25,1,1
RB,2025-06-25T21:00:00Z,19,45,42,45,42,42,RBN25,RBV25,1,1
RB,2025-06-26T21:00:00Z,19,45,42,45,42,42,RBN25,RBV25,1,1
RB,2025-06-27T21:00:00Z,19,45,45,45,45,45,RBN25,RBV25,1,1
RB,2025-06-30T21:00:00Z,19,45,36,45,36,36,RBN25,RBV25,1,1
RB,2025-07-01T21:00:00Z,18,42,42,42,42,42,RBQ25,RBX25,1,1
RB,2025-07-02T21:00:00Z,18,42,42,42,42,42,RBQ25,RBX25,1,1
RB,2025-07-03T21:00:00Z,18,42,36,42,36,36,RBQ25,RBX25,1,1
RB,2025-07-07T21:00:00Z,18,42,42,42,42,42,RBQ25,RBX25,1,1
RB,2025-07-08T21:00:00Z,18,42,42,42,42,42,RBQ25,RBX25,1,1
RB,2025-07-09T21:00:00Z,18,42,42,42,42,42,RBQ25,RBX25,1,1
RB,2025-07-10T21:00:00Z,18,42,35,42,35,35,RBQ25,RBX25,1,1
RB,2025-07-11T21:00:00Z,18,42,39,42,39,39,RBQ25,RBX25,1,1
RB,2025-07-14T21:00:00Z,18,42,42,42,42,42,RBQ25,RBX25,1,1
RB,2025-07-15T21:00:00Z,18,42,39,42,39,39,RBQ25,RBX25,1,1
RB,2025-07-16T21:00:00Z,18,42,42,42,42,42,RBQ25,RBX25,1,1
RB,2025-07-17T21:00:00Z,18,42,42,42,42,42,RBQ25,RBX25,1,1
RB,2025-07-18T21:00:00Z,18,42,42,42,42,42,RBQ25,RBX25,1,1
RB,2025-07-21T21:00:00Z,18,42,35,42,35,35,RBQ25,RBX25,1,1
RB,2025-07-22T21:00:00Z,18,42,42,42,42,42,RBQ25,RBX25,1,1
RB,2025-07-23T21:00:00Z,18,42,42,42,42,42,RBQ25,RBX25,1,1
RB,2025-07-24T21:00:00Z,18,42,30,42,30,30,RBQ25,RBX25,1,1
RB,2025-07-25T21:00:00Z,18,42,39,42,39,39,RBQ25,RBX25,1,1
RB,2025-07-28T21:00:00Z,18,42,42,42,42,42,RBQ25,RBX25,1,1
RB,2025-07-29T21:00:00Z,18,42,42,42,42,42,RBQ25,RBX25,1,1
RB,2025-07-30T21:00:00Z,18,42,42,42,42,42,RBQ25,RBX25,1,1
RB,2025-07-31T21:00:00Z,18,42,42,42,42,42,RBQ25,RBX25,1,1
RB,2025-08-01T21:00:00Z,17,39,39,39,39,39,RBU25,RBZ25,1,1
RB,2025-08-04T21:00:00Z,17,39,39,39,39,39,RBU25,RBZ25,1,1
RB,2025-08-05T21:00:00Z,17,39,39,39,39,39,RBU25,RBZ25,1,1
RB,2025-08-06T21:00:00Z,17,39,39,39,39,39,RBU25,RBZ25,1,1
RB,2025-08-07T21:00:00Z,17,39,39,39,39,39,RBU25,RBZ25,1,1
RB,2025-08-08T21:00:00Z,17,39,36,39,36,36,RBU25,RBZ25,1,1
RB,2025-08-11T21:00:00Z,17,39,39,39,39,39,RBU25,RBZ25,1,1
RB,2025-08-12T21:00:00Z,17,39,39,39,39,39,RBU25,RBZ25,1,1
RB,2025-08-13T21:00:00Z,17,39,39,39,39,39,RBU25,RBZ25,1,1
RB,2025-08-14T21:00:00Z,17,39,36,39,36,36,RBU25,RBZ25,1,1
RB,2025-08-15T21:00:00Z,17,39,36,39,36,36,RBU25,RBZ25,1,1
RB,2025-08-18T21:00:00Z,17,39,36,39,36,36,RBU25,RBZ25,1,1
RB,2025-08-19T21:00:00Z,17,39,36,39,36,36,RBU25,RBZ25,1,1
RB,2025-08-20T21:00:00Z,17,39,39,39,39,39,RBU25,RBZ25,1,1
RB,2025-08-21T21:00:00Z,17,39,36,39,36,36,RBU25,RBZ25,1,1
RB,2025-08-22T21:00:00Z,17,39,36,39,36,36,RBU25,RBZ25,1,1
RB,2025-08-25T21:00:00Z,17,39,36,39,36,36,RBU25,RBZ25,1,1
RB,2025-08-26T21:00:00Z,17,39,39,39,39,39,RBU25,RBZ25,1,1
RB,2025-08-27T21:00:00Z,17,39,36,39,36,36,RBU25,RBZ25,1,1
RB,2025-08-28T21:00:00Z,17,39,36,39,36,36,RBU25,RBZ25,1,1
RB,2025-08-29T21:00:00Z,17,39,36,39,36,36,RBU25,RBZ25,1,1
RB,2025-09-02T21:00:00Z,16,36,36,36,36,36,RBV25,RBF26,1,1
RB,2025-09-03T21:00:00Z,16,36,36,36,36,36,RBV25,RBF26,1,1
RB,2025-09-04T21:00:00Z,16,36,36,36,36,36,RBV25,RBF26,1,1
RB,2025-09-05T21:00:00Z,16,36,36,36,36,36,RBV25,RBF26,1,1
RB,2025-09-08T21:00:00Z,16,36,36,36,36,36,RBV25,RBF26,1,1
RB,2025-09-09T21:00:00Z,16,36,33,36,33,33,RBV25,RBF26,1,1
RB,2025-09-10T21:00:00Z,16,36,36,36,36,36,RBV25,RBF26,1,1
RB,2025-09-11T21:00:00Z,16,36,33,36,33,33,RBV25,RBF26,1,1
RB,2025-09-12T21:00:00Z,16,36,36,36,36,36,RBV25,RBF26,1,1
RB,2025-09-15T21:00:00Z,16,36,36,36,36,36,RBV25,RBF26,1,1
RB,2025-09-16T21:00:00Z,16,36,33,36,33,33,RBV25,RBF26,1,1
RB,2025-09-17T21:00:00Z,16,36,33,36,33,33,RBV25,RBF26,1,1
RB,2025-09-18T21:00:00Z,16,36,36,36,36,36,RBV25,RBF26,1,1
RB,2025-09-19T21:00:00Z,16,36,33,36,33,33,RBV25,RBF26,1,1
RB,2025-09-22T21:00:00Z,16,36,36,36,36,36,RBV25,RBF26,1,1
RB,2025-09-23T21:00:00Z,16,36,36,36,36,36,RBV25,RBF26,1,1
RB,2025-09-24T21:00:00Z,16,36,33,36,33,33,RBV25,RBF26,1,1
RB,2025-09-25T21:00:00Z,16,36,36,36,36,36,RBV25,RBF26,1,1
RB,2025-09-26T21:00:00Z,16,36,36,36,36,36,RBV25,RBF26,1,1
RB,2025-09-29T21:00:00Z,16,36,36,36,36,36,RBV25,RBF26,1,1
RB,2025-09-30T21:00:00Z,16,36,36,36,36,36,RBV25,RBF26,1,1
RB,2025-10-01T21:00:00Z,15,33,33,33,33,33,RBX25,RBG26,1,1
RB,2025-10-02T21:00:00Z,15,33,33,33,33,33,RBX25,RBG26,1,1
RB,2025-10-03T21:00:00Z,15,33,33,33,33,33,RBX25,RBG26,1,1
RB,2025-10-06T21:00:00Z,15,33,33,33,33,33,RBX25,RBG26,1,1
RB,2025-10-07T21:00:00Z,15,33,33,33,33,33,RBX25,RBG26,1,1
RB,2025-10-08T21:00:00Z,15,33,33,33,33,33,RBX25,RBG26,1,1
RB,2025-10-09T21:00:00Z,15,33,30,33,30,30,RBX25,RBG26,1,1
RB,2025-10-10T21:00:00Z,15,33,33,33,33,33,RBX25,RBG26,1,1
RB,2025-10-13T21:00:00Z,15,33,33,33,33,33,RBX25,RBG26,1,1
RB,2025-10-14T21:00:00Z,15,33,33,33,33,33,RBX25,RBG26,1,1
RB,2025-10-15T21:00:00Z,15,33,33,33,33,33,RBX25,RBG26,1,1
RB,2025-10-16T21:00:00Z,15,33,33,33,33,33,RBX25,RBG26,1,1
RB,2025-10-17T21:00:00Z,15,33,33,33,33,33,RBX25,RBG26,1,1
RB,2025-10-20T21:00:00Z,15,33,33,33,33,33,RBX25,RBG26,1,1
RB,2025-10-21T21:00:00Z,15,33,33,33,33,33,RBX25,RBG26,1,1
RB,2025-10-22T21:00:00Z,15,33,33,33,33,33,RBX25,RBG26,1,1
RB,2025-10-23T21:00:00Z,15,33,33,33,33,33,RBX25,RBG26,1,1
RB,2025-10-24T21:00:00Z,15,33,33,33,33,33,RBX25,RBG26,1,1
RB,2025-10-27T21:00:00Z,15,33,33,33,33,33,RBX25,RBG26,1,1
RB,2025-10-28T21:00:00Z,15,33,33,33,33,33,RBX25,RBG26,1,1
RB,2025-10-29T21:00:00Z,15,33,33,33,33,33,RBX25,RBG26,1,1
RB,2025-10-30T21:00:00Z,15,33,33,33,33,33,RBX25,RBG26,1,1
RB,2025-10-31T21:00:00Z,15,33,33,33,33,33,RBX25,RBG26,1,1
RB,2025-11-03T22:00:00Z,14,30,30,30,30,30,RBZ25,RBH26,1,1
RB,2025-11-04T22:00:00Z,14,30,30,30,30,30,RBZ25,RBH26,1,1
RB,2025-11-05T22:00:00Z,14,30,30,30,30,30,RBZ25,RBH26,1,1
RB,2025-11-06T22:00:00Z,14,30,30,30,30,30,RBZ25,RBH26,1,1
RB,2025-11-07T22:00:00Z,14,30,30,30,30,30,RBZ25,RBH26,1,1
RB,2025-11-10T22:00:00Z,14,30,30,30,30,30,RBZ25,RBH26,1,1
RB,2025-11-11T22:00:00Z,14,30,30,30,30,30,RBZ25,RBH26,1,1
RB,2025-11-12T22:00:00Z,14,30,30,30,30,30,RBZ25,RBH26,1,1
RB,2025-11-13T22:00:00Z,14,30,30,30,30,30,RBZ25,RBH26,1,1
RB,2025-11-14T22:00:00Z,14,30,30,30,30,30,RBZ25,RBH26,1,1
RB,2025-11-17T22:00:00Z,14,30,30,30,30,30,RBZ25,RBH26,1,1
RB,2025-11-18T22:00:00Z,14,30,30,30,30,30,RBZ25,RBH26,1,1
RB,2025-11-19T22:00:00Z,14,30,30,30,30,30,RBZ25,RBH26,1,1
RB,2025-11-20T22:00:00Z,14,30,30,30,30,30,RBZ25,RBH26,1,1
RB,2025-11-21T22:00:00Z,14,30,30,30,30,30,RBZ25,RBH26,1,1
RB,2025-11-24T22:00:00Z,14,30,30,30,30,30,RBZ25,RBH26,1,1
RB,2025-11-25T22:00:00Z,14,30,30,30,30,30,RBZ25,RBH26,1,1
RB,2025-11-26T22:00:00Z,14,30,30,30,30,30,RBZ25,RBH26,1,1
RB,2025-11-28T22:00:00Z,14,30,30,30,30,30,RBZ25,RBH26,1,1
RB,2025-12-01T22:00:00Z,13,27,27,27,27,27,RBF26,RBJ26,1,1
RB,2025-12-02T22:00:00Z,13,27,27,27,27,27,RBF26,RBJ26,1,1
RB,2025-12-03T22:00:00Z,13,27,27,27,27,27,RBF26,RBJ26,1,1
RB,2025-12-04T22:00:00Z,13,27,27,27,27,27,RBF26,RBJ26,1,1
RB,2025-12-05T22:00:00Z,13,27,27,27,27,27,RBF26,RBJ26,1,1
RB,2025-12-08T22:00:00Z,13,27,27,27,27,27,RBF26,RBJ26,1,1
RB,2025-12-09T22:00:00Z,13,27,27,27,27,27,RBF26,RBJ26,1,1
RB,2025-12-10T22:00:00Z,13,27,27,27,27,27,RBF26,RBJ26,1,1
RB,2025-12-11T22:00:00Z,13,27,27,27,27,27,RBF26,RBJ26,1,1
RB,2025-12-12T22:00:00Z,13,27,27,27,27,27,RBF26,RBJ26,1,1
RB,2025-12-15T22:00:00Z,13,27,27,27,27,27,RBF26,RBJ26,1,1
RB,2025-12-16T22:00:00Z,13,27,27,27,27,27,RBF26,RBJ26,1,1
RB,2025-12-17T22:00:00Z,13,27,27,27,27,27,RBF26,RBJ26,1,1
RB,2025-12-18T22:00:00Z,13,27,27,27,27,27,RBF26,RBJ26,1,1
RB,2025-12-19T22:00:00Z,13,27,27,27,27,27,RBF26,RBJ26,1,1
RB,2025-12-22T22:00:00Z,13,27,27,27,27,27,RBF26,RBJ26,1,1
RB,2025-12-23T22:00:00Z,13,27,27,27,27,27,RBF26,RBJ26,1,1
RB,2025-12-24T22:00:00Z,13,27,27,27,27,27,RBF26,RBJ26,1,1
RB,2025-12-26T22:00:00Z,13,27,27,27,27,27,RBF26,RBJ26,1,1
RB,2025-12-29T22:00:00Z,13,27,27,27,27,27,RBF26,RBJ26,1,1
RB,2025-12-30T22:00:00Z,13,27,27,27,27,27,RBF26,RBJ26,1,1
RB,2025-12-31T22:00:00Z,13,27,27,27,27,27,RBF26,RBJ26,1,1
HO,2025-01-02T22:00:00Z,24,59,42,59,42,42,HOG25,HOM25,1,1
HO,2025-01-03T22:00:00Z,24,59,38,59,38,38,HOG25,HOM25,1,1
HO,2025-01-06T22:00:00Z,24,59,59,59,59,59,HOG25,HOM25,1,1
HO,2025-01-07T22:00:00Z,24,59,51,59,51,51,HOG25,HOM25,1,1
HO,2025-01-08T22:00:00Z,24,59,42,59,42,42,HOG25,HOM25,1,1
HO,2025-01-09T22:00:00Z,24,59,41,59,41,41,HOG25,HOM25,1,1
HO,2025-01-10T22:00:00Z,24,59,55,59,55,55,HOG25,HOM25,1,1
HO,2025-01-13T22:00:00Z,24,59,50,59,50,50,HOG25,HOM25,1,1
HO,2025-01-14T22:00:00Z,24,59,52,59,52,52,HOG25,HOM25,1,1
HO,2025-01-15T22:00:00Z,24,59,59,59,59,59,HOG25,HOM25,1,1
HO,2025-01-16T22:00:00Z,24,59,44,59,44,44,HOG25,HOM25,1,1
HO,2025-01-17T22:00:00Z,18,38,38,38,38,38,HOG25,HOM25,1,1
HO,2025-01-21T22:00:00Z,24,59,47,59,47,47,HOG25,HOM25,1,1
HO,2025-01-22T22:00:00Z,24,59,42,59,42,42,HOG25,HOM25,1,1
HO,2025-01-23T22:00:00Z,24,59,53,59,53,53,HOG25,HOM25,1,1
HO,2025-01-24T22:00:00Z,24,59,38,59,38,38,HOG25,HOM25,1,1
HO,2025-01-27T22:00:00Z,24,59,50,59,50,50,HOG25,HOM25,1,1
HO,2025-01-28T22:00:00Z,24,59,42,59,42,42,HOG25,HOM25,1,1
HO,2025-01-29T22:00:00Z,24,59,59,59,59,59,HOG25,HOM25,1,1
HO,2025-01-30T22:00:00Z,24,59,44,59,44,44,HOG25,HOM25,1,1
HO,2025-01-31T22:00:00Z,24,59,38,59,38,38,HOG25,HOM25,1,1
HO,2025-02-03T22:00:00Z,23,57,40,57,40,40,HOH25,HOM25,1,1
HO,2025-02-04T22:00:00Z,23,57,57,57,57,57,HOH25,HOM25,1,1
HO,2025-02-05T22:00:00Z,23,57,54,57,54,54,HOH25,HOM25,1,1
HO,2025-02-06T22:00:00Z,23,57,51,57,51,51,HOH25,HOM25,1,1
HO,2025-02-07T22:00:00Z,23,57,36,57,36,36,HOH25,HOM25,1,1
HO,2025-02-10T22:00:00Z,23,57,36,57,36,36,HOH25,HOM25,1,1
HO,2025-02-11T22:00:00Z,23,57,45,57,45,45,HOH25,HOM25,1,1
HO,2025-02-12T22:00:00Z,23,57,57,57,57,57,HOH25,HOM25,1,1
HO,2025-02-13T22:00:00Z,23,57,36,57,36,36,HOH25,HOM25,1,1
HO,2025-02-14T22:00:00Z,23,57,49,57,49,49,HOH25,HOM25,1,1
HO,2025-02-18T22:00:00Z,23,57,36,57,36,36,HOH25,HOM25,1,1
HO,2025-02-19T22:00:00Z,23,57,57,57,57,57,HOH25,HOM25,1,1
HO,2025-02-20T22:00:00Z,23,57,50,57,50,50,HOH25,HOM25,1,1
HO,2025-02-21T22:00:00Z,23,57,42,57,42,42,HOH25,HOM25,1,1
HO,2025-02-24T22:00:00Z,23,57,51,57,51,51,HOH25,HOM25,1,1
HO,2025-02-25T22:00:00Z,23,57,57,57,57,57,HOH25,HOM25,1,1
HO,2025-02-26T22:00:00Z,23,57,54,57,54,54,HOH25,HOM25,1,1
HO,2025-02-27T22:00:00Z,23,57,57,57,57,57,HOH25,HOM25,1,1
HO,2025-02-28T22:00:00Z,23,57,57,57,57,57,HOH25,HOM25,1,1
HO,2025-03-03T22:00:00Z,22,54,54,54,54,54,HOJ25,HON25,1,1
HO,2025-03-04T22:00:00Z,22,54,54,54,54,54,HOJ25,HON25,1,1
HO,2025-03-05T22:00:00Z,22,54,54,54,54,54,HOJ25,HON25,1,1
HO,2025-03-06T22:00:00Z,22,54,54,54,54,54,HOJ25,HON25,1,1
HO,2025-03-07T22:00:00Z,22,54,54,54,54,54,HOJ25,HON25,1,1
HO,2025-03-10T21:00:00Z,22,54,54,54,54,54,HOJ25,HON25,1,1
HO,2025-03-11T21:00:00Z,22,54,50,54,50,50,HOJ25,HON25,1,1
HO,2025-03-12T21:00:00Z,22,54,54,54,54,54,HOJ25,HON25,1,1
HO,2025-03-13T21:00:00Z,22,54,54,54,54,54,HOJ25,HON25,1,1
HO,2025-03-14T21:00:00Z,22,54,54,54,54,54,HOJ25,HON25,1,1
HO,2025-03-17T21:00:00Z,22,54,48,54,48,48,HOJ25,HON25,1,1
HO,2025-03-18T21:00:00Z,22,54,42,54,42,42,HOJ25,HON25,1,1
HO,2025-03-19T21:00:00Z,22,54,51,54,51,51,HOJ25,HON25,1,1
HO,2025-03-20T21:00:00Z,22,54,54,54,54,54,HOJ25,HON25,1,1
HO,2025-03-21T21:00:00Z,22,54,51,54,51,51,HOJ25,HON25,1,1
HO,2025-03-24T21:00:00Z,22,54,54,54,54,54,HOJ25,HON25,1,1
HO,2025-03-25T21:00:00Z,22,54,54,54,54,54,HOJ25,HON25,1,1
HO,2025-03-26T21:00:00Z,22,54,54,54,54,54,HOJ25,HON25,1,1
HO,2025-03-27T21:00:00Z,22,54,54,54,54,54,HOJ25,HON25,1,1
HO,2025-03-28T21:00:00Z,22,54,45,54,45,45,HOJ25,HON25,1,1
HO,2025-03-31T21:00:00Z,22,54,54,54,54,54,HOJ25,HON25,1,1
HO,2025-04-01T21:00:00Z,21,51,51,51,51,51,HOK25,HOQ25,1,1
HO,2025-04-02T21:00:00Z,21,51,51,51,51,51,HOK25,HOQ25,1,1
HO,2025-04-03T21:00:00Z,21,51,51,51,51,51,HOK25,HOQ25,1,1
HO,2025-04-04T21:00:00Z,21,51,51,51,51,51,HOK25,HOQ25,1,1
HO,2025-04-07T21:00:00Z,21,51,51,51,51,51,HOK25,HOQ25,1,1
HO,2025-04-08T21:00:00Z,21,51,51,51,51,51,HOK25,HOQ25,1,1
HO,2025-04-09T21:00:00Z,21,51,51,51,51,51,HOK25,HOQ25,1,1
HO,2025-04-10T21:00:00Z,21,51,51,51,51,51,HOK25,HOQ25,1,1
HO,2025-04-11T21:00:00Z,21,51,51,51,51,51,HOK25,HOQ25,1,1
HO,2025-04-14T21:00:00Z,21,51,51,51,51,51,HOK25,HOQ25,1,1
HO,2025-04-15T21:00:00Z,21,51,51,51,51,51,HOK25,HOQ25,1,1
HO,2025-04-16T21:00:00Z,21,51,51,51,51,51,HOK25,HOQ25,1,1
HO,2025-04-17T21:00:00Z,21,51,51,51,51,51,HOK25,HOQ25,1,1
HO,2025-04-21T21:00:00Z,21,51,51,51,51,51,HOK25,HOQ25,1,1
HO,2025-04-22T21:00:00Z,21,51,48,51,48,48,HOK25,HOQ25,1,1
HO,2025-04-23T21:00:00Z,21,51,51,51,51,51,HOK25,HOQ25,1,1
HO,2025-04-24T21:00:00Z,21,51,48,51,48,48,HOK25,HOQ25,1,1
HO,2025-04-25T21:00:00Z,21,51,51,51,51,51,HOK25,HOQ25,1,1
HO,2025-04-28T21:00:00Z,21,51,51,51,51,51,HOK25,HOQ25,1,1
HO,2025-04-29T21:00:00Z,21,51,51,51,51,51,HOK25,HOQ25,1,1
HO,2025-04-30T21:00:00Z,21,51,48,51,48,48,HOK25,HOQ25,1,1
HO,2025-05-01T21:00:00Z,20,48,48,48,48,48,HOM25,HOU25,1,1
HO,2025-05-02T21:00:00Z,20,48,48,48,48,48,HOM25,HOU25,1,1
HO,2025-05-05T21:00:00Z,20,48,48,48,48,48,HOM25,HOU25,1,1
HO,2025-05-06T21:00:00Z,20,48,48,48,48,48,HOM25,HOU25,1,1
HO,2025-05-07T21:00:00Z,20,48,48,48,48,48,HOM25,HOU25,1,1
HO,2025-05-08T21:00:00Z,20,48,48,48,48,48,HOM25,HOU25,1,1
HO,2025-05-09T21:00:00Z,20,48,45,48,45,45,HOM25,HOU25,1,1
HO,2025-05-12T21:00:00Z,20,48,48,48,48,48,HOM25,HOU25,1,1
HO,2025-05-13T21:00:00Z,20,48,48,48,48,48,HOM25,HOU25,1,1
HO,2025-05-14T21:00:00Z,20,48,48,48,48,48,HOM25,HOU25,1,1
HO,2025-05-15T21:00:00Z,20,48,48,48,48,48,HOM25,HOU25,1,1
HO,2025-05-16T21:00:00Z,20,48,48,48,48,48,HOM25,HOU25,1,1
HO,2025-05-19T21:00:00Z,20,48,48,48,48,48,HOM25,HOU25,1,1
HO,2025-05-20T21:00:00Z,20,48,48,48,48,48,HOM25,HOU25,1,1
HO,2025-05-21T21:00:00Z,20,48,48,48,48,48,HOM25,HOU25,1,1
HO,2025-05-22T21:00:00Z,20,48,48,48,48,48,HOM25,HOU25,1,1
HO,2025-05-23T21:00:00Z,20,48,48,48,48,48,HOM25,HOU25,1,1
HO,2025-05-27T21:00:00Z,20,48,48,48,48,48,HOM25,HOU25,1,1
HO,2025-05-28T21:00:00Z,20,48,48,48,48,48,HOM25,HOU25,1,1
HO,2025-05-29T21:00:00Z,20,48,48,48,48,48,HOM25,HOU25,1,1
HO,2025-05-30T21:00:00Z,20,48,48,48,48,48,HOM25,HOU25,1,1
HO,2025-06-02T21:00:00Z,19,45,42,45,42,42,HON25,HOV25,1,1
HO,2025-06-03T21:00:00Z,19,45,45,45,45,45,HON25,HOV25,1,1
HO,2025-06-04T21:00:00Z,19,45,45,45,45,45,HON25,HOV25,1,1
HO,2025-06-05T21:00:00Z,19,45,45,45,45,45,HON25,HOV25,1,1
HO,2025-06-06T21:00:00Z,19,45,42,45,42,42,HON25,HOV25,1,1
HO,2025-06-09T21:00:00Z,19,45,42,45,42,42,HON25,HOV25,1,1
HO,2025-06-10T21:00:00Z,19,45,45,45,45,45,HON25,HOV25,1,1
HO,2025-06-11T21:00:00Z,19,45,45,45,45,45,HON25,HOV25,1,1
HO,2025-06-12T21:00:00Z,19,45,45,45,45,45,HON25,HOV25,1,1
HO,2025-06-13T21:00:00Z,19,45,45,45,45,45,HON25,HOV25,1,1
HO,2025-06-16T21:00:00Z,19,45,45,45,45,45,HON25,HOV25,1,1
HO,2025-06-17T21:00:00Z,19,45,45,45,45,45,HON25,HOV25,1,1
HO,2025-06-18T21:00:00Z,19,45,45,45,45,45,HON25,HOV25,1,1
HO,2025-06-20T21:00:00Z,19,45,45,45,45,45,HON25,HOV25,1,1
HO,2025-06-23T21:00:00Z,19,45,45,45,45,45,HON25,HOV25,1,1
HO,2025-06-24T21:00:00Z,19,45,45,45,45,45,HON25,HOV25,1,1
HO,2025-06-25T21:00:00Z,19,45,45,45,45,45,HON25,HOV25,1,1
HO,2025-06-26T21:00:00Z,19,45,45,45,45,45,HON25,HOV25,1,1
HO,2025-06-27T21:00:00Z,19,45,45,45,45,45,HON25,HOV25,1,1
HO,2025-06-30T21:00:00Z,19,45,45,45,45,45,HON25,HOV25,1,1
HO,2025-07-01T21:00:00Z,18,42,42,42,42,42,HOQ25,HOX25,1,1
HO,2025-07-02T21:00:00Z,18,42,42,42,42,42,HOQ25,HOX25,1,1
HO,2025-07-03T21:00:00Z,18,42,42,42,42,42,HOQ25,HOX25,1,1
HO,2025-07-07T21:00:00Z,18,42,42,42,42,42,HOQ25,HOX25,1,1
HO,2025-07-08T21:00:00Z,18,42,42,42,42,42,HOQ25,HOX25,1,1
HO,2025-07-09T21:00:00Z,18,42,42,42,42,42,HOQ25,HOX25,1,1
HO,2025-07-10T21:00:00Z,18,42,42,42,42,42,HOQ25,HOX25,1,1
HO,2025-07-11T21:00:00Z,18,42,39,42,39,39,HOQ25,HOX25,1,1
HO,2025-07-14T21:00:00Z,18,42,42,42,42,42,HOQ25,HOX25,1,1
HO,2025-07-15T21:00:00Z,18,42,42,42,42,42,HOQ25,HOX25,1,1
HO,2025-07-16T21:00:00Z,18,42,42,42,42,42,HOQ25,HOX25,1,1
HO,2025-07-17T21:00:00Z,18,42,42,42,42,42,HOQ25,HOX25,1,1
HO,2025-07-18T21:00:00Z,18,42,42,42,42,42,HOQ25,HOX25,1,1
HO,2025-07-21T21:00:00Z,18,42,42,42,42,42,HOQ25,HOX25,1,1
HO,2025-07-22T21:00:00Z,18,42,42,42,42,42,HOQ25,HOX25,1,1
HO,2025-07-23T21:00:00Z,18,42,42,42,42,42,HOQ25,HOX25,1,1
HO,2025-07-24T21:00:00Z,18,42,42,42,42,42,HOQ25,HOX25,1,1
HO,2025-07-25T21:00:00Z,18,42,42,42,42,42,HOQ25,HOX25,1,1
HO,2025-07-28T21:00:00Z,18,42,42,42,42,42,HOQ25,HOX25,1,1
HO,2025-07-29T21:00:00Z,18,42,42,42,42,42,HOQ25,HOX25,1,1
HO,2025-07-30T21:00:00Z,18,42,42,42,42,42,HOQ25,HOX25,1,1
HO,2025-07-31T21:00:00Z,18,42,42,42,42,42,HOQ25,HOX25,1,1
HO,2025-08-01T21:00:00Z,17,39,39,39,39,39,HOU25,HOZ25,1,1
HO,2025-08-04T21:00:00Z,17,39,39,39,39,39,HOU25,HOZ25,1,1
HO,2025-08-05T21:00:00Z,17,39,39,39,39,39,HOU25,HOZ25,1,1
HO,2025-08-06T21:00:00Z,17,39,39,39,39,39,HOU25,HOZ25,1,1
HO,2025-08-07T21:00:00Z,17,39,39,39,39,39,HOU25,HOZ25,1,1
HO,2025-08-08T21:00:00Z,17,39,39,39,39,39,HOU25,HOZ25,1,1
HO,2025-08-11T21:00:00Z,17,39,39,39,39,39,HOU25,HOZ25,1,1
HO,2025-08-12T21:00:00Z,17,39,39,39,39,39,HOU25,HOZ25,1,1
HO,2025-08-13T21:00:00Z,17,39,39,39,39,39,HOU25,HOZ25,1,1
HO,2025-08-14T21:00:00Z,17,39,39,39,39,39,HOU25,HOZ25,1,1
HO,2025-08-15T21:00:00Z,17,39,39,39,39,39,HOU25,HOZ25,1,1
HO,2025-08-18T21:00:00Z,17,39,39,39,39,39,HOU25,HOZ25,1,1
HO,2025-08-19T21:00:00Z,17,39,39,39,39,39,HOU25,HOZ25,1,1
HO,2025-08-20T21:00:00Z,17,39,39,39,39,39,HOU25,HOZ25,1,1
HO,2025-08-21T21:00:00Z,17,39,39,39,39,39,HOU25,HOZ25,1,1
HO,2025-08-22T21:00:00Z,17,39,39,39,39,39,HOU25,HOZ25,1,1
HO,2025-08-25T21:00:00Z,17,39,39,39,39,39,HOU25,HOZ25,1,1
HO,2025-08-26T21:00:00Z,17,39,39,39,39,39,HOU25,HOZ25,1,1
HO,2025-08-27T21:00:00Z,17,39,39,39,39,39,HOU25,HOZ25,1,1
HO,2025-08-28T21:00:00Z,17,39,39,39,39,39,HOU25,HOZ25,1,1
HO,2025-08-29T21:00:00Z,17,39,39,39,39,39,HOU25,HOZ25,1,1
HO,2025-09-02T21:00:00Z,16,36,36,36,36,36,HOV25,HOF26,1,1
HO,2025-09-03T21:00:00Z,16,36,36,36,36,36,HOV25,HOF26,1,1
HO,2025-09-04T21:00:00Z,16,36,36,36,36,36,HOV25,HOF26,1,1
HO,2025-09-05T21:00:00Z,16,36,36,36,36,36,HOV25,HOF26,1,1
HO,2025-09-08T21:00:00Z,16,36,36,36,36,36,HOV25,HOF26,1,1
HO,2025-09-09T21:00:00Z,16,36,36,36,36,36,HOV25,HOF26,1,1
HO,2025-09-10T21:00:00Z,16,36,36,36,36,36,HOV25,HOF26,1,1
HO,2025-09-11T21:00:00Z,16,36,36,36,36,36,HOV25,HOF26,1,1
HO,2025-09-12T21:00:00Z,16,36,36,36,36,36,HOV25,HOF26,1,1
HO,2025-09-15T21:00:00Z,16,36,36,36,36,36,HOV25,HOF26,1,1
HO,2025-09-16T21:00:00Z,16,36,36,36,36,36,HOV25,HOF26,1,1
HO,2025-09-17T21:00:00Z,16,36,36,36,36,36,HOV25,HOF26,1,1
HO,2025-09-18T21:00:00Z,16,36,36,36,36,36,HOV25,HOF26,1,1
HO,2025-09-19T21:00:00Z,16,36,36,36,36,36,HOV25,HOF26,1,1
HO,2025-09-22T21:00:00Z,16,36,36,36,36,36,HOV25,HOF26,1,1
HO,2025-09-23T21:00:00Z,16,36,36,36,36,36,HOV25,HOF26,1,1
HO,2025-09-24T21:00:00Z,16,36,36,36,36,36,HOV25,HOF26,1,1
HO,2025-09-25T21:00:00Z,16,36,36,36,36,36,HOV25,HOF26,1,1
HO,2025-09-26T21:00:00Z,16,36,36,36,36,36,HOV25,HOF26,1,1
HO,2025-09-29T21:00:00Z,16,36,36,36,36,36,HOV25,HOF26,1,1
HO,2025-09-30T21:00:00Z,16,36,36,36,36,36,HOV25,HOF26,1,1
HO,2025-10-01T21:00:00Z,15,33,33,33,33,33,HOX25,HOG26,1,1
HO,2025-10-02T21:00:00Z,15,33,33,33,33,33,HOX25,HOG26,1,1
HO,2025-10-03T21:00:00Z,15,33,33,33,33,33,HOX25,HOG26,1,1
HO,2025-10-06T21:00:00Z,15,33,33,33,33,33,HOX25,HOG26,1,1
HO,2025-10-07T21:00:00Z,15,33,33,33,33,33,HOX25,HOG26,1,1
HO,2025-10-08T21:00:00Z,15,33,33,33,33,33,HOX25,HOG26,1,1
HO,2025-10-09T21:00:00Z,15,33,33,33,33,33,HOX25,HOG26,1,1
HO,2025-10-10T21:00:00Z,15,33,33,33,33,33,HOX25,HOG26,1,1
HO,2025-10-13T21:00:00Z,15,33,33,33,33,33,HOX25,HOG26,1,1
HO,2025-10-14T21:00:00Z,15,33,33,33,33,33,HOX25,HOG26,1,1
HO,2025-10-15T21:00:00Z,15,33,33,33,33,33,HOX25,HOG26,1,1
HO,2025-10-16T21:00:00Z,15,33,33,33,33,33,HOX25,HOG26,1,1
HO,2025-10-17T21:00:00Z,15,33,33,33,33,33,HOX25,HOG26,1,1
HO,2025-10-20T21:00:00Z,15,33,33,33,33,33,HOX25,HOG26,1,1
HO,2025-10-21T21:00:00Z,15,33,33,33,33,33,HOX25,HOG26,1,1
HO,2025-10-22T21:00:00Z,15,33,33,33,33,33,HOX25,HOG26,1,1
HO,2025-10-23T21:00:00Z,15,33,33,33,33,33,HOX25,HOG26,1,1
HO,2025-10-24T21:00:00Z,15,33,33,33,33,33,HOX25,HOG26,1,1
HO,2025-10-27T21:00:00Z,15,33,33,33,33,33,HOX25,HOG26,1,1
HO,2025-10-28T21:00:00Z,15,33,33,33,33,33,HOX25,HOG26,1,1
HO,2025-10-29T21:00:00Z,15,33,33,33,33,33,HOX25,HOG26,1,1
HO,2025-10-30T21:00:00Z,15,33,33,33,33,33,HOX25,HOG26,1,1
HO,2025-10-31T21:00:00Z,15,33,33,33,33,33,HOX25,HOG26,1,1
HO,2025-11-03T22:00:00Z,14,30,30,30,30,30,HOZ25,HOH26,1,1
HO,2025-11-04T22:00:00Z,14,30,30,30,30,30,HOZ25,HOH26,1,1
HO,2025-11-05T22:00:00Z,14,30,30,30,30,30,HOZ25,HOH26,1,1
HO,2025-11-06T22:00:00Z,14,30,30,30,30,30,HOZ25,HOH26,1,1
HO,2025-11-07T22:00:00Z,14,30,30,30,30,30,HOZ25,HOH26,1,1
HO,2025-11-10T22:00:00Z,14,30,30,30,30,30,HOZ25,HOH26,1,1
HO,2025-11-11T22:00:00Z,14,30,30,30,30,30,HOZ25,HOH26,1,1
HO,2025-11-12T22:00:00Z,14,30,30,30,30,30,HOZ25,HOH26,1,1
HO,2025-11-13T22:00:00Z,14,30,30,30,30,30,HOZ25,HOH26,1,1
HO,2025-11-14T22:00:00Z,14,30,30,30,30,30,HOZ25,HOH26,1,1
HO,2025-11-17T22:00:00Z,14,30,30,30,30,30,HOZ25,HOH26,1,1
HO,2025-11-18T22:00:00Z,14,30,30,30,30,30,HOZ25,HOH26,1,1
HO,2025-11-19T22:00:00Z,14,30,30,30,30,30,HOZ25,HOH26,1,1
HO,2025-11-20T22:00:00Z,14,30,30,30,30,30,HOZ25,HOH26,1,1
HO,2025-11-21T22:00:00Z,14,30,30,30,30,30,HOZ25,HOH26,1,1
HO,2025-11-24T22:00:00Z,14,30,30,30,30,30,HOZ25,HOH26,1,1
HO,2025-11-25T22:00:00Z,14,30,30,30,30,30,HOZ25,HOH26,1,1
HO,2025-11-26T22:00:00Z,14,30,30,30,30,30,HOZ25,HOH26,1,1
HO,2025-11-28T22:00:00Z,14,30,30,30,30,30,HOZ25,HOH26,1,1
HO,2025-12-01T22:00:00Z,13,27,27,27,27,27,HOF26,HOJ26,1,1
HO,2025-12-02T22:00:00Z,13,27,27,27,27,27,HOF26,HOJ26,1,1
HO,2025-12-03T22:00:00Z,13,27,27,27,27,27,HOF26,HOJ26,1,1
HO,2025-12-04T22:00:00Z,13,27,27,27,27,27,HOF26,HOJ26,1,1
HO,2025-12-05T22:00:00Z,13,27,27,27,27,27,HOF26,HOJ26,1,1
HO,2025-12-08T22:00:00Z,13,27,27,27,27,27,HOF26,HOJ26,1,1
HO,2025-12-09T22:00:00Z,13,27,27,27,27,27,HOF26,HOJ26,1,1
HO,2025-12-10T22:00:00Z,13,27,27,27,27,27,HOF26,HOJ26,1,1
HO,2025-12-11T22:00:00Z,13,27,27,27,27,27,HOF26,HOJ26,1,1
HO,2025-12-12T22:00:00Z,13,27,27,27,27,27,HOF26,HOJ26,1,1
HO,2025-12-15T22:00:00Z,13,27,27,27,27,27,HOF26,HOJ26,1,1
HO,2025-12-16T22:00:00Z,13,27,27,27,27,27,HOF26,HOJ26,1,1
HO,2025-12-17T22:00:00Z,13,27,27,27,27,27,HOF26,HOJ26,1,1
HO,2025-12-18T22:00:00Z,13,27,27,27,27,27,HOF26,HOJ26,1,1
HO,2025-12-19T22:00:00Z,13,27,27,27,27,27,HOF26,HOJ26,1,1
HO,2025-12-22T22:00:00Z,13,27,27,27,27,27,HOF26,HOJ26,1,1
HO,2025-12-23T22:00:00Z,13,27,27,27,27,27,HOF26,HOJ26,1,1
HO,2025-12-24T22:00:00Z,13,27,27,27,27,27,HOF26,HOJ26,1,1
HO,2025-12-26T22:00:00Z,13,27,27,27,27,27,HOF26,HOJ26,1,1
HO,2025-12-29T22:00:00Z,13,27,27,27,27,27,HOF26,HOJ26,1,1
HO,2025-12-30T22:00:00Z,13,27,27,27,27,27,HOF26,HOJ26,1,1
HO,2025-12-31T22:00:00Z,13,27,27,27,27,27,HOF26,HOJ26,1,1
HG,2025-01-02T22:00:00Z,23,53,25,45,25,25,HGF25,HGK25,1,1
HG,2025-01-03T22:00:00Z,24,59,25,49,25,25,HGF25,HGK25,1,1
HG,2025-01-06T22:00:00Z,24,59,41,49,41,41,HGF25,HGK25,1,1
HG,2025-01-07T22:00:00Z,24,59,30,49,30,30,HGF25,HGK25,1,1
HG,2025-01-08T22:00:00Z,24,59,26,49,26,26,HGF25,HGK25,1,1
HG,2025-01-09T22:00:00Z,23,56,31,49,31,31,HGF25,HGK25,1,1
HG,2025-01-10T22:00:00Z,24,59,37,49,37,37,HGF25,HGK25,1,1
HG,2025-01-13T22:00:00Z,24,59,31,49,31,31,HGF25,HGK25,1,1
HG,2025-01-14T22:00:00Z,24,59,37,49,37,37,HGF25,HGK25,1,1
HG,2025-01-15T22:00:00Z,24,59,31,49,31,31,HGF25,HGK25,1,1
HG,2025-01-16T22:00:00Z,24,59,24,49,24,24,HGF25,HGK25,1,1
HG,2025-01-17T22:00:00Z,24,59,32,49,32,32,HGF25,HGK25,1,1
HG,2025-01-21T22:00:00Z,24,59,47,49,47,47,HGF25,HGK25,1,1
HG,2025-01-22T22:00:00Z,24,59,30,49,30,30,HGF25,HGK25,1,1
HG,2025-01-23T22:00:00Z,24,59,30,49,30,30,HGF25,HGK25,1,1
HG,2025-01-24T22:00:00Z,24,59,40,49,40,40,HGF25,HGK25,1,1
HG,2025-01-27T22:00:00Z,24,59,49,49,49,49,HGF25,HGK25,1,1
HG,2025-01-28T22:00:00Z,24,59,37,49,37,37,HGF25,HGK25,1,1
HG,2025-01-29T22:00:00Z,24,59,40,49,40,40,HGF25,HGK25,1,1
HG,2025-01-30T22:00:00Z,23,57,32,47,32,32,HGG25,HGK25,1,1
HG,2025-01-31T22:00:00Z,23,57,35,47,35,35,HGG25,HGK25,1,1
HG,2025-02-03T22:00:00Z,23,57,28,47,28,28,HGG25,HGK25,1,1
HG,2025-02-04T22:00:00Z,23,57,35,47,35,35,HGG25,HGK25,1,1
HG,2025-02-05T22:00:00Z,23,57,38,47,38,38,HGG25,HGK25,1,1
HG,2025-02-06T22:00:00Z,23,57,35,47,35,35,HGG25,HGK25,1,1
HG,2025-02-07T22:00:00Z,23,57,38,47,38,38,HGG25,HGK25,1,1
HG,2025-02-10T22:00:00Z,23,57,38,47,38,38,HGG25,HGK25,1,1
HG,2025-02-11T22:00:00Z,23,57,42,47,42,42,HGG25,HGK25,1,1
HG,2025-02-12T22:00:00Z,23,57,42,47,42,42,HGG25,HGK25,1,1
HG,2025-02-13T22:00:00Z,23,57,51,51,51,51,HGG25,HGK25,1,1
HG,2025-02-14T22:00:00Z,23,57,42,51,42,42,HGG25,HGK25,1,1
HG,2025-02-18T22:00:00Z,23,57,44,54,44,44,HGG25,HGK25,1,1
HG,2025-02-19T22:00:00Z,23,57,34,54,34,34,HGG25,HGK25,1,1
HG,2025-02-20T22:00:00Z,23,57,31,54,31,31,HGG25,HGK25,1,1
HG,2025-02-21T22:00:00Z,23,57,32,54,32,32,HGG25,HGK25,1,1
HG,2025-02-24T22:00:00Z,23,57,28,54,28,28,HGG25,HGK25,1,1
HG,2025-02-25T22:00:00Z,23,57,42,54,42,42,HGG25,HGK25,1,1
HG,2025-02-26T22:00:00Z,23,57,54,54,54,54,HGG25,HGK25,1,1
HG,2025-02-27T22:00:00Z,22,54,32,51,32,32,HGH25,HGM25,1,1
HG,2025-02-28T22:00:00Z,22,54,34,51,34,34,HGH25,HGM25,1,1
HG,2025-03-03T22:00:00Z,22,54,39,51,39,39,HGH25,HGM25,1,1
HG,2025-03-04T22:00:00Z,22,54,29,51,29,29,HGH25,HGM25,1,1
HG,2025-03-05T22:00:00Z,22,54,44,51,44,44,HGH25,HGM25,1,1
HG,2025-03-06T22:00:00Z,22,54,46,54,46,46,HGH25,HGM25,1,1
HG,2025-03-07T22:00:00Z,22,54,34,54,34,34,HGH25,HGM25,1,1
HG,2025-03-10T21:00:00Z,22,54,34,54,34,34,HGH25,HGM25,1,1
HG,2025-03-11T21:00:00Z,22,54,29,54,29,29,HGH25,HGM25,1,1
HG,2025-03-12T21:00:00Z,22,54,45,54,45,45,HGH25,HGM25,1,1
HG,2025-03-13T21:00:00Z,22,54,28,54,28,28,HGH25,HGM25,1,1
HG,2025-03-14T21:00:00Z,22,54,31,54,31,31,HGH25,HGM25,1,1
HG,2025-03-17T21:00:00Z,22,54,34,54,34,34,HGH25,HGM25,1,1
HG,2025-03-18T21:00:00Z,22,54,39,54,39,39,HGH25,HGM25,1,1
HG,2025-03-19T21:00:00Z,22,54,44,54,44,44,HGH25,HGM25,1,1
HG,2025-03-20T21:00:00Z,22,54,39,54,39,39,HGH25,HGM25,1,1
HG,2025-03-21T21:00:00Z,21,48,34,48,34,34,HGH25,HGM25,1,1
HG,2025-03-24T21:00:00Z,22,54,34,54,34,34,HGH25,HGM25,1,1
HG,2025-03-25T21:00:00Z,22,54,39,54,39,39,HGH25,HGM25,1,1
HG,2025-03-26T21:00:00Z,22,54,54,54,54,54,HGH25,HGM25,1,1
HG,2025-03-27T21:00:00Z,22,54,39,54,39,39,HGH25,HGM25,1,1
HG,2025-03-28T21:00:00Z,21,51,31,51,31,31,HGJ25,HGN25,1,1
HG,2025-03-31T21:00:00Z,21,51,42,51,42,42,HGJ25,HGN25,1,1
HG,2025-04-01T21:00:00Z,21,51,38,51,38,38,HGJ25,HGN25,1,1
HG,2025-04-02T21:00:00Z,21,51,33,51,33,33,HGJ25,HGN25,1,1
HG,2025-04-03T21:00:00Z,21,51,31,51,31,31,HGJ25,HGN25,1,1
HG,2025-04-04T21:00:00Z,21,51,51,51,51,51,HGJ25,HGN25,1,1
HG,2025-04-07T21:00:00Z,21,51,41,51,41,41,HGJ25,HGN25,1,1
HG,2025-04-08T21:00:00Z,21,51,36,51,36,36,HGJ25,HGN25,1,1
HG,2025-04-09T21:00:00Z,21,51,45,51,45,45,HGJ25,HGN25,1,1
HG,2025-04-10T21:00:00Z,21,51,41,51,41,41,HGJ25,HGN25,1,1
HG,2025-04-11T21:00:00Z,21,51,36,51,36,36,HGJ25,HGN25,1,1
HG,2025-04-14T21:00:00Z,21,51,40,51,40,40,HGJ25,HGN25,1,1
HG,2025-04-15T21:00:00Z,21,51,41,51,41,41,HGJ25,HGN25,1,1
HG,2025-04-16T21:00:00Z,21,51,31,51,31,31,HGJ25,HGN25,1,1
HG,2025-04-17T21:00:00Z,21,51,36,51,36,36,HGJ25,HGN25,1,1
HG,2025-04-21T21:00:00Z,21,51,45,51,45,45,HGJ25,HGN25,1,1
HG,2025-04-22T21:00:00Z,21,51,36,51,36,36,HGJ25,HGN25,1,1
HG,2025-04-23T21:00:00Z,21,51,39,51,39,39,HGJ25,HGN25,1,1
HG,2025-04-24T21:00:00Z,21,51,36,51,36,36,HGJ25,HGN25,1,1
HG,2025-04-25T21:00:00Z,21,51,45,51,45,45,HGJ25,HGN25,1,1
HG,2025-04-28T21:00:00Z,21,51,36,51,36,36,HGJ25,HGN25,1,1
HG,2025-04-29T21:00:00Z,20,48,28,48,28,28,HGK25,HGQ25,1,1
HG,2025-04-30T21:00:00Z,20,48,33,48,33,33,HGK25,HGQ25,1,1
HG,2025-05-01T21:00:00Z,20,48,36,48,36,36,HGK25,HGQ25,1,1
HG,2025-05-02T21:00:00Z,20,48,43,48,43,43,HGK25,HGQ25,1,1
HG,2025-05-05T21:00:00Z,20,48,15,48,15,15,HGK25,HGQ25,1,1
HG,2025-05-06T21:00:00Z,20,48,28,48,28,28,HGK25,HGQ25,1,1
HG,2025-05-07T21:00:00Z,20,48,28,48,28,28,HGK25,HGQ25,1,1
HG,2025-05-08T21:00:00Z,20,48,33,48,33,33,HGK25,HGQ25,1,1
HG,2025-05-09T21:00:00Z,20,48,42,48,42,42,HGK25,HGQ25,1,1
HG,2025-05-12T21:00:00Z,20,48,33,48,33,33,HGK25,HGQ25,1,1
HG,2025-05-13T21:00:00Z,20,48,23,48,23,23,HGK25,HGQ25,1,1
HG,2025-05-14T21:00:00Z,20,48,27,48,27,27,HGK25,HGQ25,1,1
HG,2025-05-15T21:00:00Z,20,48,38,48,38,38,HGK25,HGQ25,1,1
HG,2025-05-16T21:00:00Z,20,48,33,48,33,33,HGK25,HGQ25,1,1
HG,2025-05-19T21:00:00Z,20,48,42,48,42,42,HGK25,HGQ25,1,1
HG,2025-05-20T21:00:00Z,20,48,23,48,23,23,HGK25,HGQ25,1,1
HG,2025-05-21T21:00:00Z,20,48,41,48,41,41,HGK25,HGQ25,1,1
HG,2025-05-22T21:00:00Z,20,48,40,48,40,40,HGK25,HGQ25,1,1
HG,2025-05-23T21:00:00Z,20,48,38,48,38,38,HGK25,HGQ25,1,1
HG,2025-05-27T21:00:00Z,20,48,33,48,33,33,HGK25,HGQ25,1,1
HG,2025-05-28T21:00:00Z,20,48,36,48,36,36,HGK25,HGQ25,1,1
HG,2025-05-29T21:00:00Z,19,45,45,45,45,45,HGM25,HGU25,1,1
HG,2025-05-30T21:00:00Z,19,45,32,45,32,32,HGM25,HGU25,1,1
HG,2025-06-02T21:00:00Z,19,45,30,45,30,30,HGM25,HGU25,1,1
HG,2025-06-03T21:00:00Z,19,45,24,45,24,24,HGM25,HGU25,1,1
HG,2025-06-04T21:00:00Z,19,45,24,45,24,24,HGM25,HGU25,1,1
HG,2025-06-05T21:00:00Z,19,45,35,45,35,35,HGM25,HGU25,1,1
HG,2025-06-06T21:00:00Z,19,45,30,45,30,30,HGM25,HGU25,1,1
HG,2025-06-09T21:00:00Z,19,45,25,45,25,25,HGM25,HGU25,1,1
HG,2025-06-10T21:00:00Z,19,45,30,45,30,30,HGM25,HGU25,1,1
HG,2025-06-11T21:00:00Z,19,45,35,45,35,35,HGM25,HGU25,1,1
HG,2025-06-12T21:00:00Z,19,45,30,45,30,30,HGM25,HGU25,1,1
HG,2025-06-13T21:00:00Z,19,45,30,45,30,30,HGM25,HGU25,1,1
HG,2025-06-16T21:00:00Z,19,45,25,45,25,25,HGM25,HGU25,1,1
HG,2025-06-17T21:00:00Z,19,45,30,45,30,30,HGM25,HGU25,1,1
HG,2025-06-18T21:00:00Z,19,45,30,45,30,30,HGM25,HGU25,1,1
HG,2025-06-20T21:00:00Z,19,45,35,45,35,35,HGM25,HGU25,1,1
HG,2025-06-23T21:00:00Z,19,45,25,45,25,25,HGM25,HGU25,1,1
HG,2025-06-24T21:00:00Z,19,45,30,45,30,30,HGM25,HGU25,1,1
HG,2025-06-25T21:00:00Z,19,45,25,45,25,25,HGM25,HGU25,1,1
HG,2025-06-26T21:00:00Z,19,45,30,45,30,30,HGM25,HGU25,1,1
HG,2025-06-27T21:00:00Z,18,42,36,42,36,36,HGN25,HGV25,1,1
HG,2025-06-30T21:00:00Z,18,42,27,42,27,27,HGN25,HGV25,1,1
HG,2025-07-01T21:00:00Z,18,42,42,42,42,42,HGN25,HGV25,1,1
HG,2025-07-02T21:00:00Z,18,42,27,42,27,27,HGN25,HGV25,1,1
HG,2025-07-03T21:00:00Z,18,42,32,42,32,32,HGN25,HGV25,1,1
HG,2025-07-07T21:00:00Z,18,42,22,42,22,22,HGN25,HGV25,1,1
HG,2025-07-08T21:00:00Z,18,42,39,42,39,39,HGN25,HGV25,1,1
HG,2025-07-09T21:00:00Z,18,42,35,42,35,35,HGN25,HGV25,1,1
HG,2025-07-10T21:00:00Z,18,42,25,42,25,25,HGN25,HGV25,1,1
HG,2025-07-11T21:00:00Z,18,42,27,42,27,27,HGN25,HGV25,1,1
HG,2025-07-14T21:00:00Z,18,42,36,42,36,36,HGN25,HGV25,1,1
HG,2025-07-15T21:00:00Z,18,42,26,42,26,26,HGN25,HGV25,1,1
HG,2025-07-16T21:00:00Z,18,42,32,42,32,32,HGN25,HGV25,1,1
HG,2025-07-17T21:00:00Z,18,42,30,42,30,30,HGN25,HGV25,1,1
HG,2025-07-18T21:00:00Z,18,42,42,42,42,42,HGN25,HGV25,1,1
HG,2025-07-21T21:00:00Z,18,42,22,42,22,22,HGN25,HGV25,1,1
HG,2025-07-22T21:00:00Z,18,42,24,42,24,24,HGN25,HGV25,1,1
HG,2025-07-23T21:00:00Z,18,42,32,42,32,32,HGN25,HGV25,1,1
HG,2025-07-24T21:00:00Z,18,42,27,42,27,27,HGN25,HGV25,1,1
HG,2025-07-25T21:00:00Z,18,42,42,42,42,42,HGN25,HGV25,1,1
HG,2025-07-28T21:00:00Z,18,42,42,42,42,42,HGN25,HGV25,1,1
HG,2025-07-29T21:00:00Z,18,42,29,42,29,29,HGN25,HGV25,1,1
HG,2025-07-30T21:00:00Z,17,39,39,39,39,39,HGQ25,HGX25,1,1
HG,2025-07-31T21:00:00Z,17,39,39,39,39,39,HGQ25,HGX25,1,1
HG,2025-08-01T21:00:00Z,17,39,27,39,27,27,HGQ25,HGX25,1,1
HG,2025-08-04T21:00:00Z,17,39,27,39,27,27,HGQ25,HGX25,1,1
HG,2025-08-05T21:00:00Z,17,39,27,39,27,27,HGQ25,HGX25,1,1
HG,2025-08-06T21:00:00Z,17,39,33,39,33,33,HGQ25,HGX25,1,1
HG,2025-08-07T21:00:00Z,17,39,39,39,39,39,HGQ25,HGX25,1,1
HG,2025-08-08T21:00:00Z,17,39,39,39,39,39,HGQ25,HGX25,1,1
HG,2025-08-11T21:00:00Z,17,39,29,39,29,29,HGQ25,HGX25,1,1
HG,2025-08-12T21:00:00Z,17,39,39,39,39,39,HGQ25,HGX25,1,1
HG,2025-08-13T21:00:00Z,17,39,29,39,29,29,HGQ25,HGX25,1,1
HG,2025-08-14T21:00:00Z,17,39,32,39,32,32,HGQ25,HGX25,1,1
HG,2025-08-15T21:00:00Z,17,39,39,39,39,39,HGQ25,HGX25,1,1
HG,2025-08-18T21:00:00Z,17,39,39,39,39,39,HGQ25,HGX25,1,1
HG,2025-08-19T21:00:00Z,17,39,29,39,29,29,HGQ25,HGX25,1,1
HG,2025-08-20T21:00:00Z,17,39,32,39,32,32,HGQ25,HGX25,1,1
HG,2025-08-21T21:00:00Z,17,39,29,39,29,29,HGQ25,HGX25,1,1
HG,2025-08-22T21:00:00Z,17,39,39,39,39,39,HGQ25,HGX25,1,1
HG,2025-08-25T21:00:00Z,17,39,29,39,29,29,HGQ25,HGX25,1,1
HG,2025-08-26T21:00:00Z,17,39,39,39,39,39,HGQ25,HGX25,1,1
HG,2025-08-27T21:00:00Z,17,39,36,39,36,36,HGQ25,HGX25,1,1
HG,2025-08-28T21:00:00Z,16,36,36,36,36,36,HGU25,HGZ25,1,1
HG,2025-08-29T21:00:00Z,16,36,36,36,36,36,HGU25,HGZ25,1,1
HG,2025-09-02T21:00:00Z,16,36,36,36,36,36,HGU25,HGZ25,1,1
HG,2025-09-03T21:00:00Z,16,36,36,36,36,36,HGU25,HGZ25,1,1
HG,2025-09-04T21:00:00Z,16,36,30,36,30,30,HGU25,HGZ25,1,1
HG,2025-09-05T21:00:00Z,16,36,33,36,33,33,HGU25,HGZ25,1,1
HG,2025-09-08T21:00:00Z,16,36,36,36,36,36,HGU25,HGZ25,1,1
HG,2025-09-09T21:00:00Z,16,36,36,36,36,36,HGU25,HGZ25,1,1
HG,2025-09-10T21:00:00Z,16,36,36,36,36,36,HGU25,HGZ25,1,1
HG,2025-09-11T21:00:00Z,16,36,36,36,36,36,HGU25,HGZ25,1,1
HG,2025-09-12T21:00:00Z,16,36,36,36,36,36,HGU25,HGZ25,1,1
HG,2025-09-15T21:00:00Z,16,36,31,36,31,31,HGU25,HGZ25,1,1
HG,2025-09-16T21:00:00Z,16,36,36,36,36,36,HGU25,HGZ25,1,1
HG,2025-09-17T21:00:00Z,16,36,30,36,30,30,HGU25,HGZ25,1,1
HG,2025-09-18T21:00:00Z,16,36,30,36,30,30,HGU25,HGZ25,1,1
HG,2025-09-19T21:00:00Z,16,36,30,36,30,30,HGU25,HGZ25,1,1
HG,2025-09-22T21:00:00Z,16,36,36,36,36,36,HGU25,HGZ25,1,1
HG,2025-09-23T21:00:00Z,16,36,36,36,36,36,HGU25,HGZ25,1,1
HG,2025-09-24T21:00:00Z,16,36,36,36,36,36,HGU25,HGZ25,1,1
HG,2025-09-25T21:00:00Z,16,36,33,36,33,33,HGU25,HGZ25,1,1
HG,2025-09-26T21:00:00Z,16,36,36,36,36,36,HGU25,HGZ25,1,1
HG,2025-09-29T21:00:00Z,15,33,33,33,33,33,HGV25,HGF26,1,1
HG,2025-09-30T21:00:00Z,15,33,27,33,27,27,HGV25,HGF26,1,1
HG,2025-10-01T21:00:00Z,15,33,33,33,33,33,HGV25,HGF26,1,1
HG,2025-10-02T21:00:00Z,15,33,33,33,33,33,HGV25,HGF26,1,1
HG,2025-10-03T21:00:00Z,15,33,33,33,33,33,HGV25,HGF26,1,1
HG,2025-10-06T21:00:00Z,15,33,27,33,27,27,HGV25,HGF26,1,1
HG,2025-10-07T21:00:00Z,15,33,33,33,33,33,HGV25,HGF26,1,1
HG,2025-10-08T21:00:00Z,14,28,28,28,28,28,HGV25,HGF26,1,1
HG,2025-10-09T21:00:00Z,15,33,33,33,33,33,HGV25,HGF26,1,1
HG,2025-10-10T21:00:00Z,15,33,33,33,33,33,HGV25,HGF26,1,1
HG,2025-10-13T21:00:00Z,15,33,33,33,33,33,HGV25,HGF26,1,1
HG,2025-10-14T21:00:00Z,15,33,33,33,33,33,HGV25,HGF26,1,1
HG,2025-10-15T21:00:00Z,15,33,21,33,21,21,HGV25,HGF26,1,1
HG,2025-10-16T21:00:00Z,15,33,23,33,23,23,HGV25,HGF26,1,1
HG,2025-10-17T21:00:00Z,15,33,33,33,33,33,HGV25,HGF26,1,1
HG,2025-10-20T21:00:00Z,15,33,24,33,24,24,HGV25,HGF26,1,1
HG,2025-10-21T21:00:00Z,15,33,30,33,30,30,HGV25,HGF26,1,1
HG,2025-10-22T21:00:00Z,15,33,33,33,33,33,HGV25,HGF26,1,1
HG,2025-10-23T21:00:00Z,15,33,33,33,33,33,HGV25,HGF26,1,1
HG,2025-10-24T21:00:00Z,15,33,30,33,30,30,HGV25,HGF26,1,1
HG,2025-10-27T21:00:00Z,15,33,33,33,33,33,HGV25,HGF26,1,1
HG,2025-10-28T21:00:00Z,15,33,33,33,33,33,HGV25,HGF26,1,1
HG,2025-10-29T21:00:00Z,15,33,33,33,33,33,HGV25,HGF26,1,1
HG,2025-10-30T21:00:00Z,14,30,30,30,30,30,HGX25,HGG26,1,1
HG,2025-10-31T21:00:00Z,14,30,30,30,30,30,HGX25,HGG26,1,1
HG,2025-11-03T22:00:00Z,14,30,27,30,27,27,HGX25,HGG26,1,1
HG,2025-11-04T22:00:00Z,14,30,30,30,30,30,HGX25,HGG26,1,1
HG,2025-11-05T22:00:00Z,14,30,30,30,30,30,HGX25,HGG26,1,1
HG,2025-11-06T22:00:00Z,14,30,30,30,30,30,HGX25,HGG26,1,1
HG,2025-11-07T22:00:00Z,14,30,30,30,30,30,HGX25,HGG26,1,1
HG,2025-11-10T22:00:00Z,14,30,30,30,30,30,HGX25,HGG26,1,1
HG,2025-11-11T22:00:00Z,14,30,27,30,27,27,HGX25,HGG26,1,1
HG,2025-11-12T22:00:00Z,14,30,30,30,30,30,HGX25,HGG26,1,1
HG,2025-11-13T22:00:00Z,14,30,24,30,24,24,HGX25,HGG26,1,1
HG,2025-11-14T22:00:00Z,14,30,30,30,30,30,HGX25,HGG26,1,1
HG,2025-11-17T22:00:00Z,14,30,30,30,30,30,HGX25,HGG26,1,1
HG,2025-11-18T22:00:00Z,14,30,30,30,30,30,HGX25,HGG26,1,1
HG,2025-11-19T22:00:00Z,14,30,27,30,27,27,HGX25,HGG26,1,1
HG,2025-11-20T22:00:00Z,14,30,27,30,27,27,HGX25,HGG26,1,1
HG,2025-11-21T22:00:00Z,14,30,30,30,30,30,HGX25,HGG26,1,1
HG,2025-11-24T22:00:00Z,14,30,30,30,30,30,HGX25,HGG26,1,1
HG,2025-11-25T22:00:00Z,14,30,30,30,30,30,HGX25,HGG26,1,1
HG,2025-11-26T22:00:00Z,13,27,24,27,24,24,HGZ25,HGJ26,1,1
HG,2025-11-28T22:00:00Z,13,27,24,27,24,24,HGZ25,HGJ26,1,1
HG,2025-12-01T22:00:00Z,13,27,24,27,24,24,HGZ25,HGJ26,1,1
HG,2025-12-02T22:00:00Z,13,27,27,27,27,27,HGZ25,HGJ26,1,1
HG,2025-12-03T22:00:00Z,13,27,24,27,24,24,HGZ25,HGJ26,1,1
HG,2025-12-04T22:00:00Z,13,27,27,27,27,27,HGZ25,HGJ26,1,1
HG,2025-12-05T22:00:00Z,13,27,27,27,27,27,HGZ25,HGJ26,1,1
HG,2025-12-08T22:00:00Z,13,27,27,27,27,27,HGZ25,HGJ26,1,1
HG,2025-12-09T22:00:00Z,13,27,27,27,27,27,HGZ25,HGJ26,1,1
HG,2025-12-10T22:00:00Z,13,27,27,27,27,27,HGZ25,HGJ26,1,1
HG,2025-12-11T22:00:00Z,13,27,27,27,27,27,HGZ25,HGJ26,1,1
HG,2025-12-12T22:00:00Z,13,27,27,27,27,27,HGZ25,HGJ26,1,1
HG,2025-12-15T22:00:00Z,13,27,27,27,27,27,HGZ25,HGJ26,1,1
HG,2025-12-16T22:00:00Z,13,27,27,27,27,27,HGZ25,HGJ26,1,1
HG,2025-12-17T22:00:00Z,13,27,27,27,27,27,HGZ25,HGJ26,1,1
HG,2025-12-18T22:00:00Z,13,27,27,27,27,27,HGZ25,HGJ26,1,1
HG,2025-12-19T22:00:00Z,13,27,27,27,27,27,HGZ25,HGJ26,1,1
HG,2025-12-22T22:00:00Z,13,27,27,27,27,27,HGZ25,HGJ26,1,1
HG,2025-12-23T22:00:00Z,13,27,27,27,27,27,HGZ25,HGJ26,1,1
HG,2025-12-24T22:00:00Z,13,27,22,27,22,22,HGZ25,HGJ26,1,1
HG,2025-12-26T22:00:00Z,13,27,24,27,24,24,HGZ25,HGJ26,1,1
HG,2025-12-29T22:00:00Z,13,27,27,27,27,27,HGZ25,HGJ26,1,1
HG,2025-12-30T22:00:00Z,12,24,24,24,24,24,HGF26,HGJ26,1,1
HG,2025-12-31T22:00:00Z,12,24,24,24,24,24,HGF26,HGJ26,1,1
ZC,2025-01-02T19:20:00Z,10,10,10,10,10,10,CH25,CN25,1,1
ZC,2025-01-03T19:20:00Z,10,10,10,10,10,10,CH25,CN25,1,1
ZC,2025-01-06T19:20:00Z,10,10,10,10,10,10,CH25,CN25,1,1
ZC,2025-01-07T19:20:00Z,10,10,10,10,10,10,CH25,CN25,1,1
ZC,2025-01-08T19:20:00Z,10,10,10,10,10,10,CH25,CN25,1,1
ZC,2025-01-10T19:20:00Z,10,10,10,10,10,10,CH25,CN25,1,1
ZC,2025-01-13T19:20:00Z,10,10,10,10,10,10,CH25,CN25,1,1
ZC,2025-01-14T19:20:00Z,10,10,10,10,10,10,CH25,CN25,1,1
ZC,2025-01-15T19:20:00Z,10,10,10,10,10,6,CH25,CN25,1,1
ZC,2025-01-16T19:20:00Z,10,10,10,10,10,10,CH25,CN25,1,1
ZC,2025-01-17T19:20:00Z,10,10,10,10,10,10,CH25,CN25,1,1
ZC,2025-01-21T19:20:00Z,10,10,10,10,10,10,CH25,CN25,1,1
ZC,2025-01-22T19:20:00Z,10,10,10,10,10,10,CH25,CN25,1,1
ZC,2025-01-23T19:20:00Z,10,10,10,10,10,10,CH25,CN25,1,1
ZC,2025-01-24T19:20:00Z,10,10,10,10,10,10,CH25,CN25,1,1
ZC,2025-01-27T19:20:00Z,10,10,10,10,10,10,CH25,CN25,1,1
ZC,2025-01-28T19:20:00Z,10,10,10,10,10,10,CH25,CN25,1,1
ZC,2025-01-29T19:20:00Z,10,10,10,10,10,10,CH25,CN25,1,1
ZC,2025-01-30T19:20:00Z,10,10,10,10,10,10,CH25,CN25,1,1
ZC,2025-01-31T19:20:00Z,10,10,10,10,10,10,CH25,CN25,1,1
ZC,2025-02-03T19:20:00Z,10,10,10,10,10,10,CH25,CN25,1,1
ZC,2025-02-04T19:20:00Z,10,10,10,10,10,10,CH25,CN25,1,1
ZC,2025-02-05T19:20:00Z,10,10,10,10,10,10,CH25,CN25,1,1
ZC,2025-02-06T19:20:00Z,10,10,10,10,10,10,CH25,CN25,1,1
ZC,2025-02-07T19:20:00Z,10,10,10,10,10,10,CH25,CN25,1,1
ZC,2025-02-10T19:20:00Z,10,10,10,10,10,10,CH25,CN25,1,1
ZC,2025-02-11T19:20:00Z,10,10,10,10,10,10,CH25,CN25,1,1
ZC,2025-02-12T19:20:00Z,10,10,10,10,10,10,CH25,CN25,1,1
ZC,2025-02-13T19:20:00Z,10,10,10,10,10,10,CH25,CN25,1,1
ZC,2025-02-14T19:20:00Z,10,10,10,10,10,10,CH25,CN25,1,1
ZC,2025-02-18T19:20:00Z,10,10,10,10,10,10,CH25,CN25,1,1
ZC,2025-02-19T19:20:00Z,10,10,10,10,10,10,CH25,CN25,1,1
ZC,2025-02-20T19:20:00Z,10,10,10,10,10,10,CH25,CN25,1,1
ZC,2025-02-21T19:20:00Z,10,10,10,10,10,10,CH25,CN25,1,1
ZC,2025-02-24T19:20:00Z,10,10,10,10,10,10,CH25,CN25,1,1
ZC,2025-02-25T19:20:00Z,10,10,10,10,10,10,CH25,CN25,1,1
ZC,2025-02-26T19:20:00Z,10,10,10,10,10,10,CH25,CN25,1,1
ZC,2025-02-27T19:20:00Z,10,10,10,10,10,10,CH25,CN25,1,1
ZC,2025-02-28T19:20:00Z,10,10,10,10,10,10,CH25,CN25,1,1
ZC,2025-03-03T19:20:00Z,10,10,10,10,10,10,CH25,CN25,1,1
ZC,2025-03-04T19:20:00Z,10,10,10,10,10,10,CH25,CN25,1,1
ZC,2025-03-05T19:20:00Z,10,10,10,10,10,10,CH25,CN25,1,1
ZC,2025-03-06T19:20:00Z,10,10,10,10,10,10,CH25,CN25,1,1
ZC,2025-03-07T19:20:00Z,10,10,10,10,10,10,CH25,CN25,1,1
ZC,2025-03-10T18:20:00Z,10,10,10,10,10,10,CH25,CN25,1,1
ZC,2025-03-11T18:20:00Z,10,10,10,10,10,10,CH25,CN25,1,1
ZC,2025-03-12T18:20:00Z,10,10,10,10,10,10,CH25,CN25,1,1
ZC,2025-03-13T18:20:00Z,10,10,10,10,10,10,CH25,CN25,1,1
ZC,2025-03-14T18:20:00Z,10,10,10,10,10,10,CH25,CN25,1,1
ZC,2025-03-17T18:20:00Z,9,9,9,9,9,9,CK25,CU25,1,1
ZC,2025-03-18T18:20:00Z,9,9,9,9,9,9,CK25,CU25,1,1
ZC,2025-03-19T18:20:00Z,9,9,9,9,9,9,CK25,CU25,1,1
ZC,2025-03-20T18:20:00Z,9,9,9,9,9,9,CK25,CU25,1,1
ZC,2025-03-21T18:20:00Z,9,9,9,9,9,9,CK25,CU25,1,1
ZC,2025-03-24T18:20:00Z,9,9,9,9,9,9,CK25,CU25,1,1
ZC,2025-03-25T18:20:00Z,9,9,9,9,9,9,CK25,CU25,1,1
ZC,2025-03-26T18:20:00Z,9,9,9,9,9,9,CK25,CU25,1,1
ZC,2025-03-27T18:20:00Z,9,9,9,9,9,9,CK25,CU25,1,1
ZC,2025-03-28T18:20:00Z,9,9,9,9,9,9,CK25,CU25,1,1
ZC,2025-03-31T18:20:00Z,9,9,9,9,9,9,CK25,CU25,1,1
ZC,2025-04-01T18:20:00Z,9,9,9,9,9,9,CK25,CU25,1,1
ZC,2025-04-02T18:20:00Z,9,9,9,9,9,9,CK25,CU25,1,1
ZC,2025-04-03T18:20:00Z,9,9,9,9,9,9,CK25,CU25,1,1
ZC,2025-04-04T18:20:00Z,9,9,9,9,9,9,CK25,CU25,1,1
ZC,2025-04-07T18:20:00Z,9,9,9,9,9,9,CK25,CU25,1,1
ZC,2025-04-08T18:20:00Z,9,9,9,9,9,9,CK25,CU25,1,1
ZC,2025-04-09T18:20:00Z,9,9,9,9,9,9,CK25,CU25,1,1
ZC,2025-04-10T18:20:00Z,9,9,9,9,9,9,CK25,CU25,1,1
ZC,2025-04-11T18:20:00Z,9,9,9,9,9,9,CK25,CU25,1,1
ZC,2025-04-14T18:20:00Z,9,9,9,9,9,9,CK25,CU25,1,1
ZC,2025-04-15T18:20:00Z,9,9,9,9,9,9,CK25,CU25,1,1
ZC,2025-04-16T18:20:00Z,9,9,9,9,9,9,CK25,CU25,1,1
ZC,2025-04-17T18:20:00Z,9,9,9,9,9,9,CK25,CU25,1,1
ZC,2025-04-21T18:20:00Z,9,9,9,9,9,9,CK25,CU25,1,1
ZC,2025-04-22T18:20:00Z,9,9,9,9,9,9,CK25,CU25,1,1
ZC,2025-04-23T18:20:00Z,9,9,9,9,9,9,CK25,CU25,1,1
ZC,2025-04-24T18:20:00Z,9,9,9,9,9,9,CK25,CU25,1,1
ZC,2025-04-25T18:20:00Z,9,9,9,9,9,9,CK25,CU25,1,1
ZC,2025-04-28T18:20:00Z,9,9,9,9,9,9,CK25,CU25,1,1
ZC,2025-04-29T18:20:00Z,9,9,9,9,9,9,CK25,CU25,1,1
ZC,2025-04-30T18:20:00Z,9,9,9,9,9,9,CK25,CU25,1,1
ZC,2025-05-01T18:20:00Z,9,9,9,9,9,9,CK25,CU25,1,1
ZC,2025-05-02T18:20:00Z,9,9,9,9,9,9,CK25,CU25,1,1
ZC,2025-05-05T18:20:00Z,9,9,9,9,9,9,CK25,CU25,1,1
ZC,2025-05-06T18:20:00Z,9,9,9,9,9,9,CK25,CU25,1,1
ZC,2025-05-07T18:20:00Z,9,9,9,9,9,9,CK25,CU25,1,1
ZC,2025-05-08T18:20:00Z,9,9,9,9,9,9,CK25,CU25,1,1
ZC,2025-05-09T18:20:00Z,9,9,9,9,9,9,CK25,CU25,1,1
ZC,2025-05-12T18:20:00Z,9,9,9,9,9,9,CK25,CU25,1,1
ZC,2025-05-13T18:20:00Z,9,9,9,9,9,9,CK25,CU25,1,1
ZC,2025-05-14T18:20:00Z,9,9,9,9,9,9,CK25,CU25,1,1
ZC,2025-05-15T18:20:00Z,8,8,8,8,8,8,CN25,CZ25,1,1
ZC,2025-05-16T18:20:00Z,8,8,8,8,8,8,CN25,CZ25,1,1
ZC,2025-05-19T18:20:00Z,8,8,8,8,8,8,CN25,CZ25,1,1
ZC,2025-05-20T18:20:00Z,8,8,8,8,8,8,CN25,CZ25,1,1
ZC,2025-05-21T18:20:00Z,8,8,8,8,8,8,CN25,CZ25,1,1
ZC,2025-05-22T18:20:00Z,8,8,8,8,8,8,CN25,CZ25,1,1
ZC,2025-05-23T18:20:00Z,8,8,8,8,8,8,CN25,CZ25,1,1
ZC,2025-05-27T18:20:00Z,8,8,8,8,8,8,CN25,CZ25,1,1
ZC,2025-05-28T18:20:00Z,8,8,8,8,8,8,CN25,CZ25,1,1
ZC,2025-05-29T18:20:00Z,8,8,8,8,8,8,CN25,CZ25,1,1
ZC,2025-05-30T18:20:00Z,8,8,8,8,8,8,CN25,CZ25,1,1
ZC,2025-06-02T18:20:00Z,8,8,8,8,8,8,CN25,CZ25,1,1
ZC,2025-06-03T18:20:00Z,8,8,8,8,8,8,CN25,CZ25,1,1
ZC,2025-06-04T18:20:00Z,8,8,8,8,8,8,CN25,CZ25,1,1
ZC,2025-06-05T18:20:00Z,8,8,8,8,8,8,CN25,CZ25,1,1
ZC,2025-06-06T18:20:00Z,8,8,8,8,8,8,CN25,CZ25,1,1
ZC,2025-06-09T18:20:00Z,8,8,8,8,8,8,CN25,CZ25,1,1
ZC,2025-06-10T18:20:00Z,8,8,8,8,8,8,CN25,CZ25,1,1
ZC,2025-06-11T18:20:00Z,8,8,8,8,8,8,CN25,CZ25,1,1
ZC,2025-06-12T18:20:00Z,8,8,8,8,8,8,CN25,CZ25,1,1
ZC,2025-06-13T18:20:00Z,8,8,8,8,8,8,CN25,CZ25,1,1
ZC,2025-06-16T18:20:00Z,8,8,8,8,8,8,CN25,CZ25,1,1
ZC,2025-06-17T18:20:00Z,8,8,8,8,8,8,CN25,CZ25,1,1
ZC,2025-06-18T18:20:00Z,8,8,8,8,8,8,CN25,CZ25,1,1
ZC,2025-06-20T18:20:00Z,8,8,8,8,8,8,CN25,CZ25,1,1
ZC,2025-06-23T18:20:00Z,8,8,8,8,8,8,CN25,CZ25,1,1
ZC,2025-06-24T18:20:00Z,8,8,8,8,8,8,CN25,CZ25,1,1
ZC,2025-06-25T18:20:00Z,8,8,8,8,8,8,CN25,CZ25,1,1
ZC,2025-06-26T18:20:00Z,8,8,8,8,8,8,CN25,CZ25,1,1
ZC,2025-06-27T18:20:00Z,8,8,8,8,8,8,CN25,CZ25,1,1
ZC,2025-06-30T18:20:00Z,8,8,8,8,8,8,CN25,CZ25,1,1
ZC,2025-07-01T18:20:00Z,8,8,8,8,8,8,CN25,CZ25,1,1
ZC,2025-07-02T18:20:00Z,8,8,8,8,8,8,CN25,CZ25,1,1
ZC,2025-07-03T18:20:00Z,8,8,8,8,8,8,CN25,CZ25,1,1
ZC,2025-07-07T18:20:00Z,8,8,8,8,8,8,CN25,CZ25,1,1
ZC,2025-07-08T18:20:00Z,8,8,8,8,8,8,CN25,CZ25,1,1
ZC,2025-07-09T18:20:00Z,8,8,8,8,8,8,CN25,CZ25,1,1
ZC,2025-07-10T18:20:00Z,8,8,8,8,8,8,CN25,CZ25,1,1
ZC,2025-07-11T18:20:00Z,8,8,8,8,8,8,CN25,CZ25,1,1
ZC,2025-07-14T18:20:00Z,8,8,8,8,8,8,CN25,CZ25,1,1
ZC,2025-07-15T18:20:00Z,7,7,7,7,7,7,CU25,CZ25,1,1
ZC,2025-07-16T18:20:00Z,7,7,7,7,7,7,CU25,CZ25,1,1
ZC,2025-07-17T18:20:00Z,7,7,7,7,7,7,CU25,CZ25,1,1
ZC,2025-07-18T18:20:00Z,7,7,7,7,7,7,CU25,CZ25,1,1
ZC,2025-07-21T18:20:00Z,7,7,7,7,7,7,CU25,CZ25,1,1
ZC,2025-07-22T18:20:00Z,7,7,7,7,7,7,CU25,CZ25,1,1
ZC,2025-07-23T18:20:00Z,7,7,7,7,7,7,CU25,CZ25,1,1
ZC,2025-07-24T18:20:00Z,7,7,7,7,7,7,CU25,CZ25,1,1
ZC,2025-07-25T18:20:00Z,7,7,7,7,7,7,CU25,CZ25,1,1
ZC,2025-07-28T18:20:00Z,7,7,7,7,7,7,CU25,CZ25,1,1
ZC,2025-07-29T18:20:00Z,7,7,7,7,7,7,CU25,CZ25,1,1
ZC,2025-07-30T18:20:00Z,7,7,7,7,7,7,CU25,CZ25,1,1
ZC,2025-07-31T18:20:00Z,7,7,7,7,7,7,CU25,CZ25,1,1
ZC,2025-08-01T18:20:00Z,7,7,7,7,7,7,CU25,CZ25,1,1
ZC,2025-08-04T18:20:00Z,7,7,7,7,7,7,CU25,CZ25,1,1
ZC,2025-08-05T18:20:00Z,7,7,7,7,7,7,CU25,CZ25,1,1
ZC,2025-08-06T18:20:00Z,7,7,7,7,7,7,CU25,CZ25,1,1
ZC,2025-08-07T18:20:00Z,7,7,7,7,7,7,CU25,CZ25,1,1
ZC,2025-08-08T18:20:00Z,7,7,7,7,7,7,CU25,CZ25,1,1
ZC,2025-08-11T18:20:00Z,7,7,7,7,7,7,CU25,CZ25,1,1
ZC,2025-08-12T18:20:00Z,7,7,7,7,7,7,CU25,CZ25,1,1
ZC,2025-08-13T18:20:00Z,7,7,7,7,7,7,CU25,CZ25,1,1
ZC,2025-08-14T18:20:00Z,7,7,7,7,7,7,CU25,CZ25,1,1
ZC,2025-08-15T18:20:00Z,7,7,7,7,7,7,CU25,CZ25,1,1
ZC,2025-08-18T18:20:00Z,7,7,7,7,7,7,CU25,CZ25,1,1
ZC,2025-08-19T18:20:00Z,7,7,7,7,7,7,CU25,CZ25,1,1
ZC,2025-08-20T18:20:00Z,7,7,7,7,7,7,CU25,CZ25,1,1
ZC,2025-08-21T18:20:00Z,7,7,7,7,7,7,CU25,CZ25,1,1
ZC,2025-08-22T18:20:00Z,7,7,7,7,7,7,CU25,CZ25,1,1
ZC,2025-08-25T18:20:00Z,7,7,7,7,7,7,CU25,CZ25,1,1
ZC,2025-08-26T18:20:00Z,7,7,7,7,7,7,CU25,CZ25,1,1
ZC,2025-08-27T18:20:00Z,7,7,7,7,7,7,CU25,CZ25,1,1
ZC,2025-08-28T18:20:00Z,7,7,7,7,7,7,CU25,CZ25,1,1
ZC,2025-08-29T18:20:00Z,7,7,7,7,7,7,CU25,CZ25,1,1
ZC,2025-09-02T18:20:00Z,7,7,7,7,7,7,CU25,CZ25,1,1
ZC,2025-09-03T18:20:00Z,7,7,7,7,7,7,CU25,CZ25,1,1
ZC,2025-09-04T18:20:00Z,7,7,7,7,7,7,CU25,CZ25,1,1
ZC,2025-09-05T18:20:00Z,7,7,7,7,7,7,CU25,CZ25,1,1
ZC,2025-09-08T18:20:00Z,7,7,7,7,7,7,CU25,CZ25,1,1
ZC,2025-09-09T18:20:00Z,7,7,7,7,7,7,CU25,CZ25,1,1
ZC,2025-09-10T18:20:00Z,7,7,7,7,7,7,CU25,CZ25,1,1
ZC,2025-09-11T18:20:00Z,7,7,7,7,7,7,CU25,CZ25,1,1
ZC,2025-09-12T18:20:00Z,7,7,7,7,7,7,CU25,CZ25,1,1
ZC,2025-09-15T18:20:00Z,6,6,6,6,6,6,CZ25,CH26,1,1
ZC,2025-09-16T18:20:00Z,6,6,6,6,6,6,CZ25,CH26,1,1
ZC,2025-09-17T18:20:00Z,6,6,6,6,6,6,CZ25,CH26,1,1
ZC,2025-09-18T18:20:00Z,6,6,6,6,6,6,CZ25,CH26,1,1
ZC,2025-09-19T18:20:00Z,6,6,6,6,6,6,CZ25,CH26,1,1
ZC,2025-09-22T18:20:00Z,6,6,6,6,6,6,CZ25,CH26,1,1
ZC,2025-09-23T18:20:00Z,6,6,6,6,6,6,CZ25,CH26,1,1
ZC,2025-09-24T18:20:00Z,6,6,6,6,6,6,CZ25,CH26,1,1
ZC,2025-09-25T18:20:00Z,6,6,6,6,6,6,CZ25,CH26,1,1
ZC,2025-09-26T18:20:00Z,6,6,6,6,6,6,CZ25,CH26,1,1
ZC,2025-09-29T18:20:00Z,6,6,6,6,6,6,CZ25,CH26,1,1
ZC,2025-09-30T18:20:00Z,6,6,6,6,6,6,CZ25,CH26,1,1
ZC,2025-10-01T18:20:00Z,6,6,6,6,6,6,CZ25,CH26,1,1
ZC,2025-10-02T18:20:00Z,6,6,6,6,6,6,CZ25,CH26,1,1
ZC,2025-10-03T18:20:00Z,6,6,6,6,6,6,CZ25,CH26,1,1
ZC,2025-10-06T18:20:00Z,6,6,6,6,6,6,CZ25,CH26,1,1
ZC,2025-10-07T18:20:00Z,6,6,6,6,6,6,CZ25,CH26,1,1
ZC,2025-10-08T18:20:00Z,6,6,6,6,6,6,CZ25,CH26,1,1
ZC,2025-10-09T18:20:00Z,6,6,6,6,6,6,CZ25,CH26,1,1
ZC,2025-10-10T18:20:00Z,6,6,6,6,6,6,CZ25,CH26,1,1
ZC,2025-10-13T18:20:00Z,6,6,6,6,6,6,CZ25,CH26,1,1
ZC,2025-10-14T18:20:00Z,6,6,6,6,6,6,CZ25,CH26,1,1
ZC,2025-10-15T18:20:00Z,6,6,6,6,6,6,CZ25,CH26,1,1
ZC,2025-10-16T18:20:00Z,6,6,6,6,6,6,CZ25,CH26,1,1
ZC,2025-10-17T18:20:00Z,6,6,6,6,6,6,CZ25,CH26,1,1
ZC,2025-10-20T18:20:00Z,6,6,6,6,6,6,CZ25,CH26,1,1
ZC,2025-10-21T18:20:00Z,6,6,6,6,6,6,CZ25,CH26,1,1
ZC,2025-10-22T18:20:00Z,6,6,6,6,6,6,CZ25,CH26,1,1
ZC,2025-10-23T18:20:00Z,6,6,6,6,6,6,CZ25,CH26,1,1
ZC,2025-10-24T18:20:00Z,6,6,6,6,6,6,CZ25,CH26,1,1
ZC,2025-10-27T18:20:00Z,6,6,6,6,6,6,CZ25,CH26,1,1
ZC,2025-10-28T18:20:00Z,6,6,6,6,6,6,CZ25,CH26,1,1
ZC,2025-10-29T18:20:00Z,6,6,6,6,6,6,CZ25,CH26,1,1
ZC,2025-10-30T18:20:00Z,6,6,6,6,6,6,CZ25,CH26,1,1
ZC,2025-10-31T18:20:00Z,6,6,6,6,6,6,CZ25,CH26,1,1
ZC,2025-11-03T19:20:00Z,6,6,6,6,6,6,CZ25,CH26,1,1
ZC,2025-11-04T19:20:00Z,6,6,6,6,6,6,CZ25,CH26,1,1
ZC,2025-11-05T19:20:00Z,6,6,6,6,6,6,CZ25,CH26,1,1
ZC,2025-11-06T19:20:00Z,6,6,6,6,6,6,CZ25,CH26,1,1
ZC,2025-11-07T19:20:00Z,6,6,6,6,6,6,CZ25,CH26,1,1
ZC,2025-11-10T19:20:00Z,6,6,6,6,6,6,CZ25,CH26,1,1
ZC,2025-11-11T19:20:00Z,6,6,6,6,6,6,CZ25,CH26,1,1
ZC,2025-11-12T19:20:00Z,6,6,6,6,6,6,CZ25,CH26,1,1
ZC,2025-11-13T19:20:00Z,6,6,6,6,6,6,CZ25,CH26,1,1
ZC,2025-11-14T19:20:00Z,6,6,6,6,6,6,CZ25,CH26,1,1
ZC,2025-11-17T19:20:00Z,6,6,6,6,6,6,CZ25,CH26,1,1
ZC,2025-11-18T19:20:00Z,6,6,6,6,6,6,CZ25,CH26,1,1
ZC,2025-11-19T19:20:00Z,6,6,6,6,6,6,CZ25,CH26,1,1
ZC,2025-11-20T19:20:00Z,6,6,6,6,6,6,CZ25,CH26,1,1
ZC,2025-11-21T19:20:00Z,6,6,6,6,6,6,CZ25,CH26,1,1
ZC,2025-11-24T19:20:00Z,6,6,6,6,6,6,CZ25,CH26,1,1
ZC,2025-11-25T19:20:00Z,6,6,6,6,6,6,CZ25,CH26,1,1
ZC,2025-11-26T19:20:00Z,6,6,6,6,6,6,CZ25,CH26,1,1
ZC,2025-11-28T19:20:00Z,6,6,6,6,6,6,CZ25,CH26,1,1
ZC,2025-12-01T19:20:00Z,6,6,6,6,6,6,CZ25,CH26,1,1
ZC,2025-12-02T19:20:00Z,6,6,6,6,6,6,CZ25,CH26,1,1
ZC,2025-12-03T19:20:00Z,6,6,6,6,6,6,CZ25,CH26,1,1
ZC,2025-12-04T19:20:00Z,6,6,6,6,6,6,CZ25,CH26,1,1
ZC,2025-12-05T19:20:00Z,6,6,6,6,6,6,CZ25,CH26,1,1
ZC,2025-12-08T19:20:00Z,6,6,6,6,6,6,CZ25,CH26,1,1
ZC,2025-12-09T19:20:00Z,6,6,6,6,6,6,CZ25,CH26,1,1
ZC,2025-12-10T19:20:00Z,6,6,6,6,6,6,CZ25,CH26,1,1
ZC,2025-12-11T19:20:00Z,6,6,6,6,6,6,CZ25,CH26,1,1
ZC,2025-12-12T19:20:00Z,6,6,6,6,6,6,CZ25,CH26,1,1
ZC,2025-12-15T19:20:00Z,5,4,4,4,4,4,CH26,CN26,1,1
ZC,2025-12-16T19:20:00Z,5,4,4,4,4,4,CH26,CN26,1,1
ZC,2025-12-17T19:20:00Z,5,4,4,4,4,4,CH26,CN26,1,1
ZC,2025-12-18T19:20:00Z,5,4,4,4,4,4,CH26,CN26,1,1
ZC,2025-12-19T19:20:00Z,5,4,4,4,4,4,CH26,CN26,1,1
ZC,2025-12-22T19:20:00Z,5,4,4,4,4,4,CH26,CN26,1,1
ZC,2025-12-23T19:20:00Z,5,4,4,4,4,4,CH26,CN26,1,1
ZC,2025-12-24T19:20:00Z,5,4,4,4,4,4,CH26,CN26,1,1
ZC,2025-12-26T19:20:00Z,5,4,4,4,4,4,CH26,CN26,1,1
ZC,2025-12-29T19:20:00Z,5,4,4,4,4,4,CH26,CN26,1,1
ZC,2025-12-30T19:20:00Z,5,4,4,4,4,4,CH26,CN26,1,1
ZC,2025-12-31T19:20:00Z,5,4,4,4,4,4,CH26,CN26,1,1
ZW,2025-01-02T19:20:00Z,10,10,5,10,5,5,WH25,WN25,1,1
ZW,2025-01-03T19:20:00Z,10,10,10,10,10,10,WH25,WN25,1,1
ZW,2025-01-06T19:20:00Z,10,10,8,10,8,8,WH25,WN25,1,1
ZW,2025-01-07T19:20:00Z,10,10,8,10,8,8,WH25,WN25,1,1
ZW,2025-01-08T19:20:00Z,10,10,7,10,7,7,WH25,WN25,1,1
ZW,2025-01-10T19:20:00Z,10,10,10,10,10,10,WH25,WN25,1,1
ZW,2025-01-13T19:20:00Z,10,10,7,10,7,7,WH25,WN25,1,1
ZW,2025-01-14T19:20:00Z,10,10,10,10,10,10,WH25,WN25,1,1
ZW,2025-01-15T19:20:00Z,10,10,10,10,10,10,WH25,WN25,1,1
ZW,2025-01-16T19:20:00Z,10,10,7,10,7,7,WH25,WN25,1,1
ZW,2025-01-17T19:20:00Z,10,10,7,10,7,7,WH25,WN25,1,1
ZW,2025-01-21T19:20:00Z,10,10,10,10,10,10,WH25,WN25,1,1
ZW,2025-01-22T19:20:00Z,10,10,10,10,10,10,WH25,WN25,1,1
ZW,2025-01-23T19:20:00Z,10,10,10,10,10,10,WH25,WN25,1,1
ZW,2025-01-24T19:20:00Z,10,10,7,10,7,7,WH25,WN25,1,1
ZW,2025-01-27T19:20:00Z,10,10,6,10,6,6,WH25,WN25,1,1
ZW,2025-01-28T19:20:00Z,10,10,7,10,7,7,WH25,WN25,1,1
ZW,2025-01-29T19:20:00Z,10,10,10,10,10,10,WH25,WN25,1,1
ZW,2025-01-30T19:20:00Z,10,10,10,10,10,10,WH25,WN25,1,1
ZW,2025-01-31T19:20:00Z,10,10,10,10,10,10,WH25,WN25,1,1
ZW,2025-02-03T19:20:00Z,10,10,10,10,10,10,WH25,WN25,1,1
ZW,2025-02-04T19:20:00Z,10,10,10,10,10,10,WH25,WN25,1,1
ZW,2025-02-05T19:20:00Z,8,7,7,7,7,7,WH25,WN25,1,1
ZW,2025-02-06T19:20:00Z,10,10,8,10,8,8,WH25,WN25,1,1
ZW,2025-02-07T19:20:00Z,10,10,10,10,10,10,WH25,WN25,1,1
ZW,2025-02-10T19:20:00Z,10,10,10,10,10,10,WH25,WN25,1,1
ZW,2025-02-11T19:20:00Z,10,10,10,10,10,10,WH25,WN25,1,1
ZW,2025-02-12T19:20:00Z,10,10,7,10,7,7,WH25,WN25,1,1
ZW,2025-02-13T19:20:00Z,10,10,7,10,7,7,WH25,WN25,1,1
ZW,2025-02-14T19:20:00Z,10,10,10,10,10,10,WH25,WN25,1,1
ZW,2025-02-18T19:20:00Z,10,10,10,10,10,10,WH25,WN25,1,1
ZW,2025-02-19T19:20:00Z,10,10,10,10,10,10,WH25,WN25,1,1
ZW,2025-02-20T19:20:00Z,10,10,7,10,7,7,WH25,WN25,1,1
ZW,2025-02-21T19:20:00Z,10,10,7,10,7,7,WH25,WN25,1,1
ZW,2025-02-24T19:20:00Z,10,10,10,10,10,10,WH25,WN25,1,1
ZW,2025-02-25T19:20:00Z,10,10,10,10,10,10,WH25,WN25,1,1
ZW,2025-02-26T19:20:00Z,10,10,10,10,10,10,WH25,WN25,1,1
ZW,2025-02-27T19:20:00Z,10,10,10,10,10,10,WH25,WN25,1,1
ZW,2025-02-28T19:20:00Z,10,10,8,10,8,8,WH25,WN25,1,1
ZW,2025-03-03T19:20:00Z,10,10,10,10,10,10,WH25,WN25,1,1
ZW,2025-03-04T19:20:00Z,10,10,10,10,10,10,WH25,WN25,1,1
ZW,2025-03-05T19:20:00Z,10,10,7,10,7,7,WH25,WN25,1,1
ZW,2025-03-06T19:20:00Z,10,10,10,10,10,10,WH25,WN25,1,1
ZW,2025-03-07T19:20:00Z,9,8,7,8,7,7,WH25,WN25,1,1
ZW,2025-03-10T18:20:00Z,10,10,10,10,10,10,WH25,WN25,1,1
ZW,2025-03-11T18:20:00Z,10,10,10,10,10,10,WH25,WN25,1,1
ZW,2025-03-12T18:20:00Z,10,10,10,10,10,10,WH25,WN25,1,1
ZW,2025-03-13T18:20:00Z,10,10,7,10,7,7,WH25,WN25,1,1
ZW,2025-03-14T18:20:00Z,10,10,10,10,10,10,WH25,WN25,1,1
ZW,2025-03-17T18:20:00Z,9,9,9,9,9,9,WK25,WU25,1,1
ZW,2025-03-18T18:20:00Z,9,9,9,9,9,9,WK25,WU25,1,1
ZW,2025-03-19T18:20:00Z,8,7,7,7,7,7,WK25,WU25,1,1
ZW,2025-03-20T18:20:00Z,9,9,9,9,9,9,WK25,WU25,1,1
ZW,2025-03-21T18:20:00Z,9,9,9,9,9,9,WK25,WU25,1,1
ZW,2025-03-24T18:20:00Z,9,9,9,9,9,9,WK25,WU25,1,1
ZW,2025-03-25T18:20:00Z,9,9,9,9,9,9,WK25,WU25,1,1
ZW,2025-03-26T18:20:00Z,9,9,9,9,9,9,WK25,WU25,1,1
ZW,2025-03-27T18:20:00Z,9,9,9,9,9,9,WK25,WU25,1,1
ZW,2025-03-28T18:20:00Z,9,9,9,9,9,9,WK25,WU25,1,1
ZW,2025-03-31T18:20:00Z,9,9,9,9,9,9,WK25,WU25,1,1
ZW,2025-04-01T18:20:00Z,9,9,9,9,9,9,WK25,WU25,1,1
ZW,2025-04-02T18:20:00Z,9,9,9,9,9,9,WK25,WU25,1,1
ZW,2025-04-03T18:20:00Z,9,9,9,9,9,9,WK25,WU25,1,1
ZW,2025-04-04T18:20:00Z,9,9,9,9,9,9,WK25,WU25,1,1
ZW,2025-04-07T18:20:00Z,8,7,7,7,7,7,WK25,WU25,1,1
ZW,2025-04-08T18:20:00Z,9,9,9,9,9,9,WK25,WU25,1,1
ZW,2025-04-09T18:20:00Z,9,9,9,9,9,9,WK25,WU25,1,1
ZW,2025-04-10T18:20:00Z,9,9,9,9,9,9,WK25,WU25,1,1
ZW,2025-04-11T18:20:00Z,9,9,9,9,9,9,WK25,WU25,1,1
ZW,2025-04-14T18:20:00Z,9,9,9,9,9,9,WK25,WU25,1,1
ZW,2025-04-15T18:20:00Z,9,9,9,9,9,9,WK25,WU25,1,1
ZW,2025-04-16T18:20:00Z,9,9,9,9,9,9,WK25,WU25,1,1
ZW,2025-04-17T18:20:00Z,9,9,9,9,9,9,WK25,WU25,1,1
ZW,2025-04-21T18:20:00Z,9,9,9,9,9,9,WK25,WU25,1,1
ZW,2025-04-22T18:20:00Z,9,9,9,9,9,9,WK25,WU25,1,1
ZW,2025-04-23T18:20:00Z,9,9,9,9,9,9,WK25,WU25,1,1
ZW,2025-04-24T18:20:00Z,9,9,9,9,9,9,WK25,WU25,1,1
ZW,2025-04-25T18:20:00Z,9,9,9,9,9,9,WK25,WU25,1,1
ZW,2025-04-28T18:20:00Z,9,9,9,9,9,9,WK25,WU25,1,1
ZW,2025-04-29T18:20:00Z,9,9,9,9,9,9,WK25,WU25,1,1
ZW,2025-04-30T18:20:00Z,9,9,9,9,9,9,WK25,WU25,1,1
ZW,2025-05-01T18:20:00Z,9,9,9,9,9,9,WK25,WU25,1,1
ZW,2025-05-02T18:20:00Z,9,9,9,9,9,9,WK25,WU25,1,1
ZW,2025-05-05T18:20:00Z,9,9,9,9,9,9,WK25,WU25,1,1
ZW,2025-05-06T18:20:00Z,9,9,9,9,9,9,WK25,WU25,1,1
ZW,2025-05-07T18:20:00Z,9,9,9,9,9,9,WK25,WU25,1,1
ZW,2025-05-08T18:20:00Z,9,9,9,9,9,9,WK25,WU25,1,1
ZW,2025-05-09T18:20:00Z,9,9,9,9,9,9,WK25,WU25,1,1
ZW,2025-05-12T18:20:00Z,9,9,9,9,9,9,WK25,WU25,1,1
ZW,2025-05-13T18:20:00Z,9,9,9,9,9,9,WK25,WU25,1,1
ZW,2025-05-14T18:20:00Z,9,9,9,9,9,9,WK25,WU25,1,1
ZW,2025-05-15T18:20:00Z,8,8,8,8,8,8,WN25,WZ25,1,1
ZW,2025-05-16T18:20:00Z,8,8,8,8,8,8,WN25,WZ25,1,1
ZW,2025-05-19T18:20:00Z,8,8,8,8,8,8,WN25,WZ25,1,1
ZW,2025-05-20T18:20:00Z,8,8,8,8,8,8,WN25,WZ25,1,1
ZW,2025-05-21T18:20:00Z,8,8,8,8,8,8,WN25,WZ25,1,1
ZW,2025-05-22T18:20:00Z,8,8,8,8,8,8,WN25,WZ25,1,1
ZW,2025-05-23T18:20:00Z,8,8,8,8,8,8,WN25,WZ25,1,1
ZW,2025-05-27T18:20:00Z,8,8,8,8,8,8,WN25,WZ25,1,1
ZW,2025-05-28T18:20:00Z,8,8,8,8,8,8,WN25,WZ25,1,1
ZW,2025-05-29T18:20:00Z,8,8,8,8,8,8,WN25,WZ25,1,1
ZW,2025-05-30T18:20:00Z,8,8,8,8,8,8,WN25,WZ25,1,1
ZW,2025-06-02T18:20:00Z,8,8,8,8,8,8,WN25,WZ25,1,1
ZW,2025-06-03T18:20:00Z,8,8,8,8,8,8,WN25,WZ25,1,1
ZW,2025-06-04T18:20:00Z,8,8,8,8,8,8,WN25,WZ25,1,1
ZW,2025-06-05T18:20:00Z,8,8,8,8,8,8,WN25,WZ25,1,1
ZW,2025-06-06T18:20:00Z,8,8,8,8,8,8,WN25,WZ25,1,1
ZW,2025-06-09T18:20:00Z,8,8,8,8,8,8,WN25,WZ25,1,1
ZW,2025-06-10T18:20:00Z,8,8,8,8,8,8,WN25,WZ25,1,1
ZW,2025-06-11T18:20:00Z,8,8,8,8,8,8,WN25,WZ25,1,1
ZW,2025-06-12T18:20:00Z,8,8,8,8,8,8,WN25,WZ25,1,1
ZW,2025-06-13T18:20:00Z,8,8,8,8,8,8,WN25,WZ25,1,1
ZW,2025-06-16T18:20:00Z,8,8,8,8,8,8,WN25,WZ25,1,1
ZW,2025-06-17T18:20:00Z,8,8,8,8,8,8,WN25,WZ25,1,1
ZW,2025-06-18T18:20:00Z,8,8,8,8,8,8,WN25,WZ25,1,1
ZW,2025-06-20T18:20:00Z,8,8,8,8,8,8,WN25,WZ25,1,1
ZW,2025-06-23T18:20:00Z,8,8,8,8,8,8,WN25,WZ25,1,1
ZW,2025-06-24T18:20:00Z,8,8,8,8,8,8,WN25,WZ25,1,1
ZW,2025-06-25T18:20:00Z,8,8,8,8,8,8,WN25,WZ25,1,1
ZW,2025-06-26T18:20:00Z,8,8,8,8,8,8,WN25,WZ25,1,1
ZW,2025-06-27T18:20:00Z,8,8,8,8,8,8,WN25,WZ25,1,1
ZW,2025-06-30T18:20:00Z,8,8,8,8,8,8,WN25,WZ25,1,1
ZW,2025-07-01T18:20:00Z,8,8,8,8,8,8,WN25,WZ25,1,1
ZW,2025-07-02T18:20:00Z,8,8,8,8,8,8,WN25,WZ25,1,1
ZW,2025-07-03T18:20:00Z,8,8,8,8,8,8,WN25,WZ25,1,1
ZW,2025-07-07T18:20:00Z,8,8,8,8,8,8,WN25,WZ25,1,1
ZW,2025-07-08T18:20:00Z,8,8,8,8,8,8,WN25,WZ25,1,1
ZW,2025-07-09T18:20:00Z,8,8,8,8,8,8,WN25,WZ25,1,1
ZW,2025-07-10T18:20:00Z,8,8,8,8,8,8,WN25,WZ25,1,1
ZW,2025-07-11T18:20:00Z,8,8,8,8,8,8,WN25,WZ25,1,1
ZW,2025-07-14T18:20:00Z,8,8,8,8,8,8,WN25,WZ25,1,1
ZW,2025-07-15T18:20:00Z,7,7,7,7,7,7,WU25,WZ25,1,1
ZW,2025-07-16T18:20:00Z,7,7,7,7,7,7,WU25,WZ25,1,1
ZW,2025-07-17T18:20:00Z,7,7,7,7,7,7,WU25,WZ25,1,1
ZW,2025-07-18T18:20:00Z,7,7,7,7,7,7,WU25,WZ25,1,1
ZW,2025-07-21T18:20:00Z,7,7,7,7,7,7,WU25,WZ25,1,1
ZW,2025-07-22T18:20:00Z,7,7,7,7,7,7,WU25,WZ25,1,1
ZW,2025-07-23T18:20:00Z,7,7,7,7,7,7,WU25,WZ25,1,1
ZW,2025-07-24T18:20:00Z,7,7,7,7,7,7,WU25,WZ25,1,1
ZW,2025-07-25T18:20:00Z,7,7,7,7,7,7,WU25,WZ25,1,1
ZW,2025-07-28T18:20:00Z,7,7,7,7,7,7,WU25,WZ25,1,1
ZW,2025-07-29T18:20:00Z,7,7,7,7,7,7,WU25,WZ25,1,1
ZW,2025-07-30T18:20:00Z,7,7,7,7,7,7,WU25,WZ25,1,1
ZW,2025-07-31T18:20:00Z,7,7,7,7,7,7,WU25,WZ25,1,1
ZW,2025-08-01T18:20:00Z,7,7,7,7,7,7,WU25,WZ25,1,1
ZW,2025-08-04T18:20:00Z,7,7,7,7,7,7,WU25,WZ25,1,1
ZW,2025-08-05T18:20:00Z,7,7,7,7,7,7,WU25,WZ25,1,1
ZW,2025-08-06T18:20:00Z,7,7,7,7,7,7,WU25,WZ25,1,1
ZW,2025-08-07T18:20:00Z,7,7,7,7,7,7,WU25,WZ25,1,1
ZW,2025-08-08T18:20:00Z,7,7,7,7,7,7,WU25,WZ25,1,1
ZW,2025-08-11T18:20:00Z,7,7,7,7,7,7,WU25,WZ25,1,1
ZW,2025-08-12T18:20:00Z,7,7,7,7,7,7,WU25,WZ25,1,1
ZW,2025-08-13T18:20:00Z,7,7,7,7,7,7,WU25,WZ25,1,1
ZW,2025-08-14T18:20:00Z,7,7,7,7,7,7,WU25,WZ25,1,1
ZW,2025-08-15T18:20:00Z,7,7,7,7,7,7,WU25,WZ25,1,1
ZW,2025-08-18T18:20:00Z,7,7,7,7,7,7,WU25,WZ25,1,1
ZW,2025-08-19T18:20:00Z,7,7,7,7,7,7,WU25,WZ25,1,1
ZW,2025-08-20T18:20:00Z,7,7,7,7,7,7,WU25,WZ25,1,1
ZW,2025-08-21T18:20:00Z,7,7,7,7,7,7,WU25,WZ25,1,1
ZW,2025-08-22T18:20:00Z,7,7,7,7,7,7,WU25,WZ25,1,1
ZW,2025-08-25T18:20:00Z,7,7,7,7,7,7,WU25,WZ25,1,1
ZW,2025-08-26T18:20:00Z,7,7,7,7,7,7,WU25,WZ25,1,1
ZW,2025-08-27T18:20:00Z,7,7,7,7,7,7,WU25,WZ25,1,1
ZW,2025-08-28T18:20:00Z,7,7,7,7,7,7,WU25,WZ25,1,1
ZW,2025-08-29T18:20:00Z,7,7,7,7,7,7,WU25,WZ25,1,1
ZW,2025-09-02T18:20:00Z,7,7,7,7,7,7,WU25,WZ25,1,1
ZW,2025-09-03T18:20:00Z,7,7,7,7,7,7,WU25,WZ25,1,1
ZW,2025-09-04T18:20:00Z,7,7,7,7,7,7,WU25,WZ25,1,1
ZW,2025-09-05T18:20:00Z,7,7,7,7,7,7,WU25,WZ25,1,1
ZW,2025-09-08T18:20:00Z,7,7,7,7,7,7,WU25,WZ25,1,1
ZW,2025-09-09T18:20:00Z,7,7,7,7,7,7,WU25,WZ25,1,1
ZW,2025-09-10T18:20:00Z,7,7,7,7,7,7,WU25,WZ25,1,1
ZW,2025-09-11T18:20:00Z,7,7,7,7,7,7,WU25,WZ25,1,1
ZW,2025-09-12T18:20:00Z,6,6,6,6,6,6,WZ25,WH26,1,1
ZW,2025-09-15T18:20:00Z,6,6,6,6,6,6,WZ25,WH26,1,1
ZW,2025-09-16T18:20:00Z,6,6,6,6,6,6,WZ25,WH26,1,1
ZW,2025-09-17T18:20:00Z,6,6,6,6,6,6,WZ25,WH26,1,1
ZW,2025-09-18T18:20:00Z,6,6,6,6,6,6,WZ25,WH26,1,1
ZW,2025-09-19T18:20:00Z,6,6,6,6,6,6,WZ25,WH26,1,1
ZW,2025-09-22T18:20:00Z,6,6,6,6,6,6,WZ25,WH26,1,1
ZW,2025-09-23T18:20:00Z,6,6,6,6,6,6,WZ25,WH26,1,1
ZW,2025-09-24T18:20:00Z,6,6,6,6,6,6,WZ25,WH26,1,1
ZW,2025-09-25T18:20:00Z,6,6,6,6,6,6,WZ25,WH26,1,1
ZW,2025-09-26T18:20:00Z,6,6,6,6,6,6,WZ25,WH26,1,1
ZW,2025-09-29T18:20:00Z,6,6,6,6,6,6,WZ25,WH26,1,1
ZW,2025-09-30T18:20:00Z,6,6,6,6,6,6,WZ25,WH26,1,1
ZW,2025-10-01T18:20:00Z,6,6,6,6,6,6,WZ25,WH26,1,1
ZW,2025-10-02T18:20:00Z,6,6,6,6,6,6,WZ25,WH26,1,1
ZW,2025-10-03T18:20:00Z,6,6,6,6,6,6,WZ25,WH26,1,1
ZW,2025-10-06T18:20:00Z,6,6,6,6,6,6,WZ25,WH26,1,1
ZW,2025-10-07T18:20:00Z,6,6,6,6,6,6,WZ25,WH26,1,1
ZW,2025-10-08T18:20:00Z,6,6,6,6,6,6,WZ25,WH26,1,1
ZW,2025-10-09T18:20:00Z,6,6,6,6,6,6,WZ25,WH26,1,1
ZW,2025-10-10T18:20:00Z,6,6,6,6,6,6,WZ25,WH26,1,1
ZW,2025-10-13T18:20:00Z,6,6,6,6,6,6,WZ25,WH26,1,1
ZW,2025-10-14T18:20:00Z,6,6,6,6,6,6,WZ25,WH26,1,1
ZW,2025-10-15T18:20:00Z,6,6,6,6,6,6,WZ25,WH26,1,1
ZW,2025-10-16T18:20:00Z,6,6,6,6,6,6,WZ25,WH26,1,1
ZW,2025-10-17T18:20:00Z,6,6,6,6,6,6,WZ25,WH26,1,1
ZW,2025-10-20T18:20:00Z,6,6,6,6,6,6,WZ25,WH26,1,1
ZW,2025-10-21T18:20:00Z,6,6,6,6,6,6,WZ25,WH26,1,1
ZW,2025-10-22T18:20:00Z,6,6,6,6,6,6,WZ25,WH26,1,1
ZW,2025-10-23T18:20:00Z,6,6,6,6,6,6,WZ25,WH26,1,1
ZW,2025-10-24T18:20:00Z,6,6,6,6,6,6,WZ25,WH26,1,1
ZW,2025-10-27T18:20:00Z,6,6,6,6,6,6,WZ25,WH26,1,1
ZW,2025-10-28T18:20:00Z,6,6,6,6,6,6,WZ25,WH26,1,1
ZW,2025-10-29T18:20:00Z,6,6,6,6,6,6,WZ25,WH26,1,1
ZW,2025-10-30T18:20:00Z,6,6,6,6,6,6,WZ25,WH26,1,1
ZW,2025-10-31T18:20:00Z,6,6,6,6,6,6,WZ25,WH26,1,1
ZW,2025-11-03T19:20:00Z,6,6,6,6,6,6,WZ25,WH26,1,1
ZW,2025-11-04T19:20:00Z,6,6,6,6,6,6,WZ25,WH26,1,1
ZW,2025-11-05T19:20:00Z,6,6,6,6,6,6,WZ25,WH26,1,1
ZW,2025-11-06T19:20:00Z,6,6,6,6,6,6,WZ25,WH26,1,1
ZW,2025-11-07T19:20:00Z,6,6,6,6,6,6,WZ25,WH26,1,1
ZW,2025-11-10T19:20:00Z,6,6,6,6,6,6,WZ25,WH26,1,1
ZW,2025-11-11T19:20:00Z,6,6,6,6,6,6,WZ25,WH26,1,1
ZW,2025-11-12T19:20:00Z,6,6,6,6,6,6,WZ25,WH26,1,1
ZW,2025-11-13T19:20:00Z,6,6,6,6,6,6,WZ25,WH26,1,1
ZW,2025-11-14T19:20:00Z,6,6,6,6,6,6,WZ25,WH26,1,1
ZW,2025-11-17T19:20:00Z,6,6,6,6,6,6,WZ25,WH26,1,1
ZW,2025-11-18T19:20:00Z,6,6,6,6,6,6,WZ25,WH26,1,1
ZW,2025-11-19T19:20:00Z,6,6,6,6,6,6,WZ25,WH26,1,1
ZW,2025-11-20T19:20:00Z,6,6,6,6,6,6,WZ25,WH26,1,1
ZW,2025-11-21T19:20:00Z,6,6,6,6,6,6,WZ25,WH26,1,1
ZW,2025-11-24T19:20:00Z,6,6,6,6,6,6,WZ25,WH26,1,1
ZW,2025-11-25T19:20:00Z,6,6,6,6,6,6,WZ25,WH26,1,1
ZW,2025-11-26T19:20:00Z,6,6,6,6,6,6,WZ25,WH26,1,1
ZW,2025-11-28T19:20:00Z,6,6,6,6,6,6,WZ25,WH26,1,1
ZW,2025-12-01T19:20:00Z,6,6,6,6,6,6,WZ25,WH26,1,1
ZW,2025-12-02T19:20:00Z,6,6,6,6,6,6,WZ25,WH26,1,1
ZW,2025-12-03T19:20:00Z,6,6,6,6,6,6,WZ25,WH26,1,1
ZW,2025-12-04T19:20:00Z,6,6,6,6,6,6,WZ25,WH26,1,1
ZW,2025-12-05T19:20:00Z,6,6,6,6,6,6,WZ25,WH26,1,1
ZW,2025-12-08T19:20:00Z,6,6,6,6,6,6,WZ25,WH26,1,1
ZW,2025-12-09T19:20:00Z,6,6,6,6,6,6,WZ25,WH26,1,1
ZW,2025-12-10T19:20:00Z,6,6,6,6,6,6,WZ25,WH26,1,1
ZW,2025-12-11T19:20:00Z,6,6,6,6,6,6,WZ25,WH26,1,1
ZW,2025-12-12T19:20:00Z,5,4,4,4,4,4,WH26,WN26,1,1
ZW,2025-12-15T19:20:00Z,5,4,4,4,4,4,WH26,WN26,1,1
ZW,2025-12-16T19:20:00Z,5,4,4,4,4,4,WH26,WN26,1,1
ZW,2025-12-17T19:20:00Z,5,4,4,4,4,4,WH26,WN26,1,1
ZW,2025-12-18T19:20:00Z,5,4,4,4,4,4,WH26,WN26,1,1
ZW,2025-12-19T19:20:00Z,5,4,4,4,4,4,WH26,WN26,1,1
ZW,2025-12-22T19:20:00Z,5,4,4,4,4,4,WH26,WN26,1,1
ZW,2025-12-23T19:20:00Z,5,4,4,4,4,4,WH26,WN26,1,1
ZW,2025-12-24T19:20:00Z,5,4,4,4,4,4,WH26,WN26,1,1
ZW,2025-12-26T19:20:00Z,5,4,4,4,4,4,WH26,WN26,1,1
ZW,2025-12-29T19:20:00Z,5,4,4,4,4,4,WH26,WN26,1,1
ZW,2025-12-30T19:20:00Z,5,4,4,4,4,4,WH26,WN26,1,1
ZW,2025-12-31T19:20:00Z,5,4,4,4,4,4,WH26,WN26,1,1
ZS,2025-01-02T19:20:00Z,13,14,13,14,13,13,SF25,SK25,1,1
ZS,2025-01-03T19:20:00Z,14,17,13,17,13,13,SF25,SK25,1,1
ZS,2025-01-06T19:20:00Z,14,17,13,17,13,13,SF25,SK25,1,1
ZS,2025-01-07T19:20:00Z,14,17,13,17,13,13,SF25,SK25,1,1
ZS,2025-01-08T19:20:00Z,14,17,13,17,13,13,SF25,SK25,1,1
ZS,2025-01-10T19:20:00Z,14,17,17,17,17,17,SF25,SK25,1,1
ZS,2025-01-13T19:20:00Z,14,17,17,17,17,17,SF25,SK25,1,1
ZS,2025-01-14T19:20:00Z,14,17,17,17,17,17,SF25,SK25,1,1
ZS,2025-01-15T19:20:00Z,13,16,13,16,13,13,SH25,SN25,1,1
ZS,2025-01-16T19:20:00Z,13,16,12,16,12,12,SH25,SN25,1,1
ZS,2025-01-17T19:20:00Z,13,16,16,16,16,16,SH25,SN25,1,1
ZS,2025-01-21T19:20:00Z,13,16,16,16,16,16,SH25,SN25,1,1
ZS,2025-01-22T19:20:00Z,13,16,16,16,16,16,SH25,SN25,1,1
ZS,2025-01-23T19:20:00Z,13,16,16,16,16,16,SH25,SN25,1,1
ZS,2025-01-24T19:20:00Z,13,16,13,16,13,13,SH25,SN25,1,1
ZS,2025-01-27T19:20:00Z,13,16,16,16,16,16,SH25,SN25,1,1
ZS,2025-01-28T19:20:00Z,13,16,12,16,12,12,SH25,SN25,1,1
ZS,2025-01-29T19:20:00Z,13,16,12,16,12,12,SH25,SN25,1,1
ZS,2025-01-30T19:20:00Z,13,16,16,16,16,16,SH25,SN25,1,1
ZS,2025-01-31T19:20:00Z,13,16,12,16,12,12,SH25,SN25,1,1
ZS,2025-02-03T19:20:00Z,13,16,13,16,13,13,SH25,SN25,1,1
ZS,2025-02-04T19:20:00Z,13,16,13,16,13,13,SH25,SN25,1,1
ZS,2025-02-05T19:20:00Z,13,16,12,16,12,12,SH25,SN25,1,1
ZS,2025-02-06T19:20:00Z,13,16,13,16,13,13,SH25,SN25,1,1
ZS,2025-02-07T19:20:00Z,13,16,16,16,16,16,SH25,SN25,1,1
ZS,2025-02-10T19:20:00Z,13,16,16,16,16,16,SH25,SN25,1,1
ZS,2025-02-11T19:20:00Z,13,16,16,16,16,16,SH25,SN25,1,1
ZS,2025-02-12T19:20:00Z,13,16,13,16,13,13,SH25,SN25,1,1
ZS,2025-02-13T19:20:00Z,13,16,12,16,12,12,SH25,SN25,1,1
ZS,2025-02-14T19:20:00Z,13,16,16,16,16,16,SH25,SN25,1,1
ZS,2025-02-18T19:20:00Z,13,16,12,16,12,12,SH25,SN25,1,1
ZS,2025-02-19T19:20:00Z,13,16,12,16,12,12,SH25,SN25,1,1
ZS,2025-02-20T19:20:00Z,13,16,16,16,16,16,SH25,SN25,1,1
ZS,2025-02-21T19:20:00Z,13,16,16,16,16,16,SH25,SN25,1,1
ZS,2025-02-24T19:20:00Z,13,16,12,16,12,12,SH25,SN25,1,1
ZS,2025-02-25T19:20:00Z,12,15,12,15,12,12,SH25,SN25,1,1
ZS,2025-02-26T19:20:00Z,13,16,12,16,12,12,SH25,SN25,1,1
ZS,2025-02-27T19:20:00Z,13,16,16,16,16,16,SH25,SN25,1,1
ZS,2025-02-28T19:20:00Z,13,16,12,16,12,12,SH25,SN25,1,1
ZS,2025-03-03T19:20:00Z,13,16,16,16,16,16,SH25,SN25,1,1
ZS,2025-03-04T19:20:00Z,13,16,16,16,16,16,SH25,SN25,1,1
ZS,2025-03-05T19:20:00Z,13,16,16,16,16,16,SH25,SN25,1,1
ZS,2025-03-06T19:20:00Z,13,16,16,16,16,16,SH25,SN25,1,1
ZS,2025-03-07T19:20:00Z,13,16,16,16,16,16,SH25,SN25,1,1
ZS,2025-03-10T18:20:00Z,13,16,12,16,12,12,SH25,SN25,1,1
ZS,2025-03-11T18:20:00Z,13,16,12,16,12,12,SH25,SN25,1,1
ZS,2025-03-12T18:20:00Z,13,16,16,16,16,16,SH25,SN25,1,1
ZS,2025-03-13T18:20:00Z,13,16,16,16,16,16,SH25,SN25,1,1
ZS,2025-03-14T18:20:00Z,13,16,16,16,16,16,SH25,SN25,1,1
ZS,2025-03-17T18:20:00Z,12,14,14,14,14,14,SK25,SQ25,1,1
ZS,2025-03-18T18:20:00Z,12,14,14,14,14,14,SK25,SQ25,1,1
ZS,2025-03-19T18:20:00Z,12,14,14,14,14,14,SK25,SQ25,1,1
ZS,2025-03-20T18:20:00Z,12,14,10,14,10,10,SK25,SQ25,1,1
ZS,2025-03-21T18:20:00Z,12,14,14,14,14,14,SK25,SQ25,1,1
ZS,2025-03-24T18:20:00Z,12,14,14,14,14,14,SK25,SQ25,1,1
ZS,2025-03-25T18:20:00Z,12,14,14,14,14,14,SK25,SQ25,1,1
ZS,2025-03-26T18:20:00Z,12,14,10,14,10,10,SK25,SQ25,1,1
ZS,2025-03-27T18:20:00Z,12,14,14,14,14,14,SK25,SQ25,1,1
ZS,2025-03-28T18:20:00Z,12,14,14,14,14,14,SK25,SQ25,1,1
ZS,2025-03-31T18:20:00Z,12,14,14,14,14,14,SK25,SQ25,1,1
ZS,2025-04-01T18:20:00Z,12,14,14,14,14,14,SK25,SQ25,1,1
ZS,2025-04-02T18:20:00Z,12,14,14,14,14,14,SK25,SQ25,1,1
ZS,2025-04-03T18:20:00Z,12,14,14,14,14,14,SK25,SQ25,1,1
ZS,2025-04-04T18:20:00Z,12,14,14,14,14,14,SK25,SQ25,1,1
ZS,2025-04-07T18:20:00Z,12,14,14,14,14,14,SK25,SQ25,1,1
ZS,2025-04-08T18:20:00Z,12,14,14,14,14,14,SK25,SQ25,1,1
ZS,2025-04-09T18:20:00Z,12,14,14,14,14,14,SK25,SQ25,1,1
ZS,2025-04-10T18:20:00Z,12,14,14,14,14,14,SK25,SQ25,1,1
ZS,2025-04-11T18:20:00Z,12,14,11,14,11,11,SK25,SQ25,1,1
ZS,2025-04-14T18:20:00Z,12,14,14,14,14,14,SK25,SQ25,1,1
ZS,2025-04-15T18:20:00Z,12,14,14,14,14,14,SK25,SQ25,1,1
ZS,2025-04-16T18:20:00Z,12,14,14,14,14,14,SK25,SQ25,1,1
ZS,2025-04-17T18:20:00Z,12,14,14,14,14,14,SK25,SQ25,1,1
ZS,2025-04-21T18:20:00Z,12,14,10,14,10,10,SK25,SQ25,1,1
ZS,2025-04-22T18:20:00Z,12,14,14,14,14,14,SK25,SQ25,1,1
ZS,2025-04-23T18:20:00Z,11,11,11,11,11,11,SK25,SQ25,1,1
ZS,2025-04-24T18:20:00Z,12,14,11,14,11,11,SK25,SQ25,1,1
ZS,2025-04-25T18:20:00Z,12,14,14,14,14,14,SK25,SQ25,1,1
ZS,2025-04-28T18:20:00Z,12,14,14,14,14,14,SK25,SQ25,1,1
ZS,2025-04-29T18:20:00Z,12,14,14,14,14,14,SK25,SQ25,1,1
ZS,2025-04-30T18:20:00Z,12,14,14,14,14,14,SK25,SQ25,1,1
ZS,2025-05-01T18:20:00Z,12,14,14,14,14,14,SK25,SQ25,1,1
ZS,2025-05-02T18:20:00Z,12,14,14,14,14,14,SK25,SQ25,1,1
ZS,2025-05-05T18:20:00Z,12,14,14,14,14,14,SK25,SQ25,1,1
ZS,2025-05-06T18:20:00Z,12,14,14,14,14,14,SK25,SQ25,1,1
ZS,2025-05-07T18:20:00Z,12,14,14,14,14,14,SK25,SQ25,1,1
ZS,2025-05-08T18:20:00Z,12,14,10,14,10,10,SK25,SQ25,1,1
ZS,2025-05-09T18:20:00Z,12,14,14,14,14,14,SK25,SQ25,1,1
ZS,2025-05-12T18:20:00Z,12,14,14,14,14,14,SK25,SQ25,1,1
ZS,2025-05-13T18:20:00Z,12,14,14,14,14,14,SK25,SQ25,1,1
ZS,2025-05-14T18:20:00Z,12,14,14,14,14,14,SK25,SQ25,1,1
ZS,2025-05-15T18:20:00Z,11,12,12,12,12,12,SN25,SX25,1,1
ZS,2025-05-16T18:20:00Z,11,12,12,12,12,12,SN25,SX25,1,1
ZS,2025-05-19T18:20:00Z,11,12,12,12,12,12,SN25,SX25,1,1
ZS,2025-05-20T18:20:00Z,11,12,12,12,12,12,SN25,SX25,1,1
ZS,2025-05-21T18:20:00Z,11,12,12,12,12,12,SN25,SX25,1,1
ZS,2025-05-22T18:20:00Z,11,12,12,12,12,12,SN25,SX25,1,1
ZS,2025-05-23T18:20:00Z,11,12,12,12,12,12,SN25,SX25,1,1
ZS,2025-05-27T18:20:00Z,11,12,12,12,12,12,SN25,SX25,1,1
ZS,2025-05-28T18:20:00Z,11,12,12,12,12,12,SN25,SX25,1,1
ZS,2025-05-29T18:20:00Z,11,12,12,12,12,12,SN25,SX25,1,1
ZS,2025-05-30T18:20:00Z,11,12,12,12,12,12,SN25,SX25,1,1
ZS,2025-06-02T18:20:00Z,11,12,12,12,12,12,SN25,SX25,1,1
ZS,2025-06-03T18:20:00Z,11,12,12,12,12,12,SN25,SX25,1,1
ZS,2025-06-04T18:20:00Z,11,12,12,12,12,12,SN25,SX25,1,1
ZS,2025-06-05T18:20:00Z,11,12,12,12,12,12,SN25,SX25,1,1
ZS,2025-06-06T18:20:00Z,11,12,12,12,12,12,SN25,SX25,1,1
ZS,2025-06-09T18:20:00Z,11,12,12,12,12,12,SN25,SX25,1,1
ZS,2025-06-10T18:20:00Z,11,12,12,12,12,12,SN25,SX25,1,1
ZS,2025-06-11T18:20:00Z,11,12,12,12,12,12,SN25,SX25,1,1
ZS,2025-06-12T18:20:00Z,11,12,12,12,12,12,SN25,SX25,1,1
ZS,2025-06-13T18:20:00Z,11,12,12,12,12,12,SN25,SX25,1,1
ZS,2025-06-16T18:20:00Z,11,12,12,12,12,12,SN25,SX25,1,1
ZS,2025-06-17T18:20:00Z,11,12,12,12,12,12,SN25,SX25,1,1
ZS,2025-06-18T18:20:00Z,11,12,12,12,12,12,SN25,SX25,1,1
ZS,2025-06-20T18:20:00Z,11,12,12,12,12,12,SN25,SX25,1,1
ZS,2025-06-23T18:20:00Z,11,12,12,12,12,12,SN25,SX25,1,1
ZS,2025-06-24T18:20:00Z,11,12,12,12,12,12,SN25,SX25,1,1
ZS,2025-06-25T18:20:00Z,11,12,12,12,12,12,SN25,SX25,1,1
ZS,2025-06-26T18:20:00Z,11,12,12,12,12,12,SN25,SX25,1,1
ZS,2025-06-27T18:20:00Z,11,12,12,12,12,12,SN25,SX25,1,1
ZS,2025-06-30T18:20:00Z,11,12,12,12,12,12,SN25,SX25,1,1
ZS,2025-07-01T18:20:00Z,11,12,12,12,12,12,SN25,SX25,1,1
ZS,2025-07-02T18:20:00Z,11,12,12,12,12,12,SN25,SX25,1,1
ZS,2025-07-03T18:20:00Z,11,12,12,12,12,12,SN25,SX25,1,1
ZS,2025-07-07T18:20:00Z,11,12,12,12,12,12,SN25,SX25,1,1
ZS,2025-07-08T18:20:00Z,11,12,12,12,12,12,SN25,SX25,1,1
ZS,2025-07-09T18:20:00Z,11,12,12,12,12,12,SN25,SX25,1,1
ZS,2025-07-10T18:20:00Z,11,12,12,12,12,12,SN25,SX25,1,1
ZS,2025-07-11T18:20:00Z,11,12,12,12,12,12,SN25,SX25,1,1
ZS,2025-07-14T18:20:00Z,11,12,12,12,12,12,SN25,SX25,1,1
ZS,2025-07-15T18:20:00Z,10,11,11,11,11,11,SQ25,SX25,1,1
ZS,2025-07-16T18:20:00Z,10,11,11,11,11,11,SQ25,SX25,1,1
ZS,2025-07-17T18:20:00Z,10,11,11,11,11,11,SQ25,SX25,1,1
ZS,2025-07-18T18:20:00Z,10,11,11,11,11,11,SQ25,SX25,1,1
ZS,2025-07-21T18:20:00Z,10,11,11,11,11,11,SQ25,SX25,1,1
ZS,2025-07-22T18:20:00Z,10,11,11,11,11,11,SQ25,SX25,1,1
ZS,2025-07-23T18:20:00Z,10,11,11,11,11,11,SQ25,SX25,1,1
ZS,2025-07-24T18:20:00Z,10,11,11,11,11,11,SQ25,SX25,1,1
ZS,2025-07-25T18:20:00Z,10,11,11,11,11,11,SQ25,SX25,1,1
ZS,2025-07-28T18:20:00Z,10,11,11,11,11,11,SQ25,SX25,1,1
ZS,2025-07-29T18:20:00Z,10,11,11,11,11,11,SQ25,SX25,1,1
ZS,2025-07-30T18:20:00Z,10,11,11,11,11,11,SQ25,SX25,1,1
ZS,2025-07-31T18:20:00Z,10,11,11,11,11,11,SQ25,SX25,1,1
ZS,2025-08-01T18:20:00Z,10,11,11,11,11,11,SQ25,SX25,1,1
ZS,2025-08-04T18:20:00Z,10,11,11,11,11,11,SQ25,SX25,1,1
ZS,2025-08-05T18:20:00Z,10,11,11,11,11,11,SQ25,SX25,1,1
ZS,2025-08-06T18:20:00Z,10,11,11,11,11,11,SQ25,SX25,1,1
ZS,2025-08-07T18:20:00Z,10,11,11,11,11,11,SQ25,SX25,1,1
ZS,2025-08-08T18:20:00Z,10,11,11,11,11,11,SQ25,SX25,1,1
ZS,2025-08-11T18:20:00Z,10,11,11,11,11,11,SQ25,SX25,1,1
ZS,2025-08-12T18:20:00Z,10,11,11,11,11,11,SQ25,SX25,1,1
ZS,2025-08-13T18:20:00Z,10,11,11,11,11,11,SQ25,SX25,1,1
ZS,2025-08-14T18:20:00Z,10,11,11,11,11,11,SQ25,SX25,1,1
ZS,2025-08-15T18:20:00Z,9,9,9,9,9,9,SU25,SF26,1,1
ZS,2025-08-18T18:20:00Z,9,9,9,9,9,9,SU25,SF26,1,1
ZS,2025-08-19T18:20:00Z,9,9,9,9,9,9,SU25,SF26,1,1
ZS,2025-08-20T18:20:00Z,9,9,9,9,9,9,SU25,SF26,1,1
ZS,2025-08-21T18:20:00Z,9,9,9,9,9,9,SU25,SF26,1,1
ZS,2025-08-22T18:20:00Z,9,9,9,9,9,9,SU25,SF26,1,1
ZS,2025-08-25T18:20:00Z,9,9,9,9,9,9,SU25,SF26,1,1
ZS,2025-08-26T18:20:00Z,9,9,9,9,9,9,SU25,SF26,1,1
ZS,2025-08-27T18:20:00Z,9,9,9,9,9,9,SU25,SF26,1,1
ZS,2025-08-28T18:20:00Z,9,9,9,9,9,9,SU25,SF26,1,1
ZS,2025-08-29T18:20:00Z,9,9,9,9,9,9,SU25,SF26,1,1
ZS,2025-09-02T18:20:00Z,9,9,9,9,9,9,SU25,SF26,1,1
ZS,2025-09-03T18:20:00Z,9,9,9,9,9,9,SU25,SF26,1,1
ZS,2025-09-04T18:20:00Z,9,9,9,9,9,9,SU25,SF26,1,1
ZS,2025-09-05T18:20:00Z,9,9,9,9,9,9,SU25,SF26,1,1
ZS,2025-09-08T18:20:00Z,9,9,9,9,9,9,SU25,SF26,1,1
ZS,2025-09-09T18:20:00Z,9,9,9,9,9,9,SU25,SF26,1,1
ZS,2025-09-10T18:20:00Z,9,9,9,9,9,9,SU25,SF26,1,1
ZS,2025-09-11T18:20:00Z,9,9,9,9,9,9,SU25,SF26,1,1
ZS,2025-09-12T18:20:00Z,9,9,9,9,9,9,SU25,SF26,1,1
ZS,2025-09-15T18:20:00Z,8,8,8,8,8,8,SX25,SH26,1,1
ZS,2025-09-16T18:20:00Z,8,8,8,8,8,8,SX25,SH26,1,1
ZS,2025-09-17T18:20:00Z,8,8,8,8,8,8,SX25,SH26,1,1
ZS,2025-09-18T18:20:00Z,8,8,8,8,8,8,SX25,SH26,1,1
ZS,2025-09-19T18:20:00Z,8,8,8,8,8,8,SX25,SH26,1,1
ZS,2025-09-22T18:20:00Z,8,8,8,8,8,8,SX25,SH26,1,1
ZS,2025-09-23T18:20:00Z,8,8,8,8,8,8,SX25,SH26,1,1
ZS,2025-09-24T18:20:00Z,8,8,8,8,8,8,SX25,SH26,1,1
ZS,2025-09-25T18:20:00Z,8,8,8,8,8,8,SX25,SH26,1,1
ZS,2025-09-26T18:20:00Z,8,8,8,8,8,8,SX25,SH26,1,1
ZS,2025-09-29T18:20:00Z,8,8,8,8,8,8,SX25,SH26,1,1
ZS,2025-09-30T18:20:00Z,8,8,8,8,8,8,SX25,SH26,1,1
ZS,2025-10-01T18:20:00Z,8,8,8,8,8,8,SX25,SH26,1,1
ZS,2025-10-02T18:20:00Z,8,8,8,8,8,8,SX25,SH26,1,1
ZS,2025-10-03T18:20:00Z,8,8,8,8,8,8,SX25,SH26,1,1
ZS,2025-10-06T18:20:00Z,8,8,8,8,8,8,SX25,SH26,1,1
ZS,2025-10-07T18:20:00Z,8,8,8,8,8,8,SX25,SH26,1,1
ZS,2025-10-08T18:20:00Z,8,8,8,8,8,8,SX25,SH26,1,1
ZS,2025-10-09T18:20:00Z,8,8,8,8,8,8,SX25,SH26,1,1
ZS,2025-10-10T18:20:00Z,8,8,8,8,8,8,SX25,SH26,1,1
ZS,2025-10-13T18:20:00Z,8,8,8,8,8,8,SX25,SH26,1,1
ZS,2025-10-14T18:20:00Z,8,8,8,8,8,8,SX25,SH26,1,1
ZS,2025-10-15T18:20:00Z,8,8,8,8,8,8,SX25,SH26,1,1
ZS,2025-10-16T18:20:00Z,8,8,8,8,8,8,SX25,SH26,1,1
ZS,2025-10-17T18:20:00Z,8,8,8,8,8,8,SX25,SH26,1,1
ZS,2025-10-20T18:20:00Z,8,8,8,8,8,8,SX25,SH26,1,1
ZS,2025-10-21T18:20:00Z,8,8,8,8,8,8,SX25,SH26,1,1
ZS,2025-10-22T18:20:00Z,8,8,8,8,8,8,SX25,SH26,1,1
ZS,2025-10-23T18:20:00Z,8,8,8,8,8,8,SX25,SH26,1,1
ZS,2025-10-24T18:20:00Z,8,8,8,8,8,8,SX25,SH26,1,1
ZS,2025-10-27T18:20:00Z,8,8,8,8,8,8,SX25,SH26,1,1
ZS,2025-10-28T18:20:00Z,8,8,8,8,8,8,SX25,SH26,1,1
ZS,2025-10-29T18:20:00Z,8,8,8,8,8,8,SX25,SH26,1,1
ZS,2025-10-30T18:20:00Z,8,8,8,8,8,8,SX25,SH26,1,1
ZS,2025-10-31T18:20:00Z,8,8,8,8,8,8,SX25,SH26,1,1
ZS,2025-11-03T19:20:00Z,8,8,8,8,8,8,SX25,SH26,1,1
ZS,2025-11-04T19:20:00Z,8,8,8,8,8,8,SX25,SH26,1,1
ZS,2025-11-05T19:20:00Z,8,8,8,8,8,8,SX25,SH26,1,1
ZS,2025-11-06T19:20:00Z,8,8,8,8,8,8,SX25,SH26,1,1
ZS,2025-11-07T19:20:00Z,8,8,8,8,8,8,SX25,SH26,1,1
ZS,2025-11-10T19:20:00Z,8,8,8,8,8,8,SX25,SH26,1,1
ZS,2025-11-11T19:20:00Z,8,8,8,8,8,8,SX25,SH26,1,1
ZS,2025-11-12T19:20:00Z,8,8,8,8,8,8,SX25,SH26,1,1
ZS,2025-11-13T19:20:00Z,8,8,8,8,8,8,SX25,SH26,1,1
ZS,2025-11-14T19:20:00Z,8,8,8,8,8,8,SX25,SH26,1,1
ZS,2025-11-17T19:20:00Z,7,7,7,7,7,7,SF26,SK26,1,1
ZS,2025-11-18T19:20:00Z,7,7,7,7,7,7,SF26,SK26,1,1
ZS,2025-11-19T19:20:00Z,7,7,7,7,7,7,SF26,SK26,1,1
ZS,2025-11-20T19:20:00Z,7,7,7,7,7,7,SF26,SK26,1,1
ZS,2025-11-21T19:20:00Z,7,7,7,7,7,7,SF26,SK26,1,1
ZS,2025-11-24T19:20:00Z,7,7,7,7,7,7,SF26,SK26,1,1
ZS,2025-11-25T19:20:00Z,7,7,7,7,7,7,SF26,SK26,1,1
ZS,2025-11-26T19:20:00Z,7,7,7,7,7,7,SF26,SK26,1,1
ZS,2025-11-28T19:20:00Z,7,7,7,7,7,7,SF26,SK26,1,1
ZS,2025-12-01T19:20:00Z,7,7,7,7,7,7,SF26,SK26,1,1
ZS,2025-12-02T19:20:00Z,7,7,7,7,7,7,SF26,SK26,1,1
ZS,2025-12-03T19:20:00Z,7,7,7,7,7,7,SF26,SK26,1,1
ZS,2025-12-04T19:20:00Z,7,7,7,7,7,7,SF26,SK26,1,1
ZS,2025-12-05T19:20:00Z,7,7,7,7,7,7,SF26,SK26,1,1
ZS,2025-12-08T19:20:00Z,7,7,7,7,7,7,SF26,SK26,1,1
ZS,2025-12-09T19:20:00Z,7,7,7,7,7,7,SF26,SK26,1,1
ZS,2025-12-10T19:20:00Z,7,7,7,7,7,7,SF26,SK26,1,1
ZS,2025-12-11T19:20:00Z,7,7,7,7,7,7,SF26,SK26,1,1
ZS,2025-12-12T19:20:00Z,7,7,7,7,7,7,SF26,SK26,1,1
ZS,2025-12-15T19:20:00Z,7,7,7,7,7,7,SF26,SK26,1,1
ZS,2025-12-16T19:20:00Z,7,7,7,7,7,7,SF26,SK26,1,1
ZS,2025-12-17T19:20:00Z,7,7,7,7,7,7,SF26,SK26,1,1
ZS,2025-12-18T19:20:00Z,7,7,7,7,7,7,SF26,SK26,1,1
ZS,2025-12-19T19:20:00Z,7,7,7,7,7,7,SF26,SK26,1,1
ZS,2025-12-22T19:20:00Z,7,7,7,7,7,7,SF26,SK26,1,1
ZS,2025-12-23T19:20:00Z,7,7,7,7,7,7,SF26,SK26,1,1
ZS,2025-12-24T19:20:00Z,7,7,7,7,7,7,SF26,SK26,1,1
ZS,2025-12-26T19:20:00Z,7,7,7,7,7,7,SF26,SK26,1,1
ZS,2025-12-29T19:20:00Z,7,7,7,7,7,7,SF26,SK26,1,1
ZS,2025-12-30T19:20:00Z,7,7,7,7,7,7,SF26,SK26,1,1
ZS,2025-12-31T19:20:00Z,7,7,7,7,7,7,SF26,SK26,1,1
ZM,2025-01-02T19:20:00Z,16,26,21,26,21,21,SMF25,SMK25,1,1
ZM,2025-01-03T19:20:00Z,16,26,18,26,18,18,SMF25,SMK25,1,1
ZM,2025-01-06T19:20:00Z,16,26,19,26,19,19,SMF25,SMK25,1,1
ZM,2025-01-07T19:20:00Z,16,26,17,26,17,17,SMF25,SMK25,1,1
ZM,2025-01-08T19:20:00Z,16,26,18,26,18,18,SMF25,SMK25,1,1
ZM,2025-01-10T19:20:00Z,16,26,26,26,26,26,SMF25,SMK25,1,1
ZM,2025-01-13T19:20:00Z,16,26,26,26,26,26,SMF25,SMK25,1,1
ZM,2025-01-14T19:20:00Z,16,26,26,26,26,26,SMF25,SMK25,1,1
ZM,2025-01-15T19:20:00Z,15,25,25,25,25,25,SMH25,SMN25,1,1
ZM,2025-01-16T19:20:00Z,15,25,18,25,18,18,SMH25,SMN25,1,1
ZM,2025-01-17T19:20:00Z,15,25,18,25,18,18,SMH25,SMN25,1,1
ZM,2025-01-21T19:20:00Z,15,25,25,25,25,25,SMH25,SMN25,1,1
ZM,2025-01-22T19:20:00Z,15,25,25,25,25,25,SMH25,SMN25,1,1
ZM,2025-01-23T19:20:00Z,15,25,25,25,25,25,SMH25,SMN25,1,1
ZM,2025-01-24T19:20:00Z,15,25,25,25,25,25,SMH25,SMN25,1,1
ZM,2025-01-27T19:20:00Z,15,25,25,25,25,25,SMH25,SMN25,1,1
ZM,2025-01-28T19:20:00Z,15,25,17,25,17,17,SMH25,SMN25,1,1
ZM,2025-01-29T19:20:00Z,15,25,18,25,18,18,SMH25,SMN25,1,1
ZM,2025-01-30T19:20:00Z,15,25,19,25,19,19,SMH25,SMN25,1,1
ZM,2025-01-31T19:20:00Z,15,25,25,25,25,25,SMH25,SMN25,1,1
ZM,2025-02-03T19:20:00Z,15,25,25,25,25,25,SMH25,SMN25,1,1
ZM,2025-02-04T19:20:00Z,15,25,25,25,25,25,SMH25,SMN25,1,1
ZM,2025-02-05T19:20:00Z,15,25,25,25,25,25,SMH25,SMN25,1,1
ZM,2025-02-06T19:20:00Z,15,25,19,25,19,19,SMH25,SMN25,1,1
ZM,2025-02-07T19:20:00Z,15,25,20,25,20,20,SMH25,SMN25,1,1
ZM,2025-02-10T19:20:00Z,12,19,19,19,19,19,SMH25,SMN25,1,1
ZM,2025-02-11T19:20:00Z,15,25,21,25,21,21,SMH25,SMN25,1,1
ZM,2025-02-12T19:20:00Z,15,25,23,25,23,23,SMH25,SMN25,1,1
ZM,2025-02-13T19:20:00Z,15,25,25,25,25,25,SMH25,SMN25,1,1
ZM,2025-02-14T19:20:00Z,15,25,17,25,17,17,SMH25,SMN25,1,1
ZM,2025-02-18T19:20:00Z,15,25,19,25,19,19,SMH25,SMN25,1,1
ZM,2025-02-19T19:20:00Z,15,25,20,25,20,20,SMH25,SMN25,1,1
ZM,2025-02-20T19:20:00Z,15,25,19,25,19,19,SMH25,SMN25,1,1
ZM,2025-02-21T19:20:00Z,15,25,25,25,25,25,SMH25,SMN25,1,1
ZM,2025-02-24T19:20:00Z,15,25,19,25,19,19,SMH25,SMN25,1,1
ZM,2025-02-25T19:20:00Z,15,25,19,25,19,19,SMH25,SMN25,1,1
ZM,2025-02-26T19:20:00Z,12,19,19,19,19,19,SMH25,SMN25,1,1
ZM,2025-02-27T19:20:00Z,15,25,25,25,25,25,SMH25,SMN25,1,1
ZM,2025-02-28T19:20:00Z,15,25,25,25,25,25,SMH25,SMN25,1,1
ZM,2025-03-03T19:20:00Z,15,25,21,25,21,21,SMH25,SMN25,1,1
ZM,2025-03-04T19:20:00Z,15,25,25,25,25,25,SMH25,SMN25,1,1
ZM,2025-03-05T19:20:00Z,15,25,25,25,25,25,SMH25,SMN25,1,1
ZM,2025-03-06T19:20:00Z,15,25,25,25,25,25,SMH25,SMN25,1,1
ZM,2025-03-07T19:20:00Z,15,25,25,25,25,25,SMH25,SMN25,1,1
ZM,2025-03-10T18:20:00Z,15,25,25,25,25,25,SMH25,SMN25,1,1
ZM,2025-03-11T18:20:00Z,15,25,18,25,18,18,SMH25,SMN25,1,1
ZM,2025-03-12T18:20:00Z,15,25,25,25,25,25,SMH25,SMN25,1,1
ZM,2025-03-13T18:20:00Z,15,25,25,25,25,25,SMH25,SMN25,1,1
ZM,2025-03-14T18:20:00Z,15,25,25,25,25,25,SMH25,SMN25,1,1
ZM,2025-03-17T18:20:00Z,14,23,23,23,23,23,SMK25,SMQ25,1,1
ZM,2025-03-18T18:20:00Z,14,23,23,23,23,23,SMK25,SMQ25,1,1
ZM,2025-03-19T18:20:00Z,14,23,23,23,23,23,SMK25,SMQ25,1,1
ZM,2025-03-20T18:20:00Z,14,23,21,23,21,21,SMK25,SMQ25,1,1
ZM,2025-03-21T18:20:00Z,14,23,23,23,23,23,SMK25,SMQ25,1,1
ZM,2025-03-24T18:20:00Z,14,23,16,23,16,16,SMK25,SMQ25,1,1
ZM,2025-03-25T18:20:00Z,14,23,23,23,23,23,SMK25,SMQ25,1,1
ZM,2025-03-26T18:20:00Z,14,23,23,23,23,23,SMK25,SMQ25,1,1
ZM,2025-03-27T18:20:00Z,14,23,23,23,23,23,SMK25,SMQ25,1,1
ZM,2025-03-28T18:20:00Z,14,23,23,23,23,23,SMK25,SMQ25,1,1
ZM,2025-03-31T18:20:00Z,14,23,23,23,23,23,SMK25,SMQ25,1,1
ZM,2025-04-01T18:20:00Z,14,23,23,23,23,23,SMK25,SMQ25,1,1
ZM,2025-04-02T18:20:00Z,14,23,23,23,23,23,SMK25,SMQ25,1,1
ZM,2025-04-03T18:20:00Z,14,23,23,23,23,23,SMK25,SMQ25,1,1
ZM,2025-04-04T18:20:00Z,14,23,23,23,23,23,SMK25,SMQ25,1,1
ZM,2025-04-07T18:20:00Z,14,23,23,23,23,23,SMK25,SMQ25,1,1
ZM,2025-04-08T18:20:00Z,14,23,23,23,23,23,SMK25,SMQ25,1,1
ZM,2025-04-09T18:20:00Z,14,23,23,23,23,23,SMK25,SMQ25,1,1
ZM,2025-04-10T18:20:00Z,14,23,23,23,23,23,SMK25,SMQ25,1,1
ZM,2025-04-11T18:20:00Z,14,23,23,23,23,23,SMK25,SMQ25,1,1
ZM,2025-04-14T18:20:00Z,14,23,23,23,23,23,SMK25,SMQ25,1,1
ZM,2025-04-15T18:20:00Z,14,23,23,23,23,23,SMK25,SMQ25,1,1
ZM,2025-04-16T18:20:00Z,14,23,23,23,23,23,SMK25,SMQ25,1,1
ZM,2025-04-17T18:20:00Z,14,23,23,23,23,23,SMK25,SMQ25,1,1
ZM,2025-04-21T18:20:00Z,14,23,23,23,23,23,SMK25,SMQ25,1,1
ZM,2025-04-22T18:20:00Z,14,23,23,23,23,23,SMK25,SMQ25,1,1
ZM,2025-04-23T18:20:00Z,14,23,23,23,23,23,SMK25,SMQ25,1,1
ZM,2025-04-24T18:20:00Z,14,23,23,23,23,23,SMK25,SMQ25,1,1
ZM,2025-04-25T18:20:00Z,14,23,23,23,23,23,SMK25,SMQ25,1,1
ZM,2025-04-28T18:20:00Z,14,23,23,23,23,23,SMK25,SMQ25,1,1
ZM,2025-04-29T18:20:00Z,14,23,23,23,23,23,SMK25,SMQ25,1,1
ZM,2025-04-30T18:20:00Z,14,23,23,23,23,23,SMK25,SMQ25,1,1
ZM,2025-05-01T18:20:00Z,14,23,23,23,23,23,SMK25,SMQ25,1,1
ZM,2025-05-02T18:20:00Z,14,23,23,23,23,23,SMK25,SMQ25,1,1
ZM,2025-05-05T18:20:00Z,14,23,23,23,23,23,SMK25,SMQ25,1,1
ZM,2025-05-06T18:20:00Z,14,23,23,23,23,23,SMK25,SMQ25,1,1
ZM,2025-05-07T18:20:00Z,14,23,23,23,23,23,SMK25,SMQ25,1,1
ZM,2025-05-08T18:20:00Z,14,23,23,23,23,23,SMK25,SMQ25,1,1
ZM,2025-05-09T18:20:00Z,14,23,23,23,23,23,SMK25,SMQ25,1,1
ZM,2025-05-12T18:20:00Z,14,23,23,23,23,23,SMK25,SMQ25,1,1
ZM,2025-05-13T18:20:00Z,14,23,23,23,23,23,SMK25,SMQ25,1,1
ZM,2025-05-14T18:20:00Z,14,23,23,23,23,23,SMK25,SMQ25,1,1
ZM,2025-05-15T18:20:00Z,13,20,20,20,20,20,SMN25,SMV25,1,1
ZM,2025-05-16T18:20:00Z,13,20,20,20,20,20,SMN25,SMV25,1,1
ZM,2025-05-19T18:20:00Z,13,20,20,20,20,20,SMN25,SMV25,1,1
ZM,2025-05-20T18:20:00Z,13,20,20,20,20,20,SMN25,SMV25,1,1
ZM,2025-05-21T18:20:00Z,13,20,20,20,20,20,SMN25,SMV25,1,1
ZM,2025-05-22T18:20:00Z,13,20,20,20,20,20,SMN25,SMV25,1,1
ZM,2025-05-23T18:20:00Z,13,20,20,20,20,20,SMN25,SMV25,1,1
ZM,2025-05-27T18:20:00Z,13,20,18,20,18,18,SMN25,SMV25,1,1
ZM,2025-05-28T18:20:00Z,13,20,18,20,18,18,SMN25,SMV25,1,1
ZM,2025-05-29T18:20:00Z,13,20,20,20,20,20,SMN25,SMV25,1,1
ZM,2025-05-30T18:20:00Z,13,20,20,20,20,20,SMN25,SMV25,1,1
ZM,2025-06-02T18:20:00Z,13,20,20,20,20,20,SMN25,SMV25,1,1
ZM,2025-06-03T18:20:00Z,13,20,20,20,20,20,SMN25,SMV25,1,1
ZM,2025-06-04T18:20:00Z,13,20,20,20,20,20,SMN25,SMV25,1,1
ZM,2025-06-05T18:20:00Z,13,20,20,20,20,20,SMN25,SMV25,1,1
ZM,2025-06-06T18:20:00Z,13,20,20,20,20,20,SMN25,SMV25,1,1
ZM,2025-06-09T18:20:00Z,13,20,20,20,20,20,SMN25,SMV25,1,1
ZM,2025-06-10T18:20:00Z,13,20,20,20,20,20,SMN25,SMV25,1,1
ZM,2025-06-11T18:20:00Z,13,20,20,20,20,20,SMN25,SMV25,1,1
ZM,2025-06-12T18:20:00Z,13,20,20,20,20,20,SMN25,SMV25,1,1
ZM,2025-06-13T18:20:00Z,13,20,20,20,20,20,SMN25,SMV25,1,1
ZM,2025-06-16T18:20:00Z,13,20,20,20,20,20,SMN25,SMV25,1,1
ZM,2025-06-17T18:20:00Z,13,20,20,20,20,20,SMN25,SMV25,1,1
ZM,2025-06-18T18:20:00Z,13,20,20,20,20,20,SMN25,SMV25,1,1
ZM,2025-06-20T18:20:00Z,13,20,20,20,20,20,SMN25,SMV25,1,1
ZM,2025-06-23T18:20:00Z,13,20,20,20,20,20,SMN25,SMV25,1,1
ZM,2025-06-24T18:20:00Z,13,20,20,20,20,20,SMN25,SMV25,1,1
ZM,2025-06-25T18:20:00Z,13,20,20,20,20,20,SMN25,SMV25,1,1
ZM,2025-06-26T18:20:00Z,13,20,20,20,20,20,SMN25,SMV25,1,1
ZM,2025-06-27T18:20:00Z,13,20,20,20,20,20,SMN25,SMV25,1,1
ZM,2025-06-30T18:20:00Z,13,20,20,20,20,20,SMN25,SMV25,1,1
ZM,2025-07-01T18:20:00Z,13,20,20,20,20,20,SMN25,SMV25,1,1
ZM,2025-07-02T18:20:00Z,13,20,20,20,20,20,SMN25,SMV25,1,1
ZM,2025-07-03T18:20:00Z,13,20,20,20,20,20,SMN25,SMV25,1,1
ZM,2025-07-07T18:20:00Z,13,20,20,20,20,20,SMN25,SMV25,1,1
ZM,2025-07-08T18:20:00Z,13,20,20,20,20,20,SMN25,SMV25,1,1
ZM,2025-07-09T18:20:00Z,13,20,20,20,20,20,SMN25,SMV25,1,1
ZM,2025-07-10T18:20:00Z,13,20,20,20,20,20,SMN25,SMV25,1,1
ZM,2025-07-11T18:20:00Z,13,20,20,20,20,20,SMN25,SMV25,1,1
ZM,2025-07-14T18:20:00Z,13,20,20,20,20,20,SMN25,SMV25,1,1
ZM,2025-07-15T18:20:00Z,12,18,18,18,18,18,SMQ25,SMZ25,1,1
ZM,2025-07-16T18:20:00Z,12,18,18,18,18,18,SMQ25,SMZ25,1,1
ZM,2025-07-17T18:20:00Z,12,18,18,18,18,18,SMQ25,SMZ25,1,1
ZM,2025-07-18T18:20:00Z,12,18,18,18,18,18,SMQ25,SMZ25,1,1
ZM,2025-07-21T18:20:00Z,12,18,18,18,18,18,SMQ25,SMZ25,1,1
ZM,2025-07-22T18:20:00Z,12,18,18,18,18,18,SMQ25,SMZ25,1,1
ZM,2025-07-23T18:20:00Z,12,18,18,18,18,18,SMQ25,SMZ25,1,1
ZM,2025-07-24T18:20:00Z,12,18,18,18,18,18,SMQ25,SMZ25,1,1
ZM,2025-07-25T18:20:00Z,12,18,18,18,18,18,SMQ25,SMZ25,1,1
ZM,2025-07-28T18:20:00Z,12,18,18,18,18,18,SMQ25,SMZ25,1,1
ZM,2025-07-29T18:20:00Z,12,18,18,18,18,18,SMQ25,SMZ25,1,1
ZM,2025-07-30T18:20:00Z,12,18,18,18,18,18,SMQ25,SMZ25,1,1
ZM,2025-07-31T18:20:00Z,12,18,18,18,18,18,SMQ25,SMZ25,1,1
ZM,2025-08-01T18:20:00Z,12,18,18,18,18,18,SMQ25,SMZ25,1,1
ZM,2025-08-04T18:20:00Z,12,18,18,18,18,18,SMQ25,SMZ25,1,1
ZM,2025-08-05T18:20:00Z,12,18,18,18,18,18,SMQ25,SMZ25,1,1
ZM,2025-08-06T18:20:00Z,12,18,18,18,18,18,SMQ25,SMZ25,1,1
ZM,2025-08-07T18:20:00Z,12,18,18,18,18,18,SMQ25,SMZ25,1,1
ZM,2025-08-08T18:20:00Z,12,18,18,18,18,18,SMQ25,SMZ25,1,1
ZM,2025-08-11T18:20:00Z,12,18,18,18,18,18,SMQ25,SMZ25,1,1
ZM,2025-08-12T18:20:00Z,12,18,18,18,18,18,SMQ25,SMZ25,1,1
ZM,2025-08-13T18:20:00Z,12,18,18,18,18,18,SMQ25,SMZ25,1,1
ZM,2025-08-14T18:20:00Z,12,18,18,18,18,18,SMQ25,SMZ25,1,1
ZM,2025-08-15T18:20:00Z,11,16,16,16,16,16,SMU25,SMZ25,1,1
ZM,2025-08-18T18:20:00Z,11,16,16,16,16,16,SMU25,SMZ25,1,1
ZM,2025-08-19T18:20:00Z,11,16,16,16,16,16,SMU25,SMZ25,1,1
ZM,2025-08-20T18:20:00Z,11,16,16,16,16,16,SMU25,SMZ25,1,1
ZM,2025-08-21T18:20:00Z,11,16,16,16,16,16,SMU25,SMZ25,1,1
ZM,2025-08-22T18:20:00Z,11,16,16,16,16,16,SMU25,SMZ25,1,1
ZM,2025-08-25T18:20:00Z,11,16,16,16,16,16,SMU25,SMZ25,1,1
ZM,2025-08-26T18:20:00Z,11,16,16,16,16,16,SMU25,SMZ25,1,1
ZM,2025-08-27T18:20:00Z,11,16,16,16,16,16,SMU25,SMZ25,1,1
ZM,2025-08-28T18:20:00Z,11,16,16,16,16,16,SMU25,SMZ25,1,1
ZM,2025-08-29T18:20:00Z,11,16,16,16,16,16,SMU25,SMZ25,1,1
ZM,2025-09-02T18:20:00Z,11,16,16,16,16,16,SMU25,SMZ25,1,1
ZM,2025-09-03T18:20:00Z,11,16,16,16,16,16,SMU25,SMZ25,1,1
ZM,2025-09-04T18:20:00Z,11,16,16,16,16,16,SMU25,SMZ25,1,1
ZM,2025-09-05T18:20:00Z,11,16,16,16,16,16,SMU25,SMZ25,1,1
ZM,2025-09-08T18:20:00Z,11,16,16,16,16,16,SMU25,SMZ25,1,1
ZM,2025-09-09T18:20:00Z,11,16,16,16,16,16,SMU25,SMZ25,1,1
ZM,2025-09-10T18:20:00Z,11,16,16,16,16,16,SMU25,SMZ25,1,1
ZM,2025-09-11T18:20:00Z,11,16,16,16,16,16,SMU25,SMZ25,1,1
ZM,2025-09-12T18:20:00Z,10,14,14,14,14,14,SMV25,SMF26,1,1
ZM,2025-09-15T18:20:00Z,10,14,14,14,14,14,SMV25,SMF26,1,1
ZM,2025-09-16T18:20:00Z,10,14,14,14,14,14,SMV25,SMF26,1,1
ZM,2025-09-17T18:20:00Z,10,14,14,14,14,14,SMV25,SMF26,1,1
ZM,2025-09-18T18:20:00Z,10,14,14,14,14,14,SMV25,SMF26,1,1
ZM,2025-09-19T18:20:00Z,10,14,14,14,14,14,SMV25,SMF26,1,1
ZM,2025-09-22T18:20:00Z,10,14,14,14,14,14,SMV25,SMF26,1,1
ZM,2025-09-23T18:20:00Z,10,14,14,14,14,14,SMV25,SMF26,1,1
ZM,2025-09-24T18:20:00Z,10,14,14,14,14,14,SMV25,SMF26,1,1
ZM,2025-09-25T18:20:00Z,10,14,14,14,14,14,SMV25,SMF26,1,1
ZM,2025-09-26T18:20:00Z,10,14,14,14,14,14,SMV25,SMF26,1,1
ZM,2025-09-29T18:20:00Z,10,14,14,14,14,14,SMV25,SMF26,1,1
ZM,2025-09-30T18:20:00Z,10,14,14,14,14,14,SMV25,SMF26,1,1
ZM,2025-10-01T18:20:00Z,10,14,14,14,14,14,SMV25,SMF26,1,1
ZM,2025-10-02T18:20:00Z,10,14,14,14,14,14,SMV25,SMF26,1,1
ZM,2025-10-03T18:20:00Z,10,14,14,14,14,14,SMV25,SMF26,1,1
ZM,2025-10-06T18:20:00Z,10,14,14,14,14,14,SMV25,SMF26,1,1
ZM,2025-10-07T18:20:00Z,10,14,14,14,14,14,SMV25,SMF26,1,1
ZM,2025-10-08T18:20:00Z,10,14,14,14,14,14,SMV25,SMF26,1,1
ZM,2025-10-09T18:20:00Z,10,14,14,14,14,14,SMV25,SMF26,1,1
ZM,2025-10-10T18:20:00Z,10,14,14,14,14,14,SMV25,SMF26,1,1
ZM,2025-10-13T18:20:00Z,10,14,14,14,14,14,SMV25,SMF26,1,1
ZM,2025-10-14T18:20:00Z,10,14,14,14,14,14,SMV25,SMF26,1,1
ZM,2025-10-15T18:20:00Z,9,12,12,12,12,12,SMZ25,SMH26,1,1
ZM,2025-10-16T18:20:00Z,9,12,12,12,12,12,SMZ25,SMH26,1,1
ZM,2025-10-17T18:20:00Z,9,12,12,12,12,12,SMZ25,SMH26,1,1
ZM,2025-10-20T18:20:00Z,9,12,12,12,12,12,SMZ25,SMH26,1,1
ZM,2025-10-21T18:20:00Z,9,12,12,12,12,12,SMZ25,SMH26,1,1
ZM,2025-10-22T18:20:00Z,9,12,12,12,12,12,SMZ25,SMH26,1,1
ZM,2025-10-23T18:20:00Z,9,12,12,12,12,12,SMZ25,SMH26,1,1
ZM,2025-10-24T18:20:00Z,9,12,12,12,12,12,SMZ25,SMH26,1,1
ZM,2025-10-27T18:20:00Z,9,12,12,12,12,12,SMZ25,SMH26,1,1
ZM,2025-10-28T18:20:00Z,9,12,12,12,12,12,SMZ25,SMH26,1,1
ZM,2025-10-29T18:20:00Z,9,12,12,12,12,12,SMZ25,SMH26,1,1
ZM,2025-10-30T18:20:00Z,9,12,12,12,12,12,SMZ25,SMH26,1,1
ZM,2025-10-31T18:20:00Z,9,12,12,12,12,12,SMZ25,SMH26,1,1
ZM,2025-11-03T19:20:00Z,9,12,12,12,12,12,SMZ25,SMH26,1,1
ZM,2025-11-04T19:20:00Z,9,12,12,12,12,12,SMZ25,SMH26,1,1
ZM,2025-11-05T19:20:00Z,9,12,12,12,12,12,SMZ25,SMH26,1,1
ZM,2025-11-06T19:20:00Z,9,12,12,12,12,12,SMZ25,SMH26,1,1
ZM,2025-11-07T19:20:00Z,9,12,12,12,12,12,SMZ25,SMH26,1,1
ZM,2025-11-10T19:20:00Z,9,12,12,12,12,12,SMZ25,SMH26,1,1
ZM,2025-11-11T19:20:00Z,9,12,12,12,12,12,SMZ25,SMH26,1,1
ZM,2025-11-12T19:20:00Z,9,12,12,12,12,12,SMZ25,SMH26,1,1
ZM,2025-11-13T19:20:00Z,9,12,12,12,12,12,SMZ25,SMH26,1,1
ZM,2025-11-14T19:20:00Z,9,12,12,12,12,12,SMZ25,SMH26,1,1
ZM,2025-11-17T19:20:00Z,9,12,12,12,12,12,SMZ25,SMH26,1,1
ZM,2025-11-18T19:20:00Z,9,12,12,12,12,12,SMZ25,SMH26,1,1
ZM,2025-11-19T19:20:00Z,9,12,12,12,12,12,SMZ25,SMH26,1,1
ZM,2025-11-20T19:20:00Z,9,12,12,12,12,12,SMZ25,SMH26,1,1
ZM,2025-11-21T19:20:00Z,9,12,12,12,12,12,SMZ25,SMH26,1,1
ZM,2025-11-24T19:20:00Z,9,12,12,12,12,12,SMZ25,SMH26,1,1
ZM,2025-11-25T19:20:00Z,9,12,12,12,12,12,SMZ25,SMH26,1,1
ZM,2025-11-26T19:20:00Z,9,12,12,12,12,12,SMZ25,SMH26,1,1
ZM,2025-11-28T19:20:00Z,9,12,12,12,12,12,SMZ25,SMH26,1,1
ZM,2025-12-01T19:20:00Z,9,12,12,12,12,12,SMZ25,SMH26,1,1
ZM,2025-12-02T19:20:00Z,9,12,12,12,12,12,SMZ25,SMH26,1,1
ZM,2025-12-03T19:20:00Z,9,12,12,12,12,12,SMZ25,SMH26,1,1
ZM,2025-12-04T19:20:00Z,9,12,12,12,12,12,SMZ25,SMH26,1,1
ZM,2025-12-05T19:20:00Z,9,12,12,12,12,12,SMZ25,SMH26,1,1
ZM,2025-12-08T19:20:00Z,9,12,12,12,12,12,SMZ25,SMH26,1,1
ZM,2025-12-09T19:20:00Z,9,12,12,12,12,12,SMZ25,SMH26,1,1
ZM,2025-12-10T19:20:00Z,9,12,12,12,12,12,SMZ25,SMH26,1,1
ZM,2025-12-11T19:20:00Z,9,12,12,12,12,12,SMZ25,SMH26,1,1
ZM,2025-12-12T19:20:00Z,9,12,12,12,12,12,SMZ25,SMH26,1,1
ZM,2025-12-15T19:20:00Z,8,10,10,10,10,10,SMF26,SMK26,1,1
ZM,2025-12-16T19:20:00Z,8,10,10,10,10,10,SMF26,SMK26,1,1
ZM,2025-12-17T19:20:00Z,8,10,10,10,10,10,SMF26,SMK26,1,1
ZM,2025-12-18T19:20:00Z,8,10,10,10,10,10,SMF26,SMK26,1,1
ZM,2025-12-19T19:20:00Z,8,10,10,10,10,10,SMF26,SMK26,1,1
ZM,2025-12-22T19:20:00Z,8,10,10,10,10,10,SMF26,SMK26,1,1
ZM,2025-12-23T19:20:00Z,8,10,10,10,10,10,SMF26,SMK26,1,1
ZM,2025-12-24T19:20:00Z,8,10,10,10,10,10,SMF26,SMK26,1,1
ZM,2025-12-26T19:20:00Z,8,10,10,10,10,10,SMF26,SMK26,1,1
ZM,2025-12-29T19:20:00Z,8,10,10,10,10,10,SMF26,SMK26,1,1
ZM,2025-12-30T19:20:00Z,8,10,10,10,10,10,SMF26,SMK26,1,1
ZM,2025-12-31T19:20:00Z,8,10,10,10,10,10,SMF26,SMK26,1,1
ZL,2025-01-02T19:20:00Z,16,26,19,26,19,19,BOF25,BOK25,1,1
ZL,2025-01-03T19:20:00Z,16,26,26,26,26,26,BOF25,BOK25,1,1
ZL,2025-01-06T19:20:00Z,16,26,18,26,18,18,BOF25,BOK25,1,1
ZL,2025-01-07T19:20:00Z,16,26,18,26,18,18,BOF25,BOK25,1,1
ZL,2025-01-08T19:20:00Z,16,26,18,26,18,18,BOF25,BOK25,1,1
ZL,2025-01-10T19:20:00Z,16,26,22,26,22,22,BOF25,BOK25,1,1
ZL,2025-01-13T19:20:00Z,16,26,21,26,21,21,BOF25,BOK25,1,1
ZL,2025-01-14T19:20:00Z,16,26,21,26,21,21,BOF25,BOK25,1,1
ZL,2025-01-15T19:20:00Z,15,25,20,25,20,20,BOH25,BON25,1,1
ZL,2025-01-16T19:20:00Z,15,25,22,25,22,22,BOH25,BON25,1,1
ZL,2025-01-17T19:20:00Z,15,25,20,25,20,20,BOH25,BON25,1,1
ZL,2025-01-21T19:20:00Z,15,25,20,25,20,20,BOH25,BON25,1,1
ZL,2025-01-22T19:20:00Z,15,25,25,25,25,25,BOH25,BON25,1,1
ZL,2025-01-23T19:20:00Z,15,25,25,25,25,25,BOH25,BON25,1,1
ZL,2025-01-24T19:20:00Z,15,25,22,25,22,22,BOH25,BON25,1,1
ZL,2025-01-27T19:20:00Z,15,25,17,25,17,17,BOH25,BON25,1,1
ZL,2025-01-28T19:20:00Z,15,25,18,25,18,18,BOH25,BON25,1,1
ZL,2025-01-29T19:20:00Z,15,25,18,25,18,18,BOH25,BON25,1,1
ZL,2025-01-30T19:20:00Z,15,25,17,25,17,17,BOH25,BON25,1,1
ZL,2025-01-31T19:20:00Z,15,25,25,25,25,25,BOH25,BON25,1,1
ZL,2025-02-03T19:20:00Z,15,25,20,25,20,20,BOH25,BON25,1,1
ZL,2025-02-04T19:20:00Z,15,25,25,25,25,25,BOH25,BON25,1,1
ZL,2025-02-05T19:20:00Z,15,25,25,25,25,25,BOH25,BON25,1,1
ZL,2025-02-06T19:20:00Z,15,25,22,25,22,22,BOH25,BON25,1,1
ZL,2025-02-07T19:20:00Z,15,25,22,25,22,22,BOH25,BON25,1,1
ZL,2025-02-10T19:20:00Z,15,25,16,25,16,16,BOH25,BON25,1,1
ZL,2025-02-11T19:20:00Z,15,25,17,25,17,17,BOH25,BON25,1,1
ZL,2025-02-12T19:20:00Z,15,25,18,25,18,18,BOH25,BON25,1,1
ZL,2025-02-13T19:20:00Z,15,25,19,25,19,19,BOH25,BON25,1,1
ZL,2025-02-14T19:20:00Z,15,25,25,25,25,25,BOH25,BON25,1,1
ZL,2025-02-18T19:20:00Z,15,25,17,25,17,17,BOH25,BON25,1,1
ZL,2025-02-19T19:20:00Z,15,25,17,25,17,17,BOH25,BON25,1,1
ZL,2025-02-20T19:20:00Z,15,25,18,25,18,18,BOH25,BON25,1,1
ZL,2025-02-21T19:20:00Z,15,25,25,25,25,25,BOH25,BON25,1,1
ZL,2025-02-24T19:20:00Z,15,25,18,25,18,18,BOH25,BON25,1,1
ZL,2025-02-25T19:20:00Z,15,25,22,25,22,22,BOH25,BON25,1,1
ZL,2025-02-26T19:20:00Z,15,25,25,25,25,25,BOH25,BON25,1,1
ZL,2025-02-27T19:20:00Z,15,25,21,25,21,21,BOH25,BON25,1,1
ZL,2025-02-28T19:20:00Z,15,25,25,25,25,25,BOH25,BON25,1,1
ZL,2025-03-03T19:20:00Z,15,25,25,25,25,25,BOH25,BON25,1,1
ZL,2025-03-04T19:20:00Z,15,25,25,25,25,25,BOH25,BON25,1,1
ZL,2025-03-05T19:20:00Z,15,25,25,25,25,25,BOH25,BON25,1,1
ZL,2025-03-06T19:20:00Z,15,25,25,25,25,25,BOH25,BON25,1,1
ZL,2025-03-07T19:20:00Z,15,25,25,25,25,25,BOH25,BON25,1,1
ZL,2025-03-10T18:20:00Z,15,25,25,25,25,25,BOH25,BON25,1,1
ZL,2025-03-11T18:20:00Z,15,25,21,25,21,21,BOH25,BON25,1,1
ZL,2025-03-12T18:20:00Z,15,25,25,25,25,25,BOH25,BON25,1,1
ZL,2025-03-13T18:20:00Z,15,25,25,25,25,25,BOH25,BON25,1,1
ZL,2025-03-14T18:20:00Z,15,25,25,25,25,25,BOH25,BON25,1,1
ZL,2025-03-17T18:20:00Z,14,23,23,23,23,23,BOK25,BOQ25,1,1
ZL,2025-03-18T18:20:00Z,14,23,23,23,23,23,BOK25,BOQ25,1,1
ZL,2025-03-19T18:20:00Z,14,23,23,23,23,23,BOK25,BOQ25,1,1
ZL,2025-03-20T18:20:00Z,14,23,16,23,16,16,BOK25,BOQ25,1,1
ZL,2025-03-21T18:20:00Z,14,23,23,23,23,23,BOK25,BOQ25,1,1
ZL,2025-03-24T18:20:00Z,14,23,16,23,16,16,BOK25,BOQ25,1,1
ZL,2025-03-25T18:20:00Z,14,23,23,23,23,23,BOK25,BOQ25,1,1
ZL,2025-03-26T18:20:00Z,14,23,23,23,23,23,BOK25,BOQ25,1,1
ZL,2025-03-27T18:20:00Z,14,23,21,23,21,21,BOK25,BOQ25,1,1
ZL,2025-03-28T18:20:00Z,14,23,23,23,23,23,BOK25,BOQ25,1,1
ZL,2025-03-31T18:20:00Z,14,23,23,23,23,23,BOK25,BOQ25,1,1
ZL,2025-04-01T18:20:00Z,14,23,23,23,23,23,BOK25,BOQ25,1,1
ZL,2025-04-02T18:20:00Z,14,23,23,23,23,23,BOK25,BOQ25,1,1
ZL,2025-04-03T18:20:00Z,14,23,23,23,23,23,BOK25,BOQ25,1,1
ZL,2025-04-04T18:20:00Z,14,23,23,23,23,23,BOK25,BOQ25,1,1
ZL,2025-04-07T18:20:00Z,14,23,23,23,23,23,BOK25,BOQ25,1,1
ZL,2025-04-08T18:20:00Z,14,23,23,23,23,23,BOK25,BOQ25,1,1
ZL,2025-04-09T18:20:00Z,14,23,23,23,23,23,BOK25,BOQ25,1,1
ZL,2025-04-10T18:20:00Z,14,23,23,23,23,23,BOK25,BOQ25,1,1
ZL,2025-04-11T18:20:00Z,14,23,23,23,23,23,BOK25,BOQ25,1,1
ZL,2025-04-14T18:20:00Z,14,23,19,23,19,19,BOK25,BOQ25,1,1
ZL,2025-04-15T18:20:00Z,14,23,23,23,23,23,BOK25,BOQ25,1,1
ZL,2025-04-16T18:20:00Z,14,23,23,23,23,23,BOK25,BOQ25,1,1
ZL,2025-04-17T18:20:00Z,14,23,23,23,23,23,BOK25,BOQ25,1,1
ZL,2025-04-21T18:20:00Z,14,23,17,23,17,17,BOK25,BOQ25,1,1
ZL,2025-04-22T18:20:00Z,14,23,23,23,23,23,BOK25,BOQ25,1,1
ZL,2025-04-23T18:20:00Z,14,23,19,23,19,19,BOK25,BOQ25,1,1
ZL,2025-04-24T18:20:00Z,14,23,23,23,23,23,BOK25,BOQ25,1,1
ZL,2025-04-25T18:20:00Z,14,23,23,23,23,23,BOK25,BOQ25,1,1
ZL,2025-04-28T18:20:00Z,14,23,23,23,23,23,BOK25,BOQ25,1,1
ZL,2025-04-29T18:20:00Z,14,23,23,23,23,23,BOK25,BOQ25,1,1
ZL,2025-04-30T18:20:00Z,14,23,23,23,23,23,BOK25,BOQ25,1,1
ZL,2025-05-01T18:20:00Z,14,23,23,23,23,23,BOK25,BOQ25,1,1
ZL,2025-05-02T18:20:00Z,14,23,23,23,23,23,BOK25,BOQ25,1,1
ZL,2025-05-05T18:20:00Z,14,23,23,23,23,23,BOK25,BOQ25,1,1
ZL,2025-05-06T18:20:00Z,14,23,21,23,21,21,BOK25,BOQ25,1,1
ZL,2025-05-07T18:20:00Z,14,23,23,23,23,23,BOK25,BOQ25,1,1
ZL,2025-05-08T18:20:00Z,14,23,23,23,23,23,BOK25,BOQ25,1,1
ZL,2025-05-09T18:20:00Z,14,23,23,23,23,23,BOK25,BOQ25,1,1
ZL,2025-05-12T18:20:00Z,14,23,23,23,23,23,BOK25,BOQ25,1,1
ZL,2025-05-13T18:20:00Z,14,23,23,23,23,23,BOK25,BOQ25,1,1
ZL,2025-05-14T18:20:00Z,14,23,20,23,20,20,BOK25,BOQ25,0,0
ZL,2025-05-15T18:20:00Z,13,20,20,20,20,20,BON25,BOV25,1,1
ZL,2025-05-16T18:20:00Z,13,20,20,20,20,20,BON25,BOV25,1,1
ZL,2025-05-19T18:20:00Z,13,20,20,20,20,20,BON25,BOV25,1,1
ZL,2025-05-20T18:20:00Z,13,20,20,20,20,20,BON25,BOV25,1,1
ZL,2025-05-21T18:20:00Z,13,20,20,20,20,20,BON25,BOV25,1,1
ZL,2025-05-22T18:20:00Z,13,20,20,20,20,20,BON25,BOV25,1,1
ZL,2025-05-23T18:20:00Z,13,20,20,20,20,20,BON25,BOV25,1,1
ZL,2025-05-27T18:20:00Z,13,20,20,20,20,20,BON25,BOV25,1,1
ZL,2025-05-28T18:20:00Z,13,20,20,20,20,20,BON25,BOV25,1,1
ZL,2025-05-29T18:20:00Z,13,20,20,20,20,20,BON25,BOV25,1,1
ZL,2025-05-30T18:20:00Z,13,20,20,20,20,20,BON25,BOV25,1,1
ZL,2025-06-02T18:20:00Z,13,20,20,20,20,20,BON25,BOV25,1,1
ZL,2025-06-03T18:20:00Z,13,20,20,20,20,20,BON25,BOV25,1,1
ZL,2025-06-04T18:20:00Z,13,20,20,20,20,20,BON25,BOV25,1,1
ZL,2025-06-05T18:20:00Z,13,20,20,20,20,20,BON25,BOV25,1,1
ZL,2025-06-06T18:20:00Z,13,20,20,20,20,20,BON25,BOV25,1,1
ZL,2025-06-09T18:20:00Z,13,20,20,20,20,20,BON25,BOV25,1,1
ZL,2025-06-10T18:20:00Z,13,20,18,20,18,18,BON25,BOV25,1,1
ZL,2025-06-11T18:20:00Z,13,20,20,20,20,20,BON25,BOV25,1,1
ZL,2025-06-12T18:20:00Z,13,20,20,20,20,20,BON25,BOV25,1,1
ZL,2025-06-13T18:20:00Z,13,20,20,20,20,20,BON25,BOV25,1,1
ZL,2025-06-16T18:20:00Z,13,20,20,20,20,20,BON25,BOV25,1,1
ZL,2025-06-17T18:20:00Z,13,20,20,20,20,20,BON25,BOV25,1,1
ZL,2025-06-18T18:20:00Z,13,20,20,20,20,20,BON25,BOV25,1,1
ZL,2025-06-20T18:20:00Z,13,20,20,20,20,20,BON25,BOV25,1,1
ZL,2025-06-23T18:20:00Z,13,20,20,20,20,20,BON25,BOV25,1,1
ZL,2025-06-24T18:20:00Z,13,20,20,20,20,20,BON25,BOV25,1,1
ZL,2025-06-25T18:20:00Z,13,20,20,20,20,20,BON25,BOV25,1,1
ZL,2025-06-26T18:20:00Z,13,20,20,20,20,20,BON25,BOV25,1,1
ZL,2025-06-27T18:20:00Z,13,20,20,20,20,20,BON25,BOV25,1,1
ZL,2025-06-30T18:20:00Z,13,20,20,20,20,20,BON25,BOV25,1,1
ZL,2025-07-01T18:20:00Z,13,20,20,20,20,20,BON25,BOV25,1,1
ZL,2025-07-02T18:20:00Z,13,20,20,20,20,20,BON25,BOV25,1,1
ZL,2025-07-03T18:20:00Z,13,20,20,20,20,20,BON25,BOV25,1,1
ZL,2025-07-07T18:20:00Z,13,20,20,20,20,20,BON25,BOV25,1,1
ZL,2025-07-08T18:20:00Z,13,20,20,20,20,20,BON25,BOV25,1,1
ZL,2025-07-09T18:20:00Z,13,20,20,20,20,20,BON25,BOV25,1,1
ZL,2025-07-10T18:20:00Z,13,20,20,20,20,20,BON25,BOV25,1,1
ZL,2025-07-11T18:20:00Z,13,20,20,20,20,20,BON25,BOV25,1,1
ZL,2025-07-14T18:20:00Z,12,18,18,18,18,18,BOQ25,BOZ25,1,1
ZL,2025-07-15T18:20:00Z,12,18,18,18,18,18,BOQ25,BOZ25,1,1
ZL,2025-07-16T18:20:00Z,12,18,18,18,18,18,BOQ25,BOZ25,1,1
ZL,2025-07-17T18:20:00Z,12,18,18,18,18,18,BOQ25,BOZ25,1,1
ZL,2025-07-18T18:20:00Z,12,18,18,18,18,18,BOQ25,BOZ25,1,1
ZL,2025-07-21T18:20:00Z,12,18,18,18,18,18,BOQ25,BOZ25,1,1
ZL,2025-07-22T18:20:00Z,12,18,18,18,18,18,BOQ25,BOZ25,1,1
ZL,2025-07-23T18:20:00Z,12,18,18,18,18,18,BOQ25,BOZ25,1,1
ZL,2025-07-24T18:20:00Z,12,18,18,18,18,18,BOQ25,BOZ25,1,1
ZL,2025-07-25T18:20:00Z,12,18,18,18,18,18,BOQ25,BOZ25,1,1
ZL,2025-07-28T18:20:00Z,12,18,18,18,18,18,BOQ25,BOZ25,1,1
ZL,2025-07-29T18:20:00Z,12,18,18,18,18,18,BOQ25,BOZ25,1,1
ZL,2025-07-30T18:20:00Z,12,18,18,18,18,18,BOQ25,BOZ25,1,1
ZL,2025-07-31T18:20:00Z,12,18,18,18,18,18,BOQ25,BOZ25,1,1
ZL,2025-08-01T18:20:00Z,12,18,18,18,18,18,BOQ25,BOZ25,1,1
ZL,2025-08-04T18:20:00Z,12,18,18,18,18,18,BOQ25,BOZ25,1,1
ZL,2025-08-05T18:20:00Z,12,18,18,18,18,18,BOQ25,BOZ25,1,1
ZL,2025-08-06T18:20:00Z,12,18,18,18,18,18,BOQ25,BOZ25,1,1
ZL,2025-08-07T18:20:00Z,12,18,18,18,18,18,BOQ25,BOZ25,1,1
ZL,2025-08-08T18:20:00Z,12,18,18,18,18,18,BOQ25,BOZ25,1,1
ZL,2025-08-11T18:20:00Z,12,18,18,18,18,18,BOQ25,BOZ25,1,1
ZL,2025-08-12T18:20:00Z,12,18,18,18,18,18,BOQ25,BOZ25,1,1
ZL,2025-08-13T18:20:00Z,12,18,18,18,18,18,BOQ25,BOZ25,1,1
ZL,2025-08-14T18:20:00Z,12,18,18,18,18,18,BOQ25,BOZ25,1,1
ZL,2025-08-15T18:20:00Z,11,16,16,16,16,16,BOU25,BOZ25,1,1
ZL,2025-08-18T18:20:00Z,11,16,16,16,16,16,BOU25,BOZ25,1,1
ZL,2025-08-19T18:20:00Z,11,16,16,16,16,16,BOU25,BOZ25,1,1
ZL,2025-08-20T18:20:00Z,11,16,16,16,16,16,BOU25,BOZ25,1,1
ZL,2025-08-21T18:20:00Z,11,16,16,16,16,16,BOU25,BOZ25,1,1
ZL,2025-08-22T18:20:00Z,11,16,16,16,16,16,BOU25,BOZ25,1,1
ZL,2025-08-25T18:20:00Z,11,16,16,16,16,16,BOU25,BOZ25,1,1
ZL,2025-08-26T18:20:00Z,11,16,16,16,16,16,BOU25,BOZ25,1,1
ZL,2025-08-27T18:20:00Z,11,16,16,16,16,16,BOU25,BOZ25,1,1
ZL,2025-08-28T18:20:00Z,11,16,16,16,16,16,BOU25,BOZ25,1,1
ZL,2025-08-29T18:20:00Z,11,16,16,16,16,16,BOU25,BOZ25,1,1
ZL,2025-09-02T18:20:00Z,11,16,16,16,16,16,BOU25,BOZ25,1,1
ZL,2025-09-03T18:20:00Z,11,16,16,16,16,16,BOU25,BOZ25,1,1
ZL,2025-09-04T18:20:00Z,11,16,16,16,16,16,BOU25,BOZ25,1,1
ZL,2025-09-05T18:20:00Z,11,16,16,16,16,16,BOU25,BOZ25,1,1
ZL,2025-09-08T18:20:00Z,11,16,16,16,16,16,BOU25,BOZ25,1,1
ZL,2025-09-09T18:20:00Z,11,16,16,16,16,16,BOU25,BOZ25,1,1
ZL,2025-09-10T18:20:00Z,11,16,16,16,16,16,BOU25,BOZ25,1,1
ZL,2025-09-11T18:20:00Z,11,16,16,16,16,16,BOU25,BOZ25,1,1
ZL,2025-09-12T18:20:00Z,11,16,16,16,16,16,BOU25,BOZ25,1,1
ZL,2025-09-15T18:20:00Z,10,14,14,14,14,14,BOV25,BOF26,1,1
ZL,2025-09-16T18:20:00Z,10,14,14,14,14,14,BOV25,BOF26,1,1
ZL,2025-09-17T18:20:00Z,10,14,14,14,14,14,BOV25,BOF26,1,1
ZL,2025-09-18T18:20:00Z,10,14,14,14,14,14,BOV25,BOF26,1,1
ZL,2025-09-19T18:20:00Z,10,14,14,14,14,14,BOV25,BOF26,1,1
ZL,2025-09-22T18:20:00Z,10,14,14,14,14,14,BOV25,BOF26,1,1
ZL,2025-09-23T18:20:00Z,10,14,14,14,14,14,BOV25,BOF26,1,1
ZL,2025-09-24T18:20:00Z,10,14,14,14,14,14,BOV25,BOF26,1,1
ZL,2025-09-25T18:20:00Z,10,14,14,14,14,14,BOV25,BOF26,1,1
ZL,2025-09-26T18:20:00Z,10,14,14,14,14,14,BOV25,BOF26,1,1
ZL,2025-09-29T18:20:00Z,10,14,14,14,14,14,BOV25,BOF26,1,1
ZL,2025-09-30T18:20:00Z,10,14,14,14,14,14,BOV25,BOF26,1,1
ZL,2025-10-01T18:20:00Z,10,14,14,14,14,14,BOV25,BOF26,1,1
ZL,2025-10-02T18:20:00Z,10,14,14,14,14,14,BOV25,BOF26,1,1
ZL,2025-10-03T18:20:00Z,10,14,14,14,14,14,BOV25,BOF26,1,1
ZL,2025-10-06T18:20:00Z,10,14,14,14,14,14,BOV25,BOF26,1,1
ZL,2025-10-07T18:20:00Z,10,14,14,14,14,14,BOV25,BOF26,1,1
ZL,2025-10-08T18:20:00Z,10,14,14,14,14,14,BOV25,BOF26,1,1
ZL,2025-10-09T18:20:00Z,10,14,14,14,14,14,BOV25,BOF26,1,1
ZL,2025-10-10T18:20:00Z,10,14,14,14,14,14,BOV25,BOF26,1,1
ZL,2025-10-13T18:20:00Z,10,14,14,14,14,14,BOV25,BOF26,1,1
ZL,2025-10-14T18:20:00Z,10,14,14,14,14,14,BOV25,BOF26,1,1
ZL,2025-10-15T18:20:00Z,9,12,12,12,12,12,BOZ25,BOH26,1,1
ZL,2025-10-16T18:20:00Z,9,12,12,12,12,12,BOZ25,BOH26,1,1
ZL,2025-10-17T18:20:00Z,9,12,12,12,12,12,BOZ25,BOH26,1,1
ZL,2025-10-20T18:20:00Z,9,12,12,12,12,12,BOZ25,BOH26,1,1
ZL,2025-10-21T18:20:00Z,9,12,12,12,12,12,BOZ25,BOH26,1,1
ZL,2025-10-22T18:20:00Z,9,12,12,12,12,12,BOZ25,BOH26,1,1
ZL,2025-10-23T18:20:00Z,9,12,12,12,12,12,BOZ25,BOH26,1,1
ZL,2025-10-24T18:20:00Z,9,12,12,12,12,12,BOZ25,BOH26,1,1
ZL,2025-10-27T18:20:00Z,9,12,12,12,12,12,BOZ25,BOH26,1,1
ZL,2025-10-28T18:20:00Z,9,12,12,12,12,12,BOZ25,BOH26,1,1
ZL,2025-10-29T18:20:00Z,9,12,12,12,12,12,BOZ25,BOH26,1,1
ZL,2025-10-30T18:20:00Z,9,12,12,12,12,12,BOZ25,BOH26,1,1
ZL,2025-10-31T18:20:00Z,9,12,12,12,12,12,BOZ25,BOH26,1,1
ZL,2025-11-03T19:20:00Z,9,12,12,12,12,12,BOZ25,BOH26,1,1
ZL,2025-11-04T19:20:00Z,9,12,12,12,12,12,BOZ25,BOH26,1,1
ZL,2025-11-05T19:20:00Z,9,12,12,12,12,12,BOZ25,BOH26,1,1
ZL,2025-11-06T19:20:00Z,9,12,12,12,12,12,BOZ25,BOH26,1,1
ZL,2025-11-07T19:20:00Z,9,12,12,12,12,12,BOZ25,BOH26,1,1
ZL,2025-11-10T19:20:00Z,9,12,12,12,12,12,BOZ25,BOH26,1,1
ZL,2025-11-11T19:20:00Z,9,12,12,12,12,12,BOZ25,BOH26,1,1
ZL,2025-11-12T19:20:00Z,9,12,12,12,12,12,BOZ25,BOH26,1,1
ZL,2025-11-13T19:20:00Z,9,12,12,12,12,12,BOZ25,BOH26,1,1
ZL,2025-11-14T19:20:00Z,9,12,12,12,12,12,BOZ25,BOH26,1,1
ZL,2025-11-17T19:20:00Z,9,12,12,12,12,12,BOZ25,BOH26,1,1
ZL,2025-11-18T19:20:00Z,9,12,12,12,12,12,BOZ25,BOH26,1,1
ZL,2025-11-19T19:20:00Z,9,12,12,12,12,12,BOZ25,BOH26,1,1
ZL,2025-11-20T19:20:00Z,9,12,12,12,12,12,BOZ25,BOH26,1,1
ZL,2025-11-21T19:20:00Z,9,12,12,12,12,12,BOZ25,BOH26,1,1
ZL,2025-11-24T19:20:00Z,9,12,12,12,12,12,BOZ25,BOH26,1,1
ZL,2025-11-25T19:20:00Z,9,12,12,12,12,12,BOZ25,BOH26,1,1
ZL,2025-11-26T19:20:00Z,9,12,12,12,12,12,BOZ25,BOH26,1,1
ZL,2025-11-28T19:20:00Z,9,12,12,12,12,12,BOZ25,BOH26,1,1
ZL,2025-12-01T19:20:00Z,9,12,12,12,12,12,BOZ25,BOH26,1,1
ZL,2025-12-02T19:20:00Z,9,12,12,12,12,12,BOZ25,BOH26,1,1
ZL,2025-12-03T19:20:00Z,9,12,12,12,12,12,BOZ25,BOH26,1,1
ZL,2025-12-04T19:20:00Z,9,12,12,12,12,12,BOZ25,BOH26,1,1
ZL,2025-12-05T19:20:00Z,9,12,12,12,12,12,BOZ25,BOH26,1,1
ZL,2025-12-08T19:20:00Z,9,12,12,12,12,12,BOZ25,BOH26,1,1
ZL,2025-12-09T19:20:00Z,9,12,12,12,12,12,BOZ25,BOH26,1,1
ZL,2025-12-10T19:20:00Z,9,12,12,12,12,12,BOZ25,BOH26,1,1
ZL,2025-12-11T19:20:00Z,9,12,12,12,12,12,BOZ25,BOH26,1,1
ZL,2025-12-12T19:20:00Z,9,12,12,12,12,12,BOZ25,BOH26,1,1
ZL,2025-12-15T19:20:00Z,8,10,10,10,10,10,BOF26,BOK26,1,1
ZL,2025-12-16T19:20:00Z,8,10,10,10,10,10,BOF26,BOK26,1,1
ZL,2025-12-17T19:20:00Z,8,10,10,10,10,10,BOF26,BOK26,1,1
ZL,2025-12-18T19:20:00Z,8,10,10,10,10,10,BOF26,BOK26,1,1
ZL,2025-12-19T19:20:00Z,8,10,10,10,10,10,BOF26,BOK26,1,1
ZL,2025-12-22T19:20:00Z,8,10,10,10,10,10,BOF26,BOK26,1,1
ZL,2025-12-23T19:20:00Z,8,10,10,10,10,10,BOF26,BOK26,1,1
ZL,2025-12-24T19:20:00Z,8,10,10,10,10,10,BOF26,BOK26,1,1
ZL,2025-12-26T19:20:00Z,8,10,10,10,10,10,BOF26,BOK26,1,1
ZL,2025-12-29T19:20:00Z,8,10,10,10,10,10,BOF26,BOK26,1,1
ZL,2025-12-30T19:20:00Z,8,10,10,10,10,10,BOF26,BOK26,1,1
ZL,2025-12-31T19:20:00Z,8,10,10,10,10,10,BOF26,BOK26,1,1
LE,2025-01-02T19:05:00Z,9,7,7,6,6,6,LCG25,LCM25,1,1
LE,2025-01-03T19:05:00Z,9,7,7,7,7,7,LCG25,LCM25,1,1
LE,2025-01-06T19:05:00Z,9,7,7,7,7,7,LCG25,LCM25,1,1
LE,2025-01-07T19:05:00Z,9,7,7,7,7,7,LCG25,LCM25,1,1
LE,2025-01-08T19:05:00Z,9,7,7,7,7,7,LCG25,LCM25,1,1
LE,2025-01-09T19:05:00Z,8,6,6,6,6,6,LCJ25,LCQ25,1,1
LE,2025-01-10T19:05:00Z,9,7,7,7,7,7,LCG25,LCM25,1,1
LE,2025-01-13T19:05:00Z,9,7,7,7,7,7,LCG25,LCM25,1,1
LE,2025-01-14T19:05:00Z,9,7,7,7,7,7,LCG25,LCM25,1,1
LE,2025-01-15T19:05:00Z,9,7,7,7,7,7,LCG25,LCM25,1,1
LE,2025-01-16T19:05:00Z,9,7,7,7,7,7,LCG25,LCM25,1,1
LE,2025-01-17T19:05:00Z,9,7,7,7,7,7,LCG25,LCM25,1,1
LE,2025-01-21T19:05:00Z,9,7,7,7,7,7,LCG25,LCM25,1,1
LE,2025-01-22T19:05:00Z,9,7,7,7,7,7,LCG25,LCM25,1,1
LE,2025-01-23T19:05:00Z,9,7,7,7,7,7,LCG25,LCM25,1,1
LE,2025-01-24T19:05:00Z,9,7,7,7,7,7,LCG25,LCM25,1,1
LE,2025-01-27T19:05:00Z,9,7,7,7,7,7,LCG25,LCM25,1,1
LE,2025-01-28T19:05:00Z,9,7,7,7,7,7,LCG25,LCM25,1,1
LE,2025-01-29T19:05:00Z,9,7,7,7,7,7,LCG25,LCM25,1,1
LE,2025-01-30T19:05:00Z,9,7,7,7,7,7,LCG25,LCM25,1,1
LE,2025-01-31T19:05:00Z,9,7,7,7,7,7,LCG25,LCM25,1,1
LE,2025-02-03T19:05:00Z,9,7,7,7,7,7,LCG25,LCM25,1,1
LE,2025-02-04T19:05:00Z,9,7,7,7,7,7,LCG25,LCM25,1,1
LE,2025-02-05T19:05:00Z,9,7,7,7,7,7,LCG25,LCM25,1,1
LE,2025-02-06T19:05:00Z,9,7,7,7,7,7,LCG25,LCM25,1,1
LE,2025-02-07T19:05:00Z,9,7,7,7,7,7,LCG25,LCM25,1,1
LE,2025-02-10T19:05:00Z,9,7,7,7,7,7,LCG25,LCM25,1,1
LE,2025-02-11T19:05:00Z,9,7,7,7,7,7,LCG25,LCM25,1,1
LE,2025-02-12T19:05:00Z,9,7,7,7,7,7,LCG25,LCM25,1,1
LE,2025-02-13T19:05:00Z,9,7,7,7,7,7,LCG25,LCM25,1,1
LE,2025-02-14T19:05:00Z,9,7,7,7,7,7,LCG25,LCM25,1,1
LE,2025-02-18T19:05:00Z,9,7,7,7,7,7,LCG25,LCM25,1,1
LE,2025-02-19T19:05:00Z,9,7,7,7,7,7,LCG25,LCM25,1,1
LE,2025-02-20T19:05:00Z,9,7,7,7,7,7,LCG25,LCM25,1,1
LE,2025-02-21T19:05:00Z,9,7,7,7,7,7,LCG25,LCM25,1,1
LE,2025-02-24T19:05:00Z,9,7,7,7,7,7,LCG25,LCM25,1,1
LE,2025-02-25T19:05:00Z,9,7,7,7,7,7,LCG25,LCM25,1,1
LE,2025-02-26T19:05:00Z,9,7,7,7,7,7,LCG25,LCM25,1,1
LE,2025-02-27T19:05:00Z,9,7,7,7,7,7,LCG25,LCM25,1,1
LE,2025-02-28T19:05:00Z,10,8,7,7,7,7,LCG25,LCM25,1,1
LE,2025-03-03T19:05:00Z,9,7,7,6,6,6,LCJ25,LCQ25,1,1
LE,2025-03-04T19:05:00Z,9,7,7,7,7,7,LCJ25,LCQ25,1,1
LE,2025-03-05T19:05:00Z,9,7,7,7,7,7,LCJ25,LCQ25,1,1
LE,2025-03-06T19:05:00Z,9,7,7,7,7,7,LCJ25,LCQ25,1,1
LE,2025-03-07T19:05:00Z,9,7,7,7,7,7,LCJ25,LCQ25,1,1
LE,2025-03-10T18:05:00Z,9,7,7,7,7,7,LCJ25,LCQ25,1,1
LE,2025-03-11T18:05:00Z,9,7,7,7,7,7,LCJ25,LCQ25,1,1
LE,2025-03-12T18:05:00Z,9,7,7,7,7,7,LCJ25,LCQ25,1,1
LE,2025-03-13T18:05:00Z,9,7,7,7,7,7,LCJ25,LCQ25,1,1
LE,2025-03-14T18:05:00Z,9,7,7,7,7,7,LCJ25,LCQ25,1,1
LE,2025-03-17T18:05:00Z,9,7,7,7,7,7,LCJ25,LCQ25,1,1
LE,2025-03-18T18:05:00Z,9,7,7,7,7,7,LCJ25,LCQ25,1,1
LE,2025-03-19T18:05:00Z,9,7,7,7,7,7,LCJ25,LCQ25,1,1
LE,2025-03-20T18:05:00Z,9,7,7,7,7,7,LCJ25,LCQ25,1,1
LE,2025-03-21T18:05:00Z,9,7,7,7,7,7,LCJ25,LCQ25,1,1
LE,2025-03-24T18:05:00Z,9,7,7,7,7,7,LCJ25,LCQ25,1,1
LE,2025-03-25T18:05:00Z,9,7,7,7,7,7,LCJ25,LCQ25,1,1
LE,2025-03-26T18:05:00Z,9,7,7,7,7,7,LCJ25,LCQ25,1,1
LE,2025-03-27T18:05:00Z,9,7,7,7,7,7,LCJ25,LCQ25,1,1
LE,2025-03-28T18:05:00Z,9,7,7,7,7,7,LCJ25,LCQ25,1,1
LE,2025-03-31T18:05:00Z,9,7,7,7,7,7,LCJ25,LCQ25,1,1
LE,2025-04-01T18:05:00Z,9,7,7,7,7,7,LCJ25,LCQ25,1,1
LE,2025-04-02T18:05:00Z,9,7,7,7,7,7,LCJ25,LCQ25,1,1
LE,2025-04-03T18:05:00Z,9,7,7,7,7,7,LCJ25,LCQ25,1,1
LE,2025-04-04T18:05:00Z,9,7,7,7,7,7,LCJ25,LCQ25,1,1
LE,2025-04-07T18:05:00Z,9,7,7,7,7,7,LCJ25,LCQ25,1,1
LE,2025-04-08T18:05:00Z,9,7,7,7,7,7,LCJ25,LCQ25,1,1
LE,2025-04-09T18:05:00Z,9,7,7,7,7,7,LCJ25,LCQ25,1,1
LE,2025-04-10T18:05:00Z,9,7,7,7,7,7,LCJ25,LCQ25,1,1
LE,2025-04-11T18:05:00Z,9,7,7,7,7,7,LCJ25,LCQ25,1,1
LE,2025-04-14T18:05:00Z,9,7,7,7,7,7,LCJ25,LCQ25,1,1
LE,2025-04-15T18:05:00Z,9,7,7,7,7,7,LCJ25,LCQ25,1,1
LE,2025-04-16T18:05:00Z,9,7,7,7,7,7,LCJ25,LCQ25,1,1
LE,2025-04-17T18:05:00Z,9,7,7,7,7,7,LCJ25,LCQ25,1,1
LE,2025-04-21T18:05:00Z,9,7,7,7,7,7,LCJ25,LCQ25,1,1
LE,2025-04-22T18:05:00Z,9,7,7,7,7,7,LCJ25,LCQ25,1,1
LE,2025-04-23T18:05:00Z,9,7,7,7,7,7,LCJ25,LCQ25,1,1
LE,2025-04-24T18:05:00Z,9,7,7,7,7,7,LCJ25,LCQ25,1,1
LE,2025-04-25T18:05:00Z,9,7,7,7,7,7,LCJ25,LCQ25,1,1
LE,2025-04-28T18:05:00Z,9,7,7,7,7,7,LCJ25,LCQ25,1,1
LE,2025-04-29T18:05:00Z,9,7,7,7,7,7,LCJ25,LCQ25,1,1
LE,2025-04-30T18:05:00Z,10,8,7,7,7,7,LCJ25,LCQ25,1,1
LE,2025-05-01T18:05:00Z,9,7,7,6,6,6,LCM25,LCV25,1,1
LE,2025-05-02T18:05:00Z,9,7,7,7,7,7,LCM25,LCV25,1,1
LE,2025-05-05T18:05:00Z,9,7,7,7,7,7,LCM25,LCV25,1,1
LE,2025-05-06T18:05:00Z,9,7,7,7,7,7,LCM25,LCV25,1,1
LE,2025-05-07T18:05:00Z,9,7,7,7,7,7,LCM25,LCV25,1,1
LE,2025-05-08T18:05:00Z,9,7,7,7,7,7,LCM25,LCV25,1,1
LE,2025-05-09T18:05:00Z,9,7,7,7,7,7,LCM25,LCV25,1,1
LE,2025-05-12T18:05:00Z,9,7,7,7,7,7,LCM25,LCV25,1,1
LE,2025-05-13T18:05:00Z,9,7,7,7,7,7,LCM25,LCV25,1,1
LE,2025-05-14T18:05:00Z,9,7,7,7,7,7,LCM25,LCV25,1,1
LE,2025-05-15T18:05:00Z,9,7,7,7,7,7,LCM25,LCV25,1,1
LE,2025-05-16T18:05:00Z,9,7,7,7,7,7,LCM25,LCV25,1,1
LE,2025-05-19T18:05:00Z,9,7,7,7,7,7,LCM25,LCV25,1,1
LE,2025-05-20T18:05:00Z,9,7,7,7,7,7,LCM25,LCV25,1,1
LE,2025-05-21T18:05:00Z,9,7,7,7,7,7,LCM25,LCV25,1,1
LE,2025-05-22T18:05:00Z,9,7,7,7,7,7,LCM25,LCV25,1,1
LE,2025-05-23T18:05:00Z,9,7,7,7,7,7,LCM25,LCV25,1,1
LE,2025-05-27T18:05:00Z,9,7,7,7,7,7,LCM25,LCV25,1,1
LE,2025-05-28T18:05:00Z,9,7,7,7,7,7,LCM25,LCV25,1,1
LE,2025-05-29T18:05:00Z,9,7,7,7,7,7,LCM25,LCV25,1,1
LE,2025-05-30T18:05:00Z,9,7,7,7,7,7,LCM25,LCV25,1,1
LE,2025-06-02T18:05:00Z,9,7,7,7,7,7,LCM25,LCV25,1,1
LE,2025-06-03T18:05:00Z,9,7,7,7,7,7,LCM25,LCV25,1,1
LE,2025-06-04T18:05:00Z,9,7,7,7,7,7,LCM25,LCV25,1,1
LE,2025-06-05T18:05:00Z,9,7,7,7,7,7,LCM25,LCV25,1,1
LE,2025-06-06T18:05:00Z,10,8,7,7,7,7,LCM25,LCV25,1,1
LE,2025-06-09T18:05:00Z,10,8,8,7,7,7,LCM25,LCV25,1,1
LE,2025-06-10T18:05:00Z,10,8,8,8,8,8,LCM25,LCV25,1,1
LE,2025-06-11T18:05:00Z,10,8,7,8,7,7,LCM25,LCV25,1,1
LE,2025-06-12T18:05:00Z,10,8,8,8,8,8,LCM25,LCV25,1,1
LE,2025-06-13T18:05:00Z,10,8,7,8,7,7,LCM25,LCV25,1,1
LE,2025-06-16T18:05:00Z,10,8,7,8,7,7,LCM25,LCV25,1,1
LE,2025-06-17T18:05:00Z,10,8,8,8,8,8,LCM25,LCV25,1,1
LE,2025-06-18T18:05:00Z,10,8,8,8,8,8,LCM25,LCV25,1,1
LE,2025-06-20T18:05:00Z,10,8,8,8,8,8,LCM25,LCV25,1,1
LE,2025-06-23T18:05:00Z,10,8,7,8,7,7,LCM25,LCV25,1,1
LE,2025-06-24T18:05:00Z,10,8,8,8,8,8,LCM25,LCV25,1,1
LE,2025-06-25T18:05:00Z,10,8,8,8,8,8,LCM25,LCV25,1,1
LE,2025-06-26T18:05:00Z,10,8,8,8,8,8,LCM25,LCV25,1,1
LE,2025-06-27T18:05:00Z,10,8,8,8,8,8,LCM25,LCV25,1,1
LE,2025-06-30T18:05:00Z,10,8,8,8,8,8,LCM25,LCV25,1,1
LE,2025-07-01T18:05:00Z,9,7,7,7,7,7,LCQ25,LCZ25,1,1
LE,2025-07-02T18:05:00Z,9,7,7,7,7,7,LCQ25,LCZ25,1,1
LE,2025-07-03T18:05:00Z,9,7,7,7,7,7,LCQ25,LCZ25,1,1
LE,2025-07-07T18:05:00Z,9,7,7,7,7,7,LCQ25,LCZ25,1,1
LE,2025-07-08T18:05:00Z,9,7,7,7,7,7,LCQ25,LCZ25,1,1
LE,2025-07-09T18:05:00Z,9,7,7,7,7,7,LCQ25,LCZ25,1,1
LE,2025-07-10T18:05:00Z,9,7,7,7,7,7,LCQ25,LCZ25,1,1
LE,2025-07-11T18:05:00Z,9,7,7,7,7,7,LCQ25,LCZ25,1,1
LE,2025-07-14T18:05:00Z,9,7,7,7,7,7,LCQ25,LCZ25,1,1
LE,2025-07-15T18:05:00Z,9,7,7,7,7,7,LCQ25,LCZ25,1,1
LE,2025-07-16T18:05:00Z,9,7,7,7,7,7,LCQ25,LCZ25,1,1
LE,2025-07-17T18:05:00Z,9,7,7,7,7,7,LCQ25,LCZ25,1,1
LE,2025-07-18T18:05:00Z,9,7,7,7,7,7,LCQ25,LCZ25,1,1
LE,2025-07-21T18:05:00Z,9,7,7,7,7,7,LCQ25,LCZ25,1,1
LE,2025-07-22T18:05:00Z,9,7,7,7,7,7,LCQ25,LCZ25,1,1
LE,2025-07-23T18:05:00Z,9,7,7,7,7,7,LCQ25,LCZ25,1,1
LE,2025-07-24T18:05:00Z,9,7,7,7,7,7,LCQ25,LCZ25,1,1
LE,2025-07-25T18:05:00Z,9,7,7,7,7,7,LCQ25,LCZ25,1,1
LE,2025-07-28T18:05:00Z,9,7,7,7,7,7,LCQ25,LCZ25,1,1
LE,2025-07-29T18:05:00Z,9,7,7,7,7,7,LCQ25,LCZ25,1,1
LE,2025-07-30T18:05:00Z,9,7,7,7,7,7,LCQ25,LCZ25,1,1
LE,2025-07-31T18:05:00Z,9,7,7,7,7,7,LCQ25,LCZ25,1,1
LE,2025-08-01T18:05:00Z,9,7,7,7,7,7,LCQ25,LCZ25,1,1
LE,2025-08-04T18:05:00Z,9,7,7,7,7,7,LCQ25,LCZ25,1,1
LE,2025-08-05T18:05:00Z,9,7,7,7,7,7,LCQ25,LCZ25,1,1
LE,2025-08-06T18:05:00Z,9,7,7,7,7,7,LCQ25,LCZ25,1,1
LE,2025-08-07T18:05:00Z,9,7,7,7,7,7,LCQ25,LCZ25,1,1
LE,2025-08-08T18:05:00Z,9,7,7,7,7,7,LCQ25,LCZ25,1,1
LE,2025-08-11T18:05:00Z,9,7,7,7,7,7,LCQ25,LCZ25,1,1
LE,2025-08-12T18:05:00Z,9,7,7,7,7,7,LCQ25,LCZ25,1,1
LE,2025-08-13T18:05:00Z,9,7,7,7,7,7,LCQ25,LCZ25,1,1
LE,2025-08-14T18:05:00Z,9,7,7,7,7,7,LCQ25,LCZ25,1,1
LE,2025-08-15T18:05:00Z,9,7,7,7,7,7,LCQ25,LCZ25,1,1
LE,2025-08-18T18:05:00Z,9,7,7,7,7,7,LCQ25,LCZ25,1,1
LE,2025-08-19T18:05:00Z,9,7,7,7,7,7,LCQ25,LCZ25,1,1
LE,2025-08-20T18:05:00Z,9,7,7,7,7,7,LCQ25,LCZ25,1,1
LE,2025-08-21T18:05:00Z,9,7,7,7,7,7,LCQ25,LCZ25,1,1
LE,2025-08-22T18:05:00Z,9,7,7,7,7,7,LCQ25,LCZ25,1,1
LE,2025-08-25T18:05:00Z,9,7,7,7,7,7,LCQ25,LCZ25,1,1
LE,2025-08-26T18:05:00Z,9,7,7,7,7,7,LCQ25,LCZ25,1,1
LE,2025-08-27T18:05:00Z,9,7,7,7,7,7,LCQ25,LCZ25,1,1
LE,2025-08-28T18:05:00Z,9,7,7,7,7,7,LCQ25,LCZ25,1,1
LE,2025-08-29T18:05:00Z,9,7,7,7,7,7,LCQ25,LCZ25,1,1
LE,2025-09-02T18:05:00Z,8,6,6,6,6,6,LCV25,LCG26,1,1
LE,2025-09-03T18:05:00Z,8,6,6,6,6,6,LCV25,LCG26,1,1
LE,2025-09-04T18:05:00Z,8,6,6,6,6,6,LCV25,LCG26,1,1
LE,2025-09-05T18:05:00Z,8,6,6,6,6,6,LCV25,LCG26,1,1
LE,2025-09-08T18:05:00Z,8,6,6,6,6,6,LCV25,LCG26,1,1
LE,2025-09-09T18:05:00Z,8,6,6,6,6,6,LCV25,LCG26,1,1
LE,2025-09-10T18:05:00Z,8,6,6,6,6,6,LCV25,LCG26,1,1
LE,2025-09-11T18:05:00Z,8,6,6,6,6,6,LCV25,LCG26,1,1
LE,2025-09-12T18:05:00Z,8,6,6,6,6,6,LCV25,LCG26,1,1
LE,2025-09-15T18:05:00Z,8,6,6,6,6,6,LCV25,LCG26,1,1
LE,2025-09-16T18:05:00Z,8,6,6,6,6,6,LCV25,LCG26,1,1
LE,2025-09-17T18:05:00Z,8,6,6,6,6,6,LCV25,LCG26,1,1
LE,2025-09-18T18:05:00Z,8,6,6,6,6,6,LCV25,LCG26,1,1
LE,2025-09-19T18:05:00Z,8,6,6,6,6,6,LCV25,LCG26,1,1
LE,2025-09-22T18:05:00Z,8,6,6,6,6,6,LCV25,LCG26,1,1
LE,2025-09-23T18:05:00Z,8,6,6,6,6,6,LCV25,LCG26,1,1
LE,2025-09-24T18:05:00Z,8,6,6,6,6,6,LCV25,LCG26,1,1
LE,2025-09-25T18:05:00Z,8,6,6,6,6,6,LCV25,LCG26,1,1
LE,2025-09-26T18:05:00Z,8,6,6,6,6,6,LCV25,LCG26,1,1
LE,2025-09-29T18:05:00Z,8,6,6,6,6,6,LCV25,LCG26,1,1
LE,2025-09-30T18:05:00Z,8,6,6,6,6,6,LCV25,LCG26,1,1
LE,2025-10-01T18:05:00Z,8,6,6,6,6,6,LCV25,LCG26,1,1
LE,2025-10-02T18:05:00Z,8,6,6,6,6,6,LCV25,LCG26,1,1
LE,2025-10-03T18:05:00Z,8,6,6,6,6,6,LCV25,LCG26,1,1
LE,2025-10-06T18:05:00Z,8,6,6,6,6,6,LCV25,LCG26,1,1
LE,2025-10-07T18:05:00Z,8,6,6,6,6,6,LCV25,LCG26,1,1
LE,2025-10-08T18:05:00Z,8,6,6,6,6,6,LCV25,LCG26,1,1
LE,2025-10-09T18:05:00Z,8,6,6,6,6,6,LCV25,LCG26,1,1
LE,2025-10-10T18:05:00Z,8,6,6,6,6,6,LCV25,LCG26,1,1
LE,2025-10-13T18:05:00Z,8,6,6,6,6,6,LCV25,LCG26,1,1
LE,2025-10-14T18:05:00Z,8,6,6,6,6,6,LCV25,LCG26,1,1
LE,2025-10-15T18:05:00Z,8,6,6,6,6,6,LCV25,LCG26,1,1
LE,2025-10-16T18:05:00Z,8,6,6,6,6,6,LCV25,LCG26,1,1
LE,2025-10-17T18:05:00Z,8,6,6,6,6,6,LCV25,LCG26,1,1
LE,2025-10-20T18:05:00Z,8,6,6,6,6,6,LCV25,LCG26,1,1
LE,2025-10-21T18:05:00Z,8,6,6,6,6,6,LCV25,LCG26,1,1
LE,2025-10-22T18:05:00Z,8,6,6,6,6,6,LCV25,LCG26,1,1
LE,2025-10-23T18:05:00Z,8,6,6,6,6,6,LCV25,LCG26,1,1
LE,2025-10-24T18:05:00Z,8,6,6,6,6,6,LCV25,LCG26,1,1
LE,2025-10-27T18:05:00Z,8,6,6,6,6,6,LCV25,LCG26,1,1
LE,2025-10-28T18:05:00Z,8,6,6,6,6,6,LCV25,LCG26,1,1
LE,2025-10-29T18:05:00Z,8,6,6,6,6,6,LCV25,LCG26,1,1
LE,2025-10-30T18:05:00Z,8,6,6,6,6,6,LCV25,LCG26,1,1
LE,2025-10-31T18:05:00Z,8,6,6,6,6,6,LCV25,LCG26,1,1
LE,2025-11-03T19:05:00Z,7,5,5,5,5,5,LCZ25,LCJ26,1,1
LE,2025-11-04T19:05:00Z,7,5,5,5,5,5,LCZ25,LCJ26,1,1
LE,2025-11-05T19:05:00Z,7,5,5,5,5,5,LCZ25,LCJ26,1,1
LE,2025-11-06T19:05:00Z,7,5,5,5,5,5,LCZ25,LCJ26,1,1
LE,2025-11-07T19:05:00Z,7,5,5,5,5,5,LCZ25,LCJ26,1,1
LE,2025-11-10T19:05:00Z,7,5,5,5,5,5,LCZ25,LCJ26,1,1
LE,2025-11-11T19:05:00Z,7,5,5,5,5,5,LCZ25,LCJ26,1,1
LE,2025-11-12T19:05:00Z,7,5,5,5,5,5,LCZ25,LCJ26,1,1
LE,2025-11-13T19:05:00Z,7,5,5,5,5,5,LCZ25,LCJ26,1,1
LE,2025-11-14T19:05:00Z,7,5,5,5,5,5,LCZ25,LCJ26,1,1
LE,2025-11-17T19:05:00Z,7,5,5,5,5,5,LCZ25,LCJ26,1,1
LE,2025-11-18T19:05:00Z,7,5,5,5,5,5,LCZ25,LCJ26,1,1
LE,2025-11-19T19:05:00Z,7,5,5,5,5,5,LCZ25,LCJ26,1,1
LE,2025-11-20T19:05:00Z,7,5,5,5,5,5,LCZ25,LCJ26,1,1
LE,2025-11-21T19:05:00Z,7,5,5,5,5,5,LCZ25,LCJ26,1,1
LE,2025-11-24T19:05:00Z,7,5,5,5,5,5,LCZ25,LCJ26,1,1
LE,2025-11-25T19:05:00Z,7,5,5,5,5,5,LCZ25,LCJ26,1,1
LE,2025-11-26T19:05:00Z,7,5,5,5,5,5,LCZ25,LCJ26,1,1
LE,2025-11-28T19:05:00Z,7,5,5,5,5,5,LCZ25,LCJ26,1,1
LE,2025-12-01T19:05:00Z,7,5,5,5,5,5,LCZ25,LCJ26,1,1
LE,2025-12-02T19:05:00Z,7,5,5,5,5,5,LCZ25,LCJ26,1,1
LE,2025-12-03T19:05:00Z,7,5,5,5,5,5,LCZ25,LCJ26,1,1
LE,2025-12-04T19:05:00Z,7,5,5,5,5,5,LCZ25,LCJ26,1,1
LE,2025-12-05T19:05:00Z,7,5,5,5,5,5,LCZ25,LCJ26,1,1
LE,2025-12-08T19:05:00Z,7,5,5,5,5,5,LCZ25,LCJ26,1,1
LE,2025-12-09T19:05:00Z,7,5,5,5,5,5,LCZ25,LCJ26,1,1
LE,2025-12-10T19:05:00Z,7,5,5,5,5,5,LCZ25,LCJ26,1,1
LE,2025-12-11T19:05:00Z,7,5,5,5,5,5,LCZ25,LCJ26,1,1
LE,2025-12-12T19:05:00Z,7,5,5,5,5,5,LCZ25,LCJ26,1,1
LE,2025-12-15T19:05:00Z,7,5,5,5,5,5,LCZ25,LCJ26,1,1
LE,2025-12-16T19:05:00Z,7,5,5,5,5,5,LCZ25,LCJ26,1,1
LE,2025-12-17T19:05:00Z,7,5,5,5,5,5,LCZ25,LCJ26,1,1
LE,2025-12-18T19:05:00Z,7,5,5,5,5,5,LCZ25,LCJ26,1,1
LE,2025-12-19T19:05:00Z,7,5,5,5,5,5,LCZ25,LCJ26,1,1
LE,2025-12-22T19:05:00Z,7,5,5,5,5,5,LCZ25,LCJ26,1,1
LE,2025-12-23T19:05:00Z,7,5,5,5,5,5,LCZ25,LCJ26,1,1
LE,2025-12-24T19:05:00Z,7,5,5,5,5,5,LCZ25,LCJ26,1,1
LE,2025-12-26T19:05:00Z,7,5,5,5,5,5,LCZ25,LCJ26,1,1
LE,2025-12-29T19:05:00Z,7,5,5,5,5,5,LCZ25,LCJ26,1,1
LE,2025-12-30T19:05:00Z,7,5,5,5,5,5,LCZ25,LCJ26,1,1
LE,2025-12-31T19:05:00Z,7,5,5,5,5,5,LCZ25,LCJ26,1,1
HE,2025-01-02T19:05:00Z,12,15,11,12,11,11,LHG25,LHM25,1,1
HE,2025-01-03T19:05:00Z,12,15,11,12,11,11,LHG25,LHM25,1,1
HE,2025-01-06T19:05:00Z,12,15,11,12,11,11,LHG25,LHM25,1,1
HE,2025-01-07T19:05:00Z,12,15,12,12,12,12,LHG25,LHM25,1,1
HE,2025-01-08T19:05:00Z,12,15,12,12,12,12,LHG25,LHM25,1,1
HE,2025-01-09T19:05:00Z,11,13,9,10,9,9,LHJ25,LHN25,1,1
HE,2025-01-10T19:05:00Z,12,15,12,12,12,12,LHG25,LHM25,1,1
HE,2025-01-13T19:05:00Z,12,15,12,12,12,12,LHG25,LHM25,1,1
HE,2025-01-14T19:05:00Z,12,15,12,12,12,12,LHG25,LHM25,1,1
HE,2025-01-15T19:05:00Z,12,15,12,12,12,12,LHG25,LHM25,1,1
HE,2025-01-16T19:05:00Z,12,15,12,12,12,12,LHG25,LHM25,1,1
HE,2025-01-17T19:05:00Z,12,15,12,12,12,12,LHG25,LHM25,1,1
HE,2025-01-21T19:05:00Z,12,15,12,12,12,12,LHG25,LHM25,1,1
HE,2025-01-22T19:05:00Z,12,15,12,12,12,12,LHG25,LHM25,1,1
HE,2025-01-23T19:05:00Z,12,15,12,12,12,12,LHG25,LHM25,1,1
HE,2025-01-24T19:05:00Z,12,15,12,12,12,12,LHG25,LHM25,1,1
HE,2025-01-27T19:05:00Z,12,15,12,12,12,12,LHG25,LHM25,1,1
HE,2025-01-28T19:05:00Z,12,15,11,12,11,11,LHG25,LHM25,1,1
HE,2025-01-29T19:05:00Z,12,15,12,12,12,12,LHG25,LHM25,1,1
HE,2025-01-30T19:05:00Z,12,15,13,12,12,12,LHG25,LHM25,1,1
HE,2025-01-31T19:05:00Z,12,15,12,13,12,12,LHG25,LHM25,1,1
HE,2025-02-03T19:05:00Z,12,15,12,13,12,12,LHG25,LHM25,1,1
HE,2025-02-04T19:05:00Z,12,15,12,13,12,12,LHG25,LHM25,1,1
HE,2025-02-05T19:05:00Z,12,15,12,13,12,12,LHG25,LHM25,1,1
HE,2025-02-06T19:05:00Z,12,15,12,13,12,12,LHG25,LHM25,1,1
HE,2025-02-07T19:05:00Z,12,15,12,13,12,12,LHG25,LHM25,1,1
HE,2025-02-10T19:05:00Z,12,15,12,13,12,12,LHG25,LHM25,1,1
HE,2025-02-11T19:05:00Z,12,15,13,13,13,13,LHG25,LHM25,1,1
HE,2025-02-12T19:05:00Z,12,15,12,13,12,12,LHG25,LHM25,1,1
HE,2025-02-13T19:05:00Z,12,15,12,13,12,12,LHG25,LHM25,1,1
HE,2025-02-14T19:05:00Z,13,17,12,13,12,12,LHG25,LHM25,1,1
HE,2025-02-18T19:05:00Z,12,15,10,11,10,10,LHJ25,LHN25,1,1
HE,2025-02-19T19:05:00Z,12,15,10,11,10,10,LHJ25,LHN25,1,1
HE,2025-02-20T19:05:00Z,12,15,10,11,10,10,LHJ25,LHN25,1,1
HE,2025-02-21T19:05:00Z,12,15,11,11,11,11,LHJ25,LHN25,1,1
HE,2025-02-24T19:05:00Z,12,15,11,11,11,11,LHJ25,LHN25,1,1
HE,2025-02-25T19:05:00Z,12,15,10,11,10,10,LHJ25,LHN25,1,1
HE,2025-02-26T19:05:00Z,12,15,11,11,11,11,LHJ25,LHN25,1,1
HE,2025-02-27T19:05:00Z,12,15,11,11,11,11,LHJ25,LHN25,1,1
HE,2025-02-28T19:05:00Z,12,15,13,11,11,11,LHJ25,LHN25,1,1
HE,2025-03-03T19:05:00Z,12,15,10,13,10,10,LHJ25,LHN25,1,1
HE,2025-03-04T19:05:00Z,12,15,13,13,13,13,LHJ25,LHN25,1,1
HE,2025-03-05T19:05:00Z,12,15,11,13,11,11,LHJ25,LHN25,1,1
HE,2025-03-06T19:05:00Z,12,15,10,13,10,10,LHJ25,LHN25,1,1
HE,2025-03-07T19:05:00Z,12,15,11,13,11,11,LHJ25,LHN25,1,1
HE,2025-03-10T18:05:00Z,12,15,11,13,11,11,LHJ25,LHN25,1,1
HE,2025-03-11T18:05:00Z,12,15,10,13,10,10,LHJ25,LHN25,1,1
HE,2025-03-12T18:05:00Z,12,15,10,13,10,10,LHJ25,LHN25,1,1
HE,2025-03-13T18:05:00Z,9,10,10,10,10,10,LHJ25,LHN25,1,1
HE,2025-03-14T18:05:00Z,12,15,11,13,11,11,LHJ25,LHN25,1,1
HE,2025-03-17T18:05:00Z,12,15,10,13,10,10,LHJ25,LHN25,1,1
HE,2025-03-18T18:05:00Z,12,15,11,13,11,11,LHJ25,LHN25,1,1
HE,2025-03-19T18:05:00Z,11,13,11,13,11,11,LHJ25,LHN25,1,1
HE,2025-03-20T18:05:00Z,12,15,11,13,11,11,LHJ25,LHN25,1,1
HE,2025-03-21T18:05:00Z,12,15,11,13,11,11,LHJ25,LHN25,1,1
HE,2025-03-24T18:05:00Z,12,15,11,13,11,11,LHJ25,LHN25,1,1
HE,2025-03-25T18:05:00Z,11,13,11,11,11,11,LHJ25,LHN25,1,1
HE,2025-03-26T18:05:00Z,12,15,11,13,11,11,LHJ25,LHN25,1,1
HE,2025-03-27T18:05:00Z,12,15,11,13,11,11,LHJ25,LHN25,1,1
HE,2025-03-28T18:05:00Z,12,15,11,13,11,11,LHJ25,LHN25,1,1
HE,2025-03-31T18:05:00Z,12,15,11,13,11,11,LHJ25,LHN25,1,1
HE,2025-04-01T18:05:00Z,12,15,13,13,13,13,LHJ25,LHN25,1,1
HE,2025-04-02T18:05:00Z,12,15,11,13,11,11,LHJ25,LHN25,1,1
HE,2025-04-03T18:05:00Z,12,15,10,13,10,10,LHJ25,LHN25,1,1
HE,2025-04-04T18:05:00Z,12,15,11,13,11,11,LHJ25,LHN25,1,1
HE,2025-04-07T18:05:00Z,12,15,11,13,11,11,LHJ25,LHN25,1,1
HE,2025-04-08T18:05:00Z,12,15,13,13,13,13,LHJ25,LHN25,1,1
HE,2025-04-09T18:05:00Z,12,15,13,13,13,13,LHJ25,LHN25,1,1
HE,2025-04-10T18:05:00Z,12,15,10,13,10,10,LHJ25,LHN25,1,1
HE,2025-04-11T18:05:00Z,12,15,13,13,13,13,LHJ25,LHN25,1,1
HE,2025-04-14T18:05:00Z,13,17,13,13,13,13,LHJ25,LHN25,1,1
HE,2025-04-15T18:05:00Z,12,15,11,11,11,11,LHK25,LHQ25,1,1
HE,2025-04-16T18:05:00Z,12,15,12,11,11,11,LHK25,LHQ25,1,1
HE,2025-04-17T18:05:00Z,12,15,12,12,12,12,LHK25,LHQ25,1,1
HE,2025-04-21T18:05:00Z,12,15,11,12,11,11,LHK25,LHQ25,1,1
HE,2025-04-22T18:05:00Z,12,15,9,12,9,9,LHK25,LHQ25,1,1
HE,2025-04-23T18:05:00Z,12,15,11,12,11,11,LHK25,LHQ25,1,1
HE,2025-04-24T18:05:00Z,12,15,9,12,9,9,LHK25,LHQ25,1,1
HE,2025-04-25T18:05:00Z,12,15,11,12,11,11,LHK25,LHQ25,1,1
HE,2025-04-28T18:05:00Z,12,15,9,12,9,9,LHK25,LHQ25,1,1
HE,2025-04-29T18:05:00Z,11,12,11,12,11,11,LHK25,LHQ25,1,1
HE,2025-04-30T18:05:00Z,12,15,13,12,11,11,LHK25,LHQ25,1,1
HE,2025-05-01T18:05:00Z,12,15,9,15,9,9,LHK25,LHQ25,1,1
HE,2025-05-02T18:05:00Z,12,15,13,15,13,13,LHK25,LHQ25,1,1
HE,2025-05-05T18:05:00Z,11,13,9,13,9,9,LHK25,LHQ25,1,1
HE,2025-05-06T18:05:00Z,11,12,9,12,9,9,LHK25,LHQ25,1,1
HE,2025-05-07T18:05:00Z,12,15,15,15,15,15,LHK25,LHQ25,1,1
HE,2025-05-08T18:05:00Z,12,15,11,15,11,11,LHK25,LHQ25,1,1
HE,2025-05-09T18:05:00Z,12,15,13,15,13,13,LHK25,LHQ25,1,1
HE,2025-05-12T18:05:00Z,12,15,15,15,15,15,LHK25,LHQ25,1,1
HE,2025-05-13T18:05:00Z,12,15,15,15,15,15,LHK25,LHQ25,1,1
HE,2025-05-14T18:05:00Z,13,18,12,15,12,12,LHK25,LHQ25,1,1
HE,2025-05-15T18:05:00Z,12,16,13,13,13,13,LHM25,LHV25,1,1
HE,2025-05-16T18:05:00Z,12,16,10,13,10,10,LHM25,LHV25,1,1
HE,2025-05-19T18:05:00Z,12,16,13,13,13,13,LHM25,LHV25,1,1
HE,2025-05-20T18:05:00Z,12,16,13,13,13,13,LHM25,LHV25,1,1
HE,2025-05-21T18:05:00Z,12,16,13,13,13,13,LHM25,LHV25,1,1
HE,2025-05-22T18:05:00Z,12,16,11,13,11,11,LHM25,LHV25,1,1
HE,2025-05-23T18:05:00Z,12,16,13,13,13,13,LHM25,LHV25,1,1
HE,2025-05-27T18:05:00Z,12,16,13,13,13,13,LHM25,LHV25,1,1
HE,2025-05-28T18:05:00Z,12,16,13,13,13,13,LHM25,LHV25,1,1
HE,2025-05-29T18:05:00Z,12,16,13,13,13,10,LHM25,LHV25,1,1
HE,2025-05-30T18:05:00Z,11,13,13,13,13,13,LHM25,LHV25,1,1
HE,2025-06-02T18:05:00Z,12,16,13,13,13,13,LHM25,LHV25,1,1
HE,2025-06-03T18:05:00Z,12,16,16,13,13,13,LHM25,LHV25,1,1
HE,2025-06-04T18:05:00Z,12,16,11,16,11,11,LHM25,LHV25,1,1
HE,2025-06-05T18:05:00Z,12,16,13,16,13,13,LHM25,LHV25,1,1
HE,2025-06-06T18:05:00Z,12,16,13,16,13,13,LHM25,LHV25,1,1
HE,2025-06-09T18:05:00Z,12,16,16,16,16,16,LHM25,LHV25,1,1
HE,2025-06-10T18:05:00Z,12,16,16,16,16,16,LHM25,LHV25,1,1
HE,2025-06-11T18:05:00Z,12,16,13,16,13,13,LHM25,LHV25,1,1
HE,2025-06-12T18:05:00Z,11,13,13,13,13,13,LHM25,LHV25,1,1
HE,2025-06-13T18:05:00Z,13,18,13,16,13,13,LHM25,LHV25,1,1
HE,2025-06-16T18:05:00Z,12,17,15,15,15,15,LHN25,LHV25,1,1
HE,2025-06-17T18:05:00Z,12,17,10,15,10,10,LHN25,LHV25,1,1
HE,2025-06-18T18:05:00Z,12,17,12,15,12,12,LHN25,LHV25,1,1
HE,2025-06-20T18:05:00Z,12,17,12,15,12,12,LHN25,LHV25,1,1
HE,2025-06-23T18:05:00Z,12,17,12,15,12,12,LHN25,LHV25,1,1
HE,2025-06-24T18:05:00Z,11,15,12,15,12,12,LHN25,LHV25,1,1
HE,2025-06-25T18:05:00Z,11,15,12,15,12,12,LHN25,LHV25,1,1
HE,2025-06-26T18:05:00Z,12,17,12,15,12,12,LHN25,LHV25,1,1
HE,2025-06-27T18:05:00Z,12,17,15,15,15,15,LHN25,LHV25,1,1
HE,2025-06-30T18:05:00Z,12,17,15,15,15,15,LHN25,LHV25,1,1
HE,2025-07-01T18:05:00Z,12,17,12,15,12,12,LHN25,LHV25,1,1
HE,2025-07-02T18:05:00Z,12,17,15,15,15,15,LHN25,LHV25,1,1
HE,2025-07-03T18:05:00Z,12,17,15,15,15,15,LHN25,LHV25,1,1
HE,2025-07-07T18:05:00Z,12,17,15,15,15,15,LHN25,LHV25,1,1
HE,2025-07-08T18:05:00Z,12,17,15,15,15,15,LHN25,LHV25,1,1
HE,2025-07-09T18:05:00Z,12,17,15,15,15,15,LHN25,LHV25,1,1
HE,2025-07-10T18:05:00Z,12,17,15,15,15,15,LHN25,LHV25,1,1
HE,2025-07-11T18:05:00Z,11,15,15,15,15,15,LHN25,LHV25,1,1
HE,2025-07-14T18:05:00Z,12,17,17,17,17,17,LHN25,LHV25,1,1
HE,2025-07-15T18:05:00Z,12,17,17,17,17,17,LHN25,LHV25,1,1
HE,2025-07-16T18:05:00Z,11,15,13,15,13,13,LHQ25,LHZ25,1,1
HE,2025-07-17T18:05:00Z,11,15,13,15,13,13,LHQ25,LHZ25,1,1
HE,2025-07-18T18:05:00Z,11,15,15,15,15,15,LHQ25,LHZ25,1,1
HE,2025-07-21T18:05:00Z,11,15,13,15,13,13,LHQ25,LHZ25,1,1
HE,2025-07-22T18:05:00Z,11,15,15,15,15,15,LHQ25,LHZ25,1,1
HE,2025-07-23T18:05:00Z,10,13,13,13,13,13,LHQ25,LHZ25,1,1
HE,2025-07-24T18:05:00Z,9,10,10,10,10,10,LHQ25,LHZ25,1,1
HE,2025-07-25T18:05:00Z,10,13,13,13,13,13,LHQ25,LHZ25,1,1
HE,2025-07-28T18:05:00Z,11,15,10,15,10,10,LHQ25,LHZ25,1,1
HE,2025-07-29T18:05:00Z,11,15,15,15,15,15,LHQ25,LHZ25,1,1
HE,2025-07-30T18:05:00Z,11,15,15,15,15,15,LHQ25,LHZ25,1,1
HE,2025-07-31T18:05:00Z,11,15,13,15,13,13,LHQ25,LHZ25,1,1
HE,2025-08-01T18:05:00Z,11,15,13,15,13,13,LHQ25,LHZ25,1,1
HE,2025-08-04T18:05:00Z,11,15,13,15,13,13,LHQ25,LHZ25,1,1
HE,2025-08-05T18:05:00Z,11,15,15,15,15,15,LHQ25,LHZ25,1,1
HE,2025-08-06T18:05:00Z,11,15,15,15,15,15,LHQ25,LHZ25,1,1
HE,2025-08-07T18:05:00Z,11,15,10,15,10,10,LHQ25,LHZ25,1,1
HE,2025-08-08T18:05:00Z,11,15,15,15,15,15,LHQ25,LHZ25,1,1
HE,2025-08-11T18:05:00Z,11,15,15,15,15,15,LHQ25,LHZ25,1,1
HE,2025-08-12T18:05:00Z,11,15,15,15,15,15,LHQ25,LHZ25,1,1
HE,2025-08-13T18:05:00Z,11,15,15,15,15,15,LHQ25,LHZ25,1,1
HE,2025-08-14T18:05:00Z,11,15,13,15,13,13,LHQ25,LHZ25,1,1
HE,2025-08-15T18:05:00Z,10,14,12,14,12,12,LHV25,LHG26,1,1
HE,2025-08-18T18:05:00Z,10,14,14,14,14,14,LHV25,LHG26,1,1
HE,2025-08-19T18:05:00Z,10,14,12,14,12,12,LHV25,LHG26,1,1
HE,2025-08-20T18:05:00Z,10,14,14,14,14,14,LHV25,LHG26,1,1
HE,2025-08-21T18:05:00Z,10,14,14,14,14,11,LHV25,LHG26,1,1
HE,2025-08-22T18:05:00Z,10,14,14,14,14,14,LHV25,LHG26,1,1
HE,2025-08-25T18:05:00Z,10,14,14,14,14,14,LHV25,LHG26,1,1
HE,2025-08-26T18:05:00Z,10,14,14,14,14,14,LHV25,LHG26,1,1
HE,2025-08-27T18:05:00Z,10,14,14,14,14,14,LHV25,LHG26,1,1
HE,2025-08-28T18:05:00Z,10,14,14,14,14,14,LHV25,LHG26,1,1
HE,2025-08-29T18:05:00Z,10,14,14,14,14,14,LHV25,LHG26,1,1
HE,2025-09-02T18:05:00Z,10,14,14,14,14,14,LHV25,LHG26,1,1
HE,2025-09-03T18:05:00Z,10,14,14,14,14,14,LHV25,LHG26,1,1
HE,2025-09-04T18:05:00Z,10,14,14,14,14,14,LHV25,LHG26,1,1
HE,2025-09-05T18:05:00Z,10,14,14,14,14,14,LHV25,LHG26,1,1
HE,2025-09-08T18:05:00Z,10,14,14,14,14,14,LHV25,LHG26,1,1
HE,2025-09-09T18:05:00Z,10,14,14,14,14,14,LHV25,LHG26,1,1
HE,2025-09-10T18:05:00Z,10,14,14,14,14,14,LHV25,LHG26,1,1
HE,2025-09-11T18:05:00Z,10,14,14,14,14,14,LHV25,LHG26,1,1
HE,2025-09-12T18:05:00Z,10,14,14,14,14,14,LHV25,LHG26,1,1
HE,2025-09-15T18:05:00Z,10,14,14,14,14,14,LHV25,LHG26,1,1
HE,2025-09-16T18:05:00Z,10,14,14,14,14,14,LHV25,LHG26,1,1
HE,2025-09-17T18:05:00Z,10,14,14,14,14,14,LHV25,LHG26,1,1
HE,2025-09-18T18:05:00Z,10,14,14,14,14,14,LHV25,LHG26,1,1
HE,2025-09-19T18:05:00Z,10,14,14,14,14,14,LHV25,LHG26,1,1
HE,2025-09-22T18:05:00Z,10,14,14,14,14,14,LHV25,LHG26,1,1
HE,2025-09-23T18:05:00Z,10,14,14,14,14,14,LHV25,LHG26,1,1
HE,2025-09-24T18:05:00Z,10,14,14,14,14,14,LHV25,LHG26,1,1
HE,2025-09-25T18:05:00Z,10,14,14,14,14,14,LHV25,LHG26,1,1
HE,2025-09-26T18:05:00Z,10,14,14,14,14,14,LHV25,LHG26,1,1
HE,2025-09-29T18:05:00Z,10,14,14,14,14,14,LHV25,LHG26,1,1
HE,2025-09-30T18:05:00Z,10,14,14,14,14,14,LHV25,LHG26,1,1
HE,2025-10-01T18:05:00Z,10,14,14,14,14,14,LHV25,LHG26,1,1
HE,2025-10-02T18:05:00Z,10,14,14,14,14,14,LHV25,LHG26,1,1
HE,2025-10-03T18:05:00Z,10,14,14,14,14,14,LHV25,LHG26,1,1
HE,2025-10-06T18:05:00Z,10,14,14,14,14,14,LHV25,LHG26,1,1
HE,2025-10-07T18:05:00Z,10,14,14,14,14,14,LHV25,LHG26,1,1
HE,2025-10-08T18:05:00Z,10,14,14,14,14,14,LHV25,LHG26,1,1
HE,2025-10-09T18:05:00Z,10,14,14,14,14,14,LHV25,LHG26,1,1
HE,2025-10-10T18:05:00Z,10,14,14,14,14,14,LHV25,LHG26,1,1
HE,2025-10-13T18:05:00Z,10,14,14,14,14,14,LHV25,LHG26,1,1
HE,2025-10-14T18:05:00Z,10,14,14,14,14,14,LHV25,LHG26,1,1
HE,2025-10-15T18:05:00Z,9,13,13,13,13,13,LHZ25,LHJ26,1,1
HE,2025-10-16T18:05:00Z,9,13,13,13,13,13,LHZ25,LHJ26,1,1
HE,2025-10-17T18:05:00Z,9,13,13,13,13,13,LHZ25,LHJ26,1,1
HE,2025-10-20T18:05:00Z,9,13,13,13,13,13,LHZ25,LHJ26,1,1
HE,2025-10-21T18:05:00Z,9,13,13,13,13,13,LHZ25,LHJ26,1,1
HE,2025-10-22T18:05:00Z,9,13,13,13,13,13,LHZ25,LHJ26,1,1
HE,2025-10-23T18:05:00Z,9,13,13,13,13,13,LHZ25,LHJ26,1,1
HE,2025-10-24T18:05:00Z,9,13,13,13,13,13,LHZ25,LHJ26,1,1
HE,2025-10-27T18:05:00Z,9,13,13,13,13,13,LHZ25,LHJ26,1,1
HE,2025-10-28T18:05:00Z,9,13,13,13,13,13,LHZ25,LHJ26,1,1
HE,2025-10-29T18:05:00Z,9,13,13,13,13,13,LHZ25,LHJ26,1,1
HE,2025-10-30T18:05:00Z,9,13,13,13,13,13,LHZ25,LHJ26,1,1
HE,2025-10-31T18:05:00Z,9,13,13,13,13,13,LHZ25,LHJ26,1,1
HE,2025-11-03T19:05:00Z,9,13,13,13,13,13,LHZ25,LHJ26,1,1
HE,2025-11-04T19:05:00Z,9,13,13,13,13,13,LHZ25,LHJ26,1,1
HE,2025-11-05T19:05:00Z,9,13,13,13,13,13,LHZ25,LHJ26,1,1
HE,2025-11-06T19:05:00Z,9,13,13,13,13,13,LHZ25,LHJ26,1,1
HE,2025-11-07T19:05:00Z,9,13,13,13,13,13,LHZ25,LHJ26,1,1
HE,2025-11-10T19:05:00Z,9,13,13,13,13,13,LHZ25,LHJ26,1,1
HE,2025-11-11T19:05:00Z,9,13,13,13,13,13,LHZ25,LHJ26,1,1
HE,2025-11-12T19:05:00Z,9,13,13,13,13,13,LHZ25,LHJ26,1,1
HE,2025-11-13T19:05:00Z,9,13,13,13,13,13,LHZ25,LHJ26,1,1
HE,2025-11-14T19:05:00Z,9,13,13,13,13,13,LHZ25,LHJ26,1,1
HE,2025-11-17T19:05:00Z,9,13,13,13,13,13,LHZ25,LHJ26,1,1
HE,2025-11-18T19:05:00Z,9,13,13,13,13,13,LHZ25,LHJ26,1,1
HE,2025-11-19T19:05:00Z,9,13,13,13,13,13,LHZ25,LHJ26,1,1
HE,2025-11-20T19:05:00Z,9,13,13,13,13,13,LHZ25,LHJ26,1,1
HE,2025-11-21T19:05:00Z,9,13,13,13,13,13,LHZ25,LHJ26,1,1
HE,2025-11-24T19:05:00Z,9,13,13,13,13,13,LHZ25,LHJ26,1,1
HE,2025-11-25T19:05:00Z,9,13,13,13,13,13,LHZ25,LHJ26,1,1
HE,2025-11-26T19:05:00Z,9,13,13,13,13,13,LHZ25,LHJ26,1,1
HE,2025-11-28T19:05:00Z,9,13,13,13,13,13,LHZ25,LHJ26,1,1
HE,2025-12-01T19:05:00Z,9,13,13,13,13,13,LHZ25,LHJ26,1,1
HE,2025-12-02T19:05:00Z,9,13,13,13,13,13,LHZ25,LHJ26,1,1
HE,2025-12-03T19:05:00Z,9,13,13,13,13,13,LHZ25,LHJ26,1,1
HE,2025-12-04T19:05:00Z,9,13,13,13,13,13,LHZ25,LHJ26,1,1
HE,2025-12-05T19:05:00Z,9,13,13,13,13,13,LHZ25,LHJ26,1,1
HE,2025-12-08T19:05:00Z,9,13,13,13,13,13,LHZ25,LHJ26,1,1
HE,2025-12-09T19:05:00Z,9,13,13,13,13,13,LHZ25,LHJ26,1,1
HE,2025-12-10T19:05:00Z,9,13,13,13,13,13,LHZ25,LHJ26,1,1
HE,2025-12-11T19:05:00Z,9,13,13,13,13,13,LHZ25,LHJ26,1,1
HE,2025-12-12T19:05:00Z,9,13,13,13,13,13,LHZ25,LHJ26,1,1
HE,2025-12-15T19:05:00Z,8,11,11,11,11,11,LHG26,LHK26,1,1
HE,2025-12-16T19:05:00Z,8,11,11,11,11,11,LHG26,LHK26,1,1
HE,2025-12-17T19:05:00Z,8,11,11,11,11,11,LHG26,LHK26,1,1
HE,2025-12-18T19:05:00Z,8,11,11,11,11,11,LHG26,LHK26,1,1
HE,2025-12-19T19:05:00Z,8,11,11,11,11,11,LHG26,LHK26,1,1
HE,2025-12-22T19:05:00Z,8,11,11,11,11,11,LHG26,LHK26,1,1
HE,2025-12-23T19:05:00Z,8,11,11,11,11,11,LHG26,LHK26,1,1
HE,2025-12-24T19:05:00Z,8,11,11,11,11,11,LHG26,LHK26,1,1
HE,2025-12-26T19:05:00Z,8,11,11,11,11,11,LHG26,LHK26,1,1
HE,2025-12-29T19:05:00Z,8,11,11,11,11,11,LHG26,LHK26,1,1
HE,2025-12-30T19:05:00Z,8,11,11,11,11,11,LHG26,LHK26,1,1
HE,2025-12-31T19:05:00Z,8,11,11,11,11,11,LHG26,LHK26,1,1
